s/n,epi_week,state,year,cases,deaths,cfr,suspected_cases,confirmed_cases,rainfall_mm,temperature_c,humidity_pct,rainfall_anomaly_mm,rainfall_zscore,heavy_rain_flag,extreme_rain_flag,rolling_4_rainfall_mm,reliefweb_flood_reports,basic_water_pct,safely_managed_water_pct,basic_sanitation_pct,safely_managed_sanitation_pct,open_defecation_pct,idp_population,returnee_population,displacement_round,displacement_data_age_days,health_facility_count,hospital_count,phc_count,epi_week_label,epi_week_start,epi_week_end,period_weeks,state_code,report_gap_weeks,date,month,quarter,rainy_season,lag_1_cases,lag_2_cases,lag_4_cases,lag_8_cases,lag_1_deaths,lag_1_cfr,lag_2_deaths,lag_2_cfr,lag_4_deaths,lag_4_cfr,rolling_4_cases,rolling_8_cases,rolling_4_deaths,rolling_4_cfr,risk_threshold_basis,risk_low_threshold,risk_high_threshold,risk_level
485,36,Abia,2021,13,0,0.0,13,,40.71,25.388571428571428,90.51571428571428,-14.672000000000004,-0.3582841170250589,0,0,191.37000000000003,0,77.8385518833185,28.3555720870985,45.4491559568794,30.7931355307584,18.7432459114042,0.0,0,0,365,1321.0,39.0,1158.0,36,36,36,1,0,0,2021-09-06,9,3,1,,,,,,,,,,,,,,,iqr_trimmed_quantiles,9.0,30.0,Medium
484,37,Abia,2021,12,0,0.0,12,,24.19,25.34857142857143,88.96142857142857,-15.504,-1.23826310092211,0,0,151.01000000000002,0,77.8385518833185,28.3555720870985,45.4491559568794,30.7931355307584,18.7432459114042,0.0,0,0,365,1321.0,39.0,1158.0,37,37,37,1,0,0,2021-09-13,9,3,1,13.0,,,,0.0,0.0,,,,,13.0,13.0,0.0,0.0,iqr_trimmed_quantiles,9.0,30.0,Medium
457,39,Abia,2021,1,0,0.0,1,,36.87,25.45285714285714,89.99714285714286,-10.21800000000001,-0.5056456602581306,0,0,145.92000000000002,0,77.8385518833185,28.3555720870985,45.4491559568794,30.7931355307584,18.7432459114042,0.0,0,0,365,1321.0,39.0,1158.0,39,39,39,1,0,1,2021-09-27,9,3,1,12.0,13.0,,,0.0,0.0,0.0,0.0,,,12.5,12.5,0.0,0.0,iqr_trimmed_quantiles,9.0,30.0,Low
356,51,Abia,2021,1,0,0.0,1,,8.59,24.804285714285715,73.86142857142856,6.676,1.78022995474747,0,0,15.320000000000029,0,77.8385518833185,28.3555720870985,45.4491559568794,30.7931355307584,18.7432459114042,0.0,0,0,365,1321.0,39.0,1158.0,51,51,51,1,0,11,2021-12-20,12,4,0,1.0,12.0,,,0.0,0.0,0.0,0.0,,,8.666666666666666,8.666666666666666,0.0,0.0,iqr_trimmed_quantiles,9.0,30.0,Low
342,17,Abia,2022,25,1,0.04,25,,310.30999999999995,25.871512605042014,80.67689075630253,5.1739999999999995,0.45696487240021094,0,0,60.82000000000003,0,79.457946920672,28.9123382327651,46.5706755484283,31.4553515414556,18.4410066468131,0.0,0,0,365,1321.0,39.0,1158.0,01-17,1,17,17,0,0,2022-04-25,4,2,1,1.0,1.0,13.0,,0.0,0.0,0.0,0.0,0.0,0.0,6.75,6.75,0.0,0.0,iqr_trimmed_quantiles,9.0,30.0,Medium
292,30,Abia,2022,1,0,0.0,1,,173.37,24.99392857142857,89.31357142857142,-8.741,-0.48740811356628655,1,0,131.56250000000003,0,79.457946920672,28.9123382327651,46.5706755484283,31.4553515414556,18.4410066468131,0.0,0,0,365,1321.0,39.0,1158.0,27-30,27,30,4,0,9,2022-07-25,7,3,1,25.0,1.0,12.0,,1.0,0.04,0.0,0.0,0.0,0.0,9.75,10.4,0.25,0.01,iqr_trimmed_quantiles,9.0,30.0,Low
239,4,Abia,2023,35,3,0.0857,35,,5.1899999999999995,25.2175,76.22892857142857,-4.054,-0.3271659831062634,0,0,6.097500000000014,0,81.0772897042816,29.4651386798622,47.7155813553496,32.1314589229297,18.1372592328994,0.0,0,0,365,1321.0,39.0,1158.0,1-4,1,4,4,0,0,2023-01-23,1,1,0,1.0,25.0,1.0,,0.0,0.0,1.0,0.04,0.0,0.0,7.0,8.833333333333334,0.25,0.01,iqr_trimmed_quantiles,9.0,30.0,High
233,9,Abia,2023,9,3,0.3333,9,,34.739999999999995,26.112000000000002,79.60542857142858,3.1068000000000002,0.8316363028964023,0,0,16.220000000000017,0,81.0772897042816,29.4651386798622,47.7155813553496,32.1314589229297,18.1372592328994,0.0,0,0,365,1321.0,39.0,1158.0,5-9,5,9,5,0,0,2023-02-27,2,1,0,35.0,1.0,1.0,,3.0,0.0857,0.0,0.0,0.0,0.0,15.5,12.571428571428571,1.0,0.031425,iqr_trimmed_quantiles,9.0,30.0,Medium
219,17,Abia,2023,11,0,0.0,11,,90.10999999999999,26.737142857142857,87.25892857142856,-9.059000000000001,-0.5285236082877981,0,0,93.96000000000001,0,81.0772897042816,29.4651386798622,47.7155813553496,32.1314589229297,18.1372592328994,0.0,0,0,365,1321.0,39.0,1158.0,14-17,14,17,4,0,4,2023-04-24,4,2,1,9.0,35.0,25.0,13.0,3.0,0.3333,3.0,0.0857,1.0,0.04,17.5,12.125,1.75,0.11474999999999999,iqr_trimmed_quantiles,9.0,30.0,Medium
158,17,Abia,2024,4,0,0.0,4,,42.21,27.97142857142857,86.77285714285713,10.156,0.7326961005426955,0,0,79.22,0,82.2488935172216,29.904599188308,47.9019370619136,32.2082592818415,17.9570129436897,0.0,0,0,365,1321.0,39.0,1158.0,17,17,17,1,0,0,2024-04-22,4,2,1,11.0,9.0,1.0,12.0,0.0,0.0,3.0,0.3333,0.0,0.0,14.0,11.875,1.5,0.10475000000000001,iqr_trimmed_quantiles,9.0,30.0,Low
149,23,Abia,2024,1,0,0.0,1,,28.48,26.395714285714288,90.21142857142856,-33.684,-1.1837192089042543,0,0,208.0,0,82.2488935172216,29.904599188308,47.9019370619136,32.2082592818415,17.9570129436897,0.0,0,0,365,1321.0,39.0,1158.0,23,23,23,1,0,5,2024-06-03,6,2,1,4.0,11.0,35.0,1.0,0.0,0.0,0.0,0.0,3.0,0.0857,14.75,10.875,1.5,0.10475000000000001,iqr_trimmed_quantiles,9.0,30.0,Low
144,24,Abia,2024,1,0,0.0,1,,90.05999999999999,26.382857142857144,88.87142857142858,44.20399999999999,1.505099219836424,1,0,190.39,0,82.2488935172216,29.904599188308,47.9019370619136,32.2082592818415,17.9570129436897,0.0,0,0,365,1321.0,39.0,1158.0,24,24,24,1,0,0,2024-06-10,6,2,1,1.0,4.0,9.0,1.0,0.0,0.0,0.0,0.0,3.0,0.3333,6.25,10.875,0.75,0.08332500000000001,iqr_trimmed_quantiles,9.0,30.0,Low
115,30,Abia,2024,1,0,0.0,1,,15.760000000000002,25.79,87.99142857142859,-32.331999999999994,-0.9126189516644304,0,0,205.89,0,82.2488935172216,29.904599188308,47.9019370619136,32.2082592818415,17.9570129436897,0.0,0,0,365,1321.0,39.0,1158.0,30,30,30,1,0,5,2024-07-22,7,3,1,1.0,1.0,11.0,25.0,0.0,0.0,0.0,0.0,0.0,0.0,4.25,10.875,0.0,0.0,iqr_trimmed_quantiles,9.0,30.0,Low
101,32,Abia,2024,1,0,0.0,1,,11.27,25.722857142857144,87.17999999999999,-66.378,-1.1636854244018802,0,0,135.84,0,82.2488935172216,29.904599188308,47.9019370619136,32.2082592818415,17.9570129436897,0.0,0,0,365,1321.0,39.0,1158.0,32,32,32,1,0,1,2024-08-05,8,3,1,1.0,1.0,4.0,1.0,0.0,0.0,0.0,0.0,0.0,0.0,1.75,7.875,0.0,0.0,iqr_trimmed_quantiles,9.0,30.0,Low
1,4,Abia,2025,30,1,0.0333,30,,2.1,25.9625,76.5125,-4.8265,-0.7149549655337958,0,0,1.35,0,82.2488935172216,29.904599188308,47.9019370619136,32.2082592818415,17.9570129436897,0.0,0,0,365,1321.0,39.0,1158.0,1-4,1,4,4,0,0,2025-01-20,1,1,0,1.0,1.0,1.0,35.0,0.0,0.0,0.0,0.0,0.0,0.0,1.0,7.875,0.0,0.0,iqr_trimmed_quantiles,9.0,30.0,High
23,5,Abia,2025,2,0,0.0,2,,0.11,26.052857142857142,76.87428571428572,-0.604,-0.6801215325076652,0,0,1.45,0,82.2488935172216,29.904599188308,47.9019370619136,32.2082592818415,17.9570129436897,0.0,0,0,365,1321.0,39.0,1158.0,5,5,5,1,0,0,2025-01-27,1,1,0,30.0,1.0,1.0,9.0,1.0,0.0333,0.0,0.0,0.0,0.0,8.25,7.25,0.25,0.008325,iqr_trimmed_quantiles,9.0,30.0,Low
30,9,Abia,2025,12,0,0.0,12,,22.04,27.33321428571429,79.97142857142858,0.8870000000000001,-0.05574177836531924,0,0,8.715,0,82.2488935172216,29.904599188308,47.9019370619136,32.2082592818415,17.9570129436897,0.0,0,0,365,1321.0,39.0,1158.0,6-9,6,9,4,0,0,2025-02-24,2,1,0,2.0,30.0,1.0,11.0,0.0,0.0,1.0,0.0333,0.0,0.0,8.5,6.375,0.25,0.008325,iqr_trimmed_quantiles,9.0,30.0,Medium
568,29,Adamawa,2021,2,0,0.0,2,,51.89,25.474285714285717,85.97,-50.49200000000002,-0.3376709623863869,1,0,240.46,0,77.8385518833185,28.3555720870985,45.4491559568794,30.7931355307584,18.7432459114042,0.0,0,0,365,1561.0,12.0,1469.0,29,29,29,1,1,0,2021-07-19,7,3,1,,,,,,,,,,,,,,,iqr_trimmed_quantiles,9.0,30.0,Low
560,30,Adamawa,2021,1,0,0.0,1,,21.03,25.277142857142856,84.12571428571428,-57.584,-0.5735714361382216,0,0,179.89,0,77.8385518833185,28.3555720870985,45.4491559568794,30.7931355307584,18.7432459114042,0.0,0,0,365,1561.0,12.0,1469.0,30,30,30,1,1,0,2021-07-26,7,3,1,2.0,,,,0.0,0.0,,,,,2.0,2.0,0.0,0.0,iqr_trimmed_quantiles,9.0,30.0,Low
552,32,Adamawa,2021,44,1,0.0227,44,,73.9,25.267142857142854,84.7,35.498000000000005,1.4110600338644388,1,1,173.82,0,77.8385518833185,28.3555720870985,45.4491559568794,30.7931355307584,18.7432459114042,0.0,0,0,365,1561.0,12.0,1469.0,32,32,32,1,1,1,2021-08-09,8,3,1,1.0,2.0,,,0.0,0.0,0.0,0.0,,,1.5,1.5,0.0,0.0,iqr_trimmed_quantiles,9.0,30.0,High
538,33,Adamawa,2021,6,1,0.1667,6,,31.94,25.192857142857143,84.27,-1.8639999999999937,-0.1224655884741015,0,0,153.87,0,77.8385518833185,28.3555720870985,45.4491559568794,30.7931355307584,18.7432459114042,0.0,0,0,365,1561.0,12.0,1469.0,33,33,33,1,1,0,2021-08-16,8,3,1,44.0,1.0,,,1.0,0.0227,0.0,0.0,,,15.666666666666666,15.666666666666666,0.3333333333333333,0.007566666666666667,iqr_trimmed_quantiles,9.0,30.0,Low
525,34,Adamawa,2021,15,0,0.0,15,,42.68,26.33857142857143,81.78,6.725999999999999,0.3432884245092107,0,0,175.52,0,77.8385518833185,28.3555720870985,45.4491559568794,30.7931355307584,18.7432459114042,0.0,0,0,365,1561.0,12.0,1469.0,34,34,34,1,1,0,2021-08-23,8,3,1,6.0,44.0,2.0,,1.0,0.1667,1.0,0.0227,0.0,0.0,13.25,13.25,0.5,0.047349999999999996,iqr_trimmed_quantiles,9.0,30.0,Medium
498,35,Adamawa,2021,34,1,0.0294,34,,13.62,26.092857142857145,81.87142857142858,-8.564000000000002,-0.7440960314028161,0,0,162.14,0,77.8385518833185,28.3555720870985,45.4491559568794,30.7931355307584,18.7432459114042,0.0,0,0,365,1561.0,12.0,1469.0,35,35,35,1,1,0,2021-08-30,8,3,1,15.0,6.0,1.0,,0.0,0.0,1.0,0.1667,0.0,0.0,16.5,13.6,0.5,0.047349999999999996,iqr_trimmed_quantiles,9.0,30.0,High
486,36,Adamawa,2021,63,5,0.0794,63,,50.540000000000006,26.307142857142857,81.13,-0.8019999999999996,-0.041211154186286,1,0,138.78,0,77.8385518833185,28.3555720870985,45.4491559568794,30.7931355307584,18.7432459114042,0.0,0,0,365,1561.0,12.0,1469.0,36,36,36,1,1,0,2021-09-06,9,3,1,34.0,15.0,44.0,,1.0,0.0294,0.0,0.0,1.0,0.0227,24.75,17.0,0.75,0.0547,iqr_trimmed_quantiles,9.0,30.0,High
481,37,Adamawa,2021,76,7,0.0921,76,,40.39,25.93285714285714,84.02428571428571,12.966,0.8837715278238919,0,0,147.23000000000002,0,77.8385518833185,28.3555720870985,45.4491559568794,30.7931355307584,18.7432459114042,0.0,0,0,365,1561.0,12.0,1469.0,37,37,37,1,1,0,2021-09-13,9,3,1,63.0,34.0,6.0,,5.0,0.0794,1.0,0.0294,1.0,0.1667,29.5,23.571428571428573,1.75,0.06887499999999999,iqr_trimmed_quantiles,9.0,30.0,High
469,38,Adamawa,2021,41,1,0.0244,41,,90.54,26.005714285714284,83.71571428571428,53.46600000000001,1.664763982748176,1,1,195.09,0,77.8385518833185,28.3555720870985,45.4491559568794,30.7931355307584,18.7432459114042,0.0,0,0,365,1561.0,12.0,1469.0,38,38,38,1,1,0,2021-09-20,9,3,1,76.0,63.0,15.0,2.0,7.0,0.0921,5.0,0.0794,0.0,0.0,47.0,30.125,3.25,0.050225,iqr_trimmed_quantiles,9.0,30.0,High
454,39,Adamawa,2021,42,0,0.0,42,,14.7,27.06,79.60571428571428,-9.244,-0.7306012969264314,0,0,196.17,0,77.8385518833185,28.3555720870985,45.4491559568794,30.7931355307584,18.7432459114042,0.0,0,0,365,1561.0,12.0,1469.0,39,39,39,1,1,0,2021-09-27,9,3,1,41.0,76.0,34.0,1.0,1.0,0.0244,7.0,0.0921,1.0,0.0294,53.5,35.0,3.5,0.056325,iqr_trimmed_quantiles,9.0,30.0,High
444,40,Adamawa,2021,34,0,0.0,34,,23.78,27.924285714285716,75.58571428571429,-6.468,-0.4541239448735051,0,0,169.41,0,77.8385518833185,28.3555720870985,45.4491559568794,30.7931355307584,18.7432459114042,0.0,0,0,365,1561.0,12.0,1469.0,40,40,40,1,1,0,2021-10-04,10,4,1,42.0,41.0,63.0,44.0,0.0,0.0,1.0,0.0244,5.0,0.0794,55.5,40.125,3.25,0.048975,iqr_trimmed_quantiles,9.0,30.0,High
439,41,Adamawa,2021,86,5,0.0581,86,,5.1,27.56714285714286,74.56142857142858,-1.274,-0.254447427466378,0,0,134.12,0,77.8385518833185,28.3555720870985,45.4491559568794,30.7931355307584,18.7432459114042,0.0,0,0,365,1561.0,12.0,1469.0,41,41,41,1,1,0,2021-10-11,10,4,1,34.0,42.0,76.0,6.0,0.0,0.0,0.0,0.0,7.0,0.0921,48.25,38.875,2.0,0.029125,iqr_trimmed_quantiles,9.0,30.0,High
432,42,Adamawa,2021,95,4,0.0421,95,,11.37,27.207142857142856,77.56142857142858,4.347999999999999,0.9818508811150836,0,0,54.95,0,77.8385518833185,28.3555720870985,45.4491559568794,30.7931355307584,18.7432459114042,0.0,0,0,365,1561.0,12.0,1469.0,42,42,42,1,1,0,2021-10-18,10,4,1,86.0,34.0,41.0,15.0,5.0,0.0581,0.0,0.0,1.0,0.0244,50.75,48.875,1.5,0.020625,iqr_trimmed_quantiles,9.0,30.0,High
422,43,Adamawa,2021,68,1,0.0147,68,,9.85,28.33142857142857,66.78,7.3,1.749731857885935,0,0,50.1,0,77.8385518833185,28.3555720870985,45.4491559568794,30.7931355307584,18.7432459114042,0.0,0,0,365,1561.0,12.0,1469.0,43,43,43,1,1,0,2021-10-25,10,4,1,95.0,86.0,42.0,34.0,4.0,0.0421,5.0,0.0581,0.0,0.0,64.25,58.875,2.25,0.02505,iqr_trimmed_quantiles,9.0,30.0,High
409,44,Adamawa,2021,19,0,0.0,19,,22.99,28.312857142857144,63.93285714285714,18.014,1.785157288841769,0,0,49.31,0,77.8385518833185,28.3555720870985,45.4491559568794,30.7931355307584,18.7432459114042,0.0,0,0,365,1561.0,12.0,1469.0,44,44,44,1,1,0,2021-11-01,11,4,0,68.0,95.0,34.0,63.0,1.0,0.0147,4.0,0.0421,0.0,0.0,70.75,63.125,2.5,0.028725,iqr_trimmed_quantiles,9.0,30.0,Medium
404,45,Adamawa,2021,95,2,0.0211,95,,66.69,27.301428571428573,56.08,53.292,1.7888401974952686,1,1,110.9,0,77.8385518833185,28.3555720870985,45.4491559568794,30.7931355307584,18.7432459114042,0.0,0,0,365,1561.0,12.0,1469.0,45,45,45,1,1,0,2021-11-08,11,4,0,19.0,68.0,86.0,76.0,0.0,0.0,1.0,0.0147,5.0,0.0581,67.0,57.625,2.5,0.028725,iqr_trimmed_quantiles,9.0,30.0,High
399,46,Adamawa,2021,3,0,0.0,3,,1.51,27.587142857142855,53.43,0.848,0.929558610214722,0,0,101.04,0,77.8385518833185,28.3555720870985,45.4491559568794,30.7931355307584,18.7432459114042,0.0,0,0,365,1561.0,12.0,1469.0,46,46,46,1,1,0,2021-11-15,11,4,0,95.0,19.0,95.0,41.0,2.0,0.0211,0.0,0.0,4.0,0.0421,69.25,60.0,1.75,0.019475,iqr_trimmed_quantiles,9.0,30.0,Low
390,47,Adamawa,2021,139,4,0.0288,139,,0.03,27.102857142857143,45.21,0.022,1.687322975464215,0,0,91.22,0,77.8385518833185,28.3555720870985,45.4491559568794,30.7931355307584,18.7432459114042,0.0,0,0,365,1561.0,12.0,1469.0,47,47,47,1,1,0,2021-11-22,11,4,0,3.0,95.0,68.0,42.0,0.0,0.0,2.0,0.0211,1.0,0.0147,46.25,55.25,0.75,0.00895,iqr_trimmed_quantiles,9.0,30.0,High
380,48,Adamawa,2021,27,0,0.0,27,,0.01,26.56714285714286,41.621428571428574,0.008,1.7888543819998317,0,0,68.24000000000001,0,77.8385518833185,28.3555720870985,45.4491559568794,30.7931355307584,18.7432459114042,0.0,0,0,365,1561.0,12.0,1469.0,48,48,48,1,1,0,2021-11-29,11,4,0,139.0,3.0,19.0,34.0,4.0,0.0288,0.0,0.0,0.0,0.0,64.0,67.375,1.5,0.012475,iqr_trimmed_quantiles,9.0,30.0,Medium
361,50,Adamawa,2021,21,0,0.0,21,,0.0,25.138571428571428,38.432857142857145,0.0,0.0,0,0,0.0400000000000142,0,77.8385518833185,28.3555720870985,45.4491559568794,30.7931355307584,18.7432459114042,0.0,0,0,365,1561.0,12.0,1469.0,50,50,50,1,1,1,2021-12-13,12,4,0,27.0,139.0,95.0,86.0,0.0,0.0,4.0,0.0288,2.0,0.0211,66.0,66.5,1.5,0.012475,iqr_trimmed_quantiles,9.0,30.0,Medium
353,51,Adamawa,2021,25,0,0.0,25,,0.39,25.537142857142857,34.19428571428572,0.312,1.7888543819998317,0,0,0.4000000000000142,0,77.8385518833185,28.3555720870985,45.4491559568794,30.7931355307584,18.7432459114042,0.0,0,0,365,1561.0,12.0,1469.0,51,51,51,1,1,0,2021-12-20,12,4,0,21.0,27.0,3.0,95.0,0.0,0.0,0.0,0.0,0.0,0.0,47.5,58.375,1.0,0.0072,iqr_trimmed_quantiles,9.0,30.0,Medium
348,52,Adamawa,2021,7,0,0.0,7,,3.21,24.74428571428572,36.13428571428572,2.568,1.788854381999832,0,0,3.6000000000000143,0,77.8385518833185,28.3555720870985,45.4491559568794,30.7931355307584,18.7432459114042,0.0,0,0,365,1561.0,12.0,1469.0,52,52,52,1,1,0,2021-12-27,12,4,0,25.0,21.0,139.0,68.0,0.0,0.0,0.0,0.0,4.0,0.0288,53.0,49.625,1.0,0.0072,iqr_trimmed_quantiles,9.0,30.0,Low
334,17,Adamawa,2022,56,0,0.0,56,,132.82,29.10235294117647,31.265462184873947,5.2145882352941175,0.35148227826089123,1,1,17.64000000000001,0,79.457946920672,28.9123382327651,46.5706755484283,31.4553515414556,18.4410066468131,0.0,0,0,365,1561.0,12.0,1469.0,01-17,1,17,17,1,0,2022-04-25,4,2,1,7.0,25.0,27.0,19.0,0.0,0.0,0.0,0.0,0.0,0.0,20.0,42.0,0.0,0.0,iqr_trimmed_quantiles,9.0,30.0,High
275,39,Adamawa,2022,3,0,0.0,3,,148.44,25.878214285714286,83.07285714285715,2.164000000000001,0.13866141028147524,1,1,195.04500000000002,0,79.457946920672,28.9123382327651,46.5706755484283,31.4553515414556,18.4410066468131,0.0,0,0,365,1561.0,12.0,1469.0,36-39,36,39,4,1,18,2022-09-26,9,3,1,56.0,7.0,21.0,95.0,0.0,0.0,0.0,0.0,0.0,0.0,27.25,46.625,0.0,0.0,iqr_trimmed_quantiles,9.0,30.0,Low
266,43,Adamawa,2022,2,0,0.0,2,,41.87999999999999,26.2675,75.44607142857143,-1.0785000000000011,-0.34993536963845484,0,0,67.33750000000003,0,79.457946920672,28.9123382327651,46.5706755484283,31.4553515414556,18.4410066468131,0.0,0,0,365,1561.0,12.0,1469.0,40-43,40,43,4,1,0,2022-10-24,10,4,1,3.0,56.0,25.0,3.0,0.0,0.0,0.0,0.0,0.0,0.0,22.75,35.125,0.0,0.0,iqr_trimmed_quantiles,9.0,30.0,Low
258,47,Adamawa,2022,14,0,0.0,14,,0.12,26.18642857142857,51.44571428571429,-4.730999999999999,-0.5675476516166904,0,0,3.6150000000000277,0,79.457946920672,28.9123382327651,46.5706755484283,31.4553515414556,18.4410066468131,0.0,0,0,365,1561.0,12.0,1469.0,44-47,44,47,4,1,0,2022-11-21,11,4,0,2.0,3.0,7.0,139.0,0.0,0.0,0.0,0.0,0.0,0.0,17.0,35.0,0.0,0.0,iqr_trimmed_quantiles,9.0,30.0,Medium
249,52,Adamawa,2022,11,0,0.0,11,,0.0,24.689714285714285,38.043142857142854,-0.1444,-0.2683281572999748,0,0,0.0,0,79.457946920672,28.9123382327651,46.5706755484283,31.4553515414556,18.4410066468131,0.0,0,0,365,1561.0,12.0,1469.0,48-52,48,52,5,1,0,2022-12-26,12,4,0,14.0,2.0,56.0,27.0,0.0,0.0,0.0,0.0,0.0,0.0,18.75,19.375,0.0,0.0,iqr_trimmed_quantiles,9.0,30.0,Medium
213,26,Adamawa,2023,2,0,0.0,2,,102.57,29.412285714285712,64.75457142857144,-8.0068,-0.4667805698116986,0,0,72.13200000000003,0,81.0772897042816,29.4651386798622,47.7155813553496,32.1314589229297,18.1372592328994,0.0,0,0,365,1561.0,12.0,1469.0,22-26,22,26,5,1,0,2023-06-26,6,2,1,11.0,14.0,3.0,21.0,0.0,0.0,0.0,0.0,0.0,0.0,7.5,17.375,0.0,0.0,iqr_trimmed_quantiles,9.0,30.0,Low
207,30,Adamawa,2023,1,0,0.0,1,,61.19,29.294999999999998,64.56821428571429,-45.98650000000001,-0.7307451067952927,0,0,74.64750000000004,0,81.0772897042816,29.4651386798622,47.7155813553496,32.1314589229297,18.1372592328994,0.0,0,0,365,1561.0,12.0,1469.0,27-30,27,30,4,1,0,2023-07-24,7,3,1,2.0,11.0,2.0,25.0,0.0,0.0,0.0,0.0,0.0,0.0,7.25,15.0,0.0,0.0,iqr_trimmed_quantiles,9.0,30.0,Low
196,34,Adamawa,2023,1,1,1.0,1,,109.84,27.599999999999998,73.98785714285714,-8.589499999999997,-0.4189960901654896,0,0,94.64500000000004,0,81.0772897042816,29.4651386798622,47.7155813553496,32.1314589229297,18.1372592328994,0.0,0,0,365,1561.0,12.0,1469.0,31-34,31,34,4,1,0,2023-08-21,8,3,1,1.0,2.0,14.0,7.0,0.0,0.0,0.0,0.0,0.0,0.0,7.0,12.0,0.0,0.0,iqr_trimmed_quantiles,9.0,30.0,Low
184,47,Adamawa,2023,4,0,0.0,4,,3.42,31.02857142857143,40.99107142857143,-3.9059999999999997,0.15405998801657345,0,0,5.587500000000029,0,81.0772897042816,29.4651386798622,47.7155813553496,32.1314589229297,18.1372592328994,0.0,0,0,365,1561.0,12.0,1469.0,44-47,44,47,4,1,9,2023-11-20,11,4,0,1.0,1.0,11.0,56.0,1.0,1.0,0.0,0.0,0.0,0.0,3.75,11.25,0.25,0.25,iqr_trimmed_quantiles,9.0,30.0,Low
177,51,Adamawa,2023,1,0,0.0,1,,0.0,28.45714285714286,23.535357142857144,-0.02,-0.22360679774997896,0,0,0.9125000000000213,0,81.0772897042816,29.4651386798622,47.7155813553496,32.1314589229297,18.1372592328994,0.0,0,0,365,1561.0,12.0,1469.0,48-51,48,51,4,1,0,2023-12-18,12,4,0,4.0,1.0,2.0,3.0,0.0,0.0,1.0,1.0,0.0,0.0,2.0,4.75,0.25,0.25,iqr_trimmed_quantiles,9.0,30.0,Low
102,32,Adamawa,2024,1,0,0.0,1,,9.56,25.714285714285715,86.00285714285714,-28.842,-1.1464813087136778,0,0,685.7,0,82.2488935172216,29.904599188308,47.9019370619136,32.2082592818415,17.9570129436897,0.0,0,0,365,1561.0,12.0,1469.0,32,32,32,1,1,0,2024-08-05,8,3,1,1.0,4.0,1.0,2.0,0.0,0.0,0.0,0.0,0.0,0.0,1.75,4.5,0.25,0.25,iqr_trimmed_quantiles,9.0,30.0,Low
79,36,Adamawa,2024,2,0,0.0,2,,39.78,25.37142857142857,84.82428571428571,-11.562000000000005,-0.594118908605785,0,0,102.95000000000006,0,82.2488935172216,29.904599188308,47.9019370619136,32.2082592818415,17.9570129436897,0.0,0,0,365,1561.0,12.0,1469.0,36,36,36,1,1,3,2024-09-02,9,3,1,1.0,1.0,1.0,14.0,0.0,0.0,0.0,0.0,1.0,1.0,1.75,4.375,0.25,0.25,iqr_trimmed_quantiles,9.0,30.0,Low
72,37,Adamawa,2024,37,4,0.1081,37,,7.07,26.724285714285717,82.23428571428572,-20.354,-1.3873427176714093,0,0,98.82000000000004,0,82.2488935172216,29.904599188308,47.9019370619136,32.2082592818415,17.9570129436897,0.0,0,0,365,1561.0,12.0,1469.0,37,37,37,1,1,0,2024-09-09,9,3,1,2.0,1.0,4.0,11.0,0.0,0.0,0.0,0.0,0.0,0.0,2.0,2.875,0.0,0.0,iqr_trimmed_quantiles,9.0,30.0,High
53,38,Adamawa,2024,267,2,0.0075,267,,18.19,26.59857142857143,80.34,-18.884,-0.5879886853367849,0,0,83.99000000000007,0,82.2488935172216,29.904599188308,47.9019370619136,32.2082592818415,17.9570129436897,0.0,0,0,365,1561.0,12.0,1469.0,38,38,38,1,1,0,2024-09-16,9,3,1,37.0,2.0,1.0,2.0,4.0,0.1081,0.0,0.0,0.0,0.0,10.25,6.125,1.0,0.027025,iqr_trimmed_quantiles,9.0,30.0,High
48,39,Adamawa,2024,131,3,0.0229,131,,45.75,26.747142857142855,79.34571428571428,21.806,1.7234413544761753,1,0,110.79000000000006,0,82.2488935172216,29.904599188308,47.9019370619136,32.2082592818415,17.9570129436897,0.0,0,0,365,1561.0,12.0,1469.0,39,39,39,1,1,0,2024-09-23,9,3,1,267.0,37.0,1.0,1.0,2.0,0.0075,4.0,0.1081,0.0,0.0,76.75,39.25,1.5,0.028900000000000002,iqr_trimmed_quantiles,9.0,30.0,High
2,4,Adamawa,2025,1,0,0.0,1,,0.0,27.81214285714286,24.587142857142858,0.0,0.0,0,0,0.0,0,82.2488935172216,29.904599188308,47.9019370619136,32.2082592818415,17.9570129436897,0.0,0,0,365,1561.0,12.0,1469.0,1-4,1,4,4,1,0,2025-01-20,1,1,0,131.0,267.0,2.0,1.0,3.0,0.0229,2.0,0.0075,0.0,0.0,109.25,55.5,2.25,0.034625,iqr_trimmed_quantiles,9.0,30.0,Low
358,51,Akwa Ibom,2021,2,0,0.0,2,,48.25,26.26,78.1842857142857,38.11,1.7877093937925606,0,0,59.49,0,77.8385518833185,28.3555720870985,45.4491559568794,30.7931355307584,18.7432459114042,0.0,0,0,365,934.0,36.0,767.0,51,51,51,1,2,0,2021-12-20,12,4,0,,,,,,,,,,,,,,,iqr_trimmed_quantiles,9.0,30.0,Low
350,52,Akwa Ibom,2021,2,0,0.0,2,,5.69,25.84714285714286,79.43714285714285,4.078,1.7332771405413092,0,0,59.63,0,77.8385518833185,28.3555720870985,45.4491559568794,30.7931355307584,18.7432459114042,0.0,0,0,365,934.0,36.0,767.0,52,52,52,1,2,0,2021-12-27,12,4,0,2.0,,,,0.0,0.0,,,,,2.0,2.0,0.0,0.0,iqr_trimmed_quantiles,9.0,30.0,Low
339,17,Akwa Ibom,2022,30,5,0.1667,30,,397.44,26.630420168067225,83.21100840336135,1.0405882352941158,0.3314434957523421,0,0,83.76529411764706,0,79.457946920672,28.9123382327651,46.5706755484283,31.4553515414556,18.4410066468131,0.0,0,0,365,934.0,36.0,767.0,01-17,1,17,17,2,0,2022-04-25,4,2,1,2.0,2.0,,,0.0,0.0,0.0,0.0,,,2.0,2.0,0.0,0.0,iqr_trimmed_quantiles,9.0,30.0,High
106,31,Akwa Ibom,2024,1,0,0.0,1,,37.91,25.25857142857143,89.05571428571429,0.2659999999999982,0.0121541784374373,0,0,227.5,0,82.2488935172216,29.904599188308,47.9019370619136,32.2082592818415,17.9570129436897,0.0,0,0,365,934.0,36.0,767.0,31,31,31,1,2,0,2024-07-29,7,3,1,30.0,2.0,,,5.0,0.1667,0.0,0.0,,,11.333333333333334,11.333333333333334,1.6666666666666667,0.05556666666666666,iqr_trimmed_quantiles,9.0,30.0,Low
54,38,Akwa Ibom,2024,12,0,0.0,12,,31.61,25.985714285714288,88.28999999999999,-70.57600000000001,-0.63909436873195,0,0,102.51000000000002,0,82.2488935172216,29.904599188308,47.9019370619136,32.2082592818415,17.9570129436897,0.0,0,0,365,934.0,36.0,767.0,38,38,38,1,2,6,2024-09-16,9,3,1,1.0,30.0,2.0,,0.0,0.0,5.0,0.1667,0.0,0.0,8.75,8.75,1.25,0.041675,iqr_trimmed_quantiles,9.0,30.0,Medium
3,4,Akwa Ibom,2025,21,0,0.0,21,,10.1,26.725714285714282,80.29214285714286,-2.5525,-0.39098168367495145,0,0,5.910000000000029,0,82.2488935172216,29.904599188308,47.9019370619136,32.2082592818415,17.9570129436897,0.0,0,0,365,934.0,36.0,767.0,1-4,1,4,4,2,0,2025-01-20,1,1,0,12.0,1.0,2.0,,0.0,0.0,0.0,0.0,0.0,0.0,11.25,9.4,1.25,0.041675,iqr_trimmed_quantiles,9.0,30.0,Medium
24,5,Akwa Ibom,2025,1,0,0.0,1,,0.02,27.027142857142856,79.33,-1.998,-0.7362940213344951,0,0,8.970000000000027,0,82.2488935172216,29.904599188308,47.9019370619136,32.2082592818415,17.9570129436897,0.0,0,0,365,934.0,36.0,767.0,5,5,5,1,2,0,2025-01-27,1,1,0,21.0,12.0,30.0,,0.0,0.0,0.0,0.0,5.0,0.1667,16.0,11.333333333333334,1.25,0.041675,iqr_trimmed_quantiles,9.0,30.0,Low
31,9,Akwa Ibom,2025,6,0,0.0,6,,27.67,27.904642857142857,81.35785714285714,-0.5165000000000004,-0.034925037002435606,0,0,11.962500000000029,0,82.2488935172216,29.904599188308,47.9019370619136,32.2082592818415,17.9570129436897,0.0,0,0,365,934.0,36.0,767.0,6-9,6,9,4,2,0,2025-02-24,2,1,0,1.0,21.0,1.0,,0.0,0.0,0.0,0.0,0.0,0.0,8.75,9.857142857142858,0.0,0.0,iqr_trimmed_quantiles,9.0,30.0,Low
321,21,Anambra,2022,2,0,0.0,2,,134.08,26.37642857142857,88.22,0.623499999999999,0.07630522267043145,0,0,136.50000000000006,0,79.457946920672,28.9123382327651,46.5706755484283,31.4553515414556,18.4410066468131,0.0,0,0,365,1867.0,115.0,1532.0,18-21,18,21,4,3,0,2022-05-23,5,2,1,,,,,,,,,,,,,,,iqr_trimmed_quantiles,9.0,30.0,Low
308,26,Anambra,2022,1,0,0.0,1,,256.86,25.367714285714285,90.0957142857143,-14.061200000000003,-0.5742977512839659,1,1,221.09800000000004,0,79.457946920672,28.9123382327651,46.5706755484283,31.4553515414556,18.4410066468131,0.0,0,0,365,1867.0,115.0,1532.0,22-26,22,26,5,3,0,2022-06-27,6,2,1,2.0,,,,0.0,0.0,,,,,2.0,2.0,0.0,0.0,iqr_trimmed_quantiles,9.0,30.0,Low
123,28,Anambra,2024,2,0,0.0,2,,23.59,25.59857142857143,89.71285714285715,-10.916,-0.4511396978492974,0,0,169.02,0,82.2488935172216,29.904599188308,47.9019370619136,32.2082592818415,17.9570129436897,0.0,0,0,365,1867.0,115.0,1532.0,28,28,28,1,3,0,2024-07-08,7,3,1,1.0,2.0,,,0.0,0.0,0.0,0.0,,,1.5,1.5,0.0,0.0,iqr_trimmed_quantiles,9.0,30.0,Low
55,38,Anambra,2024,1,0,0.0,1,,75.36,26.002857142857145,88.5942857142857,2.719999999999999,0.2642812091902939,0,0,231.72000000000003,0,82.2488935172216,29.904599188308,47.9019370619136,32.2082592818415,17.9570129436897,0.0,0,0,365,1867.0,115.0,1532.0,38,38,38,1,3,9,2024-09-16,9,3,1,2.0,1.0,,,0.0,0.0,0.0,0.0,,,1.6666666666666667,1.6666666666666667,0.0,0.0,iqr_trimmed_quantiles,9.0,30.0,Low
593,24,Bauchi,2021,2315,36,0.0156,2315,,612.8299999999999,29.0272619047619,54.199999999999996,11.061500000000002,0.11058347707519699,1,1,160.23749999999998,0,77.8385518833185,28.3555720870985,45.4491559568794,30.7931355307584,18.7432459114042,0.0,0,0,365,1468.0,26.0,1385.0,13-24,13,24,12,4,0,2021-06-14,6,2,1,,,,,,,,,,,,,,,iqr_trimmed_quantiles,9.0,30.0,High
579,25,Bauchi,2021,1239,5,0.004,1239,,207.27,24.93285714285714,83.44142857142857,116.902,1.0873966360425642,1,1,608.8800000000001,0,77.8385518833185,28.3555720870985,45.4491559568794,30.7931355307584,18.7432459114042,0.0,0,0,365,1468.0,26.0,1385.0,25,25,25,1,4,0,2021-06-21,6,2,1,2315.0,,,,36.0,0.0156,,,,,2315.0,2315.0,36.0,0.0156,iqr_trimmed_quantiles,9.0,30.0,High
569,27,Bauchi,2021,1364,13,0.0095,1364,,87.09,24.057142857142857,86.62285714285714,50.938,1.6408119073788323,0,0,458.7700000000001,0,77.8385518833185,28.3555720870985,45.4491559568794,30.7931355307584,18.7432459114042,0.0,0,0,365,1468.0,26.0,1385.0,27,27,27,1,4,1,2021-07-05,7,3,1,1239.0,2315.0,,,5.0,0.004,36.0,0.0156,,,1777.0,1777.0,20.5,0.0098,iqr_trimmed_quantiles,9.0,30.0,High
561,29,Bauchi,2021,280,0,0.0,280,,267.92,24.18857142857143,87.3157142857143,122.8,0.709868219586117,1,1,722.3000000000001,0,77.8385518833185,28.3555720870985,45.4491559568794,30.7931355307584,18.7432459114042,0.0,0,0,365,1468.0,26.0,1385.0,29,29,29,1,4,1,2021-07-19,7,3,1,1364.0,1239.0,,,13.0,0.0095,5.0,0.004,,,1639.3333333333333,1639.3333333333333,18.0,0.0097,iqr_trimmed_quantiles,9.0,30.0,High
553,30,Bauchi,2021,773,11,0.0142,773,,251.26,23.78142857142857,89.40714285714286,171.1,1.7391252651143472,1,1,834.12,0,77.8385518833185,28.3555720870985,45.4491559568794,30.7931355307584,18.7432459114042,0.0,0,0,365,1468.0,26.0,1385.0,30,30,30,1,4,0,2021-07-26,7,3,1,280.0,1364.0,2315.0,,0.0,0.0,13.0,0.0095,36.0,0.0156,1299.5,1299.5,13.5,0.007275,iqr_trimmed_quantiles,9.0,30.0,High
539,32,Bauchi,2021,1306,25,0.0191,1306,,78.84,23.90142857142857,87.97,38.692,1.7147243253918931,0,0,722.5600000000001,0,77.8385518833185,28.3555720870985,45.4491559568794,30.7931355307584,18.7432459114042,0.0,0,0,365,1468.0,26.0,1385.0,32,32,32,1,4,1,2021-08-09,8,3,1,773.0,280.0,1239.0,,11.0,0.0142,0.0,0.0,5.0,0.004,914.0,1194.2,7.25,0.006925000000000001,iqr_trimmed_quantiles,9.0,30.0,High
527,33,Bauchi,2021,1145,16,0.014,1145,,42.8,23.77857142857143,86.93571428571428,7.174,0.5899586668321991,0,0,497.44,0,77.8385518833185,28.3555720870985,45.4491559568794,30.7931355307584,18.7432459114042,0.0,0,0,365,1468.0,26.0,1385.0,33,33,33,1,4,0,2021-08-16,8,3,1,1306.0,773.0,1364.0,,25.0,0.0191,11.0,0.0142,13.0,0.0095,930.75,1212.8333333333333,12.25,0.010700000000000001,iqr_trimmed_quantiles,9.0,30.0,High
510,34,Bauchi,2021,855,10,0.0117,855,,171.13,24.81714285714286,85.74571428571429,86.64,1.4684743547977654,1,1,417.31,0,77.8385518833185,28.3555720870985,45.4491559568794,30.7931355307584,18.7432459114042,0.0,0,0,365,1468.0,26.0,1385.0,34,34,34,1,4,0,2021-08-23,8,3,1,1145.0,1306.0,280.0,,16.0,0.014,25.0,0.0191,0.0,0.0,876.0,1203.142857142857,13.0,0.011825,iqr_trimmed_quantiles,9.0,30.0,High
499,35,Bauchi,2021,566,6,0.0106,566,,17.55,24.427142857142854,86.08571428571429,-3.464000000000002,-0.2840531277563026,0,0,310.32,0,77.8385518833185,28.3555720870985,45.4491559568794,30.7931355307584,18.7432459114042,0.0,0,0,365,1468.0,26.0,1385.0,35,35,35,1,4,0,2021-08-30,8,3,1,855.0,1145.0,773.0,2315.0,10.0,0.0117,16.0,0.014,11.0,0.0142,1019.75,1159.625,15.5,0.01475,iqr_trimmed_quantiles,9.0,30.0,High
487,36,Bauchi,2021,472,1,0.0021,472,,159.46,24.607142857142858,85.04285714285713,86.78200000000001,1.5228689173367531,1,0,390.94000000000005,0,77.8385518833185,28.3555720870985,45.4491559568794,30.7931355307584,18.7432459114042,0.0,0,0,365,1468.0,26.0,1385.0,36,36,36,1,4,0,2021-09-06,9,3,1,566.0,855.0,1306.0,1239.0,6.0,0.0106,10.0,0.0117,25.0,0.0191,968.0,941.0,14.25,0.013850000000000001,iqr_trimmed_quantiles,9.0,30.0,High
470,37,Bauchi,2021,347,2,0.0058,347,,224.63,24.82,85.55571428571429,152.994,1.766370630451175,1,1,572.77,0,77.8385518833185,28.3555720870985,45.4491559568794,30.7931355307584,18.7432459114042,0.0,0,0,365,1468.0,26.0,1385.0,37,37,37,1,4,0,2021-09-13,9,3,1,472.0,566.0,1145.0,1364.0,1.0,0.0021,6.0,0.0106,16.0,0.014,759.5,845.125,8.25,0.009600000000000001,iqr_trimmed_quantiles,9.0,30.0,High
458,38,Bauchi,2021,28,0,0.0,28,,173.54999999999998,24.485714285714288,85.33714285714287,117.38799999999998,1.7328099669099488,1,1,575.19,0,77.8385518833185,28.3555720870985,45.4491559568794,30.7931355307584,18.7432459114042,0.0,0,0,365,1468.0,26.0,1385.0,38,38,38,1,4,0,2021-09-20,9,3,1,347.0,472.0,855.0,280.0,2.0,0.0058,1.0,0.0021,10.0,0.0117,560.0,718.0,4.75,0.007550000000000001,iqr_trimmed_quantiles,9.0,30.0,Medium
445,39,Bauchi,2021,113,3,0.0265,113,,93.78,25.454285714285717,81.47142857142856,53.53,1.6579676118752391,1,0,651.4200000000001,0,77.8385518833185,28.3555720870985,45.4491559568794,30.7931355307584,18.7432459114042,0.0,0,0,365,1468.0,26.0,1385.0,39,39,39,1,4,0,2021-09-27,9,3,1,28.0,347.0,566.0,773.0,0.0,0.0,2.0,0.0058,6.0,0.0106,353.25,686.5,2.25,0.004625000000000001,iqr_trimmed_quantiles,9.0,30.0,High
413,43,Bauchi,2021,6,0,0.0,6,,6.03,23.85571428571429,72.29428571428572,4.54,1.767534091684052,0,0,291.05,0,77.8385518833185,28.3555720870985,45.4491559568794,30.7931355307584,18.7432459114042,0.0,0,0,365,1468.0,26.0,1385.0,43,43,43,1,4,3,2021-10-25,10,4,1,113.0,28.0,472.0,1306.0,3.0,0.0265,0.0,0.0,1.0,0.0021,240.0,604.0,1.5,0.0086,iqr_trimmed_quantiles,9.0,30.0,Low
367,49,Bauchi,2021,7,0,0.0,7,,0.0,19.872857142857143,63.04714285714285,0.0,0.0,0,0,2.3200000000000003,0,77.8385518833185,28.3555720870985,45.4491559568794,30.7931355307584,18.7432459114042,0.0,0,0,365,1468.0,26.0,1385.0,49,49,49,1,4,5,2021-12-06,12,4,0,6.0,113.0,347.0,1145.0,0.0,0.0,3.0,0.0265,2.0,0.0058,123.5,441.5,1.25,0.008075000000000002,iqr_trimmed_quantiles,9.0,30.0,Low
343,17,Bauchi,2022,4,0,0.0,4,,195.14999999999998,23.279411764705884,47.74403361344538,6.549274509803921,0.3176606628701643,1,0,22.16176470588235,0,79.457946920672,28.9123382327651,46.5706755484283,31.4553515414556,18.4410066468131,0.0,0,0,365,1468.0,26.0,1385.0,01-17,1,17,17,4,0,2022-04-25,4,2,1,7.0,6.0,28.0,855.0,0.0,0.0,0.0,0.0,0.0,0.0,38.5,299.25,0.75,0.0066250000000000015,iqr_trimmed_quantiles,9.0,30.0,Low
309,26,Bauchi,2022,8,0,0.0,8,,645.88,25.329428571428572,81.13514285714285,62.7556,0.8156573288040343,1,1,772.37,0,79.457946920672,28.9123382327651,46.5706755484283,31.4553515414556,18.4410066468131,0.0,0,0,365,1468.0,26.0,1385.0,22-26,22,26,5,4,4,2022-06-27,6,2,1,4.0,7.0,113.0,566.0,0.0,0.0,0.0,0.0,3.0,0.0265,32.5,192.875,0.75,0.006625000000000001,iqr_trimmed_quantiles,9.0,30.0,Low
293,30,Bauchi,2022,62,0,0.0,62,,152.51,24.654642857142854,83.7275,-45.367000000000004,-0.30063047990784975,0,0,237.6275,0,79.457946920672,28.9123382327651,46.5706755484283,31.4553515414556,18.4410066468131,0.0,0,0,365,1468.0,26.0,1385.0,27-30,27,30,4,4,0,2022-07-25,7,3,1,8.0,4.0,6.0,472.0,0.0,0.0,0.0,0.0,0.0,0.0,6.25,123.125,0.0,0.0,iqr_trimmed_quantiles,9.0,30.0,High
271,39,Bauchi,2022,119,10,0.084,119,,151.82,24.402142857142856,84.51249999999999,-22.226499999999998,-0.36253672010155125,1,0,169.125,0,79.457946920672,28.9123382327651,46.5706755484283,31.4553515414556,18.4410066468131,0.0,0,0,365,1468.0,26.0,1385.0,36-39,36,39,4,4,5,2022-09-26,9,3,1,62.0,8.0,7.0,347.0,0.0,0.0,0.0,0.0,0.0,0.0,20.25,71.875,0.0,0.0,iqr_trimmed_quantiles,9.0,30.0,High
265,43,Bauchi,2022,6,0,0.0,6,,69.11,24.11678571428571,74.14464285714286,-8.004,-0.17657860718292437,0,0,72.1075,0,79.457946920672,28.9123382327651,46.5706755484283,31.4553515414556,18.4410066468131,0.0,0,0,365,1468.0,26.0,1385.0,40-43,40,43,4,4,0,2022-10-24,10,4,1,119.0,62.0,4.0,28.0,10.0,0.084,0.0,0.0,0.0,0.0,48.25,43.375,2.5,0.021000000000000005,iqr_trimmed_quantiles,9.0,30.0,Low
256,47,Bauchi,2022,61,5,0.082,61,,0.01,22.194999999999997,56.20928571428571,-6.009999999999998,-0.4954326023272928,0,0,23.025000000000006,0,79.457946920672,28.9123382327651,46.5706755484283,31.4553515414556,18.4410066468131,0.0,0,0,365,1468.0,26.0,1385.0,44-47,44,47,4,4,0,2022-11-21,11,4,0,6.0,119.0,8.0,113.0,0.0,0.0,10.0,0.084,0.0,0.0,48.75,40.625,2.5,0.021,iqr_trimmed_quantiles,9.0,30.0,High
252,52,Bauchi,2022,4,0,0.0,4,,0.0,19.86742857142857,48.25971428571428,-0.358,-0.2683281572999748,0,0,0.002,0,79.457946920672,28.9123382327651,46.5706755484283,31.4553515414556,18.4410066468131,0.0,0,0,365,1468.0,26.0,1385.0,48-52,48,52,5,4,0,2022-12-26,12,4,0,61.0,6.0,62.0,6.0,5.0,0.082,0.0,0.0,0.0,0.0,62.0,34.125,3.75,0.0415,iqr_trimmed_quantiles,9.0,30.0,Low
200,30,Bauchi,2023,7,0,0.0,7,,39.16,27.5125,66.16678571428571,-73.7045,-0.7579924591026871,0,0,44.8575,0,81.0772897042816,29.4651386798622,47.7155813553496,32.1314589229297,18.1372592328994,0.0,0,0,365,1468.0,26.0,1385.0,27-30,27,30,4,4,0,2023-07-24,7,3,1,4.0,61.0,119.0,7.0,0.0,0.0,5.0,0.082,10.0,0.084,47.5,33.875,3.75,0.0415,iqr_trimmed_quantiles,9.0,30.0,Low
192,34,Bauchi,2023,2,1,0.5,2,,124.38,26.4375,73.01571428571428,-21.4,-0.6987764913434042,0,0,77.9,0,81.0772897042816,29.4651386798622,47.7155813553496,32.1314589229297,18.1372592328994,0.0,0,0,365,1468.0,26.0,1385.0,31-34,31,34,4,4,0,2023-08-21,8,3,1,7.0,4.0,6.0,4.0,0.0,0.0,0.0,0.0,0.0,0.0,19.5,33.875,1.25,0.0205,iqr_trimmed_quantiles,9.0,30.0,Low
132,27,Bauchi,2024,2,0,0.0,2,,23.32,27.654285714285717,68.01,-12.832,-0.4133436412007769,0,0,90.99,0,82.2488935172216,29.904599188308,47.9019370619136,32.2082592818415,17.9570129436897,0.0,0,0,365,1468.0,26.0,1385.0,27,27,27,1,4,0,2024-07-01,7,3,1,2.0,7.0,61.0,8.0,1.0,0.5,0.0,0.0,5.0,0.082,18.5,33.625,1.5,0.1455,iqr_trimmed_quantiles,9.0,30.0,Low
124,28,Bauchi,2024,2,0,0.0,2,,23.69,27.634285714285717,66.80285714285715,-48.85600000000001,-0.557175092638621,0,0,105.85,0,82.2488935172216,29.904599188308,47.9019370619136,32.2082592818415,17.9570129436897,0.0,0,0,365,1468.0,26.0,1385.0,28,28,28,1,4,0,2024-07-08,7,3,1,2.0,2.0,4.0,62.0,0.0,0.0,1.0,0.5,0.0,0.0,3.75,32.875,0.25,0.125,iqr_trimmed_quantiles,9.0,30.0,Low
107,31,Bauchi,2024,1,0,0.0,1,,68.22,24.76571428571429,85.67142857142858,18.504,0.3866922695137308,0,0,546.8299999999999,0,82.2488935172216,29.904599188308,47.9019370619136,32.2082592818415,17.9570129436897,0.0,0,0,365,1468.0,26.0,1385.0,31,31,31,1,4,2,2024-07-29,7,3,1,2.0,2.0,7.0,119.0,0.0,0.0,0.0,0.0,0.0,0.0,3.25,25.375,0.25,0.125,iqr_trimmed_quantiles,9.0,30.0,Low
73,37,Bauchi,2024,50,1,0.02,50,,41.87,25.15857142857143,84.21285714285715,-29.766,-0.3436591512478246,0,0,258.47,0,82.2488935172216,29.904599188308,47.9019370619136,32.2082592818415,17.9570129436897,0.0,0,0,365,1468.0,26.0,1385.0,37,37,37,1,4,5,2024-09-09,9,3,1,1.0,2.0,2.0,6.0,0.0,0.0,0.0,0.0,1.0,0.5,1.75,10.625,0.25,0.125,iqr_trimmed_quantiles,9.0,30.0,High
56,38,Bauchi,2024,10,0,0.0,10,,19.91,24.697142857142858,84.37857142857142,-36.252,-0.535129884829961,0,0,157.95999999999998,0,82.2488935172216,29.904599188308,47.9019370619136,32.2082592818415,17.9570129436897,0.0,0,0,365,1468.0,26.0,1385.0,38,38,38,1,4,0,2024-09-16,9,3,1,50.0,1.0,2.0,61.0,1.0,0.02,0.0,0.0,0.0,0.0,13.75,16.125,0.25,0.005,iqr_trimmed_quantiles,9.0,30.0,Medium
4,4,Bauchi,2025,4,2,0.5,4,,0.0,22.516785714285714,35.269642857142856,-0.3970833333333333,-0.10206207261596575,0,0,0.0,0,82.2488935172216,29.904599188308,47.9019370619136,32.2082592818415,17.9570129436897,0.0,0,0,365,1468.0,26.0,1385.0,1-4,1,4,4,4,0,2025-01-20,1,1,0,10.0,50.0,2.0,4.0,0.0,0.0,1.0,0.02,0.0,0.0,15.75,9.75,0.25,0.005,iqr_trimmed_quantiles,9.0,30.0,Low
32,9,Bauchi,2025,13,3,0.2308,13,,0.1699999999999999,25.85464285714286,24.168928571428573,-5.886500000000002,-0.26556322480885103,0,0,0.042499999999999975,0,82.2488935172216,29.904599188308,47.9019370619136,32.2082592818415,17.9570129436897,0.0,0,0,365,1468.0,26.0,1385.0,6-9,6,9,4,4,1,2025-02-24,2,1,0,4.0,10.0,1.0,7.0,2.0,0.5,0.0,0.0,0.0,0.0,16.25,9.75,0.75,0.13,iqr_trimmed_quantiles,9.0,30.0,Medium
597,12,Bayelsa,2021,58,6,0.1034,58,,266.63,26.731190476190477,85.32142857142857,6.196861111111111,0.2911352366058264,0,0,70.16333333333333,0,77.8385518833185,28.3555720870985,45.4491559568794,30.7931355307584,18.7432459114042,0.0,0,0,365,422.0,13.0,354.0,1-12,1,12,12,5,0,2021-03-22,3,1,0,,,,,,,,,,,,,,,iqr_trimmed_quantiles,9.0,30.0,High
584,24,Bayelsa,2021,200,9,0.045,200,,1059.28,26.634999999999994,89.83083333333332,31.522166666666667,0.6211572254617933,1,1,303.2041666666667,0,77.8385518833185,28.3555720870985,45.4491559568794,30.7931355307584,18.7432459114042,0.0,0,0,365,422.0,13.0,354.0,13-24,13,24,12,5,0,2021-06-14,6,2,1,58.0,,,,6.0,0.1034,,,,,58.0,58.0,6.0,0.1034,iqr_trimmed_quantiles,9.0,30.0,High
382,48,Bayelsa,2021,25,4,0.16,25,,14.89,26.675714285714285,87.87428571428572,5.034000000000001,0.6229011225638258,0,0,383.63000000000005,0,77.8385518833185,28.3555720870985,45.4491559568794,30.7931355307584,18.7432459114042,0.0,0,0,365,422.0,13.0,354.0,48,48,48,1,5,23,2021-11-29,11,4,0,200.0,58.0,,,9.0,0.045,6.0,0.1034,,,129.0,129.0,7.5,0.0742,iqr_trimmed_quantiles,9.0,30.0,Medium
373,49,Bayelsa,2021,5,0,0.0,5,,1.95,26.827142857142857,82.00571428571428,-10.46,-0.396001849351153,0,0,277.79,0,77.8385518833185,28.3555720870985,45.4491559568794,30.7931355307584,18.7432459114042,0.0,0,0,365,422.0,13.0,354.0,49,49,49,1,5,0,2021-12-06,12,4,0,25.0,200.0,,,4.0,0.16,9.0,0.045,,,94.33333333333333,94.33333333333333,6.333333333333333,0.1028,iqr_trimmed_quantiles,9.0,30.0,Low
333,17,Bayelsa,2022,76,3,0.0395,76,,568.44,26.229243697478992,84.92899159663865,8.45049019607843,0.4205506099373609,1,1,136.60000000000002,0,79.457946920672,28.9123382327651,46.5706755484283,31.4553515414556,18.4410066468131,0.0,0,0,365,422.0,13.0,354.0,01-17,1,17,17,5,0,2022-04-25,4,2,1,5.0,25.0,58.0,,0.0,0.0,4.0,0.16,6.0,0.1034,72.0,72.0,4.75,0.0771,iqr_trimmed_quantiles,9.0,30.0,High
294,30,Bayelsa,2022,4,0,0.0,4,,226.34,24.950357142857143,90.4192857142857,-11.150500000000005,-0.2595603003132326,1,0,197.58750000000006,0,79.457946920672,28.9123382327651,46.5706755484283,31.4553515414556,18.4410066468131,0.0,0,0,365,422.0,13.0,354.0,27-30,27,30,4,5,9,2022-07-25,7,3,1,76.0,5.0,200.0,,3.0,0.0395,0.0,0.0,9.0,0.045,76.5,72.8,4.0,0.061125000000000006,iqr_trimmed_quantiles,9.0,30.0,Low
253,52,Bayelsa,2022,1,0,0.0,1,,77.09,25.800857142857147,80.47285714285715,-0.17519999999999847,-0.02740338791911918,0,0,55.198,0,79.457946920672,28.9123382327651,46.5706755484283,31.4553515414556,18.4410066468131,0.0,0,0,365,422.0,13.0,354.0,48-52,48,52,5,5,17,2022-12-26,12,4,0,4.0,76.0,25.0,,0.0,0.0,3.0,0.0395,4.0,0.16,27.5,61.333333333333336,1.75,0.049875,iqr_trimmed_quantiles,9.0,30.0,Low
234,9,Bayelsa,2023,3,1,0.3333,3,,72.04,26.578857142857146,83.11285714285714,6.0448,0.5471044369639504,0,0,30.446000000000005,0,81.0772897042816,29.4651386798622,47.7155813553496,32.1314589229297,18.1372592328994,0.0,0,0,365,422.0,13.0,354.0,5-9,5,9,5,5,0,2023-02-27,2,1,0,1.0,4.0,5.0,,0.0,0.0,0.0,0.0,0.0,0.0,21.5,52.714285714285715,0.75,0.009875,iqr_trimmed_quantiles,9.0,30.0,Low
225,13,Bayelsa,2023,21,0,0.0,21,,177.19,26.65464285714286,87.12857142857143,20.0845,1.088460745174013,0,0,167.36,0,81.0772897042816,29.4651386798622,47.7155813553496,32.1314589229297,18.1372592328994,0.0,0,0,365,422.0,13.0,354.0,10-13,10,13,4,5,0,2023-03-27,3,1,0,3.0,1.0,76.0,58.0,1.0,0.3333,0.0,0.0,3.0,0.0395,21.0,46.5,1.0,0.09319999999999999,iqr_trimmed_quantiles,9.0,30.0,Medium
220,17,Bayelsa,2023,6,0,0.0,6,,162.23,26.855357142857144,89.39285714285714,-15.305500000000004,-0.24580330775054932,0,0,172.04999999999998,0,81.0772897042816,29.4651386798622,47.7155813553496,32.1314589229297,18.1372592328994,0.0,0,0,365,422.0,13.0,354.0,14-17,14,17,4,5,0,2023-04-24,4,2,1,21.0,3.0,4.0,200.0,0.0,0.0,1.0,0.3333,0.0,0.0,7.25,41.875,0.25,0.083325,iqr_trimmed_quantiles,9.0,30.0,Low
217,21,Bayelsa,2023,9,0,0.0,9,,192.76000000000002,27.139642857142857,89.05821428571429,-1.7575000000000007,-0.02934760664484619,1,0,145.3425,0,81.0772897042816,29.4651386798622,47.7155813553496,32.1314589229297,18.1372592328994,0.0,0,0,365,422.0,13.0,354.0,18-21,18,21,4,5,0,2023-05-22,5,2,1,6.0,21.0,1.0,25.0,0.0,0.0,0.0,0.0,0.0,0.0,7.75,17.625,0.25,0.083325,iqr_trimmed_quantiles,9.0,30.0,Medium
214,26,Bayelsa,2023,1,0,0.0,1,,298.36,25.796285714285716,91.30685714285714,-25.165200000000006,-0.36017303453757793,0,0,229.276,0,81.0772897042816,29.4651386798622,47.7155813553496,32.1314589229297,18.1372592328994,0.0,0,0,365,422.0,13.0,354.0,22-26,22,26,5,5,0,2023-06-26,6,2,1,9.0,6.0,3.0,5.0,0.0,0.0,0.0,0.0,1.0,0.3333,9.75,15.625,0.25,0.083325,iqr_trimmed_quantiles,9.0,30.0,Low
203,30,Bayelsa,2023,3,0,0.0,3,,237.86,25.75464285714286,91.70607142857145,-8.270500000000004,-0.12352104979675543,0,0,235.5175,0,81.0772897042816,29.4651386798622,47.7155813553496,32.1314589229297,18.1372592328994,0.0,0,0,365,422.0,13.0,354.0,27-30,27,30,4,5,0,2023-07-24,7,3,1,1.0,9.0,21.0,76.0,0.0,0.0,0.0,0.0,0.0,0.0,9.25,15.125,0.0,0.0,iqr_trimmed_quantiles,9.0,30.0,Low
191,34,Bayelsa,2023,5,1,0.2,5,,74.12,25.55892857142857,90.99285714285713,-39.4525,-0.728029657806463,0,0,145.27749999999997,0,81.0772897042816,29.4651386798622,47.7155813553496,32.1314589229297,18.1372592328994,0.0,0,0,365,422.0,13.0,354.0,31-34,31,34,4,5,0,2023-08-21,8,3,1,3.0,1.0,6.0,4.0,0.0,0.0,0.0,0.0,0.0,0.0,4.75,6.0,0.0,0.0,iqr_trimmed_quantiles,9.0,30.0,Low
186,47,Bayelsa,2023,2,0,0.0,2,,172.85,26.623214285714283,89.78607142857143,-3.9365000000000037,0.1481768070318128,1,0,183.3025,0,81.0772897042816,29.4651386798622,47.7155813553496,32.1314589229297,18.1372592328994,0.0,0,0,365,422.0,13.0,354.0,44-47,44,47,4,5,9,2023-11-20,11,4,0,5.0,3.0,9.0,1.0,1.0,0.2,0.0,0.0,0.0,0.0,4.5,6.125,0.25,0.05,iqr_trimmed_quantiles,9.0,30.0,Low
164,4,Bayelsa,2024,26,0,0.0,26,,15.62,26.427142857142854,71.38285714285715,5.15,0.6949225896468323,0,0,22.09,0,82.2488935172216,29.904599188308,47.9019370619136,32.2082592818415,17.9570129436897,0.0,0,0,365,422.0,13.0,354.0,4,4,4,1,5,0,2024-01-22,1,1,0,2.0,5.0,1.0,3.0,0.0,0.0,1.0,0.2,0.0,0.0,2.75,6.25,0.25,0.05,iqr_trimmed_quantiles,9.0,30.0,Medium
161,12,Bayelsa,2024,9,0,0.0,9,,24.630000000000003,28.37142857142857,85.61571428571428,-3.048000000000002,-0.1862992739919315,0,0,29.85,0,82.2488935172216,29.904599188308,47.9019370619136,32.2082592818415,17.9570129436897,0.0,0,0,365,422.0,13.0,354.0,12,12,12,1,5,7,2024-03-18,3,1,0,26.0,2.0,3.0,21.0,0.0,0.0,0.0,0.0,0.0,0.0,9.0,9.125,0.25,0.05,iqr_trimmed_quantiles,9.0,30.0,Medium
159,17,Bayelsa,2024,2,0,0.0,2,,45.03,28.09857142857143,88.29285714285716,-3.338000000000001,-0.1305570131207426,0,0,106.03,0,82.2488935172216,29.904599188308,47.9019370619136,32.2082592818415,17.9570129436897,0.0,0,0,365,422.0,13.0,354.0,17,17,17,1,5,4,2024-04-22,4,2,1,9.0,26.0,5.0,6.0,0.0,0.0,0.0,0.0,1.0,0.2,10.5,7.625,0.25,0.05,iqr_trimmed_quantiles,9.0,30.0,Low
150,23,Bayelsa,2024,2,0,0.0,2,,28.25,26.675714285714285,90.38285714285716,-72.414,-1.1883936792829746,0,0,218.37,0,82.2488935172216,29.904599188308,47.9019370619136,32.2082592818415,17.9570129436897,0.0,0,0,365,422.0,13.0,354.0,23,23,23,1,5,5,2024-06-03,6,2,1,2.0,9.0,2.0,9.0,0.0,0.0,0.0,0.0,0.0,0.0,9.75,7.125,0.0,0.0,iqr_trimmed_quantiles,9.0,30.0,Low
90,34,Bayelsa,2024,3,0,0.0,3,,61.17,25.42142857142857,90.89857142857144,13.156000000000006,0.3628904991525174,0,0,121.16,0,82.2488935172216,29.904599188308,47.9019370619136,32.2082592818415,17.9570129436897,0.0,0,0,365,422.0,13.0,354.0,34,34,34,1,5,10,2024-08-19,8,3,1,2.0,2.0,26.0,1.0,0.0,0.0,0.0,0.0,0.0,0.0,9.75,6.25,0.0,0.0,iqr_trimmed_quantiles,9.0,30.0,Low
57,38,Bayelsa,2024,1,0,0.0,1,,76.28,25.964285714285715,90.51428571428572,-2.230000000000004,-0.1879722987443166,0,0,269.17,0,82.2488935172216,29.904599188308,47.9019370619136,32.2082592818415,17.9570129436897,0.0,0,0,365,422.0,13.0,354.0,38,38,38,1,5,3,2024-09-16,9,3,1,3.0,2.0,9.0,3.0,0.0,0.0,0.0,0.0,0.0,0.0,4.0,6.5,0.0,0.0,iqr_trimmed_quantiles,9.0,30.0,Low
5,4,Bayelsa,2025,605,1,0.0017,605,,0.15000000000000002,26.853928571428572,82.29535714285714,-15.627916666666666,-0.791659374373366,0,0,0.055,0,82.2488935172216,29.904599188308,47.9019370619136,32.2082592818415,17.9570129436897,0.0,0,0,365,422.0,13.0,354.0,1-4,1,4,4,5,0,2025-01-20,1,1,0,1.0,3.0,2.0,5.0,0.0,0.0,0.0,0.0,0.0,0.0,2.0,6.25,0.0,0.0,iqr_trimmed_quantiles,9.0,30.0,High
25,5,Bayelsa,2025,90,0,0.0,90,,0.36,27.337142857142855,82.67857142857143,-0.352,-0.4068426312060398,0,0,0.51,0,82.2488935172216,29.904599188308,47.9019370619136,32.2082592818415,17.9570129436897,0.0,0,0,365,422.0,13.0,354.0,5,5,5,1,5,0,2025-01-27,1,1,0,605.0,1.0,2.0,2.0,1.0,0.0017,0.0,0.0,0.0,0.0,152.75,81.25,0.25,0.000425,iqr_trimmed_quantiles,9.0,30.0,High
33,9,Bayelsa,2025,68,0,0.0,68,,60.73,27.609285714285715,85.27321428571429,4.9065,0.07050288411020807,0,0,26.2775,0,82.2488935172216,29.904599188308,47.9019370619136,32.2082592818415,17.9570129436897,0.0,0,0,365,422.0,13.0,354.0,6-9,6,9,4,5,0,2025-02-24,2,1,0,90.0,605.0,3.0,26.0,0.0,0.0,1.0,0.0017,0.0,0.0,174.75,92.25,0.25,0.000425,iqr_trimmed_quantiles,9.0,30.0,High
598,12,Benue,2021,556,6,0.0108,556,,55.779999999999994,27.890714285714292,50.69261904761905,-2.9568888888888893,-0.09070485905722513,0,0,11.828333333333333,0,77.8385518833185,28.3555720870985,45.4491559568794,30.7931355307584,18.7432459114042,0.0,0,0,365,2284.0,28.0,2020.0,1-12,1,12,12,6,0,2021-03-22,3,1,0,,,,,,,,,,,,,,,iqr_trimmed_quantiles,9.0,30.0,High
585,24,Benue,2021,46,6,0.1304,46,,348.19,27.91404761904762,75.47273809523809,-1.3956666666666653,0.2649108386371153,1,1,100.29083333333334,0,77.8385518833185,28.3555720870985,45.4491559568794,30.7931355307584,18.7432459114042,0.0,0,0,365,2284.0,28.0,2020.0,13-24,13,24,12,6,0,2021-06-14,6,2,1,556.0,,,,6.0,0.0108,,,,,556.0,556.0,6.0,0.0108,iqr_trimmed_quantiles,9.0,30.0,High
423,43,Benue,2021,2,0,0.0,2,,47.81,26.49428571428572,84.59,35.024,1.7389346848217069,0,0,166.21,0,77.8385518833185,28.3555720870985,45.4491559568794,30.7931355307584,18.7432459114042,0.0,0,0,365,2284.0,28.0,2020.0,43,43,43,1,6,18,2021-10-25,10,4,1,46.0,556.0,,,6.0,0.1304,6.0,0.0108,,,301.0,301.0,6.0,0.0706,iqr_trimmed_quantiles,9.0,30.0,Low
392,47,Benue,2021,4,0,0.0,4,,37.28,25.31571428571429,71.35428571428571,28.866,1.7749670187508613,0,0,319.23,0,77.8385518833185,28.3555720870985,45.4491559568794,30.7931355307584,18.7432459114042,0.0,0,0,365,2284.0,28.0,2020.0,47,47,47,1,6,3,2021-11-22,11,4,0,2.0,46.0,,,0.0,0.0,6.0,0.1304,,,201.33333333333334,201.33333333333334,4.0,0.047066666666666666,iqr_trimmed_quantiles,9.0,30.0,Low
372,49,Benue,2021,8,0,0.0,8,,5.76,23.487142857142857,70.54857142857144,4.332,1.736761555685673,0,0,221.21,0,77.8385518833185,28.3555720870985,45.4491559568794,30.7931355307584,18.7432459114042,0.0,0,0,365,2284.0,28.0,2020.0,49,49,49,1,6,1,2021-12-06,12,4,0,4.0,2.0,556.0,,0.0,0.0,0.0,0.0,6.0,0.0108,152.0,152.0,3.0,0.0353,iqr_trimmed_quantiles,9.0,30.0,Low
310,26,Benue,2022,5,0,0.0,5,,304.23,25.583428571428573,88.65285714285714,21.843200000000003,0.41612950313438074,1,1,333.41600000000005,0,79.457946920672,28.9123382327651,46.5706755484283,31.4553515414556,18.4410066468131,0.0,0,0,365,2284.0,28.0,2020.0,22-26,22,26,5,6,0,2022-06-27,6,2,1,8.0,4.0,46.0,,0.0,0.0,0.0,0.0,6.0,0.1304,15.0,123.2,1.5,0.0326,iqr_trimmed_quantiles,9.0,30.0,Low
295,30,Benue,2022,1,0,0.0,1,,89.15,25.256428571428568,88.15892857142856,-14.934000000000001,-0.43862068052306813,0,0,102.875,0,79.457946920672,28.9123382327651,46.5706755484283,31.4553515414556,18.4410066468131,0.0,0,0,365,2284.0,28.0,2020.0,27-30,27,30,4,6,0,2022-07-25,7,3,1,5.0,8.0,2.0,,0.0,0.0,0.0,0.0,0.0,0.0,4.75,103.5,0.0,0.0,iqr_trimmed_quantiles,9.0,30.0,Low
171,51,Benue,2023,5,1,0.2,5,,0.15,26.54714285714286,55.99035714285715,-2.7685000000000004,-0.4916339093299601,0,0,7.364999999999972,0,81.0772897042816,29.4651386798622,47.7155813553496,32.1314589229297,18.1372592328994,0.0,0,0,365,2284.0,28.0,2020.0,48-51,48,51,4,6,0,2023-12-18,12,4,0,1.0,5.0,4.0,,0.0,0.0,0.0,0.0,0.0,0.0,4.5,88.85714285714286,0.0,0.0,iqr_trimmed_quantiles,9.0,30.0,Low
168,52,Benue,2023,2,0,0.0,2,,0.0,25.618571428571425,41.544285714285714,-6.168,-0.4473949105483362,0,0,0.0,0,81.0772897042816,29.4651386798622,47.7155813553496,32.1314589229297,18.1372592328994,0.0,0,0,365,2284.0,28.0,2020.0,52,52,52,1,6,0,2023-12-25,12,4,0,5.0,1.0,8.0,556.0,1.0,0.2,0.0,0.0,0.0,0.0,4.75,78.375,0.25,0.05,iqr_trimmed_quantiles,9.0,30.0,Low
6,4,Benue,2025,3,0,0.0,3,,0.22,27.131785714285712,41.385,-3.4291666666666663,-0.43365999535647953,0,0,0.09499999999997155,0,82.2488935172216,29.904599188308,47.9019370619136,32.2082592818415,17.9570129436897,0.0,0,0,365,2284.0,28.0,2020.0,1-4,1,4,4,6,0,2025-01-20,1,1,0,2.0,5.0,5.0,46.0,0.0,0.0,1.0,0.2,0.0,0.0,3.25,9.125,0.25,0.05,iqr_trimmed_quantiles,9.0,30.0,Low
34,9,Benue,2025,25,0,0.0,25,,4.72,29.932499999999997,38.573571428571434,-8.116500000000002,-0.5896807278641865,0,0,1.4349999999999432,0,82.2488935172216,29.904599188308,47.9019370619136,32.2082592818415,17.9570129436897,0.0,0,0,365,2284.0,28.0,2020.0,6-9,6,9,4,6,1,2025-02-24,2,1,0,3.0,2.0,1.0,2.0,0.0,0.0,0.0,0.0,0.0,0.0,2.75,3.75,0.25,0.05,iqr_trimmed_quantiles,9.0,30.0,Medium
567,29,Borno,2021,11,0,0.0,11,,32.57,27.52857142857143,73.55428571428571,-28.90000000000001,-0.4523162190260795,1,0,94.15,0,77.8385518833185,28.3555720870985,45.4491559568794,30.7931355307584,18.7432459114042,0.0,0,0,365,804.0,27.0,679.0,29,29,29,1,7,0,2021-07-19,7,3,1,,,,,,,,,,,,,,,iqr_trimmed_quantiles,9.0,30.0,Medium
559,30,Borno,2021,4,0,0.0,4,,67.43,26.185714285714287,79.76571428571428,40.734,1.6640042840367852,1,1,153.15,0,77.8385518833185,28.3555720870985,45.4491559568794,30.7931355307584,18.7432459114042,0.0,0,0,365,804.0,27.0,679.0,30,30,30,1,7,0,2021-07-26,7,3,1,11.0,,,,0.0,0.0,,,,,11.0,11.0,0.0,0.0,iqr_trimmed_quantiles,9.0,30.0,Low
551,32,Borno,2021,7,0,0.0,7,,27.75,26.05,80.65142857142857,-9.814,-0.8269270456921582,0,0,162.73000000000002,0,77.8385518833185,28.3555720870985,45.4491559568794,30.7931355307584,18.7432459114042,0.0,0,0,365,804.0,27.0,679.0,32,32,32,1,7,1,2021-08-09,8,3,1,4.0,11.0,,,0.0,0.0,0.0,0.0,,,7.5,7.5,0.0,0.0,iqr_trimmed_quantiles,9.0,30.0,Low
537,33,Borno,2021,30,4,0.1333,30,,15.34,26.857142857142858,75.96571428571428,-27.418000000000003,-1.702734819163243,0,0,145.5,0,77.8385518833185,28.3555720870985,45.4491559568794,30.7931355307584,18.7432459114042,0.0,0,0,365,804.0,27.0,679.0,33,33,33,1,7,0,2021-08-16,8,3,1,7.0,4.0,,,0.0,0.0,0.0,0.0,,,7.333333333333333,7.333333333333333,0.0,0.0,iqr_trimmed_quantiles,9.0,30.0,High
524,34,Borno,2021,67,4,0.0597,67,,13.11,27.95142857142857,70.81714285714285,-33.330000000000005,-1.452003523187414,0,0,91.18,0,77.8385518833185,28.3555720870985,45.4491559568794,30.7931355307584,18.7432459114042,0.0,0,0,365,804.0,27.0,679.0,34,34,34,1,7,0,2021-08-23,8,3,1,30.0,7.0,11.0,,4.0,0.1333,0.0,0.0,0.0,0.0,13.0,13.0,1.0,0.033325,iqr_trimmed_quantiles,9.0,30.0,High
500,35,Borno,2021,179,13,0.0726,179,,10.89,27.50714285714286,74.14857142857143,-15.746000000000002,-0.8605985824209638,0,0,67.09,0,77.8385518833185,28.3555720870985,45.4491559568794,30.7931355307584,18.7432459114042,0.0,0,0,365,804.0,27.0,679.0,35,35,35,1,7,0,2021-08-30,8,3,1,67.0,30.0,4.0,,4.0,0.0597,4.0,0.1333,0.0,0.0,27.0,23.8,2.0,0.04825,iqr_trimmed_quantiles,9.0,30.0,High
488,36,Borno,2021,106,1,0.0094,106,,24.36,27.25,74.28428571428572,-2.846,-0.2037510109858954,0,0,63.7,0,77.8385518833185,28.3555720870985,45.4491559568794,30.7931355307584,18.7432459114042,0.0,0,0,365,804.0,27.0,679.0,36,36,36,1,7,0,2021-09-06,9,3,1,179.0,67.0,7.0,,13.0,0.0726,4.0,0.0597,0.0,0.0,70.75,49.666666666666664,5.25,0.0664,iqr_trimmed_quantiles,9.0,30.0,High
479,37,Borno,2021,139,5,0.036,139,,7.0200000000000005,27.95142857142857,71.67857142857143,-6.382000000000001,-0.8383068733336108,0,0,55.38,0,77.8385518833185,28.3555720870985,45.4491559568794,30.7931355307584,18.7432459114042,0.0,0,0,365,804.0,27.0,679.0,37,37,37,1,7,0,2021-09-13,9,3,1,106.0,179.0,30.0,,1.0,0.0094,13.0,0.0726,4.0,0.1333,95.5,57.714285714285715,5.5,0.06875,iqr_trimmed_quantiles,9.0,30.0,High
467,38,Borno,2021,45,0,0.0,45,,18.430000000000003,27.768571428571427,68.61,6.654000000000004,1.1085885128827158,0,0,60.7,0,77.8385518833185,28.3555720870985,45.4491559568794,30.7931355307584,18.7432459114042,0.0,0,0,365,804.0,27.0,679.0,38,38,38,1,7,0,2021-09-20,9,3,1,139.0,106.0,67.0,11.0,5.0,0.036,1.0,0.0094,4.0,0.0597,122.75,67.875,5.75,0.044425,iqr_trimmed_quantiles,9.0,30.0,High
438,41,Borno,2021,71,3,0.0423,71,,2.59,28.474285714285717,50.17285714285714,0.752,0.5093922771978477,0,0,33.81,0,77.8385518833185,28.3555720870985,45.4491559568794,30.7931355307584,18.7432459114042,0.0,0,0,365,804.0,27.0,679.0,41,41,41,1,7,2,2021-10-11,10,4,1,45.0,139.0,179.0,4.0,0.0,0.0,5.0,0.036,13.0,0.0726,117.25,72.125,4.75,0.0295,iqr_trimmed_quantiles,9.0,30.0,High
417,43,Borno,2021,210,3,0.0143,210,,0.02,28.622857142857143,36.62571428571429,0.004,0.153392997769474,0,0,10.41,0,77.8385518833185,28.3555720870985,45.4491559568794,30.7931355307584,18.7432459114042,0.0,0,0,365,804.0,27.0,679.0,43,43,43,1,7,1,2021-10-25,10,4,1,71.0,45.0,106.0,7.0,3.0,0.0423,0.0,0.0,1.0,0.0094,90.25,80.5,2.25,0.021925,iqr_trimmed_quantiles,9.0,30.0,High
408,44,Borno,2021,32,2,0.0625,32,,0.0,29.434285714285718,32.98428571428572,-0.002,-0.4472135954999579,0,0,5.279999999999999,0,77.8385518833185,28.3555720870985,45.4491559568794,30.7931355307584,18.7432459114042,0.0,0,0,365,804.0,27.0,679.0,44,44,44,1,7,0,2021-11-01,11,4,0,210.0,71.0,139.0,30.0,3.0,0.0143,3.0,0.0423,5.0,0.036,116.25,105.875,2.75,0.023149999999999997,iqr_trimmed_quantiles,9.0,30.0,High
377,48,Borno,2021,78,0,0.0,78,,0.0,26.545714285714286,22.13142857142857,0.0,0.0,0,0,0.0,0,77.8385518833185,28.3555720870985,45.4491559568794,30.7931355307584,18.7432459114042,0.0,0,0,365,804.0,27.0,679.0,48,48,48,1,7,3,2021-11-29,11,4,0,32.0,210.0,45.0,67.0,2.0,0.0625,3.0,0.0143,0.0,0.0,89.5,106.125,2.0,0.029775,iqr_trimmed_quantiles,9.0,30.0,High
359,50,Borno,2021,42,0,0.0,42,,0.0,24.037142857142857,23.705714285714286,0.0,0.0,0,0,0.0,0,77.8385518833185,28.3555720870985,45.4491559568794,30.7931355307584,18.7432459114042,0.0,0,0,365,804.0,27.0,679.0,50,50,50,1,7,1,2021-12-13,12,4,0,78.0,32.0,71.0,179.0,0.0,0.0,2.0,0.0625,3.0,0.0423,97.75,107.5,2.0,0.029775,iqr_trimmed_quantiles,9.0,30.0,High
351,51,Borno,2021,196,0,0.0,196,,0.0,23.505714285714284,20.992857142857144,0.0,0.0,0,0,0.0,0,77.8385518833185,28.3555720870985,45.4491559568794,30.7931355307584,18.7432459114042,0.0,0,0,365,804.0,27.0,679.0,51,51,51,1,7,0,2021-12-20,12,4,0,42.0,78.0,210.0,106.0,0.0,0.0,0.0,0.0,3.0,0.0143,90.5,90.375,1.25,0.019200000000000002,iqr_trimmed_quantiles,9.0,30.0,High
345,52,Borno,2021,6,0,0.0,6,,0.0,23.452857142857145,22.06857142857143,0.0,0.0,0,0,0.0,0,77.8385518833185,28.3555720870985,45.4491559568794,30.7931355307584,18.7432459114042,0.0,0,0,365,804.0,27.0,679.0,52,52,52,1,7,0,2021-12-27,12,4,0,196.0,42.0,32.0,139.0,0.0,0.0,0.0,0.0,2.0,0.0625,87.0,101.625,0.5,0.015625,iqr_trimmed_quantiles,9.0,30.0,Low
332,17,Borno,2022,91,11,0.1209,91,,2.5999999999999996,27.92512605042017,18.769159663865548,0.08823529411764706,0.1825869425926714,0,0,0.2482352941176471,0,79.457946920672,28.9123382327651,46.5706755484283,31.4553515414556,18.4410066468131,0.0,0,0,365,804.0,27.0,679.0,01-17,1,17,17,7,0,2022-04-25,4,2,1,6.0,196.0,78.0,45.0,0.0,0.0,0.0,0.0,0.0,0.0,80.5,85.0,0.0,0.0,iqr_trimmed_quantiles,9.0,30.0,High
311,26,Borno,2022,2,0,0.0,2,,64.08,31.229142857142858,50.97285714285714,0.8819999999999997,0.21781133399731017,0,0,35.474000000000004,0,79.457946920672,28.9123382327651,46.5706755484283,31.4553515414556,18.4410066468131,0.0,0,0,365,804.0,27.0,679.0,22-26,22,26,5,7,4,2022-06-27,6,2,1,91.0,6.0,42.0,71.0,11.0,0.1209,0.0,0.0,0.0,0.0,83.75,90.75,2.75,0.030225,iqr_trimmed_quantiles,9.0,30.0,Low
296,30,Borno,2022,160,9,0.0563,160,,98.32,28.673928571428572,65.0182142857143,-9.445000000000002,-0.07585990908223944,1,1,94.515,0,79.457946920672,28.9123382327651,46.5706755484283,31.4553515414556,18.4410066468131,0.0,0,0,365,804.0,27.0,679.0,27-30,27,30,4,7,0,2022-07-25,7,3,1,2.0,91.0,196.0,210.0,0.0,0.0,11.0,0.1209,0.0,0.0,73.75,82.125,2.75,0.030225,iqr_trimmed_quantiles,9.0,30.0,High
277,35,Borno,2022,333,2,0.006,333,,229.48,26.305999999999994,77.02085714285715,9.725999999999999,0.5461773188136535,1,1,149.13,0,79.457946920672,28.9123382327651,46.5706755484283,31.4553515414556,18.4410066468131,0.0,0,0,365,804.0,27.0,679.0,31-35,31,35,5,7,0,2022-08-29,8,3,1,160.0,2.0,6.0,32.0,9.0,0.0563,0.0,0.0,0.0,0.0,64.75,75.875,5.0,0.0443,iqr_trimmed_quantiles,9.0,30.0,High
280,35,Borno,2022,160,0,0.0,160,,229.48,26.305999999999994,77.02085714285715,9.725999999999999,0.5461773188136535,1,1,149.13,0,79.457946920672,28.9123382327651,46.5706755484283,31.4553515414556,18.4410066468131,0.0,0,0,365,804.0,27.0,679.0,31-35,31,35,5,7,0,2022-08-29,8,3,1,333.0,160.0,91.0,78.0,2.0,0.006,9.0,0.0563,11.0,0.1209,146.5,113.5,5.5,0.0458,iqr_trimmed_quantiles,9.0,30.0,High
267,39,Borno,2022,2626,20,0.0076,2626,,67.99,27.202142857142857,73.88678571428571,0.8810000000000008,0.19542846449161116,0,0,119.64000000000001,0,79.457946920672,28.9123382327651,46.5706755484283,31.4553515414556,18.4410066468131,0.0,0,0,365,804.0,27.0,679.0,36-39,36,39,4,7,0,2022-09-26,9,3,1,160.0,333.0,2.0,42.0,0.0,0.0,2.0,0.006,0.0,0.0,163.75,123.75,2.75,0.015575,iqr_trimmed_quantiles,9.0,30.0,High
260,43,Borno,2022,4920,50,0.0102,4920,,2.41,27.700714285714287,51.5475,-2.3905000000000003,-0.8759896985318241,0,0,22.255,0,79.457946920672,28.9123382327651,46.5706755484283,31.4553515414556,18.4410066468131,0.0,0,0,365,804.0,27.0,679.0,40-43,40,43,4,7,0,2022-10-24,10,4,1,2626.0,160.0,160.0,196.0,20.0,0.0076,0.0,0.0,9.0,0.0563,819.75,446.75,7.75,0.017475,iqr_trimmed_quantiles,9.0,30.0,High
254,47,Borno,2022,1124,18,0.016,1124,,0.0,25.361071428571428,32.12321428571428,-0.0035,-0.223606797749979,0,0,0.12,0,79.457946920672,28.9123382327651,46.5706755484283,31.4553515414556,18.4410066468131,0.0,0,0,365,804.0,27.0,679.0,44-47,44,47,4,7,0,2022-11-21,11,4,0,4920.0,2626.0,333.0,6.0,50.0,0.0102,20.0,0.0076,2.0,0.006,2009.75,1037.25,18.0,0.00595,iqr_trimmed_quantiles,9.0,30.0,High
250,52,Borno,2022,10,0,0.0,10,,0.0,23.06114285714286,26.904285714285713,0.0,0.0,0,0,0.0,0,79.457946920672,28.9123382327651,46.5706755484283,31.4553515414556,18.4410066468131,0.0,0,0,365,804.0,27.0,679.0,48-52,48,52,5,7,0,2022-12-26,12,4,0,1124.0,4920.0,160.0,91.0,18.0,0.016,50.0,0.0102,0.0,0.0,2207.5,1177.0,22.0,0.008450000000000001,iqr_trimmed_quantiles,9.0,30.0,Medium
212,26,Borno,2023,5,0,0.0,5,,64.21000000000001,31.831428571428567,50.478857142857144,0.9080000000000009,0.08424417363358713,1,0,35.88,0,81.0772897042816,29.4651386798622,47.7155813553496,32.1314589229297,18.1372592328994,0.0,0,0,365,804.0,27.0,679.0,22-26,22,26,5,7,0,2023-06-26,6,2,1,10.0,1124.0,2626.0,2.0,0.0,0.0,18.0,0.016,20.0,0.0076,2170.0,1166.875,22.0,0.008450000000000001,iqr_trimmed_quantiles,9.0,30.0,Low
205,30,Borno,2023,2,0,0.0,2,,38.66,31.860357142857143,50.22428571428571,-24.36,-0.709983004916289,0,0,50.98,0,81.0772897042816,29.4651386798622,47.7155813553496,32.1314589229297,18.1372592328994,0.0,0,0,365,804.0,27.0,679.0,27-30,27,30,4,7,0,2023-07-24,7,3,1,5.0,10.0,4920.0,160.0,0.0,0.0,0.0,0.0,50.0,0.0102,1514.75,1167.25,17.0,0.00655,iqr_trimmed_quantiles,9.0,30.0,Low
194,34,Borno,2023,2,2,1.0,2,,159.47000000000003,29.122500000000002,64.13178571428571,1.3139999999999992,0.0361669805888822,1,1,101.8075,0,81.0772897042816,29.4651386798622,47.7155813553496,32.1314589229297,18.1372592328994,0.0,0,0,365,804.0,27.0,679.0,31-34,31,34,4,7,0,2023-08-21,8,3,1,2.0,5.0,1124.0,333.0,0.0,0.0,0.0,0.0,18.0,0.016,285.25,1147.5,4.5,0.004,iqr_trimmed_quantiles,9.0,30.0,Low
49,39,Borno,2024,29,0,0.0,29,,16.59,27.89,72.50428571428571,4.508000000000001,1.3802872543884543,0,0,90.31,0,82.2488935172216,29.904599188308,47.9019370619136,32.2082592818415,17.9570129436897,0.0,0,0,365,804.0,27.0,679.0,39,39,39,1,7,0,2024-09-23,9,3,1,2.0,2.0,10.0,160.0,2.0,1.0,0.0,0.0,0.0,0.0,4.75,1106.125,0.5,0.25,iqr_trimmed_quantiles,9.0,30.0,Medium
7,4,Borno,2025,1,0,0.0,1,,0.0,24.03142857142857,25.57035714285714,0.0,0.0,0,0,0.0,0,82.2488935172216,29.904599188308,47.9019370619136,32.2082592818415,17.9570129436897,0.0,0,0,365,804.0,27.0,679.0,1-4,1,4,4,7,0,2025-01-20,1,1,0,29.0,2.0,5.0,2626.0,0.0,0.0,2.0,1.0,0.0,0.0,9.5,1089.75,0.5,0.25,iqr_trimmed_quantiles,9.0,30.0,Low
35,9,Borno,2025,2,0,0.0,2,,0.0,27.595,17.295714285714286,-0.009999999999999974,-0.11180339887498948,0,0,0.0,0,82.2488935172216,29.904599188308,47.9019370619136,32.2082592818415,17.9570129436897,0.0,0,0,365,804.0,27.0,679.0,6-9,6,9,4,7,1,2025-02-24,2,1,0,1.0,29.0,2.0,4920.0,0.0,0.0,0.0,0.0,0.0,0.0,8.5,761.625,0.5,0.25,iqr_trimmed_quantiles,9.0,30.0,Low
589,24,Cross River,2021,31,0,0.0,31,,392.32,26.617261904761904,85.33726190476189,4.702333333333335,0.24511488249112956,1,0,117.63083333333334,0,77.8385518833185,28.3555720870985,45.4491559568794,30.7931355307584,18.7432459114042,0.0,0,0,365,1522.0,35.0,1371.0,13-24,13,24,12,8,0,2021-06-14,6,2,1,,,,,,,,,,,,,,,iqr_trimmed_quantiles,9.0,30.0,High
426,43,Cross River,2021,1,0,0.0,1,,19.35,25.93857142857143,86.24857142857142,2.4120000000000026,0.212757551672508,0,0,139.32000000000002,0,77.8385518833185,28.3555720870985,45.4491559568794,30.7931355307584,18.7432459114042,0.0,0,0,365,1522.0,35.0,1371.0,43,43,43,1,8,18,2021-10-25,10,4,1,31.0,,,,0.0,0.0,,,,,31.0,31.0,0.0,0.0,iqr_trimmed_quantiles,9.0,30.0,Low
412,44,Cross River,2021,3,2,0.6667,3,,35.19,25.518571428571427,88.85857142857142,15.965999999999998,1.5002182130836472,0,0,134.51000000000002,0,77.8385518833185,28.3555720870985,45.4491559568794,30.7931355307584,18.7432459114042,0.0,0,0,365,1522.0,35.0,1371.0,44,44,44,1,8,0,2021-11-01,11,4,0,1.0,31.0,,,0.0,0.0,0.0,0.0,,,16.0,16.0,0.0,0.0,iqr_trimmed_quantiles,9.0,30.0,Low
329,17,Cross River,2022,593,6,0.0101,593,,232.08999999999997,27.469831932773108,69.71596638655463,3.912039215686274,0.32443911660760677,0,0,42.30058823529413,0,79.457946920672,28.9123382327651,46.5706755484283,31.4553515414556,18.4410066468131,0.0,0,0,365,1522.0,35.0,1371.0,01-17,1,17,17,8,0,2022-04-25,4,2,1,3.0,1.0,,,2.0,0.6667,0.0,0.0,,,11.666666666666666,11.666666666666666,0.6666666666666666,0.2222333333333333,iqr_trimmed_quantiles,9.0,30.0,High
246,52,Cross River,2022,153,7,0.0458,153,,3.4299999999999997,25.451142857142862,74.00114285714285,-0.3832000000000001,-0.20745196736532287,0,0,4.422000000000029,0,79.457946920672,28.9123382327651,46.5706755484283,31.4553515414556,18.4410066468131,0.0,0,0,365,1522.0,35.0,1371.0,48-52,48,52,5,8,30,2022-12-26,12,4,0,593.0,3.0,31.0,,6.0,0.0101,2.0,0.6667,0.0,0.0,157.0,157.0,2.0,0.1692,iqr_trimmed_quantiles,9.0,30.0,High
236,4,Cross River,2023,242,7,0.0289,242,,2.2199999999999998,26.276428571428568,73.75142857142856,-0.8223333333333334,0.0316094943985909,0,0,1.4100000000000283,0,81.0772897042816,29.4651386798622,47.7155813553496,32.1314589229297,18.1372592328994,0.0,0,0,365,1522.0,35.0,1371.0,1-4,1,4,4,8,0,2023-01-23,1,1,0,153.0,593.0,1.0,,7.0,0.0458,6.0,0.0101,0.0,0.0,187.5,156.2,3.75,0.18064999999999998,iqr_trimmed_quantiles,9.0,30.0,High
230,9,Cross River,2023,397,9,0.0227,397,,19.990000000000002,27.43428571428571,72.49714285714285,1.7124,0.8879989417683666,0,0,9.728000000000028,0,81.0772897042816,29.4651386798622,47.7155813553496,32.1314589229297,18.1372592328994,0.0,0,0,365,1522.0,35.0,1371.0,5-9,5,9,5,8,0,2023-02-27,2,1,0,242.0,153.0,3.0,,7.0,0.0289,7.0,0.0458,2.0,0.6667,247.75,170.5,5.5,0.187875,iqr_trimmed_quantiles,9.0,30.0,High
226,13,Cross River,2023,61,0,0.0,61,,45.53,26.924642857142857,79.84035714285714,1.470499999999999,0.6831650046049369,0,0,38.39250000000003,0,81.0772897042816,29.4651386798622,47.7155813553496,32.1314589229297,18.1372592328994,0.0,0,0,365,1522.0,35.0,1371.0,10-13,10,13,4,8,0,2023-03-27,3,1,0,397.0,242.0,593.0,,9.0,0.0227,7.0,0.0289,6.0,0.0101,346.25,202.85714285714286,7.25,0.026875,iqr_trimmed_quantiles,9.0,30.0,High
221,17,Cross River,2023,3,0,0.0,3,,55.96000000000001,27.279285714285713,83.1282142857143,-13.260000000000002,-0.8361684585617593,0,0,54.77250000000002,0,81.0772897042816,29.4651386798622,47.7155813553496,32.1314589229297,18.1372592328994,0.0,0,0,365,1522.0,35.0,1371.0,14-17,14,17,4,8,0,2023-04-24,4,2,1,61.0,397.0,153.0,31.0,0.0,0.0,9.0,0.0227,7.0,0.0458,213.25,185.125,5.75,0.02435,iqr_trimmed_quantiles,9.0,30.0,Low
165,4,Cross River,2024,9,0,0.0,9,,0.02,26.66714285714286,52.28142857142858,-0.638,-0.9016643399293628,0,0,0.0600000000000284,0,82.2488935172216,29.904599188308,47.9019370619136,32.2082592818415,17.9570129436897,0.0,0,0,365,1522.0,35.0,1371.0,4,4,4,1,8,0,2024-01-22,1,1,0,3.0,61.0,242.0,1.0,0.0,0.0,0.0,0.0,7.0,0.0289,175.75,181.625,4.0,0.0129,iqr_trimmed_quantiles,9.0,30.0,Medium
58,38,Cross River,2024,19,0,0.0,19,,10.93,25.762857142857143,86.57571428571428,-30.46,-0.7398868183937489,0,0,42.690000000000055,0,82.2488935172216,29.904599188308,47.9019370619136,32.2082592818415,17.9570129436897,0.0,0,0,365,1522.0,35.0,1371.0,38,38,38,1,8,33,2024-09-16,9,3,1,9.0,3.0,397.0,3.0,0.0,0.0,0.0,0.0,9.0,0.0227,117.5,182.625,2.25,0.005675,iqr_trimmed_quantiles,9.0,30.0,Medium
599,12,Delta,2021,427,22,0.0515,427,,255.91,26.603690476190476,86.65071428571429,5.303833333333334,0.3727087823679414,0,0,67.43,0,77.8385518833185,28.3555720870985,45.4491559568794,30.7931355307584,18.7432459114042,0.0,0,0,365,1059.0,43.0,874.0,1-12,1,12,12,9,0,2021-03-22,3,1,0,,,,,,,,,,,,,,,iqr_trimmed_quantiles,9.0,30.0,High
588,24,Delta,2021,156,10,0.0641,156,,878.79,26.432976190476193,91.74523809523811,18.404999999999998,0.33882240060400015,1,1,258.95750000000004,0,77.8385518833185,28.3555720870985,45.4491559568794,30.7931355307584,18.7432459114042,0.0,0,0,365,1059.0,43.0,874.0,13-24,13,24,12,9,0,2021-06-14,6,2,1,427.0,,,,22.0,0.0515,,,,,427.0,427.0,22.0,0.0515,iqr_trimmed_quantiles,9.0,30.0,High
182,47,Delta,2023,12,2,0.1667,12,,179.38,26.592857142857145,91.21357142857144,-0.39249999999999646,0.21540202204069944,1,0,185.255,0,81.0772897042816,29.4651386798622,47.7155813553496,32.1314589229297,18.1372592328994,0.0,0,0,365,1059.0,43.0,874.0,44-47,44,47,4,9,0,2023-11-20,11,4,0,156.0,427.0,,,10.0,0.0641,22.0,0.0515,,,291.5,291.5,16.0,0.057800000000000004,iqr_trimmed_quantiles,9.0,30.0,Medium
174,51,Delta,2023,3,2,0.6667,3,,18.27,26.620357142857145,84.02142857142857,-7.5625,-0.14875636752834948,0,0,52.56250000000001,0,81.0772897042816,29.4651386798622,47.7155813553496,32.1314589229297,18.1372592328994,0.0,0,0,365,1059.0,43.0,874.0,48-51,48,51,4,9,0,2023-12-18,12,4,0,12.0,156.0,,,2.0,0.1667,10.0,0.0641,,,198.33333333333334,198.33333333333334,11.333333333333334,0.0941,iqr_trimmed_quantiles,9.0,30.0,Low
59,38,Delta,2024,13,0,0.0,13,,48.0,25.87142857142857,90.75428571428571,-32.97200000000001,-1.031344698306793,0,0,209.40000000000003,0,82.2488935172216,29.904599188308,47.9019370619136,32.2082592818415,17.9570129436897,0.0,0,0,365,1059.0,43.0,874.0,38,38,38,1,9,0,2024-09-16,9,3,1,3.0,12.0,427.0,,2.0,0.6667,2.0,0.1667,22.0,0.0515,149.5,149.5,9.0,0.23725,iqr_trimmed_quantiles,9.0,30.0,Medium
8,4,Delta,2025,4,1,0.25,4,,0.52,26.761071428571427,83.87178571428572,-13.724499999999999,-0.7594023722291426,0,0,0.1725000000000284,0,82.2488935172216,29.904599188308,47.9019370619136,32.2082592818415,17.9570129436897,0.0,0,0,365,1059.0,43.0,874.0,1-4,1,4,4,9,0,2025-01-20,1,1,0,13.0,3.0,156.0,,0.0,0.0,2.0,0.6667,10.0,0.0641,46.0,122.2,3.5,0.224375,iqr_trimmed_quantiles,9.0,30.0,Low
26,5,Delta,2025,1,0,0.0,1,,1.67,27.232857142857146,84.43571428571428,0.2179999999999999,0.1506471417214371,0,0,2.1900000000000284,0,82.2488935172216,29.904599188308,47.9019370619136,32.2082592818415,17.9570129436897,0.0,0,0,365,1059.0,43.0,874.0,5,5,5,1,9,0,2025-01-27,1,1,0,4.0,13.0,12.0,,1.0,0.25,0.0,0.0,2.0,0.1667,8.0,102.5,1.25,0.27085,iqr_trimmed_quantiles,9.0,30.0,Low
36,9,Delta,2025,28,4,0.1429,28,,67.86,27.564999999999998,86.50357142857143,4.5,-0.02151638122996495,0,0,30.62500000000003,0,82.2488935172216,29.904599188308,47.9019370619136,32.2082592818415,17.9570129436897,0.0,0,0,365,1059.0,43.0,874.0,6-9,6,9,4,9,0,2025-02-24,2,1,0,1.0,4.0,3.0,,0.0,0.0,1.0,0.25,2.0,0.6667,5.25,88.0,0.75,0.229175,iqr_trimmed_quantiles,9.0,30.0,Medium
456,39,Ebonyi,2021,26,1,0.0385,26,,14.49,25.67,87.92857142857143,-7.450000000000001,-0.4453412448726249,0,0,95.67,0,77.8385518833185,28.3555720870985,45.4491559568794,30.7931355307584,18.7432459114042,0.0,0,0,365,1243.0,32.0,1103.0,39,39,39,1,10,0,2021-09-27,9,3,1,,,,,,,,,,,,,,,iqr_trimmed_quantiles,9.0,30.0,Medium
237,4,Ebonyi,2023,86,5,0.0581,86,,1.1,27.03392857142857,54.58928571428571,-0.5326666666666666,0.04272480458397815,0,0,0.7025000000000284,0,81.0772897042816,29.4651386798622,47.7155813553496,32.1314589229297,18.1372592328994,0.0,0,0,365,1243.0,32.0,1103.0,1-4,1,4,4,10,0,2023-01-23,1,1,0,26.0,,,,1.0,0.0385,,,,,26.0,26.0,1.0,0.0385,iqr_trimmed_quantiles,9.0,30.0,High
232,9,Ebonyi,2023,11,1,0.0909,11,,12.3,28.37057142857143,57.518571428571434,1.0547999999999997,0.874463670607593,0,0,5.198000000000028,0,81.0772897042816,29.4651386798622,47.7155813553496,32.1314589229297,18.1372592328994,0.0,0,0,365,1243.0,32.0,1103.0,5-9,5,9,5,10,0,2023-02-27,2,1,0,86.0,26.0,,,5.0,0.0581,1.0,0.0385,,,56.0,56.0,3.0,0.048299999999999996,iqr_trimmed_quantiles,9.0,30.0,Medium
227,13,Ebonyi,2023,2,1,0.5,2,,25.069999999999997,28.054642857142852,73.19142857142857,0.24099999999999988,0.5117927021668187,0,0,23.432500000000026,0,81.0772897042816,29.4651386798622,47.7155813553496,32.1314589229297,18.1372592328994,0.0,0,0,365,1243.0,32.0,1103.0,10-13,10,13,4,10,0,2023-03-27,3,1,0,11.0,86.0,,,1.0,0.0909,5.0,0.0581,,,41.0,41.0,2.3333333333333335,0.0625,iqr_trimmed_quantiles,9.0,30.0,Low
166,52,Ebonyi,2023,9,0,0.0,9,,0.0,28.46,38.69571428571429,-1.124,-0.4614438788275835,0,0,0.3100000000000285,0,81.0772897042816,29.4651386798622,47.7155813553496,32.1314589229297,18.1372592328994,0.0,0,0,365,1243.0,32.0,1103.0,52,52,52,1,10,38,2023-12-25,12,4,0,2.0,11.0,26.0,,1.0,0.5,1.0,0.0909,1.0,0.0385,31.25,31.25,2.0,0.171875,iqr_trimmed_quantiles,9.0,30.0,Medium
133,27,Ebonyi,2024,6,1,0.1667,6,,28.91,25.96,88.02142857142857,-9.336000000000002,-0.6696241540349966,0,0,248.80000000000007,0,82.2488935172216,29.904599188308,47.9019370619136,32.2082592818415,17.9570129436897,0.0,0,0,365,1243.0,32.0,1103.0,27,27,27,1,10,0,2024-07-01,7,3,1,9.0,2.0,86.0,,0.0,0.0,1.0,0.5,5.0,0.0581,27.0,26.8,1.75,0.16225,iqr_trimmed_quantiles,9.0,30.0,Low
50,39,Ebonyi,2024,30,12,0.4,30,,23.29,26.12857142857143,84.63571428571429,1.349999999999998,0.0806994202118178,0,0,64.18000000000002,0,82.2488935172216,29.904599188308,47.9019370619136,32.2082592818415,17.9570129436897,0.0,0,0,365,1243.0,32.0,1103.0,39,39,39,1,10,11,2024-09-23,9,3,1,6.0,9.0,11.0,,1.0,0.1667,0.0,0.0,1.0,0.0909,7.0,23.333333333333332,0.75,0.18939999999999999,iqr_trimmed_quantiles,9.0,30.0,High
178,51,Edo,2023,1,0,0.0,1,,10.059999999999999,25.93285714285714,80.91892857142857,-3.148,-0.21524261984098436,0,0,39.62749999999998,0,81.0772897042816,29.4651386798622,47.7155813553496,32.1314589229297,18.1372592328994,0.0,0,0,365,1069.0,31.0,928.0,48-51,48,51,4,11,0,2023-12-18,12,4,0,,,,,,,,,,,,,,,iqr_trimmed_quantiles,9.0,30.0,Low
91,34,Edo,2024,11,0,0.0,11,,69.19,25.08,91.91428571428573,19.315999999999995,0.5428448236935565,0,0,104.65999999999995,0,82.2488935172216,29.904599188308,47.9019370619136,32.2082592818415,17.9570129436897,0.0,0,0,365,1069.0,31.0,928.0,34,34,34,1,11,0,2024-08-19,8,3,1,1.0,,,,0.0,0.0,,,,,1.0,1.0,0.0,0.0,iqr_trimmed_quantiles,9.0,30.0,Medium
357,51,Ekiti,2021,1,0,0.0,1,,0.66,22.882857142857144,78.29857142857144,-0.374,-0.1904231568638975,0,0,270.2,0,77.8385518833185,28.3555720870985,45.4491559568794,30.7931355307584,18.7432459114042,0.0,0,0,365,772.0,33.0,663.0,51,51,51,1,12,0,2021-12-20,12,4,0,,,,,,,,,,,,,,,iqr_trimmed_quantiles,9.0,30.0,Low
297,30,Ekiti,2022,1,0,0.0,1,,197.19000000000003,23.599285714285713,91.30892857142857,-4.107000000000001,-0.013000378518287087,0,0,207.28000000000003,0,79.457946920672,28.9123382327651,46.5706755484283,31.4553515414556,18.4410066468131,0.0,0,0,365,772.0,33.0,663.0,27-30,27,30,4,12,0,2022-07-25,7,3,1,1.0,,,,0.0,0.0,,,,,1.0,1.0,0.0,0.0,iqr_trimmed_quantiles,9.0,30.0,Low
281,35,Ekiti,2022,1,0,0.0,1,,272.69,23.277428571428572,90.85342857142857,-1.4355999999999973,0.004650654564347034,0,0,201.57800000000003,0,79.457946920672,28.9123382327651,46.5706755484283,31.4553515414556,18.4410066468131,0.0,0,0,365,772.0,33.0,663.0,31-35,31,35,5,12,0,2022-08-29,8,3,1,1.0,1.0,,,0.0,0.0,0.0,0.0,,,1.0,1.0,0.0,0.0,iqr_trimmed_quantiles,9.0,30.0,Low
60,38,Ekiti,2024,1,0,0.0,1,,43.17,24.52857142857143,89.11714285714285,-30.245999999999995,-1.089163450803135,0,0,213.69999999999996,0,82.2488935172216,29.904599188308,47.9019370619136,32.2082592818415,17.9570129436897,0.0,0,0,365,772.0,33.0,663.0,38,38,38,1,12,0,2024-09-16,9,3,1,1.0,1.0,,,0.0,0.0,0.0,0.0,,,1.0,1.0,0.0,0.0,iqr_trimmed_quantiles,9.0,30.0,Low
9,4,Ekiti,2025,7,0,0.0,7,,0.32,24.973928571428573,70.45571428571428,-4.99975,-0.5719395750305747,0,0,0.10249999999997156,0,82.2488935172216,29.904599188308,47.9019370619136,32.2082592818415,17.9570129436897,0.0,0,0,365,772.0,33.0,663.0,1-4,1,4,4,12,0,2025-01-20,1,1,0,1.0,1.0,1.0,,0.0,0.0,0.0,0.0,0.0,0.0,1.0,1.0,0.0,0.0,iqr_trimmed_quantiles,9.0,30.0,Low
37,9,Ekiti,2025,1,0,0.0,1,,28.24,26.38107142857143,78.10035714285713,-8.643,-0.4180186866329867,0,0,11.899999999999944,0,82.2488935172216,29.904599188308,47.9019370619136,32.2082592818415,17.9570129436897,0.0,0,0,365,772.0,33.0,663.0,6-9,6,9,4,12,1,2025-02-24,2,1,0,7.0,1.0,1.0,,0.0,0.0,0.0,0.0,0.0,0.0,2.5,2.2,0.0,0.0,iqr_trimmed_quantiles,9.0,30.0,Low
565,29,Enugu,2021,30,0,0.0,30,,10.08,25.125714285714285,86.88142857142857,-36.412,-0.7010720717799457,0,0,128.02,0,77.8385518833185,28.3555720870985,45.4491559568794,30.7931355307584,18.7432459114042,0.0,0,0,365,1457.0,49.0,1214.0,29,29,29,1,13,0,2021-07-19,7,3,1,,,,,,,,,,,,,,,iqr_trimmed_quantiles,9.0,30.0,High
10,4,Enugu,2025,1,0,0.0,1,,0.5099999999999999,27.7175,52.08464285714286,-1.3539166666666669,-0.551096485489429,0,0,0.2250000000000284,0,82.2488935172216,29.904599188308,47.9019370619136,32.2082592818415,17.9570129436897,0.0,0,0,365,1457.0,49.0,1214.0,1-4,1,4,4,13,0,2025-01-20,1,1,0,30.0,,,,0.0,0.0,,,,,30.0,30.0,0.0,0.0,iqr_trimmed_quantiles,9.0,30.0,Low
27,5,Enugu,2025,2,0,0.0,2,,0.01,27.89428571428571,46.48571428571428,-0.366,-0.5282865023919553,0,0,0.5100000000000283,0,82.2488935172216,29.904599188308,47.9019370619136,32.2082592818415,17.9570129436897,0.0,0,0,365,1457.0,49.0,1214.0,5,5,5,1,13,0,2025-01-27,1,1,0,1.0,30.0,,,0.0,0.0,0.0,0.0,,,15.5,15.5,0.0,0.0,iqr_trimmed_quantiles,9.0,30.0,Low
575,27,FCT,2021,13,0,0.0,13,,22.15,24.004285714285714,87.46571428571428,-12.846000000000004,-0.5141086281895539,0,0,215.79,0,77.8385518833185,28.3555720870985,45.4491559568794,30.7931355307584,18.7432459114042,0.0,0,0,365,1464.0,22.0,1367.0,27,27,27,1,14,0,2021-07-05,7,3,1,,,,,,,,,,,,,,,iqr_trimmed_quantiles,9.0,30.0,Medium
556,30,FCT,2021,64,2,0.0313,64,,36.7,23.75857142857143,88.25142857142858,-16.774,-0.8389157549306383,0,0,171.85,0,77.8385518833185,28.3555720870985,45.4491559568794,30.7931355307584,18.7432459114042,0.0,0,0,365,1464.0,22.0,1367.0,30,30,30,1,14,2,2021-07-26,7,3,1,13.0,,,,0.0,0.0,,,,,13.0,13.0,0.0,0.0,iqr_trimmed_quantiles,9.0,30.0,High
548,32,FCT,2021,3,0,0.0,3,,73.59,23.775714285714287,89.08142857142857,23.548,0.7786454984715585,1,0,333.76,0,77.8385518833185,28.3555720870985,45.4491559568794,30.7931355307584,18.7432459114042,0.0,0,0,365,1464.0,22.0,1367.0,32,32,32,1,14,1,2021-08-09,8,3,1,64.0,13.0,,,2.0,0.0313,0.0,0.0,,,38.5,38.5,1.0,0.01565,iqr_trimmed_quantiles,9.0,30.0,Low
535,33,FCT,2021,11,0,0.0,11,,44.54,23.74428571428572,88.58000000000001,3.1439999999999984,0.1864077208135432,0,0,294.73,0,77.8385518833185,28.3555720870985,45.4491559568794,30.7931355307584,18.7432459114042,0.0,0,0,365,1464.0,22.0,1367.0,33,33,33,1,14,0,2021-08-16,8,3,1,3.0,64.0,,,0.0,0.0,2.0,0.0313,,,26.666666666666668,26.666666666666668,0.6666666666666666,0.010433333333333334,iqr_trimmed_quantiles,9.0,30.0,Medium
520,34,FCT,2021,18,0,0.0,18,,64.11,24.41,88.07428571428571,-6.220000000000013,-0.1163714386549012,1,0,322.14,0,77.8385518833185,28.3555720870985,45.4491559568794,30.7931355307584,18.7432459114042,0.0,0,0,365,1464.0,22.0,1367.0,34,34,34,1,14,0,2021-08-23,8,3,1,11.0,3.0,13.0,,0.0,0.0,0.0,0.0,0.0,0.0,22.75,22.75,0.5,0.007825,iqr_trimmed_quantiles,9.0,30.0,Medium
138,26,FCT,2024,1,0,0.0,1,,35.78,26.124285714285715,82.24571428571429,-6.635999999999996,-0.2423269461781494,0,0,114.15,0,82.2488935172216,29.904599188308,47.9019370619136,32.2082592818415,17.9570129436897,0.0,0,0,365,1464.0,22.0,1367.0,26,26,26,1,14,0,2024-06-24,6,2,1,18.0,11.0,64.0,,0.0,0.0,0.0,0.0,2.0,0.0313,24.0,21.8,0.5,0.007825,iqr_trimmed_quantiles,9.0,30.0,Low
125,28,FCT,2024,1,0,0.0,1,,20.45,25.458571428571428,82.97714285714287,-2.862000000000002,-0.4227270322362595,0,0,101.66,0,82.2488935172216,29.904599188308,47.9019370619136,32.2082592818415,17.9570129436897,0.0,0,0,365,1464.0,22.0,1367.0,28,28,28,1,14,1,2024-07-08,7,3,1,1.0,18.0,3.0,,0.0,0.0,0.0,0.0,0.0,0.0,8.25,18.333333333333332,0.0,0.0,iqr_trimmed_quantiles,9.0,30.0,Low
61,38,FCT,2024,3,3,1.0,3,,21.79,24.978571428571428,86.44428571428571,-16.386000000000003,-0.7760127965251239,0,0,122.32999999999998,0,82.2488935172216,29.904599188308,47.9019370619136,32.2082592818415,17.9570129436897,0.0,0,0,365,1464.0,22.0,1367.0,38,38,38,1,14,9,2024-09-16,9,3,1,1.0,1.0,11.0,,0.0,0.0,0.0,0.0,0.0,0.0,7.75,15.857142857142858,0.0,0.0,iqr_trimmed_quantiles,9.0,30.0,Low
600,12,Gombe,2021,128,0,0.0,128,,14.74,26.507976190476196,26.52297619047619,-0.14558333333333334,0.045394572909120585,0,0,3.776666666666667,0,77.8385518833185,28.3555720870985,45.4491559568794,30.7931355307584,18.7432459114042,0.0,0,0,365,897.0,10.0,770.0,1-12,1,12,12,15,0,2021-03-22,3,1,0,,,,,,,,,,,,,,,iqr_trimmed_quantiles,9.0,30.0,High
587,24,Gombe,2021,62,1,0.0161,62,,409.36,29.45142857142857,56.62535714285713,-8.094333333333338,0.04027987096947327,1,0,107.77583333333332,0,77.8385518833185,28.3555720870985,45.4491559568794,30.7931355307584,18.7432459114042,0.0,0,0,365,897.0,10.0,770.0,13-24,13,24,12,15,0,2021-06-14,6,2,1,128.0,,,,0.0,0.0,,,,,128.0,128.0,0.0,0.0,iqr_trimmed_quantiles,9.0,30.0,High
523,34,Gombe,2021,21,0,0.0,21,,113.7,25.504285714285714,85.65857142857143,3.3899999999999864,0.0388195726056787,1,0,361.9500000000001,0,77.8385518833185,28.3555720870985,45.4491559568794,30.7931355307584,18.7432459114042,0.0,0,0,365,897.0,10.0,770.0,34,34,34,1,15,9,2021-08-23,8,3,1,62.0,128.0,,,1.0,0.0161,0.0,0.0,,,95.0,95.0,0.5,0.00805,iqr_trimmed_quantiles,9.0,30.0,Medium
501,35,Gombe,2021,8,0,0.0,8,,6.529999999999999,24.897142857142857,87.78999999999999,-19.230000000000004,-0.805357556659705,0,0,282.18,0,77.8385518833185,28.3555720870985,45.4491559568794,30.7931355307584,18.7432459114042,0.0,0,0,365,897.0,10.0,770.0,35,35,35,1,15,0,2021-08-30,8,3,1,21.0,62.0,,,0.0,0.0,1.0,0.0161,,,70.33333333333333,70.33333333333333,0.3333333333333333,0.005366666666666666,iqr_trimmed_quantiles,9.0,30.0,Low
489,36,Gombe,2021,34,2,0.0588,34,,79.85,25.102857142857143,86.25428571428571,7.923999999999992,0.2609013993722827,0,0,250.59,0,77.8385518833185,28.3555720870985,45.4491559568794,30.7931355307584,18.7432459114042,0.0,0,0,365,897.0,10.0,770.0,36,36,36,1,15,0,2021-09-06,9,3,1,8.0,21.0,128.0,,0.0,0.0,0.0,0.0,0.0,0.0,54.75,54.75,0.25,0.004025,iqr_trimmed_quantiles,9.0,30.0,High
480,37,Gombe,2021,22,0,0.0,22,,206.56,24.93,88.50857142857141,130.98000000000002,1.785741911820454,1,1,406.64,0,77.8385518833185,28.3555720870985,45.4491559568794,30.7931355307584,18.7432459114042,0.0,0,0,365,897.0,10.0,770.0,37,37,37,1,15,0,2021-09-13,9,3,1,34.0,8.0,62.0,,2.0,0.0588,0.0,0.0,1.0,0.0161,31.25,50.6,0.75,0.018725,iqr_trimmed_quantiles,9.0,30.0,Medium
453,39,Gombe,2021,5,0,0.0,5,,59.44,26.24571428571429,82.46857142857142,21.616,1.577772685432107,0,0,481.18,0,77.8385518833185,28.3555720870985,45.4491559568794,30.7931355307584,18.7432459114042,0.0,0,0,365,897.0,10.0,770.0,39,39,39,1,15,1,2021-09-27,9,3,1,22.0,34.0,21.0,,0.0,0.0,2.0,0.0588,0.0,0.0,21.25,45.833333333333336,0.5,0.0147,iqr_trimmed_quantiles,9.0,30.0,Low
443,40,Gombe,2021,70,0,0.0,70,,91.0,26.404285714285717,76.35714285714286,43.516000000000005,1.299141808798532,1,0,492.33,0,77.8385518833185,28.3555720870985,45.4491559568794,30.7931355307584,18.7432459114042,0.0,0,0,365,897.0,10.0,770.0,40,40,40,1,15,0,2021-10-04,10,4,1,5.0,22.0,8.0,,0.0,0.0,0.0,0.0,0.0,0.0,17.25,40.0,0.5,0.014700000000000001,iqr_trimmed_quantiles,9.0,30.0,High
431,42,Gombe,2021,6,0,0.0,6,,29.23,25.587142857142855,84.74428571428572,17.701999999999998,1.5688477873059994,0,0,210.55,0,77.8385518833185,28.3555720870985,45.4491559568794,30.7931355307584,18.7432459114042,0.0,0,0,365,897.0,10.0,770.0,42,42,42,1,15,1,2021-10-18,10,4,1,70.0,5.0,34.0,128.0,0.0,0.0,0.0,0.0,2.0,0.0588,32.75,43.75,0.5,0.014700000000000001,iqr_trimmed_quantiles,9.0,30.0,Low
421,43,Gombe,2021,1,0,0.0,1,,8.61,24.97714285714286,73.72142857142856,6.884,1.7888528720841093,0,0,159.72,0,77.8385518833185,28.3555720870985,45.4491559568794,30.7931355307584,18.7432459114042,0.0,0,0,365,897.0,10.0,770.0,43,43,43,1,15,0,2021-10-25,10,4,1,6.0,70.0,22.0,62.0,0.0,0.0,0.0,0.0,0.0,0.0,25.75,28.5,0.0,0.0,iqr_trimmed_quantiles,9.0,30.0,Low
403,45,Gombe,2021,30,0,0.0,30,,13.84,23.888571428571428,64.96142857142857,11.07,1.7888539440737188,0,0,96.83,0,77.8385518833185,28.3555720870985,45.4491559568794,30.7931355307584,18.7432459114042,0.0,0,0,365,897.0,10.0,770.0,45,45,45,1,15,1,2021-11-08,11,4,0,1.0,6.0,5.0,21.0,0.0,0.0,0.0,0.0,0.0,0.0,20.5,20.875,0.0,0.0,iqr_trimmed_quantiles,9.0,30.0,High
389,47,Gombe,2021,1,0,0.0,1,,0.0,22.055714285714284,64.19428571428571,0.0,0.0,0,0,59.67000000000001,0,77.8385518833185,28.3555720870985,45.4491559568794,30.7931355307584,18.7432459114042,0.0,0,0,365,897.0,10.0,770.0,47,47,47,1,15,1,2021-11-22,11,4,0,30.0,1.0,70.0,8.0,0.0,0.0,0.0,0.0,0.0,0.0,26.75,22.0,0.0,0.0,iqr_trimmed_quantiles,9.0,30.0,Low
379,48,Gombe,2021,8,1,0.125,8,,0.0,21.464285714285715,60.38142857142857,0.0,0.0,0,0,14.52,0,77.8385518833185,28.3555720870985,45.4491559568794,30.7931355307584,18.7432459114042,0.0,0,0,365,897.0,10.0,770.0,48,48,48,1,15,0,2021-11-29,11,4,0,1.0,30.0,6.0,34.0,0.0,0.0,0.0,0.0,0.0,0.0,9.5,21.125,0.0,0.0,iqr_trimmed_quantiles,9.0,30.0,Low
370,49,Gombe,2021,2,0,0.0,2,,0.0,21.72142857142857,56.53142857142858,0.0,0.0,0,0,0.68,0,77.8385518833185,28.3555720870985,45.4491559568794,30.7931355307584,18.7432459114042,0.0,0,0,365,897.0,10.0,770.0,49,49,49,1,15,0,2021-12-06,12,4,0,8.0,1.0,1.0,22.0,1.0,0.125,0.0,0.0,0.0,0.0,10.0,17.875,0.25,0.03125,iqr_trimmed_quantiles,9.0,30.0,Low
360,50,Gombe,2021,2,0,0.0,2,,0.0,19.874285714285715,55.99714285714286,0.0,0.0,0,0,0.0,0,77.8385518833185,28.3555720870985,45.4491559568794,30.7931355307584,18.7432459114042,0.0,0,0,365,897.0,10.0,770.0,50,50,50,1,15,0,2021-12-13,12,4,0,2.0,8.0,30.0,5.0,0.0,0.0,1.0,0.125,0.0,0.0,10.25,15.375,0.25,0.03125,iqr_trimmed_quantiles,9.0,30.0,Low
347,52,Gombe,2021,16,0,0.0,16,,4.069999999999999,20.647142857142857,49.96428571428572,3.256,1.7888543819998317,0,0,4.079999999999999,0,77.8385518833185,28.3555720870985,45.4491559568794,30.7931355307584,18.7432459114042,0.0,0,0,365,897.0,10.0,770.0,52,52,52,1,15,1,2021-12-27,12,4,0,2.0,2.0,1.0,70.0,0.0,0.0,0.0,0.0,0.0,0.0,3.25,15.0,0.25,0.03125,iqr_trimmed_quantiles,9.0,30.0,Medium
322,21,Gombe,2022,1,0,0.0,1,,803.95,26.670714285714283,80.18642857142856,143.1055,1.1590830456646481,1,1,652.5525,0,79.457946920672,28.9123382327651,46.5706755484283,31.4553515414556,18.4410066468131,0.0,0,0,365,897.0,10.0,770.0,18-21,18,21,4,15,0,2022-05-23,5,2,1,16.0,2.0,8.0,6.0,0.0,0.0,0.0,0.0,1.0,0.125,7.0,8.25,0.25,0.03125,iqr_trimmed_quantiles,9.0,30.0,Low
312,26,Gombe,2022,3,0,0.0,3,,477.38,25.802857142857146,83.39428571428572,43.2812,0.8639301323071609,1,1,580.372,0,79.457946920672,28.9123382327651,46.5706755484283,31.4553515414556,18.4410066468131,0.0,0,0,365,897.0,10.0,770.0,22-26,22,26,5,15,0,2022-06-27,6,2,1,1.0,16.0,2.0,1.0,0.0,0.0,0.0,0.0,0.0,0.0,5.25,7.625,0.0,0.0,iqr_trimmed_quantiles,9.0,30.0,Low
298,30,Gombe,2022,3,0,0.0,3,,213.32999999999998,24.947142857142858,86.67250000000001,-28.3525,-0.31123453050456873,0,0,290.355,0,79.457946920672,28.9123382327651,46.5706755484283,31.4553515414556,18.4410066468131,0.0,0,0,365,897.0,10.0,770.0,27-30,27,30,4,15,0,2022-07-25,7,3,1,3.0,1.0,2.0,30.0,0.0,0.0,0.0,0.0,0.0,0.0,5.5,7.875,0.0,0.0,iqr_trimmed_quantiles,9.0,30.0,Low
279,35,Gombe,2022,133,0,0.0,133,,258.89,24.24885714285714,87.66342857142857,-9.057200000000003,0.019040942242610583,1,0,231.24200000000002,0,79.457946920672,28.9123382327651,46.5706755484283,31.4553515414556,18.4410066468131,0.0,0,0,365,897.0,10.0,770.0,31-35,31,35,5,15,0,2022-08-29,8,3,1,3.0,3.0,16.0,1.0,0.0,0.0,0.0,0.0,0.0,0.0,5.75,4.5,0.0,0.0,iqr_trimmed_quantiles,9.0,30.0,High
282,35,Gombe,2022,3,0,0.0,3,,258.89,24.24885714285714,87.66342857142857,-9.057200000000003,0.019040942242610583,1,0,231.24200000000002,0,79.457946920672,28.9123382327651,46.5706755484283,31.4553515414556,18.4410066468131,0.0,0,0,365,897.0,10.0,770.0,31-35,31,35,5,15,0,2022-08-29,8,3,1,133.0,3.0,1.0,8.0,0.0,0.0,0.0,0.0,0.0,0.0,35.0,21.0,0.0,0.0,iqr_trimmed_quantiles,9.0,30.0,Low
269,39,Gombe,2022,317,9,0.0284,317,,211.82999999999998,24.905,85.95678571428572,-8.646499999999998,-0.13708414253210338,1,1,220.12000000000003,0,79.457946920672,28.9123382327651,46.5706755484283,31.4553515414556,18.4410066468131,0.0,0,0,365,897.0,10.0,770.0,36-39,36,39,4,15,0,2022-09-26,9,3,1,3.0,133.0,3.0,2.0,0.0,0.0,0.0,0.0,0.0,0.0,35.5,20.375,0.0,0.0,iqr_trimmed_quantiles,9.0,30.0,High
262,43,Gombe,2022,93,10,0.1075,93,,28.94,24.815357142857145,76.14357142857142,-11.613,-0.6226182849772686,0,0,65.4,0,79.457946920672,28.9123382327651,46.5706755484283,31.4553515414556,18.4410066468131,0.0,0,0,365,897.0,10.0,770.0,40-43,40,43,4,15,0,2022-10-24,10,4,1,317.0,3.0,3.0,2.0,9.0,0.0284,0.0,0.0,0.0,0.0,114.0,59.75,2.25,0.0071,iqr_trimmed_quantiles,9.0,30.0,High
255,47,Gombe,2022,165,8,0.0485,165,,0.01,22.957857142857144,57.89357142857143,-3.0155,-0.40618615256102364,0,0,4.352500000000001,0,79.457946920672,28.9123382327651,46.5706755484283,31.4553515414556,18.4410066468131,0.0,0,0,365,897.0,10.0,770.0,44-47,44,47,4,15,0,2022-11-21,11,4,0,93.0,317.0,133.0,16.0,10.0,0.1075,9.0,0.0284,0.0,0.0,136.5,71.125,4.75,0.033975,iqr_trimmed_quantiles,9.0,30.0,High
201,30,Gombe,2023,5,0,0.0,5,,39.78,27.416785714285716,71.92392857142858,-71.74,-0.9570518238797079,0,0,52.115,0,81.0772897042816,29.4651386798622,47.7155813553496,32.1314589229297,18.1372592328994,0.0,0,0,365,897.0,10.0,770.0,27-30,27,30,4,15,0,2023-07-24,7,3,1,165.0,93.0,3.0,1.0,8.0,0.0485,10.0,0.1075,0.0,0.0,144.5,89.75,6.75,0.0461,iqr_trimmed_quantiles,9.0,30.0,Low
195,34,Gombe,2023,1,1,1.0,1,,177.10000000000002,26.314642857142857,78.60249999999999,-25.329000000000004,-0.632560551371189,0,0,111.465,0,81.0772897042816,29.4651386798622,47.7155813553496,32.1314589229297,18.1372592328994,0.0,0,0,365,897.0,10.0,770.0,31-34,31,34,4,15,0,2023-08-21,8,3,1,5.0,165.0,317.0,3.0,0.0,0.0,8.0,0.0485,9.0,0.0284,145.0,90.25,6.75,0.0461,iqr_trimmed_quantiles,9.0,30.0,Low
84,35,Gombe,2024,1,0,0.0,1,,43.5,24.77857142857143,88.68999999999998,17.74,0.7429559571057287,0,0,386.29,0,82.2488935172216,29.904599188308,47.9019370619136,32.2082592818415,17.9570129436897,0.0,0,0,365,897.0,10.0,770.0,35,35,35,1,15,0,2024-08-26,8,3,1,1.0,5.0,93.0,3.0,1.0,1.0,0.0,0.0,10.0,0.1075,66.0,90.0,4.75,0.289,iqr_trimmed_quantiles,9.0,30.0,Low
11,4,Gombe,2025,10,0,0.0,10,,0.0,24.025357142857146,31.969285714285718,-0.00125,-0.10206207261596577,0,0,0.0,0,82.2488935172216,29.904599188308,47.9019370619136,32.2082592818415,17.9570129436897,0.0,0,0,365,897.0,10.0,770.0,1-4,1,4,4,15,0,2025-01-20,1,1,0,1.0,1.0,165.0,133.0,0.0,0.0,1.0,1.0,8.0,0.0485,43.0,89.75,2.25,0.26212500000000005,iqr_trimmed_quantiles,9.0,30.0,Medium
323,21,Imo,2022,3,0,0.0,3,,159.22000000000003,26.551785714285714,88.44178571428571,-0.4044999999999971,0.06692497656199163,0,0,169.10499999999996,0,79.457946920672,28.9123382327651,46.5706755484283,31.4553515414556,18.4410066468131,0.0,0,0,365,1779.0,56.0,1518.0,18-21,18,21,4,16,0,2022-05-23,5,2,1,,,,,,,,,,,,,,,iqr_trimmed_quantiles,9.0,30.0,Low
126,28,Imo,2024,1,0,0.0,1,,31.39,25.502857142857145,90.82142857142856,-13.864000000000004,-0.4122456938812556,0,0,233.47000000000003,0,82.2488935172216,29.904599188308,47.9019370619136,32.2082592818415,17.9570129436897,0.0,0,0,365,1779.0,56.0,1518.0,28,28,28,1,16,0,2024-07-08,7,3,1,3.0,,,,0.0,0.0,,,,,3.0,3.0,0.0,0.0,iqr_trimmed_quantiles,9.0,30.0,Low
62,38,Imo,2024,4,0,0.0,4,,117.93,26.11142857142857,89.48571428571428,32.382000000000005,1.4162423391144288,1,1,281.36,0,82.2488935172216,29.904599188308,47.9019370619136,32.2082592818415,17.9570129436897,0.0,0,0,365,1779.0,56.0,1518.0,38,38,38,1,16,9,2024-09-16,9,3,1,1.0,3.0,,,0.0,0.0,0.0,0.0,,,2.0,2.0,0.0,0.0,iqr_trimmed_quantiles,9.0,30.0,Low
12,4,Imo,2025,1,0,0.0,1,,0.5900000000000001,26.07714285714286,78.89214285714286,-8.038,-0.7268499001018545,0,0,0.3875,0,82.2488935172216,29.904599188308,47.9019370619136,32.2082592818415,17.9570129436897,0.0,0,0,365,1779.0,56.0,1518.0,1-4,1,4,4,16,0,2025-01-20,1,1,0,4.0,1.0,,,0.0,0.0,0.0,0.0,,,2.6666666666666665,2.6666666666666665,0.0,0.0,iqr_trimmed_quantiles,9.0,30.0,Low
38,9,Imo,2025,7,0,0.0,7,,33.620000000000005,27.40714285714286,82.6832142857143,2.1525,-0.10922270485866378,0,0,14.25,0,82.2488935172216,29.904599188308,47.9019370619136,32.2082592818415,17.9570129436897,0.0,0,0,365,1779.0,56.0,1518.0,6-9,6,9,4,16,1,2025-02-24,2,1,0,1.0,4.0,3.0,,0.0,0.0,0.0,0.0,0.0,0.0,2.25,2.25,0.0,0.0,iqr_trimmed_quantiles,9.0,30.0,Low
576,27,Jigawa,2021,99,4,0.0404,99,,40.71,26.97142857142857,73.14285714285714,13.936,1.3076100753888356,0,0,222.87,0,77.8385518833185,28.3555720870985,45.4491559568794,30.7931355307584,18.7432459114042,0.0,0,0,365,904.0,2.0,688.0,27,27,27,1,17,0,2021-07-05,7,3,1,,,,,,,,,,,,,,,iqr_trimmed_quantiles,9.0,30.0,High
562,29,Jigawa,2021,201,4,0.0199,201,,239.12,25.62142857142857,85.50428571428571,104.402,0.6025652570580323,1,1,590.02,0,77.8385518833185,28.3555720870985,45.4491559568794,30.7931355307584,18.7432459114042,0.0,0,0,365,904.0,2.0,688.0,29,29,29,1,17,1,2021-07-19,7,3,1,99.0,,,,4.0,0.0404,,,,,99.0,99.0,4.0,0.0404,iqr_trimmed_quantiles,9.0,30.0,High
557,30,Jigawa,2021,13,1,0.0769,13,,70.47,24.798571428571428,87.89571428571428,35.292,1.3512102691164356,1,1,632.7900000000001,0,77.8385518833185,28.3555720870985,45.4491559568794,30.7931355307584,18.7432459114042,0.0,0,0,365,904.0,2.0,688.0,30,30,30,1,17,0,2021-07-26,7,3,1,201.0,99.0,,,4.0,0.0199,4.0,0.0404,,,150.0,150.0,4.0,0.03015,iqr_trimmed_quantiles,9.0,30.0,Medium
541,32,Jigawa,2021,714,17,0.0238,714,,257.02,25.04142857142857,85.26714285714286,188.414,1.7850081143039231,1,1,669.31,0,77.8385518833185,28.3555720870985,45.4491559568794,30.7931355307584,18.7432459114042,0.0,0,0,365,904.0,2.0,688.0,32,32,32,1,17,1,2021-08-09,8,3,1,13.0,201.0,,,1.0,0.0769,4.0,0.0199,,,104.33333333333333,104.33333333333333,3.0,0.04573333333333333,iqr_trimmed_quantiles,9.0,30.0,High
528,33,Jigawa,2021,187,4,0.0214,187,,24.56,24.92,85.83142857142856,-18.184,-0.813844069926651,0,0,454.75,0,77.8385518833185,28.3555720870985,45.4491559568794,30.7931355307584,18.7432459114042,0.0,0,0,365,904.0,2.0,688.0,33,33,33,1,17,0,2021-08-16,8,3,1,714.0,13.0,99.0,,17.0,0.0238,1.0,0.0769,4.0,0.0404,256.75,256.75,6.5,0.040249999999999994,iqr_trimmed_quantiles,9.0,30.0,High
512,34,Jigawa,2021,1,0,0.0,1,,86.54,26.085714285714285,82.13857142857144,47.282,1.3931989016382833,1,1,470.82,0,77.8385518833185,28.3555720870985,45.4491559568794,30.7931355307584,18.7432459114042,0.0,0,0,365,904.0,2.0,688.0,34,34,34,1,17,0,2021-08-23,8,3,1,187.0,714.0,201.0,,4.0,0.0214,17.0,0.0238,4.0,0.0199,278.75,242.8,6.5,0.0355,iqr_trimmed_quantiles,9.0,30.0,Low
490,36,Jigawa,2021,95,2,0.0211,95,,128.17000000000002,25.728571428571428,83.98142857142857,45.956,0.7751100742609056,1,1,262.11,0,77.8385518833185,28.3555720870985,45.4491559568794,30.7931355307584,18.7432459114042,0.0,0,0,365,904.0,2.0,688.0,36,36,36,1,17,1,2021-09-06,9,3,1,1.0,187.0,13.0,,0.0,0.0,4.0,0.0214,1.0,0.0769,228.75,202.5,5.5,0.030525,iqr_trimmed_quantiles,9.0,30.0,High
472,37,Jigawa,2021,22,6,0.2727,22,,67.51,25.732857142857146,85.6557142857143,32.576,1.552864472071397,1,0,305.06,0,77.8385518833185,28.3555720870985,45.4491559568794,30.7931355307584,18.7432459114042,0.0,0,0,365,904.0,2.0,688.0,37,37,37,1,17,0,2021-09-13,9,3,1,95.0,1.0,714.0,,2.0,0.0211,0.0,0.0,17.0,0.0238,249.25,187.14285714285714,5.75,0.016575,iqr_trimmed_quantiles,9.0,30.0,Medium
299,30,Jigawa,2022,4,0,0.0,4,,107.1,27.156785714285714,71.32892857142858,-42.157000000000004,-0.575020063696678,1,0,120.33000000000001,0,79.457946920672,28.9123382327651,46.5706755484283,31.4553515414556,18.4410066468131,0.0,0,0,365,904.0,2.0,688.0,27-30,27,30,4,17,0,2022-07-25,7,3,1,22.0,95.0,187.0,99.0,6.0,0.2727,2.0,0.0211,4.0,0.0214,76.25,166.5,3.0,0.0788,iqr_trimmed_quantiles,9.0,30.0,Low
278,35,Jigawa,2022,247,1,0.004,247,,184.78,25.761142857142858,78.478,-7.3127999999999975,0.06791410902717555,1,0,121.44200000000001,0,79.457946920672,28.9123382327651,46.5706755484283,31.4553515414556,18.4410066468131,0.0,0,0,365,904.0,2.0,688.0,31-35,31,35,5,17,0,2022-08-29,8,3,1,4.0,22.0,1.0,201.0,0.0,0.0,6.0,0.2727,0.0,0.0,30.5,154.625,2.0,0.07345,iqr_trimmed_quantiles,9.0,30.0,High
283,35,Jigawa,2022,4,0,0.0,4,,184.78,25.761142857142858,78.478,-7.3127999999999975,0.06791410902717555,1,0,121.44200000000001,0,79.457946920672,28.9123382327651,46.5706755484283,31.4553515414556,18.4410066468131,0.0,0,0,365,904.0,2.0,688.0,31-35,31,35,5,17,0,2022-08-29,8,3,1,247.0,4.0,95.0,13.0,1.0,0.004,0.0,0.0,2.0,0.0211,92.0,160.375,2.25,0.07445,iqr_trimmed_quantiles,9.0,30.0,Low
272,39,Jigawa,2022,95,10,0.1053,95,,86.78999999999999,26.350714285714286,77.22071428571428,-17.907500000000006,-0.4866339723793368,0,0,133.47250000000003,0,79.457946920672,28.9123382327651,46.5706755484283,31.4553515414556,18.4410066468131,0.0,0,0,365,904.0,2.0,688.0,36-39,36,39,4,17,0,2022-09-26,9,3,1,4.0,247.0,22.0,714.0,0.0,0.0,1.0,0.004,6.0,0.2727,69.25,159.25,1.75,0.069175,iqr_trimmed_quantiles,9.0,30.0,High
209,26,Jigawa,2023,10,0,0.0,10,,44.27000000000001,31.042857142857137,51.525999999999996,-15.4488,-0.5995085658657736,0,0,30.504,0,81.0772897042816,29.4651386798622,47.7155813553496,32.1314589229297,18.1372592328994,0.0,0,0,365,904.0,2.0,688.0,22-26,22,26,5,17,0,2023-06-26,6,2,1,95.0,4.0,4.0,187.0,10.0,0.1053,0.0,0.0,0.0,0.0,87.5,81.875,2.75,0.027325000000000002,iqr_trimmed_quantiles,9.0,30.0,Medium
198,30,Jigawa,2023,10,0,0.0,10,,70.16,30.896428571428572,52.90607142857143,-51.39200000000001,-0.6000000236055867,0,0,55.14500000000001,0,81.0772897042816,29.4651386798622,47.7155813553496,32.1314589229297,18.1372592328994,0.0,0,0,365,904.0,2.0,688.0,27-30,27,30,4,17,0,2023-07-24,7,3,1,10.0,95.0,247.0,1.0,0.0,0.0,10.0,0.1053,1.0,0.004,89.0,59.75,2.75,0.027325000000000002,iqr_trimmed_quantiles,9.0,30.0,Medium
173,51,Jigawa,2023,3,0,0.0,3,,0.0,23.755714285714287,25.560357142857143,-0.0025,-0.11180339887498945,0,0,0.01,0,81.0772897042816,29.4651386798622,47.7155813553496,32.1314589229297,18.1372592328994,0.0,0,0,365,904.0,2.0,688.0,48-51,48,51,4,17,17,2023-12-18,12,4,0,10.0,10.0,4.0,95.0,0.0,0.0,0.0,0.0,0.0,0.0,29.75,60.875,2.5,0.026325,iqr_trimmed_quantiles,9.0,30.0,Low
167,52,Jigawa,2023,1,0,0.0,1,,0.0,20.22142857142857,25.08,0.0,0.0,0,0,0.0,0,81.0772897042816,29.4651386798622,47.7155813553496,32.1314589229297,18.1372592328994,0.0,0,0,365,904.0,2.0,688.0,52,52,52,1,17,0,2023-12-25,12,4,0,3.0,10.0,95.0,22.0,0.0,0.0,0.0,0.0,10.0,0.1053,29.5,49.375,2.5,0.026325,iqr_trimmed_quantiles,9.0,30.0,Low
119,30,Jigawa,2024,5,0,0.0,5,,53.22,26.06,82.61714285714285,18.042,0.6907666234670388,1,0,497.89,0,82.2488935172216,29.904599188308,47.9019370619136,32.2082592818415,17.9570129436897,0.0,0,0,365,904.0,2.0,688.0,30,30,30,1,17,0,2024-07-22,7,3,1,1.0,3.0,10.0,4.0,0.0,0.0,0.0,0.0,0.0,0.0,6.0,46.75,0.0,0.0,iqr_trimmed_quantiles,9.0,30.0,Low
108,31,Jigawa,2024,10,0,0.0,10,,80.07,25.774285714285718,83.16428571428571,35.41799999999999,0.81119277358654,1,1,544.03,0,82.2488935172216,29.904599188308,47.9019370619136,32.2082592818415,17.9570129436897,0.0,0,0,365,904.0,2.0,688.0,31,31,31,1,17,0,2024-07-29,7,3,1,5.0,1.0,10.0,247.0,0.0,0.0,0.0,0.0,0.0,0.0,4.75,46.875,0.0,0.0,iqr_trimmed_quantiles,9.0,30.0,Medium
92,34,Jigawa,2024,15,4,0.2667,15,,20.94,25.62142857142857,85.7,-18.318,-0.5397533412336634,0,0,181.3,0,82.2488935172216,29.904599188308,47.9019370619136,32.2082592818415,17.9570129436897,0.0,0,0,365,904.0,2.0,688.0,34,34,34,1,17,2,2024-08-19,8,3,1,10.0,5.0,3.0,4.0,0.0,0.0,0.0,0.0,0.0,0.0,4.75,17.25,0.0,0.0,iqr_trimmed_quantiles,9.0,30.0,Medium
80,36,Jigawa,2024,7,0,0.0,7,,136.92000000000002,25.175714285714285,86.2057142857143,54.706,0.9226906545938964,1,1,272.28000000000003,0,82.2488935172216,29.904599188308,47.9019370619136,32.2082592818415,17.9570129436897,0.0,0,0,365,904.0,2.0,688.0,36,36,36,1,17,1,2024-09-02,9,3,1,15.0,10.0,1.0,95.0,4.0,0.2667,0.0,0.0,0.0,0.0,7.75,18.625,1.0,0.066675,iqr_trimmed_quantiles,9.0,30.0,Low
74,37,Jigawa,2024,103,3,0.0291,103,,36.14,26.41714285714286,82.79571428571428,1.205999999999996,0.0574887817202265,0,0,251.24,0,82.2488935172216,29.904599188308,47.9019370619136,32.2082592818415,17.9570129436897,0.0,0,0,365,904.0,2.0,688.0,37,37,37,1,17,0,2024-09-09,9,3,1,7.0,15.0,5.0,10.0,0.0,0.0,4.0,0.2667,0.0,0.0,9.25,7.625,1.0,0.066675,iqr_trimmed_quantiles,9.0,30.0,High
63,38,Jigawa,2024,9,0,0.0,9,,18.22,26.304285714285715,81.42428571428572,1.9579999999999984,0.1253054959915498,0,0,248.52000000000004,0,82.2488935172216,29.904599188308,47.9019370619136,32.2082592818415,17.9570129436897,0.0,0,0,365,904.0,2.0,688.0,38,38,38,1,17,0,2024-09-16,9,3,1,103.0,7.0,10.0,10.0,3.0,0.0291,0.0,0.0,0.0,0.0,33.75,19.25,1.75,0.07395,iqr_trimmed_quantiles,9.0,30.0,Medium
51,39,Jigawa,2024,1,0,0.0,1,,17.44,26.52857142857143,78.99285714285715,-7.569999999999997,-0.3276082548346453,0,0,208.72000000000003,0,82.2488935172216,29.904599188308,47.9019370619136,32.2082592818415,17.9570129436897,0.0,0,0,365,904.0,2.0,688.0,39,39,39,1,17,0,2024-09-23,9,3,1,9.0,103.0,15.0,3.0,0.0,0.0,3.0,0.0291,4.0,0.2667,33.5,19.125,1.75,0.07395,iqr_trimmed_quantiles,9.0,30.0,Low
594,24,Kaduna,2021,38,5,0.1316,38,,1440.6899999999998,25.982619047619043,70.4054761904762,7.2906666666666675,0.15916613921589043,1,1,406.3291666666667,0,77.8385518833185,28.3555720870985,45.4491559568794,30.7931355307584,18.7432459114042,0.0,0,0,365,1545.0,16.0,1391.0,13-24,13,24,12,18,0,2021-06-14,6,2,1,,,,,,,,,,,,,,,iqr_trimmed_quantiles,9.0,30.0,High
580,25,Kaduna,2021,59,0,0.0,59,,245.95,23.714285714285715,88.37857142857142,78.21199999999999,0.3576853835824021,1,0,1004.62,0,77.8385518833185,28.3555720870985,45.4491559568794,30.7931355307584,18.7432459114042,0.0,0,0,365,1545.0,16.0,1391.0,25,25,25,1,18,0,2021-06-21,6,2,1,38.0,,,,5.0,0.1316,,,,,38.0,38.0,5.0,0.1316,iqr_trimmed_quantiles,9.0,30.0,High
570,27,Kaduna,2021,17,0,0.0,17,,127.04,22.99142857142857,91.07571428571428,71.44800000000001,1.7575829243790313,0,0,900.87,0,77.8385518833185,28.3555720870985,45.4491559568794,30.7931355307584,18.7432459114042,0.0,0,0,365,1545.0,16.0,1391.0,27,27,27,1,18,1,2021-07-05,7,3,1,59.0,38.0,,,0.0,0.0,5.0,0.1316,,,48.5,48.5,2.5,0.0658,iqr_trimmed_quantiles,9.0,30.0,Medium
518,34,Kaduna,2021,41,1,0.0244,41,,369.75,23.99571428571429,89.26571428571428,232.058,1.6432697827238114,1,1,1039.24,0,77.8385518833185,28.3555720870985,45.4491559568794,30.7931355307584,18.7432459114042,0.0,0,0,365,1545.0,16.0,1391.0,34,34,34,1,18,6,2021-08-23,8,3,1,17.0,59.0,,,0.0,0.0,0.0,0.0,,,38.0,38.0,1.6666666666666667,0.043866666666666665,iqr_trimmed_quantiles,9.0,30.0,High
502,35,Kaduna,2021,66,2,0.0303,66,,60.15,23.65285714285714,89.38857142857144,4.165999999999997,0.2581721698151307,0,0,855.9000000000001,0,77.8385518833185,28.3555720870985,45.4491559568794,30.7931355307584,18.7432459114042,0.0,0,0,365,1545.0,16.0,1391.0,35,35,35,1,18,0,2021-08-30,8,3,1,41.0,17.0,38.0,,1.0,0.0244,0.0,0.0,5.0,0.1316,38.75,38.75,1.5,0.039,iqr_trimmed_quantiles,9.0,30.0,High
491,36,Kaduna,2021,68,6,0.0882,68,,245.29,23.854285714285712,87.21857142857142,127.308,1.170124821622068,1,0,819.25,0,77.8385518833185,28.3555720870985,45.4491559568794,30.7931355307584,18.7432459114042,0.0,0,0,365,1545.0,16.0,1391.0,36,36,36,1,18,0,2021-09-06,9,3,1,66.0,41.0,59.0,,2.0,0.0303,1.0,0.0244,0.0,0.0,45.75,44.2,0.75,0.013675,iqr_trimmed_quantiles,9.0,30.0,High
478,37,Kaduna,2021,12,0,0.0,12,,434.63,23.93857142857143,88.36,308.202,1.7755974024081438,1,1,1109.8200000000002,0,77.8385518833185,28.3555720870985,45.4491559568794,30.7931355307584,18.7432459114042,0.0,0,0,365,1545.0,16.0,1391.0,37,37,37,1,18,0,2021-09-13,9,3,1,68.0,66.0,17.0,,6.0,0.0882,2.0,0.0303,0.0,0.0,48.0,48.166666666666664,2.25,0.035725,iqr_trimmed_quantiles,9.0,30.0,Medium
466,38,Kaduna,2021,8,0,0.0,8,,132.32000000000002,24.04142857142857,85.23142857142857,71.46800000000002,1.600046849329378,0,0,872.3900000000001,0,77.8385518833185,28.3555720870985,45.4491559568794,30.7931355307584,18.7432459114042,0.0,0,0,365,1545.0,16.0,1391.0,38,38,38,1,18,0,2021-09-20,9,3,1,12.0,68.0,41.0,,0.0,0.0,6.0,0.0882,1.0,0.0244,46.75,43.0,2.25,0.035725,iqr_trimmed_quantiles,9.0,30.0,Low
437,41,Kaduna,2021,9,1,0.1111,9,,147.48,24.674285714285716,75.83285714285715,101.404,1.7325984048544456,0,0,518.04,0,77.8385518833185,28.3555720870985,45.4491559568794,30.7931355307584,18.7432459114042,0.0,0,0,365,1545.0,16.0,1391.0,41,41,41,1,18,2,2021-10-11,10,4,1,8.0,12.0,66.0,38.0,0.0,0.0,0.0,0.0,2.0,0.0303,38.5,38.625,2.0,0.029625,iqr_trimmed_quantiles,9.0,30.0,Medium
430,42,Kaduna,2021,1,0,0.0,1,,69.64,24.01142857142857,87.01714285714286,48.296,1.751838523769638,0,0,455.36,0,77.8385518833185,28.3555720870985,45.4491559568794,30.7931355307584,18.7432459114042,0.0,0,0,365,1545.0,16.0,1391.0,42,42,42,1,18,0,2021-10-18,10,4,1,9.0,8.0,68.0,59.0,1.0,0.1111,0.0,0.0,6.0,0.0882,24.25,35.0,1.75,0.049825,iqr_trimmed_quantiles,9.0,30.0,Low
420,43,Kaduna,2021,14,1,0.0714,14,,79.14,23.055714285714284,76.90714285714286,61.116,1.783734258948504,0,0,439.38,0,77.8385518833185,28.3555720870985,45.4491559568794,30.7931355307584,18.7432459114042,0.0,0,0,365,1545.0,16.0,1391.0,43,43,43,1,18,0,2021-10-25,10,4,1,1.0,9.0,12.0,17.0,0.0,0.0,1.0,0.1111,0.0,0.0,7.5,27.75,0.25,0.027775,iqr_trimmed_quantiles,9.0,30.0,Medium
398,46,Kaduna,2021,2,0,0.0,2,,3.33,21.84714285714286,67.66571428571429,2.62,1.7850824511865326,0,0,272.85,0,77.8385518833185,28.3555720870985,45.4491559568794,30.7931355307584,18.7432459114042,0.0,0,0,365,1545.0,16.0,1391.0,46,46,46,1,18,2,2021-11-15,11,4,0,14.0,1.0,8.0,41.0,1.0,0.0714,0.0,0.0,0.0,0.0,8.0,27.375,0.5,0.045625,iqr_trimmed_quantiles,9.0,30.0,Low
324,21,Kaduna,2022,4,0,0.0,4,,1222.94,24.82071428571428,85.75892857142856,159.9955,0.7876691828388662,1,1,1293.83,0,79.457946920672,28.9123382327651,46.5706755484283,31.4553515414556,18.4410066468131,0.0,0,0,365,1545.0,16.0,1391.0,18-21,18,21,4,18,0,2022-05-23,5,2,1,2.0,14.0,9.0,66.0,0.0,0.0,1.0,0.0714,1.0,0.1111,6.5,22.5,0.5,0.045625,iqr_trimmed_quantiles,9.0,30.0,Low
313,26,Kaduna,2022,13,0,0.0,13,,986.7600000000001,23.764285714285716,88.34857142857143,77.10040000000001,0.49245339751997863,1,1,1075.458,0,79.457946920672,28.9123382327651,46.5706755484283,31.4553515414556,18.4410066468131,0.0,0,0,365,1545.0,16.0,1391.0,22-26,22,26,5,18,0,2022-06-27,6,2,1,4.0,2.0,1.0,68.0,0.0,0.0,0.0,0.0,0.0,0.0,5.25,14.75,0.25,0.01785,iqr_trimmed_quantiles,9.0,30.0,Medium
300,30,Kaduna,2022,14,3,0.2143,14,,173.18,23.29642857142857,88.94464285714284,-75.8385,-0.554256025307234,0,0,405.4175000000001,0,79.457946920672,28.9123382327651,46.5706755484283,31.4553515414556,18.4410066468131,0.0,0,0,365,1545.0,16.0,1391.0,27-30,27,30,4,18,0,2022-07-25,7,3,1,13.0,4.0,14.0,12.0,0.0,0.0,0.0,0.0,1.0,0.0714,8.25,7.875,0.25,0.01785,iqr_trimmed_quantiles,9.0,30.0,Medium
291,35,Kaduna,2022,14,0,0.0,14,,448.28,22.947714285714284,89.23171428571429,-3.728800000000014,0.2533921325808547,0,0,271.6740000000001,0,79.457946920672,28.9123382327651,46.5706755484283,31.4553515414556,18.4410066468131,0.0,0,0,365,1545.0,16.0,1391.0,31-35,31,35,5,18,0,2022-08-29,8,3,1,14.0,13.0,2.0,8.0,3.0,0.2143,0.0,0.0,0.0,0.0,8.25,8.125,0.75,0.053575,iqr_trimmed_quantiles,9.0,30.0,Medium
218,21,Kaduna,2023,8,0,0.0,8,,930.32,25.54714285714286,83.15357142857142,86.8405,0.6971268560329545,1,1,825.9000000000002,0,81.0772897042816,29.4651386798622,47.7155813553496,32.1314589229297,18.1372592328994,0.0,0,0,365,1545.0,16.0,1391.0,18-21,18,21,4,18,0,2023-05-22,5,2,1,14.0,14.0,4.0,9.0,0.0,0.0,3.0,0.2143,0.0,0.0,11.25,8.875,0.75,0.053575,iqr_trimmed_quantiles,9.0,30.0,Low
202,30,Kaduna,2023,5,0,0.0,5,,151.07999999999998,24.714642857142856,85.1875,-81.36350000000002,-0.7034926001345257,0,0,136.85750000000013,0,81.0772897042816,29.4651386798622,47.7155813553496,32.1314589229297,18.1372592328994,0.0,0,0,365,1545.0,16.0,1391.0,27-30,27,30,4,18,5,2023-07-24,7,3,1,8.0,14.0,13.0,1.0,0.0,0.0,0.0,0.0,0.0,0.0,12.25,8.75,0.75,0.053575,iqr_trimmed_quantiles,9.0,30.0,Low
93,34,Kaduna,2024,4,0,0.0,4,,43.99,23.68142857142857,89.47714285714285,-93.702,-0.6635309499383196,0,0,208.71000000000015,0,82.2488935172216,29.904599188308,47.9019370619136,32.2082592818415,17.9570129436897,0.0,0,0,365,1545.0,16.0,1391.0,34,34,34,1,18,0,2024-08-19,8,3,1,5.0,8.0,14.0,14.0,0.0,0.0,0.0,0.0,3.0,0.2143,10.25,9.25,0.75,0.053575,iqr_trimmed_quantiles,9.0,30.0,Low
85,35,Kaduna,2024,2,1,0.5,2,,46.03,23.237142857142857,90.92,-9.954,-0.6168616846711025,0,0,166.28000000000017,0,82.2488935172216,29.904599188308,47.9019370619136,32.2082592818415,17.9570129436897,0.0,0,0,365,1545.0,16.0,1391.0,35,35,35,1,18,0,2024-08-26,8,3,1,4.0,5.0,14.0,2.0,0.0,0.0,0.0,0.0,0.0,0.0,7.75,8.0,0.0,0.0,iqr_trimmed_quantiles,9.0,30.0,Low
75,37,Kaduna,2024,21,1,0.0476,21,,43.98,24.754285714285714,84.82000000000001,-82.44800000000001,-0.4749951480968541,0,0,162.63000000000017,0,82.2488935172216,29.904599188308,47.9019370619136,32.2082592818415,17.9570129436897,0.0,0,0,365,1545.0,16.0,1391.0,37,37,37,1,18,1,2024-09-09,9,3,1,2.0,4.0,8.0,4.0,1.0,0.5,0.0,0.0,0.0,0.0,4.75,8.0,0.25,0.125,iqr_trimmed_quantiles,9.0,30.0,Medium
64,38,Kaduna,2024,55,4,0.0727,55,,57.31,24.49,85.33,-3.5419999999999945,-0.0792993499233873,0,0,175.95000000000016,0,82.2488935172216,29.904599188308,47.9019370619136,32.2082592818415,17.9570129436897,0.0,0,0,365,1545.0,16.0,1391.0,38,38,38,1,18,0,2024-09-16,9,3,1,21.0,2.0,5.0,13.0,1.0,0.0476,1.0,0.5,0.0,0.0,8.0,10.125,0.5,0.1369,iqr_trimmed_quantiles,9.0,30.0,High
596,24,Kano,2021,1932,66,0.0342,1932,,91.84,30.450833333333335,36.79488095238095,-0.9226666666666669,-0.07912071023673745,1,0,13.145833333333334,0,77.8385518833185,28.3555720870985,45.4491559568794,30.7931355307584,18.7432459114042,0.0,0,0,365,1723.0,35.0,1592.0,13-24,13,24,12,19,0,2021-06-14,6,2,1,,,,,,,,,,,,,,,iqr_trimmed_quantiles,9.0,30.0,High
582,25,Kano,2021,362,7,0.0193,362,,109.15,26.93142857142857,72.39857142857143,72.39200000000001,1.4930613295578294,1,1,195.88,0,77.8385518833185,28.3555720870985,45.4491559568794,30.7931355307584,18.7432459114042,0.0,0,0,365,1723.0,35.0,1592.0,25,25,25,1,19,0,2021-06-21,6,2,1,1932.0,,,,66.0,0.0342,,,,,1932.0,1932.0,66.0,0.0342,iqr_trimmed_quantiles,9.0,30.0,High
572,27,Kano,2021,231,12,0.0519,231,,49.72,26.39428571428571,75.42428571428572,20.786,1.4938955436741823,1,0,253.31,0,77.8385518833185,28.3555720870985,45.4491559568794,30.7931355307584,18.7432459114042,0.0,0,0,365,1723.0,35.0,1592.0,27,27,27,1,19,1,2021-07-05,7,3,1,362.0,1932.0,,,7.0,0.0193,66.0,0.0342,,,1147.0,1147.0,36.5,0.026750000000000003,iqr_trimmed_quantiles,9.0,30.0,High
563,29,Kano,2021,71,0,0.0,71,,267.26,25.304285714285715,86.01571428571428,126.27,0.7256895844634639,1,1,670.6800000000001,0,77.8385518833185,28.3555720870985,45.4491559568794,30.7931355307584,18.7432459114042,0.0,0,0,365,1723.0,35.0,1592.0,29,29,29,1,19,1,2021-07-19,7,3,1,231.0,362.0,,,12.0,0.0519,7.0,0.0193,,,841.6666666666666,841.6666666666666,28.333333333333332,0.035133333333333336,iqr_trimmed_quantiles,9.0,30.0,High
558,30,Kano,2021,4,0,0.0,4,,74.47,24.61142857142857,87.81714285714285,37.76,1.3259476096649487,1,1,700.5300000000001,0,77.8385518833185,28.3555720870985,45.4491559568794,30.7931355307584,18.7432459114042,0.0,0,0,365,1723.0,35.0,1592.0,30,30,30,1,19,0,2021-07-26,7,3,1,71.0,231.0,1932.0,,0.0,0.0,12.0,0.0519,66.0,0.0342,649.0,649.0,21.25,0.026350000000000002,iqr_trimmed_quantiles,9.0,30.0,Low
540,32,Kano,2021,36,3,0.0833,36,,234.66,24.81142857142857,84.95,169.17399999999998,1.7832168605386531,1,1,713.21,0,77.8385518833185,28.3555720870985,45.4491559568794,30.7931355307584,18.7432459114042,0.0,0,0,365,1723.0,35.0,1592.0,32,32,32,1,19,1,2021-08-09,8,3,1,4.0,71.0,362.0,,0.0,0.0,0.0,0.0,7.0,0.0193,167.0,520.0,4.75,0.017800000000000003,iqr_trimmed_quantiles,9.0,30.0,High
529,33,Kano,2021,80,1,0.0125,80,,27.270000000000003,24.76571428571429,85.15714285714286,-16.766,-0.7485785783904065,0,0,473.22,0,77.8385518833185,28.3555720870985,45.4491559568794,30.7931355307584,18.7432459114042,0.0,0,0,365,1723.0,35.0,1592.0,33,33,33,1,19,0,2021-08-16,8,3,1,36.0,4.0,231.0,,3.0,0.0833,0.0,0.0,12.0,0.0519,85.5,439.3333333333333,3.75,0.0338,iqr_trimmed_quantiles,9.0,30.0,High
511,34,Kano,2021,306,7,0.0229,306,,97.51,25.85142857142857,82.07857142857142,54.536,1.3832587741277662,1,1,496.26,0,77.8385518833185,28.3555720870985,45.4491559568794,30.7931355307584,18.7432459114042,0.0,0,0,365,1723.0,35.0,1592.0,34,34,34,1,19,0,2021-08-23,8,3,1,80.0,36.0,71.0,,1.0,0.0125,3.0,0.0833,0.0,0.0,47.75,388.0,1.0,0.02395,iqr_trimmed_quantiles,9.0,30.0,High
503,35,Kano,2021,4,1,0.25,4,,23.83,25.892857142857142,83.19428571428571,-1.823999999999998,-0.1030819652785259,0,0,383.27,0,77.8385518833185,28.3555720870985,45.4491559568794,30.7931355307584,18.7432459114042,0.0,0,0,365,1723.0,35.0,1592.0,35,35,35,1,19,0,2021-08-30,8,3,1,306.0,80.0,4.0,1932.0,7.0,0.0229,1.0,0.0125,0.0,0.0,106.5,377.75,2.75,0.029675,iqr_trimmed_quantiles,9.0,30.0,Low
471,37,Kano,2021,46,0,0.0,46,,79.33999999999999,25.754285714285714,84.60285714285715,42.66799999999999,1.6804561456390186,1,1,340.87,0,77.8385518833185,28.3555720870985,45.4491559568794,30.7931355307584,18.7432459114042,0.0,0,0,365,1723.0,35.0,1592.0,37,37,37,1,19,1,2021-09-13,9,3,1,4.0,306.0,36.0,362.0,1.0,0.25,7.0,0.0229,3.0,0.0833,106.5,136.75,3.0,0.092175,iqr_trimmed_quantiles,9.0,30.0,High
459,38,Kano,2021,57,0,0.0,57,,53.36,25.610000000000003,80.6842857142857,35.556,1.7365351231076112,1,0,296.72,0,77.8385518833185,28.3555720870985,45.4491559568794,30.7931355307584,18.7432459114042,0.0,0,0,365,1723.0,35.0,1592.0,38,38,38,1,19,0,2021-09-20,9,3,1,46.0,4.0,80.0,231.0,0.0,0.0,1.0,0.25,1.0,0.0125,109.0,97.25,2.25,0.07135000000000001,iqr_trimmed_quantiles,9.0,30.0,High
446,39,Kano,2021,3,0,0.0,3,,59.65,25.755714285714284,76.62714285714286,34.542,1.6283569414018342,1,0,332.54,0,77.8385518833185,28.3555720870985,45.4491559568794,30.7931355307584,18.7432459114042,0.0,0,0,365,1723.0,35.0,1592.0,39,39,39,1,19,0,2021-09-27,9,3,1,57.0,46.0,306.0,71.0,0.0,0.0,0.0,0.0,7.0,0.0229,103.25,75.5,2.0,0.06822500000000001,iqr_trimmed_quantiles,9.0,30.0,Low
325,21,Kano,2022,68,1,0.0147,68,,51.730000000000004,29.776785714285715,56.07000000000001,9.224499999999999,1.5536909219880322,0,0,51.832500000000024,0,79.457946920672,28.9123382327651,46.5706755484283,31.4553515414556,18.4410066468131,0.0,0,0,365,1723.0,35.0,1592.0,18-21,18,21,4,19,0,2022-05-23,5,2,1,3.0,57.0,4.0,4.0,0.0,0.0,0.0,0.0,1.0,0.25,27.5,67.0,0.25,0.0625,iqr_trimmed_quantiles,9.0,30.0,High
314,26,Kano,2022,35,2,0.0571,35,,271.64,27.890571428571427,68.06171428571429,28.761599999999998,0.7241989715114038,1,1,190.042,0,79.457946920672,28.9123382327651,46.5706755484283,31.4553515414556,18.4410066468131,0.0,0,0,365,1723.0,35.0,1592.0,22-26,22,26,5,19,0,2022-06-27,6,2,1,68.0,3.0,46.0,36.0,1.0,0.0147,0.0,0.0,0.0,0.0,43.5,75.0,0.25,0.003675000000000007,iqr_trimmed_quantiles,9.0,30.0,High
301,30,Kano,2022,171,3,0.0175,171,,106.14,26.742142857142856,72.65071428571429,-46.31,-0.56452262961148,1,0,124.24500000000005,0,79.457946920672,28.9123382327651,46.5706755484283,31.4553515414556,18.4410066468131,0.0,0,0,365,1723.0,35.0,1592.0,27-30,27,30,4,19,0,2022-07-25,7,3,1,35.0,68.0,57.0,80.0,2.0,0.0571,1.0,0.0147,0.0,0.0,40.75,74.875,0.75,0.017950000000000008,iqr_trimmed_quantiles,9.0,30.0,High
284,35,Kano,2022,171,0,0.0,171,,204.29999999999998,25.388285714285715,79.7277142857143,-5.021600000000003,0.14094673817406256,1,0,130.38400000000001,0,79.457946920672,28.9123382327651,46.5706755484283,31.4553515414556,18.4410066468131,0.0,0,0,365,1723.0,35.0,1592.0,31-35,31,35,5,19,0,2022-08-29,8,3,1,171.0,35.0,3.0,306.0,3.0,0.0175,2.0,0.0571,0.0,0.0,69.25,86.25,1.5,0.022325000000000005,iqr_trimmed_quantiles,9.0,30.0,High
259,47,Kano,2022,13,2,0.1538,13,,0.0,22.1025,46.44785714285714,-0.0005,-0.11180339887498948,0,0,3.7775000000000216,0,79.457946920672,28.9123382327651,46.5706755484283,31.4553515414556,18.4410066468131,0.0,0,0,365,1723.0,35.0,1592.0,44-47,44,47,4,19,8,2022-11-21,11,4,0,171.0,171.0,68.0,4.0,0.0,0.0,3.0,0.0175,1.0,0.0147,111.25,69.375,1.5,0.022325000000000005,iqr_trimmed_quantiles,9.0,30.0,Medium
245,4,Kano,2023,1,0,0.0,1,,0.0,20.808928571428574,32.70464285714286,-0.8329166666666666,-0.10206207261596577,0,0,0.0,0,81.0772897042816,29.4651386798622,47.7155813553496,32.1314589229297,18.1372592328994,0.0,0,0,365,1723.0,35.0,1592.0,1-4,1,4,4,19,0,2023-01-23,1,1,0,13.0,171.0,35.0,46.0,2.0,0.1538,0.0,0.0,2.0,0.0571,97.5,70.5,1.75,0.0571,iqr_trimmed_quantiles,9.0,30.0,Low
235,9,Kano,2023,2,0,0.0,2,,0.0,24.136000000000003,23.282000000000004,-0.29240000000000005,-0.1788854381999832,0,0,0.0,0,81.0772897042816,29.4651386798622,47.7155813553496,32.1314589229297,18.1372592328994,0.0,0,0,365,1723.0,35.0,1592.0,5-9,5,9,5,19,0,2023-02-27,2,1,0,1.0,13.0,171.0,57.0,0.0,0.0,2.0,0.1538,3.0,0.0175,89.0,64.875,1.25,0.042825,iqr_trimmed_quantiles,9.0,30.0,Low
197,30,Kano,2023,23,2,0.087,23,,85.99000000000001,30.20607142857143,56.621428571428574,-51.3475,-0.5737093544877714,0,0,65.49750000000003,0,81.0772897042816,29.4651386798622,47.7155813553496,32.1314589229297,18.1372592328994,0.0,0,0,365,1723.0,35.0,1592.0,27-30,27,30,4,19,17,2023-07-24,7,3,1,2.0,1.0,171.0,3.0,0.0,0.0,0.0,0.0,0.0,0.0,46.75,58.0,0.5,0.03845,iqr_trimmed_quantiles,9.0,30.0,Medium
190,34,Kano,2023,7,2,0.2857,7,,81.35000000000001,28.19571428571429,66.75892857142857,-30.601000000000003,-0.7511207079314632,0,0,83.85500000000003,0,81.0772897042816,29.4651386798622,47.7155813553496,32.1314589229297,18.1372592328994,0.0,0,0,365,1723.0,35.0,1592.0,31-34,31,34,4,19,0,2023-08-21,8,3,1,23.0,2.0,13.0,68.0,2.0,0.087,0.0,0.0,2.0,0.1538,9.75,60.5,1.0,0.0602,iqr_trimmed_quantiles,9.0,30.0,Low
185,47,Kano,2023,3,0,0.0,3,,0.01,26.903571428571425,33.201071428571424,0.002,0.4472135954999579,0,0,0.015000000000042599,0,81.0772897042816,29.4651386798622,47.7155813553496,32.1314589229297,18.1372592328994,0.0,0,0,365,1723.0,35.0,1592.0,44-47,44,47,4,19,9,2023-11-20,11,4,0,7.0,23.0,1.0,35.0,2.0,0.2857,2.0,0.087,0.0,0.0,8.25,52.875,1.0,0.09317500000000001,iqr_trimmed_quantiles,9.0,30.0,Low
175,51,Kano,2023,3,0,0.0,3,,0.0,23.051428571428573,27.811785714285712,-0.007,-0.1118033988749895,0,0,0.0050000000000213,0,81.0772897042816,29.4651386798622,47.7155813553496,32.1314589229297,18.1372592328994,0.0,0,0,365,1723.0,35.0,1592.0,48-51,48,51,4,19,0,2023-12-18,12,4,0,3.0,7.0,2.0,171.0,0.0,0.0,2.0,0.2857,0.0,0.0,8.75,48.875,1.0,0.093175,iqr_trimmed_quantiles,9.0,30.0,Low
160,17,Kano,2024,2,0,0.0,2,,0.01,33.73428571428571,32.96714285714286,-16.048,-0.6286584521151743,0,0,0.2300000000000426,0,82.2488935172216,29.904599188308,47.9019370619136,32.2082592818415,17.9570129436897,0.0,0,0,365,1723.0,35.0,1592.0,17,17,17,1,19,0,2024-04-22,4,2,1,3.0,3.0,23.0,171.0,0.0,0.0,0.0,0.0,2.0,0.087,9.0,27.875,1.0,0.093175,iqr_trimmed_quantiles,9.0,30.0,Low
127,28,Kano,2024,3,0,0.0,3,,21.36,29.62142857142857,59.75285714285714,-63.38600000000001,-0.4993850847807603,0,0,86.64000000000004,0,82.2488935172216,29.904599188308,47.9019370619136,32.2082592818415,17.9570129436897,0.0,0,0,365,1723.0,35.0,1592.0,28,28,28,1,19,10,2024-07-08,7,3,1,2.0,3.0,7.0,13.0,0.0,0.0,0.0,0.0,2.0,0.2857,3.75,6.75,0.5,0.07142499999999999,iqr_trimmed_quantiles,9.0,30.0,Low
117,30,Kano,2024,1,0,0.0,1,,57.76,25.74,83.00428571428571,21.05,0.7391736542226475,1,0,496.50000000000006,0,82.2488935172216,29.904599188308,47.9019370619136,32.2082592818415,17.9570129436897,0.0,0,0,365,1723.0,35.0,1592.0,30,30,30,1,19,1,2024-07-22,7,3,1,3.0,2.0,3.0,1.0,0.0,0.0,0.0,0.0,0.0,0.0,2.75,5.5,0.0,0.0,iqr_trimmed_quantiles,9.0,30.0,Low
109,31,Kano,2024,12,2,0.1667,12,,73.69,25.7,81.48571428571428,22.431999999999995,0.4134318603823577,1,1,536.6400000000001,0,82.2488935172216,29.904599188308,47.9019370619136,32.2082592818415,17.9570129436897,0.0,0,0,365,1723.0,35.0,1592.0,31,31,31,1,19,0,2024-07-29,7,3,1,1.0,3.0,3.0,2.0,0.0,0.0,0.0,0.0,0.0,0.0,2.25,5.5,0.0,0.0,iqr_trimmed_quantiles,9.0,30.0,Medium
103,32,Kano,2024,1,0,0.0,1,,22.04,25.804285714285715,81.33714285714287,-43.446000000000005,-0.4579524023961268,0,0,537.32,0,82.2488935172216,29.904599188308,47.9019370619136,32.2082592818415,17.9570129436897,0.0,0,0,365,1723.0,35.0,1592.0,32,32,32,1,19,0,2024-08-05,8,3,1,12.0,1.0,2.0,23.0,2.0,0.1667,0.0,0.0,0.0,0.0,4.5,6.75,0.5,0.041675,iqr_trimmed_quantiles,9.0,30.0,Low
86,35,Kano,2024,4,0,0.0,4,,53.49,25.102857142857143,84.85000000000001,27.83600000000001,1.5731302552045232,1,0,145.06000000000006,0,82.2488935172216,29.904599188308,47.9019370619136,32.2082592818415,17.9570129436897,0.0,0,0,365,1723.0,35.0,1592.0,35,35,35,1,19,2,2024-08-26,8,3,1,1.0,12.0,3.0,7.0,0.0,0.0,2.0,0.1667,0.0,0.0,4.25,4.0,0.5,0.041675,iqr_trimmed_quantiles,9.0,30.0,Low
81,36,Kano,2024,10,0,0.0,10,,127.25,25.20142857142857,85.10714285714286,49.56,0.858907243699062,1,1,250.27000000000007,0,82.2488935172216,29.904599188308,47.9019370619136,32.2082592818415,17.9570129436897,0.0,0,0,365,1723.0,35.0,1592.0,36,36,36,1,19,0,2024-09-02,9,3,1,4.0,1.0,1.0,3.0,0.0,0.0,0.0,0.0,0.0,0.0,4.5,3.625,0.5,0.041675,iqr_trimmed_quantiles,9.0,30.0,Medium
65,38,Kano,2024,39,0,0.0,39,,17.07,26.38,79.44000000000001,-0.7339999999999982,-0.035848148845792,0,0,234.16000000000008,0,82.2488935172216,29.904599188308,47.9019370619136,32.2082592818415,17.9570129436897,0.0,0,0,365,1723.0,35.0,1592.0,38,38,38,1,19,1,2024-09-16,9,3,1,10.0,4.0,12.0,3.0,0.0,0.0,0.0,0.0,2.0,0.1667,6.75,4.5,0.5,0.041675,iqr_trimmed_quantiles,9.0,30.0,High
52,39,Kano,2024,7,0,0.0,7,,17.25,26.52142857142857,77.33285714285715,-7.857999999999997,-0.3704368260533729,0,0,197.92000000000007,0,82.2488935172216,29.904599188308,47.9019370619136,32.2082592818415,17.9570129436897,0.0,0,0,365,1723.0,35.0,1592.0,39,39,39,1,19,0,2024-09-23,9,3,1,39.0,10.0,1.0,2.0,0.0,0.0,0.0,0.0,0.0,0.0,13.5,9.0,0.0,0.0,iqr_trimmed_quantiles,9.0,30.0,Low
566,29,Katsina,2021,20,0,0.0,20,,82.14,25.307142857142857,84.78857142857143,20.754,0.6051261545979346,1,0,503.86,0,77.8385518833185,28.3555720870985,45.4491559568794,30.7931355307584,18.7432459114042,0.0,0,0,365,2296.0,18.0,2210.0,29,29,29,1,20,0,2021-07-19,7,3,1,,,,,,,,,,,,,,,iqr_trimmed_quantiles,9.0,30.0,Medium
555,30,Katsina,2021,120,10,0.0833,120,,246.74,24.48,88.40714285714286,160.83,1.7832406753184775,1,1,695.01,0,77.8385518833185,28.3555720870985,45.4491559568794,30.7931355307584,18.7432459114042,0.0,0,0,365,2296.0,18.0,2210.0,30,30,30,1,20,0,2021-07-26,7,3,1,20.0,,,,0.0,0.0,,,,,20.0,20.0,0.0,0.0,iqr_trimmed_quantiles,9.0,30.0,High
544,32,Katsina,2021,173,7,0.0405,173,,124.33,24.58142857142857,86.57571428571428,51.092,1.4467462092618038,1,1,510.36,0,77.8385518833185,28.3555720870985,45.4491559568794,30.7931355307584,18.7432459114042,0.0,0,0,365,2296.0,18.0,2210.0,32,32,32,1,20,1,2021-08-09,8,3,1,120.0,20.0,,,10.0,0.0833,0.0,0.0,,,70.0,70.0,5.0,0.04165,iqr_trimmed_quantiles,9.0,30.0,High
532,33,Katsina,2021,691,19,0.0275,691,,55.790000000000006,24.527142857142856,86.24142857142859,-19.10799999999999,-0.5310389012753788,0,0,484.01,0,77.8385518833185,28.3555720870985,45.4491559568794,30.7931355307584,18.7432459114042,0.0,0,0,365,2296.0,18.0,2210.0,33,33,33,1,20,0,2021-08-16,8,3,1,173.0,120.0,,,7.0,0.0405,10.0,0.0833,,,104.33333333333333,104.33333333333333,5.666666666666667,0.04126666666666667,iqr_trimmed_quantiles,9.0,30.0,High
514,34,Katsina,2021,396,6,0.0152,396,,121.46,25.231428571428573,84.97571428571429,45.306,0.9236769655527818,1,1,358.73,0,77.8385518833185,28.3555720870985,45.4491559568794,30.7931355307584,18.7432459114042,0.0,0,0,365,2296.0,18.0,2210.0,34,34,34,1,20,0,2021-08-23,8,3,1,691.0,173.0,20.0,,19.0,0.0275,7.0,0.0405,0.0,0.0,251.0,251.0,9.0,0.037825,iqr_trimmed_quantiles,9.0,30.0,High
504,35,Katsina,2021,282,8,0.0284,282,,52.81,24.85571428571429,88.36,-4.652000000000001,-0.3090854758791228,0,0,354.39000000000004,0,77.8385518833185,28.3555720870985,45.4491559568794,30.7931355307584,18.7432459114042,0.0,0,0,365,2296.0,18.0,2210.0,35,35,35,1,20,0,2021-08-30,8,3,1,396.0,691.0,120.0,,6.0,0.0152,19.0,0.0275,10.0,0.0833,345.0,280.0,10.5,0.041625,iqr_trimmed_quantiles,9.0,30.0,High
492,36,Katsina,2021,194,4,0.0206,194,,271.98,25.09,87.24142857142859,151.51600000000002,1.6300553286200965,1,1,502.04,0,77.8385518833185,28.3555720870985,45.4491559568794,30.7931355307584,18.7432459114042,0.0,0,0,365,2296.0,18.0,2210.0,36,36,36,1,20,0,2021-09-06,9,3,1,282.0,396.0,173.0,,8.0,0.0284,6.0,0.0152,7.0,0.0405,385.5,280.3333333333333,10.0,0.0279,iqr_trimmed_quantiles,9.0,30.0,High
473,37,Katsina,2021,282,5,0.0177,282,,121.01,24.685714285714287,90.05285714285715,38.55000000000001,0.740759791280687,1,1,567.26,0,77.8385518833185,28.3555720870985,45.4491559568794,30.7931355307584,18.7432459114042,0.0,0,0,365,2296.0,18.0,2210.0,37,37,37,1,20,0,2021-09-13,9,3,1,194.0,282.0,691.0,,4.0,0.0206,8.0,0.0284,19.0,0.0275,390.75,268.0,9.25,0.022925,iqr_trimmed_quantiles,9.0,30.0,High
460,38,Katsina,2021,92,2,0.0217,92,,37.61,25.282857142857143,84.06714285714285,5.334000000000003,0.2645869204199097,0,0,483.41,0,77.8385518833185,28.3555720870985,45.4491559568794,30.7931355307584,18.7432459114042,0.0,0,0,365,2296.0,18.0,2210.0,38,38,38,1,20,0,2021-09-20,9,3,1,282.0,194.0,396.0,20.0,5.0,0.0177,4.0,0.0206,6.0,0.0152,288.5,269.75,5.75,0.020475,iqr_trimmed_quantiles,9.0,30.0,High
448,39,Katsina,2021,35,0,0.0,35,,10.29,25.174285714285716,77.78857142857143,-5.404,-0.9651103354062488,0,0,440.89,0,77.8385518833185,28.3555720870985,45.4491559568794,30.7931355307584,18.7432459114042,0.0,0,0,365,2296.0,18.0,2210.0,39,39,39,1,20,0,2021-09-27,9,3,1,92.0,282.0,282.0,120.0,2.0,0.0217,5.0,0.0177,8.0,0.0284,212.5,278.75,4.75,0.0221,iqr_trimmed_quantiles,9.0,30.0,High
442,40,Katsina,2021,261,0,0.0,261,,11.36,25.38,70.4057142857143,-1.5599999999999987,-0.213906958709664,0,0,180.27,0,77.8385518833185,28.3555720870985,45.4491559568794,30.7931355307584,18.7432459114042,0.0,0,0,365,2296.0,18.0,2210.0,40,40,40,1,20,0,2021-10-04,10,4,1,35.0,92.0,194.0,173.0,0.0,0.0,2.0,0.0217,4.0,0.0206,150.75,268.125,2.75,0.015,iqr_trimmed_quantiles,9.0,30.0,High
434,41,Katsina,2021,14,0,0.0,14,,22.92,25.09,60.27,10.572,0.5999175244587841,0,0,82.18,0,77.8385518833185,28.3555720870985,45.4491559568794,30.7931355307584,18.7432459114042,0.0,0,0,365,2296.0,18.0,2210.0,41,41,41,1,20,0,2021-10-11,10,4,1,261.0,35.0,282.0,691.0,0.0,0.0,0.0,0.0,5.0,0.0177,167.5,279.125,1.75,0.009850000000000001,iqr_trimmed_quantiles,9.0,30.0,Medium
369,49,Katsina,2021,3,0,0.0,3,,0.0,19.267142857142854,48.182857142857145,0.0,0.0,0,0,0.0,0,77.8385518833185,28.3555720870985,45.4491559568794,30.7931355307584,18.7432459114042,0.0,0,0,365,2296.0,18.0,2210.0,49,49,49,1,20,7,2021-12-06,12,4,0,14.0,261.0,92.0,396.0,0.0,0.0,0.0,0.0,2.0,0.0217,100.5,194.5,0.5,0.005425,iqr_trimmed_quantiles,9.0,30.0,Low
331,17,Katsina,2022,134,28,0.209,134,,33.33,25.233025210084033,26.49974789915966,1.3976274509803923,0.09483789000753046,0,0,6.44764705882353,0,79.457946920672,28.9123382327651,46.5706755484283,31.4553515414556,18.4410066468131,0.0,0,0,365,2296.0,18.0,2210.0,01-17,1,17,17,20,0,2022-04-25,4,2,1,3.0,14.0,35.0,282.0,0.0,0.0,0.0,0.0,0.0,0.0,78.25,145.375,0.0,0.0,iqr_trimmed_quantiles,9.0,30.0,High
315,26,Katsina,2022,7,0,0.0,7,,276.17,27.556285714285714,68.02142857142857,16.0416,0.3412733848568965,1,1,167.91199999999998,0,79.457946920672,28.9123382327651,46.5706755484283,31.4553515414556,18.4410066468131,0.0,0,0,365,2296.0,18.0,2210.0,22-26,22,26,5,20,4,2022-06-27,6,2,1,134.0,3.0,261.0,194.0,28.0,0.209,0.0,0.0,0.0,0.0,103.0,126.875,7.0,0.05225,iqr_trimmed_quantiles,9.0,30.0,Low
302,30,Katsina,2022,115,6,0.0522,115,,203.26999999999998,25.787142857142857,78.82142857142857,-38.033,-0.5674393121846419,1,0,236.755,0,79.457946920672,28.9123382327651,46.5706755484283,31.4553515414556,18.4410066468131,0.0,0,0,365,2296.0,18.0,2210.0,27-30,27,30,4,20,0,2022-07-25,7,3,1,7.0,134.0,14.0,282.0,0.0,0.0,28.0,0.209,0.0,0.0,39.5,103.5,7.0,0.05225,iqr_trimmed_quantiles,9.0,30.0,High
285,35,Katsina,2022,115,0,0.0,115,,371.60999999999996,24.595142857142857,85.24228571428571,7.041999999999999,-0.08009543841729336,1,1,262.15600000000006,0,79.457946920672,28.9123382327651,46.5706755484283,31.4553515414556,18.4410066468131,0.0,0,0,365,2296.0,18.0,2210.0,31-35,31,35,5,20,0,2022-08-29,8,3,1,115.0,7.0,3.0,92.0,6.0,0.0522,0.0,0.0,0.0,0.0,64.75,82.625,8.5,0.0653,iqr_trimmed_quantiles,9.0,30.0,High
274,39,Katsina,2022,16,3,0.1875,16,,301.59000000000003,25.21107142857143,84.2575,12.673999999999996,0.155223242516279,1,1,360.87499999999994,0,79.457946920672,28.9123382327651,46.5706755484283,31.4553515414556,18.4410066468131,0.0,0,0,365,2296.0,18.0,2210.0,36-39,36,39,4,20,0,2022-09-26,9,3,1,115.0,115.0,134.0,35.0,0.0,0.0,6.0,0.0522,28.0,0.209,92.75,85.5,8.5,0.0653,iqr_trimmed_quantiles,9.0,30.0,Medium
257,47,Katsina,2022,16,0,0.0,16,,0.0,20.24785714285714,55.06785714285715,-0.010499999999999999,-0.22360679774997894,0,0,0.0925,0,79.457946920672,28.9123382327651,46.5706755484283,31.4553515414556,18.4410066468131,0.0,0,0,365,2296.0,18.0,2210.0,44-47,44,47,4,20,4,2022-11-21,11,4,0,16.0,115.0,7.0,261.0,3.0,0.1875,0.0,0.0,0.0,0.0,63.25,83.125,2.25,0.059925,iqr_trimmed_quantiles,9.0,30.0,Medium
251,52,Katsina,2022,7,0,0.0,7,,0.0,19.249714285714283,38.879714285714286,0.0,0.0,0,0,0.0,0,79.457946920672,28.9123382327651,46.5706755484283,31.4553515414556,18.4410066468131,0.0,0,0,365,2296.0,18.0,2210.0,48-52,48,52,5,20,0,2022-12-26,12,4,0,16.0,16.0,115.0,14.0,0.0,0.0,3.0,0.1875,6.0,0.0522,65.5,52.5,2.25,0.059925,iqr_trimmed_quantiles,9.0,30.0,Low
241,4,Katsina,2023,5,0,0.0,5,,0.0,21.01642857142857,29.18857142857143,-0.3245833333333333,-0.10206207261596575,0,0,0.0,0,81.0772897042816,29.4651386798622,47.7155813553496,32.1314589229297,18.1372592328994,0.0,0,0,365,2296.0,18.0,2210.0,1-4,1,4,4,20,0,2023-01-23,1,1,0,7.0,16.0,115.0,3.0,0.0,0.0,0.0,0.0,0.0,0.0,38.5,51.625,0.75,0.046875,iqr_trimmed_quantiles,9.0,30.0,Low
228,13,Katsina,2023,1,0,0.0,1,,0.38,28.42928571428572,18.412142857142857,-0.0675,0.27382635410566214,0,0,0.22,0,81.0772897042816,29.4651386798622,47.7155813553496,32.1314589229297,18.1372592328994,0.0,0,0,365,2296.0,18.0,2210.0,10-13,10,13,4,20,5,2023-03-27,3,1,0,5.0,7.0,16.0,134.0,0.0,0.0,0.0,0.0,3.0,0.1875,11.0,51.875,0.75,0.046875,iqr_trimmed_quantiles,9.0,30.0,Low
222,17,Katsina,2023,24,10,0.4167,24,,11.26,31.79892857142857,25.45714285714286,0.9740000000000002,1.0728205505306483,0,0,5.117500000000001,0,81.0772897042816,29.4651386798622,47.7155813553496,32.1314589229297,18.1372592328994,0.0,0,0,365,2296.0,18.0,2210.0,14-17,14,17,4,20,0,2023-04-24,4,2,1,1.0,5.0,16.0,7.0,0.0,0.0,0.0,0.0,0.0,0.0,7.25,35.25,0.0,0.0,iqr_trimmed_quantiles,9.0,30.0,Medium
208,26,Katsina,2023,53,0,0.0,53,,201.43000000000004,28.90771428571428,63.29171428571429,1.0936000000000008,0.21137303361892473,1,0,155.92199999999997,0,81.0772897042816,29.4651386798622,47.7155813553496,32.1314589229297,18.1372592328994,0.0,0,0,365,2296.0,18.0,2210.0,22-26,22,26,5,20,4,2023-06-26,6,2,1,24.0,1.0,7.0,115.0,10.0,0.4167,0.0,0.0,0.0,0.0,9.25,37.375,2.5,0.104175,iqr_trimmed_quantiles,9.0,30.0,High
199,30,Katsina,2023,11,1,0.0909,11,,282.54,27.355714285714285,73.91035714285714,-18.2155,-0.3992287209774926,1,1,226.55,0,81.0772897042816,29.4651386798622,47.7155813553496,32.1314589229297,18.1372592328994,0.0,0,0,365,2296.0,18.0,2210.0,27-30,27,30,4,20,0,2023-07-24,7,3,1,53.0,24.0,5.0,115.0,0.0,0.0,10.0,0.4167,0.0,0.0,20.75,29.625,2.5,0.104175,iqr_trimmed_quantiles,9.0,30.0,Medium
181,47,Katsina,2023,16,0,0.0,16,,0.21000000000000002,25.561785714285715,38.97785714285714,0.041999999999999996,0.8944271909999159,0,0,0.10999999999999999,0,81.0772897042816,29.4651386798622,47.7155813553496,32.1314589229297,18.1372592328994,0.0,0,0,365,2296.0,18.0,2210.0,44-47,44,47,4,20,13,2023-11-20,11,4,0,11.0,53.0,1.0,16.0,1.0,0.0909,0.0,0.0,0.0,0.0,22.25,16.625,2.75,0.1269,iqr_trimmed_quantiles,9.0,30.0,Medium
156,22,Katsina,2024,1,1,1.0,1,,99.86,32.15,51.53857142857142,57.914,1.654034470216397,1,0,169.57,0,82.2488935172216,29.904599188308,47.9019370619136,32.2082592818415,17.9570129436897,0.0,0,0,365,2296.0,18.0,2210.0,22,22,22,1,20,0,2024-05-27,5,2,1,16.0,11.0,24.0,16.0,0.0,0.0,1.0,0.0909,10.0,0.4167,26.0,16.625,2.75,0.1269,iqr_trimmed_quantiles,9.0,30.0,Low
151,23,Katsina,2024,6,1,0.1667,6,,26.5,28.69,69.47428571428571,-13.522000000000006,-0.4637311046582293,0,0,136.93,0,82.2488935172216,29.904599188308,47.9019370619136,32.2082592818415,17.9570129436897,0.0,0,0,365,2296.0,18.0,2210.0,23,23,23,1,20,0,2024-06-03,6,2,1,1.0,16.0,53.0,7.0,1.0,1.0,0.0,0.0,0.0,0.0,20.25,14.75,0.5,0.272725,iqr_trimmed_quantiles,9.0,30.0,Low
141,25,Katsina,2024,2,0,0.0,2,,0.41,29.99571428571429,58.31428571428571,-45.312000000000005,-0.805658192439035,0,0,158.3,0,82.2488935172216,29.904599188308,47.9019370619136,32.2082592818415,17.9570129436897,0.0,0,0,365,2296.0,18.0,2210.0,25,25,25,1,20,1,2024-06-17,6,2,1,6.0,1.0,11.0,5.0,1.0,0.1667,1.0,1.0,1.0,0.0909,8.5,14.625,0.75,0.3144,iqr_trimmed_quantiles,9.0,30.0,Low
128,28,Katsina,2024,17,0,0.0,17,,114.94,26.548571428571428,79.55857142857143,20.90000000000001,0.5227538995173638,1,1,313.66,0,82.2488935172216,29.904599188308,47.9019370619136,32.2082592818415,17.9570129436897,0.0,0,0,365,2296.0,18.0,2210.0,28,28,28,1,20,2,2024-07-08,7,3,1,2.0,6.0,16.0,1.0,0.0,0.0,1.0,0.1667,0.0,0.0,6.25,14.25,0.5,0.291675,iqr_trimmed_quantiles,9.0,30.0,Medium
114,30,Katsina,2024,5,0,0.0,5,,44.84,25.47571428571428,84.65857142857143,-41.06999999999999,-0.4553733416360745,0,0,387.87,0,82.2488935172216,29.904599188308,47.9019370619136,32.2082592818415,17.9570129436897,0.0,0,0,365,2296.0,18.0,2210.0,30,30,30,1,20,1,2024-07-22,7,3,1,17.0,2.0,1.0,24.0,0.0,0.0,0.0,0.0,1.0,1.0,6.5,16.25,0.5,0.291675,iqr_trimmed_quantiles,9.0,30.0,Low
110,31,Katsina,2024,4,0,0.0,4,,90.69,25.11285714285714,85.89857142857143,36.042,1.5742040614189792,1,0,359.29,0,82.2488935172216,29.904599188308,47.9019370619136,32.2082592818415,17.9570129436897,0.0,0,0,365,2296.0,18.0,2210.0,31,31,31,1,20,0,2024-07-29,7,3,1,5.0,17.0,6.0,53.0,0.0,0.0,0.0,0.0,1.0,0.1667,7.5,13.875,0.25,0.041675,iqr_trimmed_quantiles,9.0,30.0,Low
94,34,Katsina,2024,9,1,0.1111,9,,68.5,25.38714285714286,87.14714285714285,-7.653999999999996,-0.1560460754500726,0,0,294.56,0,82.2488935172216,29.904599188308,47.9019370619136,32.2082592818415,17.9570129436897,0.0,0,0,365,2296.0,18.0,2210.0,34,34,34,1,20,2,2024-08-19,8,3,1,4.0,5.0,2.0,11.0,0.0,0.0,0.0,0.0,0.0,0.0,7.0,7.75,0.0,0.0,iqr_trimmed_quantiles,9.0,30.0,Medium
87,35,Katsina,2024,41,0,0.0,41,,82.17,24.527142857142856,89.08714285714287,24.708,1.6416345524551517,1,0,286.04,0,82.2488935172216,29.904599188308,47.9019370619136,32.2082592818415,17.9570129436897,0.0,0,0,365,2296.0,18.0,2210.0,35,35,35,1,20,0,2024-08-26,8,3,1,9.0,4.0,17.0,16.0,1.0,0.1111,0.0,0.0,0.0,0.0,8.75,7.5,0.25,0.027775,iqr_trimmed_quantiles,9.0,30.0,High
82,36,Katsina,2024,66,0,0.0,66,,71.86,24.678571428571427,87.92285714285715,-48.60400000000001,-0.5228966524476041,0,0,315.84,0,82.2488935172216,29.904599188308,47.9019370619136,32.2082592818415,17.9570129436897,0.0,0,0,365,2296.0,18.0,2210.0,36,36,36,1,20,0,2024-09-02,9,3,1,41.0,9.0,5.0,1.0,0.0,0.0,1.0,0.1111,0.0,0.0,14.75,10.625,0.25,0.027775,iqr_trimmed_quantiles,9.0,30.0,High
13,4,Katsina,2025,1,0,0.0,1,,0.0,21.61357142857143,30.93785714285714,-0.3245833333333333,-0.10206207261596575,0,0,0.0,0,82.2488935172216,29.904599188308,47.9019370619136,32.2082592818415,17.9570129436897,0.0,0,0,365,2296.0,18.0,2210.0,1-4,1,4,4,20,0,2025-01-20,1,1,0,66.0,41.0,4.0,6.0,0.0,0.0,0.0,0.0,0.0,0.0,30.0,18.75,0.25,0.027775,iqr_trimmed_quantiles,9.0,30.0,Low
39,9,Katsina,2025,20,0,0.0,20,,0.01,25.31142857142857,19.961428571428574,-0.0605,0.33541019662496846,0,0,0.002499999999996425,0,82.2488935172216,29.904599188308,47.9019370619136,32.2082592818415,17.9570129436897,0.0,0,0,365,2296.0,18.0,2210.0,6-9,6,9,4,20,1,2025-02-24,2,1,0,1.0,66.0,9.0,2.0,0.0,0.0,0.0,0.0,1.0,0.1111,29.25,18.125,0.25,0.027775,iqr_trimmed_quantiles,9.0,30.0,Medium
590,24,Kebbi,2021,35,1,0.0286,35,,77.69,32.783928571428575,40.46511904761905,-8.761666666666668,-0.49712896206067647,0,0,15.195000000000002,0,77.8385518833185,28.3555720870985,45.4491559568794,30.7931355307584,18.7432459114042,0.0,0,0,365,1207.0,27.0,1142.0,13-24,13,24,12,21,0,2021-06-14,6,2,1,,,,,,,,,,,,,,,iqr_trimmed_quantiles,9.0,30.0,High
545,32,Kebbi,2021,325,14,0.0431,325,,61.27,26.147142857142857,83.66428571428571,9.416000000000004,0.6975817146205434,0,0,223.47,0,77.8385518833185,28.3555720870985,45.4491559568794,30.7931355307584,18.7432459114042,0.0,0,0,365,1207.0,27.0,1142.0,32,32,32,1,21,7,2021-08-09,8,3,1,35.0,,,,1.0,0.0286,,,,,35.0,35.0,1.0,0.0286,iqr_trimmed_quantiles,9.0,30.0,High
533,33,Kebbi,2021,3,0,0.0,3,,67.33,26.08428571428572,83.49571428571429,8.740000000000002,0.5350663189221537,1,0,266.72,0,77.8385518833185,28.3555720870985,45.4491559568794,30.7931355307584,18.7432459114042,0.0,0,0,365,1207.0,27.0,1142.0,33,33,33,1,21,0,2021-08-16,8,3,1,325.0,35.0,,,14.0,0.0431,1.0,0.0286,,,180.0,180.0,7.5,0.03585,iqr_trimmed_quantiles,9.0,30.0,Low
516,34,Kebbi,2021,17,1,0.0588,17,,110.74,26.40714285714285,83.30285714285715,40.5,0.8633425812521752,1,1,286.68,0,77.8385518833185,28.3555720870985,45.4491559568794,30.7931355307584,18.7432459114042,0.0,0,0,365,1207.0,27.0,1142.0,34,34,34,1,21,0,2021-08-23,8,3,1,3.0,325.0,,,0.0,0.0,14.0,0.0431,,,121.0,121.0,5.0,0.0239,iqr_trimmed_quantiles,9.0,30.0,Medium
505,35,Kebbi,2021,2,0,0.0,2,,35.38,25.93285714285714,85.96000000000001,-15.336,-0.9651488178242196,0,0,274.72,0,77.8385518833185,28.3555720870985,45.4491559568794,30.7931355307584,18.7432459114042,0.0,0,0,365,1207.0,27.0,1142.0,35,35,35,1,21,0,2021-08-30,8,3,1,17.0,3.0,35.0,,1.0,0.0588,0.0,0.0,1.0,0.0286,95.0,95.0,4.0,0.032625,iqr_trimmed_quantiles,9.0,30.0,Low
476,37,Kebbi,2021,22,2,0.0909,22,,51.42,26.124285714285715,86.05571428571429,2.0720000000000027,0.1559381879205327,0,0,352.6,0,77.8385518833185,28.3555720870985,45.4491559568794,30.7931355307584,18.7432459114042,0.0,0,0,365,1207.0,27.0,1142.0,37,37,37,1,21,1,2021-09-13,9,3,1,2.0,17.0,325.0,,0.0,0.0,1.0,0.0588,14.0,0.0431,86.75,76.4,3.75,0.025474999999999998,iqr_trimmed_quantiles,9.0,30.0,Medium
465,38,Kebbi,2021,22,0,0.0,22,,8.870000000000001,27.085714285714285,79.58285714285715,-20.152,-0.9616361616108192,0,0,250.73,0,77.8385518833185,28.3555720870985,45.4491559568794,30.7931355307584,18.7432459114042,0.0,0,0,365,1207.0,27.0,1142.0,38,38,38,1,21,0,2021-09-20,9,3,1,22.0,2.0,3.0,,2.0,0.0909,0.0,0.0,0.0,0.0,11.0,67.33333333333333,0.75,0.037425,iqr_trimmed_quantiles,9.0,30.0,Medium
450,39,Kebbi,2021,26,1,0.0385,26,,54.0,27.28857142857143,79.10571428571428,16.016,1.4871583347320214,0,0,269.35,0,77.8385518833185,28.3555720870985,45.4491559568794,30.7931355307584,18.7432459114042,0.0,0,0,365,1207.0,27.0,1142.0,39,39,39,1,21,0,2021-09-27,9,3,1,22.0,22.0,17.0,,0.0,0.0,2.0,0.0909,1.0,0.0588,15.75,60.857142857142854,0.75,0.037425,iqr_trimmed_quantiles,9.0,30.0,Medium
416,43,Kebbi,2021,20,0,0.0,20,,1.58,25.4,70.87142857142858,-5.811999999999999,-0.3711196143181225,0,0,20.06,0,77.8385518833185,28.3555720870985,45.4491559568794,30.7931355307584,18.7432459114042,0.0,0,0,365,1207.0,27.0,1142.0,43,43,43,1,21,3,2021-10-25,10,4,1,26.0,22.0,2.0,35.0,1.0,0.0385,0.0,0.0,0.0,0.0,18.0,56.5,0.75,0.032350000000000004,iqr_trimmed_quantiles,9.0,30.0,Medium
407,44,Kebbi,2021,20,0,0.0,20,,0.0,24.232857142857146,70.21142857142857,0.0,0.0,0,0,11.83,0,77.8385518833185,28.3555720870985,45.4491559568794,30.7931355307584,18.7432459114042,0.0,0,0,365,1207.0,27.0,1142.0,44,44,44,1,21,0,2021-11-01,11,4,0,20.0,26.0,22.0,325.0,0.0,0.0,1.0,0.0385,2.0,0.0909,22.5,54.625,0.75,0.032350000000000004,iqr_trimmed_quantiles,9.0,30.0,Medium
397,46,Kebbi,2021,2,0,0.0,2,,0.0,24.74285714285714,59.52285714285714,-0.002,-0.4472135954999579,0,0,1.58,0,77.8385518833185,28.3555720870985,45.4491559568794,30.7931355307584,18.7432459114042,0.0,0,0,365,1207.0,27.0,1142.0,46,46,46,1,21,1,2021-11-15,11,4,0,20.0,20.0,22.0,3.0,0.0,0.0,0.0,0.0,0.0,0.0,22.0,16.5,0.25,0.009625,iqr_trimmed_quantiles,9.0,30.0,Low
335,17,Kebbi,2022,53,0,0.0,53,,4.3500000000000005,27.499579831932774,31.45319327731093,-1.107235294117647,0.025952704172143164,0,0,0.87,0,79.457946920672,28.9123382327651,46.5706755484283,31.4553515414556,18.4410066468131,0.0,0,0,365,1207.0,27.0,1142.0,01-17,1,17,17,21,0,2022-04-25,4,2,1,2.0,20.0,26.0,17.0,0.0,0.0,0.0,0.0,1.0,0.0385,17.0,16.375,0.25,0.009625,iqr_trimmed_quantiles,9.0,30.0,High
303,30,Kebbi,2022,1,0,0.0,1,,134.48000000000002,27.46964285714286,74.88285714285715,-62.18900000000001,-0.38669261528015975,0,0,140.34,0,79.457946920672,28.9123382327651,46.5706755484283,31.4553515414556,18.4410066468131,0.0,0,0,365,1207.0,27.0,1142.0,27-30,27,30,4,21,9,2022-07-25,7,3,1,53.0,2.0,20.0,2.0,0.0,0.0,0.0,0.0,0.0,0.0,23.75,20.875,0.0,0.0,iqr_trimmed_quantiles,9.0,30.0,Low
286,35,Kebbi,2022,1,0,0.0,1,,332.91,25.811714285714288,84.458,4.921200000000002,0.07080789863308427,1,1,228.63600000000002,0,79.457946920672,28.9123382327651,46.5706755484283,31.4553515414556,18.4410066468131,0.0,0,0,365,1207.0,27.0,1142.0,31-35,31,35,5,21,0,2022-08-29,8,3,1,1.0,53.0,20.0,22.0,0.0,0.0,0.0,0.0,0.0,0.0,19.0,20.75,0.0,0.0,iqr_trimmed_quantiles,9.0,30.0,Low
180,47,Kebbi,2023,23,2,0.087,23,,1.56,27.546428571428574,43.18928571428572,0.312,0.8944271909999159,0,0,3.9750000000000143,0,81.0772897042816,29.4651386798622,47.7155813553496,32.1314589229297,18.1372592328994,0.0,0,0,365,1207.0,27.0,1142.0,44-47,44,47,4,21,0,2023-11-20,11,4,0,1.0,1.0,2.0,22.0,0.0,0.0,0.0,0.0,0.0,0.0,14.25,18.125,0.0,0.0,iqr_trimmed_quantiles,9.0,30.0,Medium
14,4,Kebbi,2025,5,0,0.0,5,,0.0,23.5825,35.166785714285716,-0.00125,-0.10206207261596577,0,0,0.0,0,82.2488935172216,29.904599188308,47.9019370619136,32.2082592818415,17.9570129436897,0.0,0,0,365,1207.0,27.0,1142.0,1-4,1,4,4,21,0,2025-01-20,1,1,0,23.0,1.0,53.0,26.0,2.0,0.087,0.0,0.0,0.0,0.0,19.5,18.25,0.5,0.02175,iqr_trimmed_quantiles,9.0,30.0,Low
40,9,Kebbi,2025,6,0,0.0,6,,0.0,27.295,21.402499999999996,0.0,0.0,0,0,0.0,0,82.2488935172216,29.904599188308,47.9019370619136,32.2082592818415,17.9570129436897,0.0,0,0,365,1207.0,27.0,1142.0,6-9,6,9,4,21,1,2025-02-24,2,1,0,5.0,23.0,1.0,20.0,0.0,0.0,2.0,0.087,0.0,0.0,7.5,15.625,0.5,0.02175,iqr_trimmed_quantiles,9.0,30.0,Low
601,12,Kogi,2021,12,4,0.3333,12,,43.27,26.864642857142854,66.17261904761905,-4.959333333333333,-0.4120596251422299,0,0,8.856666666666667,0,77.8385518833185,28.3555720870985,45.4491559568794,30.7931355307584,18.7432459114042,0.0,0,0,365,1644.0,22.0,1517.0,1-12,1,12,12,22,0,2021-03-22,3,1,0,,,,,,,,,,,,,,,iqr_trimmed_quantiles,9.0,30.0,Medium
169,52,Kogi,2023,2,0,0.0,2,,0.0,24.577142857142857,56.39571428571429,-54.85600000000001,-0.4472339774026883,0,0,0.02,0,81.0772897042816,29.4651386798622,47.7155813553496,32.1314589229297,18.1372592328994,0.0,0,0,365,1644.0,22.0,1517.0,52,52,52,1,22,0,2023-12-25,12,4,0,12.0,,,,4.0,0.3333,,,,,12.0,12.0,4.0,0.3333,iqr_trimmed_quantiles,9.0,30.0,Low
139,26,Kogi,2024,1,0,0.0,1,,32.45,25.91857142857143,85.87714285714286,-22.553999999999995,-1.0340659678368131,0,0,138.94,0,82.2488935172216,29.904599188308,47.9019370619136,32.2082592818415,17.9570129436897,0.0,0,0,365,1644.0,22.0,1517.0,26,26,26,1,22,0,2024-06-24,6,2,1,2.0,12.0,,,0.0,0.0,4.0,0.3333,,,7.0,7.0,2.0,0.16665,iqr_trimmed_quantiles,9.0,30.0,Low
134,27,Kogi,2024,2,0,0.0,2,,21.91,26.0,85.23714285714286,-30.348000000000003,-1.2426185729695722,0,0,128.08,0,82.2488935172216,29.904599188308,47.9019370619136,32.2082592818415,17.9570129436897,0.0,0,0,365,1644.0,22.0,1517.0,27,27,27,1,22,0,2024-07-01,7,3,1,1.0,2.0,,,0.0,0.0,0.0,0.0,,,5.0,5.0,1.3333333333333333,0.11109999999999999,iqr_trimmed_quantiles,9.0,30.0,Low
129,28,Kogi,2024,2,0,0.0,2,,11.72,26.06714285714286,84.07000000000001,-16.183999999999997,-0.9667772918427568,0,0,98.51,0,82.2488935172216,29.904599188308,47.9019370619136,32.2082592818415,17.9570129436897,0.0,0,0,365,1644.0,22.0,1517.0,28,28,28,1,22,0,2024-07-08,7,3,1,2.0,1.0,12.0,,0.0,0.0,0.0,0.0,4.0,0.3333,4.25,4.25,1.0,0.083325,iqr_trimmed_quantiles,9.0,30.0,Low
120,29,Kogi,2024,5,0,0.0,5,,82.44,25.875714285714285,86.96285714285715,35.18,1.297627890276141,1,1,148.51999999999998,0,82.2488935172216,29.904599188308,47.9019370619136,32.2082592818415,17.9570129436897,0.0,0,0,365,1644.0,22.0,1517.0,29,29,29,1,22,0,2024-07-15,7,3,1,2.0,2.0,2.0,,0.0,0.0,0.0,0.0,0.0,0.0,1.75,3.8,0.0,0.0,iqr_trimmed_quantiles,9.0,30.0,Low
118,30,Kogi,2024,2,0,0.0,2,,22.49,25.88142857142857,84.91285714285713,-21.858,-0.9008929912391272,0,0,138.56,0,82.2488935172216,29.904599188308,47.9019370619136,32.2082592818415,17.9570129436897,0.0,0,0,365,1644.0,22.0,1517.0,30,30,30,1,22,0,2024-07-22,7,3,1,5.0,2.0,1.0,,0.0,0.0,0.0,0.0,0.0,0.0,2.5,4.0,0.0,0.0,iqr_trimmed_quantiles,9.0,30.0,Low
41,9,Kogi,2025,12,0,0.0,12,,58.160000000000004,29.732142857142858,56.64928571428571,4.674500000000001,0.14526030767210807,0,0,16.2625,0,82.2488935172216,29.904599188308,47.9019370619136,32.2082592818415,17.9570129436897,0.0,0,0,365,1644.0,22.0,1517.0,6-9,6,9,4,22,0,2025-02-24,2,1,0,2.0,5.0,2.0,,0.0,0.0,0.0,0.0,0.0,0.0,2.75,3.7142857142857144,0.0,0.0,iqr_trimmed_quantiles,9.0,30.0,Medium
577,27,Kwara,2021,14,0,0.0,14,,8.11,25.732857142857146,79.22428571428573,-33.388000000000005,-0.7872116977117422,0,0,137.97,0,77.8385518833185,28.3555720870985,45.4491559568794,30.7931355307584,18.7432459114042,0.0,0,0,365,1097.0,22.0,926.0,27,27,27,1,23,0,2021-07-05,7,3,1,,,,,,,,,,,,,,,iqr_trimmed_quantiles,9.0,30.0,Medium
482,37,Kwara,2021,5,2,0.4,5,,39.79,25.16142857142857,86.76714285714286,-4.0560000000000045,-0.396582263668351,0,0,204.17,0,77.8385518833185,28.3555720870985,45.4491559568794,30.7931355307584,18.7432459114042,0.0,0,0,365,1097.0,22.0,926.0,37,37,37,1,23,9,2021-09-13,9,3,1,14.0,,,,0.0,0.0,,,,,14.0,14.0,0.0,0.0,iqr_trimmed_quantiles,9.0,30.0,Low
364,50,Kwara,2021,15,1,0.0667,15,,26.77,22.99,66.24714285714286,21.354,1.7887412931023725,0,0,27.78,0,77.8385518833185,28.3555720870985,45.4491559568794,30.7931355307584,18.7432459114042,0.0,0,0,365,1097.0,22.0,926.0,50,50,50,1,23,12,2021-12-13,12,4,0,5.0,14.0,,,2.0,0.4,0.0,0.0,,,9.5,9.5,1.0,0.2,iqr_trimmed_quantiles,9.0,30.0,Medium
355,51,Kwara,2021,1,0,0.0,1,,0.0,23.43285714285714,63.631428571428565,-0.1,-0.447213595499958,0,0,27.37,0,77.8385518833185,28.3555720870985,45.4491559568794,30.7931355307584,18.7432459114042,0.0,0,0,365,1097.0,22.0,926.0,51,51,51,1,23,0,2021-12-20,12,4,0,15.0,5.0,,,1.0,0.0667,2.0,0.4,,,11.333333333333334,11.333333333333334,1.0,0.15556666666666666,iqr_trimmed_quantiles,9.0,30.0,Low
340,17,Kwara,2022,30,0,0.0,30,,118.34,26.483613445378154,61.63689075630253,2.523333333333333,0.42261923575610677,0,0,25.231764705882355,0,79.457946920672,28.9123382327651,46.5706755484283,31.4553515414556,18.4410066468131,0.0,0,0,365,1097.0,22.0,926.0,01-17,1,17,17,23,0,2022-04-25,4,2,1,1.0,15.0,14.0,,0.0,0.0,1.0,0.0667,0.0,0.0,8.75,8.75,0.75,0.116675,iqr_trimmed_quantiles,9.0,30.0,High
157,22,Kwara,2024,1,0,0.0,1,,17.89,28.395714285714288,75.05285714285715,-14.515999999999998,-0.6552187356506377,0,0,99.05999999999996,0,82.2488935172216,29.904599188308,47.9019370619136,32.2082592818415,17.9570129436897,0.0,0,0,365,1097.0,22.0,926.0,22,22,22,1,23,0,2024-05-27,5,2,1,30.0,1.0,5.0,,0.0,0.0,0.0,0.0,2.0,0.4,12.75,13.0,0.75,0.116675,iqr_trimmed_quantiles,9.0,30.0,Low
104,32,Kwara,2024,1,0,0.0,1,,2.35,27.057142857142857,73.56428571428572,-35.456,-1.2007127131903046,0,0,100.99999999999996,0,82.2488935172216,29.904599188308,47.9019370619136,32.2082592818415,17.9570129436897,0.0,0,0,365,1097.0,22.0,926.0,32,32,32,1,23,9,2024-08-05,8,3,1,1.0,30.0,15.0,,0.0,0.0,0.0,0.0,1.0,0.0667,11.75,11.0,0.25,0.016675,iqr_trimmed_quantiles,9.0,30.0,Low
406,45,Lagos,2021,3,0,0.0,3,,117.38,26.94142857142857,87.85857142857142,70.22999999999999,1.666782880132785,1,1,257.94,0,77.8385518833185,28.3555720870985,45.4491559568794,30.7931355307584,18.7432459114042,0.0,0,0,365,2798.0,117.0,2161.0,45,45,45,1,24,0,2021-11-08,11,4,0,,,,,,,,,,,,,,,iqr_trimmed_quantiles,9.0,30.0,Low
401,46,Lagos,2021,3,2,0.6667,3,,14.15,27.18857142857143,86.55,3.626,0.63995491111216,0,0,235.13,0,77.8385518833185,28.3555720870985,45.4491559568794,30.7931355307584,18.7432459114042,0.0,0,0,365,2798.0,117.0,2161.0,46,46,46,1,24,0,2021-11-15,11,4,0,3.0,,,,0.0,0.0,,,,,3.0,3.0,0.0,0.0,iqr_trimmed_quantiles,9.0,30.0,Low
384,48,Lagos,2021,1,0,0.0,1,,0.59,27.358571428571427,84.63857142857144,-13.174,-0.6046821857739342,0,0,146.01000000000002,0,77.8385518833185,28.3555720870985,45.4491559568794,30.7931355307584,18.7432459114042,0.0,0,0,365,2798.0,117.0,2161.0,48,48,48,1,24,1,2021-11-29,11,4,0,3.0,3.0,,,2.0,0.6667,0.0,0.0,,,3.0,3.0,1.0,0.33335,iqr_trimmed_quantiles,9.0,30.0,Low
374,49,Lagos,2021,3,0,0.0,3,,0.08,27.69428571428572,82.37857142857142,-3.84,-0.558379940190174,0,0,28.71,0,77.8385518833185,28.3555720870985,45.4491559568794,30.7931355307584,18.7432459114042,0.0,0,0,365,2798.0,117.0,2161.0,49,49,49,1,24,0,2021-12-06,12,4,0,1.0,3.0,,,0.0,0.0,2.0,0.6667,,,2.3333333333333335,2.3333333333333335,0.6666666666666666,0.2222333333333333,iqr_trimmed_quantiles,9.0,30.0,Low
363,50,Lagos,2021,13,1,0.0769,13,,0.63,27.02,78.15428571428572,-2.144,-0.3988895543820548,0,0,15.19,0,77.8385518833185,28.3555720870985,45.4491559568794,30.7931355307584,18.7432459114042,0.0,0,0,365,2798.0,117.0,2161.0,50,50,50,1,24,0,2021-12-13,12,4,0,3.0,1.0,3.0,,0.0,0.0,0.0,0.0,0.0,0.0,2.5,2.5,0.5,0.166675,iqr_trimmed_quantiles,9.0,30.0,Medium
352,51,Lagos,2021,38,0,0.0,38,,0.0,26.31,76.81142857142856,-4.555999999999999,-0.4491828170170091,0,0,1.2999999999999998,0,77.8385518833185,28.3555720870985,45.4491559568794,30.7931355307584,18.7432459114042,0.0,0,0,365,2798.0,117.0,2161.0,51,51,51,1,24,0,2021-12-20,12,4,0,13.0,3.0,3.0,,1.0,0.0769,0.0,0.0,2.0,0.6667,5.0,4.6,0.75,0.18589999999999998,iqr_trimmed_quantiles,9.0,30.0,High
346,52,Lagos,2021,9,0,0.0,9,,16.6,26.92,79.83714285714287,13.136,1.7873030268358825,0,0,17.310000000000002,0,77.8385518833185,28.3555720870985,45.4491559568794,30.7931355307584,18.7432459114042,0.0,0,0,365,2798.0,117.0,2161.0,52,52,52,1,24,0,2021-12-27,12,4,0,38.0,13.0,1.0,,0.0,0.0,1.0,0.0769,0.0,0.0,13.75,10.166666666666666,0.25,0.019225,iqr_trimmed_quantiles,9.0,30.0,Medium
338,17,Lagos,2022,33,1,0.0303,33,,272.75,27.132016806722692,82.38495798319326,-0.31596078431372565,-0.02292141889301179,0,0,45.27588235294118,0,79.457946920672,28.9123382327651,46.5706755484283,31.4553515414556,18.4410066468131,0.0,0,0,365,2798.0,117.0,2161.0,01-17,1,17,17,24,0,2022-04-25,4,2,1,9.0,38.0,3.0,,0.0,0.0,0.0,0.0,0.0,0.0,15.75,10.0,0.25,0.019225,iqr_trimmed_quantiles,9.0,30.0,High
152,23,Lagos,2024,99,3,0.0303,99,,51.08,27.282857142857143,88.34714285714287,-20.50000000000001,-0.4658592170451,0,0,192.95000000000005,0,82.2488935172216,29.904599188308,47.9019370619136,32.2082592818415,17.9570129436897,0.0,0,0,365,2798.0,117.0,2161.0,23,23,23,1,24,0,2024-06-03,6,2,1,33.0,9.0,13.0,3.0,1.0,0.0303,0.0,0.0,1.0,0.0769,23.25,12.875,0.5,0.026799999999999997,iqr_trimmed_quantiles,9.0,30.0,High
145,24,Lagos,2024,330,19,0.0576,330,,55.65,26.98428571428571,88.0942857142857,-15.43200000000001,-0.5131718755502556,0,0,219.42000000000004,0,82.2488935172216,29.904599188308,47.9019370619136,32.2082592818415,17.9570129436897,0.0,0,0,365,2798.0,117.0,2161.0,24,24,24,1,24,0,2024-06-10,6,2,1,99.0,33.0,38.0,3.0,3.0,0.0303,1.0,0.0303,0.0,0.0,44.75,24.875,1.0,0.01515,iqr_trimmed_quantiles,9.0,30.0,High
142,25,Lagos,2024,104,6,0.0577,104,,29.34,26.97714285714286,87.30857142857143,-24.765999999999995,-1.4141930374567384,0,0,157.33000000000004,0,82.2488935172216,29.904599188308,47.9019370619136,32.2082592818415,17.9570129436897,0.0,0,0,365,2798.0,117.0,2161.0,25,25,25,1,24,0,2024-06-17,6,2,1,330.0,99.0,9.0,1.0,19.0,0.0576,3.0,0.0303,0.0,0.0,117.75,65.75,5.75,0.02955,iqr_trimmed_quantiles,9.0,30.0,High
140,26,Lagos,2024,186,4,0.0215,186,,132.4,26.61285714285714,87.91285714285713,63.194,1.6828240574859796,1,1,268.47,0,82.2488935172216,29.904599188308,47.9019370619136,32.2082592818415,17.9570129436897,0.0,0,0,365,2798.0,117.0,2161.0,26,26,26,1,24,0,2024-06-24,6,2,1,104.0,330.0,33.0,3.0,6.0,0.0577,19.0,0.0576,1.0,0.0303,141.5,78.625,7.25,0.043975,iqr_trimmed_quantiles,9.0,30.0,High
135,27,Lagos,2024,102,2,0.0196,102,,76.83,26.231428571428573,88.93571428571428,19.51399999999999,0.911675451410092,1,0,294.22,0,82.2488935172216,29.904599188308,47.9019370619136,32.2082592818415,17.9570129436897,0.0,0,0,365,2798.0,117.0,2161.0,27,27,27,1,24,0,2024-07-01,7,3,1,186.0,104.0,99.0,13.0,4.0,0.0215,6.0,0.0577,3.0,0.0303,179.75,101.5,8.0,0.041775,iqr_trimmed_quantiles,9.0,30.0,High
130,28,Lagos,2024,355,11,0.031,355,,20.47,25.75714285714286,89.16,-38.88,-0.6221458892364331,0,0,259.04,0,82.2488935172216,29.904599188308,47.9019370619136,32.2082592818415,17.9570129436897,0.0,0,0,365,2798.0,117.0,2161.0,28,28,28,1,24,0,2024-07-08,7,3,1,102.0,186.0,330.0,38.0,2.0,0.0196,4.0,0.0215,19.0,0.0576,180.5,112.625,7.75,0.039099999999999996,iqr_trimmed_quantiles,9.0,30.0,High
121,29,Lagos,2024,162,3,0.0185,162,,13.9,25.535714285714285,88.96428571428571,-16.956000000000003,-0.5867484635685748,0,0,243.6,0,82.2488935172216,29.904599188308,47.9019370619136,32.2082592818415,17.9570129436897,0.0,0,0,365,2798.0,117.0,2161.0,29,29,29,1,24,0,2024-07-15,7,3,1,355.0,102.0,104.0,9.0,11.0,0.031,2.0,0.0196,6.0,0.0577,186.75,152.25,5.75,0.03245,iqr_trimmed_quantiles,9.0,30.0,High
113,30,Lagos,2024,101,1,0.0099,101,,3.44,25.481428571428573,87.89428571428572,-18.87,-0.8774564340611266,0,0,114.64000000000004,0,82.2488935172216,29.904599188308,47.9019370619136,32.2082592818415,17.9570129436897,0.0,0,0,365,2798.0,117.0,2161.0,30,30,30,1,24,0,2024-07-22,7,3,1,162.0,355.0,186.0,33.0,3.0,0.0185,11.0,0.031,4.0,0.0215,201.25,171.375,5.0,0.02265,iqr_trimmed_quantiles,9.0,30.0,High
111,31,Lagos,2024,48,1,0.0208,48,,8.14,25.424285714285716,87.03857142857143,-14.064,-0.7461886557714027,0,0,45.95000000000003,0,82.2488935172216,29.904599188308,47.9019370619136,32.2082592818415,17.9570129436897,0.0,0,0,365,2798.0,117.0,2161.0,31,31,31,1,24,0,2024-07-29,7,3,1,101.0,162.0,102.0,99.0,1.0,0.0099,3.0,0.0185,2.0,0.0196,180.0,179.875,4.25,0.019749999999999997,iqr_trimmed_quantiles,9.0,30.0,High
105,32,Lagos,2024,117,1,0.0085,117,,0.81,25.395714285714284,85.65714285714286,-25.184,-1.2191272071976456,0,0,26.290000000000028,0,82.2488935172216,29.904599188308,47.9019370619136,32.2082592818415,17.9570129436897,0.0,0,0,365,2798.0,117.0,2161.0,32,32,32,1,24,0,2024-08-05,8,3,1,48.0,101.0,355.0,330.0,1.0,0.0208,1.0,0.0099,11.0,0.031,166.5,173.5,4.0,0.02005,iqr_trimmed_quantiles,9.0,30.0,High
98,33,Lagos,2024,73,1,0.0137,73,,1.53,25.50714285714286,87.50285714285714,-31.738,-0.9843725447214998,0,0,13.920000000000028,0,82.2488935172216,29.904599188308,47.9019370619136,32.2082592818415,17.9570129436897,0.0,0,0,365,2798.0,117.0,2161.0,33,33,33,1,24,0,2024-08-12,8,3,1,117.0,48.0,162.0,104.0,1.0,0.0085,1.0,0.0208,3.0,0.0185,107.0,146.875,1.5,0.014425,iqr_trimmed_quantiles,9.0,30.0,High
95,34,Lagos,2024,89,0,0.0,89,,60.54,25.34857142857143,90.58285714285716,16.546,0.644558754602378,0,0,71.02000000000002,0,82.2488935172216,29.904599188308,47.9019370619136,32.2082592818415,17.9570129436897,0.0,0,0,365,2798.0,117.0,2161.0,34,34,34,1,24,0,2024-08-19,8,3,1,73.0,117.0,101.0,186.0,1.0,0.0137,1.0,0.0085,1.0,0.0099,84.75,143.0,1.0,0.013225,iqr_trimmed_quantiles,9.0,30.0,High
88,35,Lagos,2024,13,0,0.0,13,,21.46,25.335714285714285,90.05428571428571,-31.298,-0.8354277056645301,0,0,84.34000000000003,0,82.2488935172216,29.904599188308,47.9019370619136,32.2082592818415,17.9570129436897,0.0,0,0,365,2798.0,117.0,2161.0,35,35,35,1,24,0,2024-08-26,8,3,1,89.0,73.0,48.0,102.0,0.0,0.0,1.0,0.0137,1.0,0.0208,81.75,130.875,0.75,0.01075,iqr_trimmed_quantiles,9.0,30.0,Medium
83,36,Lagos,2024,56,1,0.0179,56,,17.41,25.43285714285714,87.80428571428571,-21.286,-0.5955343033097502,0,0,100.94000000000004,0,82.2488935172216,29.904599188308,47.9019370619136,32.2082592818415,17.9570129436897,0.0,0,0,365,2798.0,117.0,2161.0,36,36,36,1,24,0,2024-09-02,9,3,1,13.0,89.0,117.0,355.0,0.0,0.0,0.0,0.0,1.0,0.0085,73.0,119.75,0.5,0.00555,iqr_trimmed_quantiles,9.0,30.0,High
76,37,Lagos,2024,67,0,0.0,67,,73.37,25.722857142857144,90.60428571428572,13.814,1.320302723699731,1,0,172.78000000000003,0,82.2488935172216,29.904599188308,47.9019370619136,32.2082592818415,17.9570129436897,0.0,0,0,365,2798.0,117.0,2161.0,37,37,37,1,24,0,2024-09-09,9,3,1,56.0,13.0,73.0,162.0,1.0,0.0179,0.0,0.0,1.0,0.0137,57.75,82.375,0.5,0.0079,iqr_trimmed_quantiles,9.0,30.0,High
66,38,Lagos,2024,1,0,0.0,1,,26.14,25.98,89.6557142857143,-44.642,-1.585462381288539,0,0,138.38000000000005,0,82.2488935172216,29.904599188308,47.9019370619136,32.2082592818415,17.9570129436897,0.0,0,0,365,2798.0,117.0,2161.0,38,38,38,1,24,0,2024-09-16,9,3,1,67.0,56.0,89.0,101.0,0.0,0.0,1.0,0.0179,0.0,0.0,56.25,70.5,0.25,0.004475,iqr_trimmed_quantiles,9.0,30.0,Low
15,4,Lagos,2025,1,0,0.0,1,,1.9900000000000002,27.00214285714286,82.0475,-1.2573333333333334,-0.6276201899236007,0,0,0.7650000000000285,0,82.2488935172216,29.904599188308,47.9019370619136,32.2082592818415,17.9570129436897,0.0,0,0,365,2798.0,117.0,2161.0,1-4,1,4,4,24,0,2025-01-20,1,1,0,1.0,67.0,13.0,48.0,0.0,0.0,0.0,0.0,0.0,0.0,34.25,58.0,0.25,0.004475,iqr_trimmed_quantiles,9.0,30.0,Low
28,5,Lagos,2025,1,0,0.0,1,,9.67,27.327142857142857,82.44857142857143,6.263999999999999,1.4877147633177232,0,0,11.53000000000003,0,82.2488935172216,29.904599188308,47.9019370619136,32.2082592818415,17.9570129436897,0.0,0,0,365,2798.0,117.0,2161.0,5,5,5,1,24,0,2025-01-27,1,1,0,1.0,1.0,56.0,117.0,0.0,0.0,0.0,0.0,1.0,0.0179,31.25,52.125,0.25,0.004475,iqr_trimmed_quantiles,9.0,30.0,Low
42,9,Lagos,2025,1,0,0.0,1,,78.47,27.781071428571426,84.87857142857142,9.137,0.6506874807982963,0,0,37.18250000000003,0,82.2488935172216,29.904599188308,47.9019370619136,32.2082592818415,17.9570129436897,0.0,0,0,365,2798.0,117.0,2161.0,6-9,6,9,4,24,0,2025-02-24,2,1,0,1.0,1.0,67.0,73.0,0.0,0.0,0.0,0.0,0.0,0.0,17.5,37.625,0.0,0.0,iqr_trimmed_quantiles,9.0,30.0,Low
602,12,Nasarawa,2021,114,9,0.0789,114,,49.459999999999994,28.749880952380952,36.26630952380953,-0.453166666666667,-0.20184456317078833,0,0,10.405,0,77.8385518833185,28.3555720870985,45.4491559568794,30.7931355307584,18.7432459114042,0.0,0,0,365,1207.0,20.0,1110.0,1-12,1,12,12,25,0,2021-03-22,3,1,0,,,,,,,,,,,,,,,iqr_trimmed_quantiles,9.0,30.0,High
591,24,Nasarawa,2021,297,8,0.0269,297,,298.82,28.347261904761908,70.01190476190476,-9.417333333333334,0.1004123324556392,1,0,85.14416666666666,0,77.8385518833185,28.3555720870985,45.4491559568794,30.7931355307584,18.7432459114042,0.0,0,0,365,1207.0,20.0,1110.0,13-24,13,24,12,25,0,2021-06-14,6,2,1,114.0,,,,9.0,0.0789,,,,,114.0,114.0,9.0,0.0789,iqr_trimmed_quantiles,9.0,30.0,High
549,32,Nasarawa,2021,20,1,0.05,20,,50.57,24.885714285714283,87.83571428571429,15.516000000000004,0.7679410940935618,0,0,359.71000000000004,0,77.8385518833185,28.3555720870985,45.4491559568794,30.7931355307584,18.7432459114042,0.0,0,0,365,1207.0,20.0,1110.0,32,32,32,1,25,7,2021-08-09,8,3,1,297.0,114.0,,,8.0,0.0269,9.0,0.0789,,,205.5,205.5,8.5,0.0529,iqr_trimmed_quantiles,9.0,30.0,Medium
522,34,Nasarawa,2021,10,2,0.2,10,,26.04,25.237142857142857,86.54714285714286,-28.04,-0.6882603623883689,0,0,241.1500000000001,0,77.8385518833185,28.3555720870985,45.4491559568794,30.7931355307584,18.7432459114042,0.0,0,0,365,1207.0,20.0,1110.0,34,34,34,1,25,1,2021-08-23,8,3,1,20.0,297.0,,,1.0,0.05,8.0,0.0269,,,143.66666666666666,143.66666666666666,6.0,0.05193333333333333,iqr_trimmed_quantiles,9.0,30.0,Medium
506,35,Nasarawa,2021,1,0,0.0,1,,36.18,25.094285714285714,88.03857142857143,6.224,0.676533409112671,0,0,135.42000000000002,0,77.8385518833185,28.3555720870985,45.4491559568794,30.7931355307584,18.7432459114042,0.0,0,0,365,1207.0,20.0,1110.0,35,35,35,1,25,0,2021-08-30,8,3,1,10.0,20.0,114.0,,2.0,0.2,1.0,0.05,9.0,0.0789,110.25,110.25,5.0,0.08895,iqr_trimmed_quantiles,9.0,30.0,Low
468,38,Nasarawa,2021,9,0,0.0,9,,22.88,25.42142857142857,84.92142857142858,-1.1560000000000024,-0.1086585523075134,0,0,197.79,0,77.8385518833185,28.3555720870985,45.4491559568794,30.7931355307584,18.7432459114042,0.0,0,0,365,1207.0,20.0,1110.0,38,38,38,1,25,2,2021-09-20,9,3,1,1.0,10.0,297.0,,0.0,0.0,2.0,0.2,8.0,0.0269,82.0,88.4,2.75,0.06922500000000001,iqr_trimmed_quantiles,9.0,30.0,Medium
452,39,Nasarawa,2021,4,0,0.0,4,,25.55,25.83285714285714,86.40142857142858,-4.213999999999999,-0.4910827242648476,0,0,187.16,0,77.8385518833185,28.3555720870985,45.4491559568794,30.7931355307584,18.7432459114042,0.0,0,0,365,1207.0,20.0,1110.0,39,39,39,1,25,0,2021-09-27,9,3,1,9.0,1.0,20.0,,0.0,0.0,0.0,0.0,1.0,0.05,10.0,75.16666666666667,0.75,0.0625,iqr_trimmed_quantiles,9.0,30.0,Low
400,46,Nasarawa,2021,28,0,0.0,28,,56.120000000000005,25.87857142857143,66.66571428571429,44.878,1.7888532184663832,1,0,151.57000000000002,0,77.8385518833185,28.3555720870985,45.4491559568794,30.7931355307584,18.7432459114042,0.0,0,0,365,1207.0,20.0,1110.0,46,46,46,1,25,6,2021-11-15,11,4,0,4.0,9.0,10.0,,0.0,0.0,0.0,0.0,2.0,0.2,6.0,65.0,0.5,0.05,iqr_trimmed_quantiles,9.0,30.0,Medium
391,47,Nasarawa,2021,22,4,0.1818,22,,4.64,24.87857142857143,64.2357142857143,2.494,0.8360949828912256,0,0,118.68,0,77.8385518833185,28.3555720870985,45.4491559568794,30.7931355307584,18.7432459114042,0.0,0,0,365,1207.0,20.0,1110.0,47,47,47,1,25,0,2021-11-22,11,4,0,28.0,4.0,1.0,114.0,0.0,0.0,0.0,0.0,0.0,0.0,10.5,60.375,0.0,0.0,iqr_trimmed_quantiles,9.0,30.0,Medium
381,48,Nasarawa,2021,40,2,0.05,40,,4.24,24.07,62.512857142857136,3.3920000000000003,1.788854381999832,0,0,91.42000000000002,0,77.8385518833185,28.3555720870985,45.4491559568794,30.7931355307584,18.7432459114042,0.0,0,0,365,1207.0,20.0,1110.0,48,48,48,1,25,0,2021-11-29,11,4,0,22.0,28.0,9.0,297.0,4.0,0.1818,0.0,0.0,0.0,0.0,15.75,48.875,1.0,0.04545,iqr_trimmed_quantiles,9.0,30.0,High
371,49,Nasarawa,2021,21,0,0.0,21,,0.68,23.551428571428573,65.21428571428571,0.5,1.6932136536964908,0,0,65.67999999999999,0,77.8385518833185,28.3555720870985,45.4491559568794,30.7931355307584,18.7432459114042,0.0,0,0,365,1207.0,20.0,1110.0,49,49,49,1,25,0,2021-12-06,12,4,0,40.0,22.0,4.0,20.0,2.0,0.05,4.0,0.1818,0.0,0.0,23.5,16.75,1.5,0.05795,iqr_trimmed_quantiles,9.0,30.0,Medium
362,50,Nasarawa,2021,40,4,0.1,40,,0.0,22.74428571428572,61.44857142857143,-0.03,-0.4472135954999578,0,0,9.56,0,77.8385518833185,28.3555720870985,45.4491559568794,30.7931355307584,18.7432459114042,0.0,0,0,365,1207.0,20.0,1110.0,50,50,50,1,25,0,2021-12-13,12,4,0,21.0,40.0,28.0,10.0,0.0,0.0,2.0,0.05,0.0,0.0,27.75,16.875,1.5,0.05795,iqr_trimmed_quantiles,9.0,30.0,High
354,51,Nasarawa,2021,16,0,0.0,16,,8.25,22.77142857142857,60.951428571428565,6.6,1.7888543819998317,0,0,13.170000000000002,0,77.8385518833185,28.3555720870985,45.4491559568794,30.7931355307584,18.7432459114042,0.0,0,0,365,1207.0,20.0,1110.0,51,51,51,1,25,0,2021-12-20,12,4,0,40.0,21.0,22.0,1.0,4.0,0.1,0.0,0.0,4.0,0.1818,30.75,20.625,2.5,0.08295,iqr_trimmed_quantiles,9.0,30.0,Medium
349,52,Nasarawa,2021,6,0,0.0,6,,15.2,23.868571428571425,58.65285714285714,12.16,1.7888543819998322,0,0,24.130000000000003,0,77.8385518833185,28.3555720870985,45.4491559568794,30.7931355307584,18.7432459114042,0.0,0,0,365,1207.0,20.0,1110.0,52,52,52,1,25,0,2021-12-27,12,4,0,16.0,40.0,40.0,9.0,0.0,0.0,4.0,0.1,2.0,0.05,29.25,22.5,1.5,0.037500000000000006,iqr_trimmed_quantiles,9.0,30.0,Low
344,17,Nasarawa,2022,2,0,0.0,2,,433.37,26.020336134453782,60.436470588235295,16.065411764705882,0.9559385045134154,1,1,66.26529411764706,0,79.457946920672,28.9123382327651,46.5706755484283,31.4553515414556,18.4410066468131,0.0,0,0,365,1207.0,20.0,1110.0,01-17,1,17,17,25,0,2022-04-25,4,2,1,6.0,16.0,21.0,4.0,0.0,0.0,0.0,0.0,0.0,0.0,20.75,22.125,1.0,0.025,iqr_trimmed_quantiles,9.0,30.0,Low
43,9,Nasarawa,2025,5,0,0.0,5,,7.7,29.941785714285714,30.79678571428571,-0.27249999999999996,-0.413006978221122,0,0,2.04,0,82.2488935172216,29.904599188308,47.9019370619136,32.2082592818415,17.9570129436897,0.0,0,0,365,1207.0,20.0,1110.0,6-9,6,9,4,25,0,2025-02-24,2,1,0,2.0,6.0,40.0,28.0,0.0,0.0,0.0,0.0,4.0,0.1,16.0,21.875,1.0,0.025,iqr_trimmed_quantiles,9.0,30.0,Low
583,25,Niger,2021,62,4,0.0645,62,,124.36,25.72571428571428,84.79285714285713,66.11599999999999,1.336161060798244,1,1,312.74,0,77.8385518833185,28.3555720870985,45.4491559568794,30.7931355307584,18.7432459114042,0.0,0,0,365,2201.0,27.0,2084.0,25,25,25,1,26,0,2021-06-21,6,2,1,,,,,,,,,,,,,,,iqr_trimmed_quantiles,9.0,30.0,High
574,27,Niger,2021,70,2,0.0286,70,,17.63,25.512857142857143,83.72142857142856,-22.079999999999995,-0.5924089317739549,0,0,225.56,0,77.8385518833185,28.3555720870985,45.4491559568794,30.7931355307584,18.7432459114042,0.0,0,0,365,2201.0,27.0,2084.0,27,27,27,1,26,1,2021-07-05,7,3,1,62.0,,,,4.0,0.0645,,,,,62.0,62.0,4.0,0.0645,iqr_trimmed_quantiles,9.0,30.0,High
554,30,Niger,2021,183,6,0.0328,183,,76.01,24.801428571428573,87.17857142857143,35.25800000000001,1.6420282061856095,1,0,201.98,0,77.8385518833185,28.3555720870985,45.4491559568794,30.7931355307584,18.7432459114042,0.0,0,0,365,2201.0,27.0,2084.0,30,30,30,1,26,2,2021-07-26,7,3,1,70.0,62.0,,,2.0,0.0286,4.0,0.0645,,,66.0,66.0,3.0,0.04655,iqr_trimmed_quantiles,9.0,30.0,High
547,32,Niger,2021,33,0,0.0,33,,81.56,24.717142857142857,89.74714285714286,25.364,0.6211514500885477,1,0,357.41,0,77.8385518833185,28.3555720870985,45.4491559568794,30.7931355307584,18.7432459114042,0.0,0,0,365,2201.0,27.0,2084.0,32,32,32,1,26,1,2021-08-09,8,3,1,183.0,70.0,,,6.0,0.0328,2.0,0.0286,,,105.0,105.0,4.0,0.04196666666666667,iqr_trimmed_quantiles,9.0,30.0,High
534,33,Niger,2021,79,7,0.0886,79,,105.61,24.617142857142856,88.71571428571428,48.708,1.6613541919040402,1,1,424.29,0,77.8385518833185,28.3555720870985,45.4491559568794,30.7931355307584,18.7432459114042,0.0,0,0,365,2201.0,27.0,2084.0,33,33,33,1,26,0,2021-08-16,8,3,1,33.0,183.0,62.0,,0.0,0.0,6.0,0.0328,4.0,0.0645,87.0,87.0,3.0,0.031475,iqr_trimmed_quantiles,9.0,30.0,High
517,34,Niger,2021,78,3,0.0385,78,,89.38,25.18142857142857,88.64857142857143,31.212000000000003,1.2017383793861292,1,0,437.66,0,77.8385518833185,28.3555720870985,45.4491559568794,30.7931355307584,18.7432459114042,0.0,0,0,365,2201.0,27.0,2084.0,34,34,34,1,26,0,2021-08-23,8,3,1,79.0,33.0,70.0,,7.0,0.0886,0.0,0.0,2.0,0.0286,91.25,85.4,3.75,0.0375,iqr_trimmed_quantiles,9.0,30.0,High
507,35,Niger,2021,94,3,0.0319,94,,45.04,25.385714285714283,86.62142857142858,-3.4480000000000004,-0.2125009637701754,0,0,321.59,0,77.8385518833185,28.3555720870985,45.4491559568794,30.7931355307584,18.7432459114042,0.0,0,0,365,2201.0,27.0,2084.0,35,35,35,1,26,0,2021-08-30,8,3,1,78.0,79.0,183.0,,3.0,0.0385,7.0,0.0886,6.0,0.0328,93.25,84.16666666666667,4.0,0.039975,iqr_trimmed_quantiles,9.0,30.0,High
493,36,Niger,2021,1,0,0.0,1,,120.06,25.65714285714285,85.35571428571428,58.932,1.6200625870369665,1,1,360.09000000000003,0,77.8385518833185,28.3555720870985,45.4491559568794,30.7931355307584,18.7432459114042,0.0,0,0,365,2201.0,27.0,2084.0,36,36,36,1,26,0,2021-09-06,9,3,1,94.0,78.0,33.0,,3.0,0.0319,3.0,0.0385,0.0,0.0,71.0,85.57142857142857,3.25,0.03975,iqr_trimmed_quantiles,9.0,30.0,Low
464,38,Niger,2021,72,2,0.0278,72,,43.19,25.835714285714285,83.58428571428571,-1.5300000000000011,-0.09207893178298,0,0,270.72,0,77.8385518833185,28.3555720870985,45.4491559568794,30.7931355307584,18.7432459114042,0.0,0,0,365,2201.0,27.0,2084.0,38,38,38,1,26,1,2021-09-20,9,3,1,1.0,94.0,79.0,62.0,0.0,0.0,3.0,0.0319,7.0,0.0886,63.0,75.0,3.25,0.03975,iqr_trimmed_quantiles,9.0,30.0,High
436,41,Niger,2021,49,4,0.0816,49,,25.82,26.72,79.8157142857143,-2.655999999999999,-0.300561489762254,0,0,183.02,0,77.8385518833185,28.3555720870985,45.4491559568794,30.7931355307584,18.7432459114042,0.0,0,0,365,2201.0,27.0,2084.0,41,41,41,1,26,2,2021-10-11,10,4,1,72.0,1.0,78.0,70.0,2.0,0.0278,0.0,0.0,3.0,0.0385,61.25,76.25,2.0,0.024549999999999995,iqr_trimmed_quantiles,9.0,30.0,High
419,43,Niger,2021,1,0,0.0,1,,18.08,25.985714285714288,77.1557142857143,6.013999999999999,0.5615526246749475,0,0,139.48000000000002,0,77.8385518833185,28.3555720870985,45.4491559568794,30.7931355307584,18.7432459114042,0.0,0,0,365,2201.0,27.0,2084.0,43,43,43,1,26,1,2021-10-25,10,4,1,49.0,72.0,94.0,183.0,4.0,0.0816,2.0,0.0278,3.0,0.0319,54.0,73.625,2.25,0.035324999999999995,iqr_trimmed_quantiles,9.0,30.0,Low
326,21,Niger,2022,1,0,0.0,1,,313.6,27.229642857142856,81.21392857142857,36.245,0.9393323339097456,1,1,237.39250000000004,0,79.457946920672,28.9123382327651,46.5706755484283,31.4553515414556,18.4410066468131,0.0,0,0,365,2201.0,27.0,2084.0,18-21,18,21,4,26,0,2022-05-23,5,2,1,1.0,49.0,1.0,33.0,0.0,0.0,4.0,0.0816,0.0,0.0,30.75,50.875,1.5,0.027349999999999996,iqr_trimmed_quantiles,9.0,30.0,Low
238,4,Niger,2023,38,2,0.0526,38,,0.06,22.184642857142858,58.75071428571429,-2.9435000000000007,0.11533599822129326,0,0,0.0150000000000142,0,81.0772897042816,29.4651386798622,47.7155813553496,32.1314589229297,18.1372592328994,0.0,0,0,365,2201.0,27.0,2084.0,1-4,1,4,4,26,0,2023-01-23,1,1,0,1.0,1.0,72.0,79.0,0.0,0.0,0.0,0.0,2.0,0.0278,30.75,46.875,1.5,0.027349999999999996,iqr_trimmed_quantiles,9.0,30.0,High
223,17,Niger,2023,2,0,0.0,2,,35.83,28.388571428571428,69.8925,-7.343499999999999,-0.41791455534911337,0,0,60.08500000000008,0,81.0772897042816,29.4651386798622,47.7155813553496,32.1314589229297,18.1372592328994,0.0,0,0,365,2201.0,27.0,2084.0,14-17,14,17,4,26,9,2023-04-24,4,2,1,38.0,1.0,49.0,78.0,2.0,0.0526,0.0,0.0,4.0,0.0816,22.25,41.75,1.5,0.033549999999999996,iqr_trimmed_quantiles,9.0,30.0,Low
210,26,Niger,2023,10,2,0.2,10,,183.43,26.660857142857147,83.53799999999998,-24.5856,-0.6293862074236152,0,0,155.46800000000007,0,81.0772897042816,29.4651386798622,47.7155813553496,32.1314589229297,18.1372592328994,0.0,0,0,365,2201.0,27.0,2084.0,22-26,22,26,5,26,4,2023-06-26,6,2,1,2.0,38.0,1.0,94.0,0.0,0.0,2.0,0.0526,0.0,0.0,10.5,32.25,0.5,0.013149999999999993,iqr_trimmed_quantiles,9.0,30.0,Medium
204,30,Niger,2023,2,0,0.0,2,,164.39999999999998,26.34964285714286,85.07321428571429,-4.867499999999999,-0.23926182290260958,0,0,155.8100000000001,0,81.0772897042816,29.4651386798622,47.7155813553496,32.1314589229297,18.1372592328994,0.0,0,0,365,2201.0,27.0,2084.0,27-30,27,30,4,26,0,2023-07-24,7,3,1,10.0,2.0,1.0,1.0,2.0,0.2,0.0,0.0,0.0,0.0,12.75,21.75,1.0,0.06315,iqr_trimmed_quantiles,9.0,30.0,Low
193,34,Niger,2023,2,2,1.0,2,,246.32,25.874285714285715,86.11178571428573,4.4484999999999975,0.06689865073177897,1,1,212.65000000000006,0,81.0772897042816,29.4651386798622,47.7155813553496,32.1314589229297,18.1372592328994,0.0,0,0,365,2201.0,27.0,2084.0,31-34,31,34,4,26,0,2023-08-21,8,3,1,2.0,10.0,38.0,72.0,0.0,0.0,2.0,0.2,2.0,0.0526,13.0,21.875,1.0,0.06315,iqr_trimmed_quantiles,9.0,30.0,Low
179,47,Niger,2023,34,8,0.2353,34,,17.38,26.255714285714284,69.98535714285714,-25.4015,0.1545604246637975,0,0,23.425000000000054,0,81.0772897042816,29.4651386798622,47.7155813553496,32.1314589229297,18.1372592328994,0.0,0,0,365,2201.0,27.0,2084.0,44-47,44,47,4,26,9,2023-11-20,11,4,0,2.0,2.0,2.0,49.0,2.0,1.0,0.0,0.0,0.0,0.0,4.0,13.125,1.0,0.3,iqr_trimmed_quantiles,9.0,30.0,High
136,27,Niger,2024,2,0,0.0,2,,15.93,26.41857142857143,84.08285714285715,-23.779999999999998,-0.6380201267022033,0,0,310.51000000000005,0,82.2488935172216,29.904599188308,47.9019370619136,32.2082592818415,17.9570129436897,0.0,0,0,365,2201.0,27.0,2084.0,27,27,27,1,26,0,2024-07-01,7,3,1,34.0,2.0,10.0,1.0,8.0,0.2353,2.0,1.0,2.0,0.2,12.0,11.25,3.0,0.358825,iqr_trimmed_quantiles,9.0,30.0,Low
89,35,Niger,2024,1,0,0.0,1,,72.2,25.314285714285717,88.63857142857144,23.712000000000003,1.4613755373893274,1,0,178.27000000000007,0,82.2488935172216,29.904599188308,47.9019370619136,32.2082592818415,17.9570129436897,0.0,0,0,365,2201.0,27.0,2084.0,35,35,35,1,26,7,2024-08-26,8,3,1,2.0,34.0,2.0,1.0,0.0,0.0,8.0,0.2353,0.0,0.0,10.0,11.375,2.5,0.308825,iqr_trimmed_quantiles,9.0,30.0,Low
67,38,Niger,2024,9,0,0.0,9,,55.54,25.775714285714287,86.35142857142857,10.82,0.6511725763998979,0,0,253.82000000000008,0,82.2488935172216,29.904599188308,47.9019370619136,32.2082592818415,17.9570129436897,0.0,0,0,365,2201.0,27.0,2084.0,38,38,38,1,26,2,2024-09-16,9,3,1,1.0,2.0,2.0,38.0,0.0,0.0,0.0,0.0,2.0,1.0,9.75,11.375,2.5,0.308825,iqr_trimmed_quantiles,9.0,30.0,Medium
16,4,Niger,2025,33,3,0.0909,33,,0.0,24.11321428571429,49.794642857142854,-2.9585000000000004,-0.45988774341423455,0,0,0.0,0,82.2488935172216,29.904599188308,47.9019370619136,32.2082592818415,17.9570129436897,0.0,0,0,365,2201.0,27.0,2084.0,1-4,1,4,4,26,0,2025-01-20,1,1,0,9.0,1.0,34.0,2.0,0.0,0.0,0.0,0.0,8.0,0.2353,11.5,7.75,2.0,0.058825,iqr_trimmed_quantiles,9.0,30.0,High
494,36,Ogun,2021,8,1,0.125,8,,40.6,25.414285714285715,89.76714285714286,-1.759999999999998,-0.0508822627447138,0,0,362.29,0,77.8385518833185,28.3555720870985,45.4491559568794,30.7931355307584,18.7432459114042,0.0,0,0,365,1993.0,56.0,1555.0,36,36,36,1,27,0,2021-09-06,9,3,1,,,,,,,,,,,,,,,iqr_trimmed_quantiles,9.0,30.0,Low
425,43,Ogun,2021,10,2,0.2,10,,33.42,25.90571428571429,90.23,2.9080000000000013,0.180767043733427,0,0,155.16000000000005,0,77.8385518833185,28.3555720870985,45.4491559568794,30.7931355307584,18.7432459114042,0.0,0,0,365,1993.0,56.0,1555.0,43,43,43,1,27,6,2021-10-25,10,4,1,8.0,,,,1.0,0.125,,,,,8.0,8.0,1.0,0.125,iqr_trimmed_quantiles,9.0,30.0,Medium
411,44,Ogun,2021,2,0,0.0,2,,46.84,25.795714285714286,90.32714285714285,10.338000000000008,0.5950553469843992,0,0,149.66000000000005,0,77.8385518833185,28.3555720870985,45.4491559568794,30.7931355307584,18.7432459114042,0.0,0,0,365,1993.0,56.0,1555.0,44,44,44,1,27,0,2021-11-01,11,4,0,10.0,8.0,,,2.0,0.2,1.0,0.125,,,9.0,9.0,1.5,0.1625,iqr_trimmed_quantiles,9.0,30.0,Low
183,47,Ogun,2023,7,6,0.8571,7,,113.52000000000001,26.35785714285715,89.55892857142857,4.9090000000000025,0.36678397025905396,0,0,112.335,0,81.0772897042816,29.4651386798622,47.7155813553496,32.1314589229297,18.1372592328994,0.0,0,0,365,1993.0,56.0,1555.0,44-47,44,47,4,27,0,2023-11-20,11,4,0,2.0,10.0,,,0.0,0.0,2.0,0.2,,,6.666666666666667,6.666666666666667,1.0,0.10833333333333334,iqr_trimmed_quantiles,9.0,30.0,Low
172,51,Ogun,2023,7,1,0.1429,7,,3.92,25.788571428571426,78.37428571428572,-3.4090000000000007,-0.45433598882878967,0,0,36.66749999999997,0,81.0772897042816,29.4651386798622,47.7155813553496,32.1314589229297,18.1372592328994,0.0,0,0,365,1993.0,56.0,1555.0,48-51,48,51,4,27,0,2023-12-18,12,4,0,7.0,2.0,8.0,,6.0,0.8571,0.0,0.0,1.0,0.125,6.75,6.75,2.25,0.295525,iqr_trimmed_quantiles,9.0,30.0,Low
162,8,Ogun,2024,1,0,0.0,1,,45.21,27.978571428571428,83.41285714285713,31.826,1.736217624837886,0,0,46.70999999999997,0,82.2488935172216,29.904599188308,47.9019370619136,32.2082592818415,17.9570129436897,0.0,0,0,365,1993.0,56.0,1555.0,8,8,8,1,27,0,2024-02-19,2,1,0,7.0,7.0,10.0,,1.0,0.1429,6.0,0.8571,2.0,0.2,6.5,6.8,2.25,0.3,iqr_trimmed_quantiles,9.0,30.0,Low
153,23,Ogun,2024,3,0,0.0,3,,42.21,26.49571428571429,90.39571428571428,-26.68200000000001,-0.6191529377938475,0,0,184.72,0,82.2488935172216,29.904599188308,47.9019370619136,32.2082592818415,17.9570129436897,0.0,0,0,365,1993.0,56.0,1555.0,23,23,23,1,27,14,2024-06-03,6,2,1,1.0,7.0,2.0,,0.0,0.0,1.0,0.1429,0.0,0.0,4.25,5.833333333333333,1.75,0.25,iqr_trimmed_quantiles,9.0,30.0,Low
146,24,Ogun,2024,8,0,0.0,8,,54.35,26.20285714285714,90.74857142857142,-18.737999999999992,-0.7255496684237254,0,0,216.07,0,82.2488935172216,29.904599188308,47.9019370619136,32.2082592818415,17.9570129436897,0.0,0,0,365,1993.0,56.0,1555.0,24,24,24,1,27,0,2024-06-10,6,2,1,3.0,1.0,7.0,,0.0,0.0,0.0,0.0,6.0,0.8571,4.5,5.428571428571429,1.75,0.25,iqr_trimmed_quantiles,9.0,30.0,Low
143,25,Ogun,2024,8,1,0.125,8,,22.76,26.29142857142857,89.12571428571428,-29.724,-1.4804598561031628,0,0,144.01999999999998,0,82.2488935172216,29.904599188308,47.9019370619136,32.2082592818415,17.9570129436897,0.0,0,0,365,1993.0,56.0,1555.0,25,25,25,1,27,0,2024-06-17,6,2,1,8.0,3.0,7.0,8.0,0.0,0.0,0.0,0.0,1.0,0.1429,4.75,5.75,0.25,0.035725,iqr_trimmed_quantiles,9.0,30.0,Low
116,30,Ogun,2024,2,0,0.0,2,,5.42,25.318571428571428,87.75142857142858,-22.346000000000004,-1.0078555306356944,0,0,130.36,0,82.2488935172216,29.904599188308,47.9019370619136,32.2082592818415,17.9570129436897,0.0,0,0,365,1993.0,56.0,1555.0,30,30,30,1,27,4,2024-07-22,7,3,1,8.0,8.0,1.0,10.0,1.0,0.125,0.0,0.0,0.0,0.0,5.0,5.75,0.25,0.03125,iqr_trimmed_quantiles,9.0,30.0,Low
112,31,Ogun,2024,2,0,0.0,2,,10.26,25.21857142857143,87.32142857142857,-16.681999999999995,-0.7487481546111712,0,0,64.67,0,82.2488935172216,29.904599188308,47.9019370619136,32.2082592818415,17.9570129436897,0.0,0,0,365,1993.0,56.0,1555.0,31,31,31,1,27,0,2024-07-29,7,3,1,2.0,8.0,3.0,2.0,0.0,0.0,1.0,0.125,0.0,0.0,5.25,4.75,0.25,0.03125,iqr_trimmed_quantiles,9.0,30.0,Low
99,33,Ogun,2024,1,0,0.0,1,,2.34,25.32428571428571,87.21000000000001,-41.056,-1.0883951602047848,0,0,19.41,0,82.2488935172216,29.904599188308,47.9019370619136,32.2082592818415,17.9570129436897,0.0,0,0,365,1993.0,56.0,1555.0,33,33,33,1,27,1,2024-08-12,8,3,1,2.0,2.0,8.0,7.0,0.0,0.0,0.0,0.0,0.0,0.0,5.0,4.75,0.25,0.03125,iqr_trimmed_quantiles,9.0,30.0,Low
68,38,Ogun,2024,53,0,0.0,53,,42.23,25.66,89.5457142857143,-29.846,-1.467664377421785,0,0,168.76,0,82.2488935172216,29.904599188308,47.9019370619136,32.2082592818415,17.9570129436897,0.0,0,0,365,1993.0,56.0,1555.0,38,38,38,1,27,4,2024-09-16,9,3,1,1.0,2.0,8.0,7.0,0.0,0.0,0.0,0.0,1.0,0.125,3.25,4.0,0.25,0.03125,iqr_trimmed_quantiles,9.0,30.0,High
395,47,Ondo,2021,1,0,0.0,1,,16.43,25.00142857142857,84.56285714285715,5.501999999999999,0.399162316494056,0,0,479.75,0,77.8385518833185,28.3555720870985,45.4491559568794,30.7931355307584,18.7432459114042,0.0,0,0,365,1096.0,31.0,1008.0,47,47,47,1,28,0,2021-11-22,11,4,0,,,,,,,,,,,,,,,iqr_trimmed_quantiles,9.0,30.0,Low
386,48,Ondo,2021,5,0,0.0,5,,28.55,25.057142857142857,82.45,20.462000000000003,1.7663946016599807,0,0,454.01,0,77.8385518833185,28.3555720870985,45.4491559568794,30.7931355307584,18.7432459114042,0.0,0,0,365,1096.0,31.0,1008.0,48,48,48,1,28,0,2021-11-29,11,4,0,1.0,,,,0.0,0.0,,,,,1.0,1.0,0.0,0.0,iqr_trimmed_quantiles,9.0,30.0,Low
376,49,Ondo,2021,4,0,0.0,4,,15.92,24.48,76.83142857142857,10.192,1.3109793708805275,0,0,281.46,0,77.8385518833185,28.3555720870985,45.4491559568794,30.7931355307584,18.7432459114042,0.0,0,0,365,1096.0,31.0,1008.0,49,49,49,1,28,0,2021-12-06,12,4,0,5.0,1.0,,,0.0,0.0,0.0,0.0,,,3.0,3.0,0.0,0.0,iqr_trimmed_quantiles,9.0,30.0,Low
366,50,Ondo,2021,2,0,0.0,2,,225.07,23.29714285714286,78.50285714285714,178.064,1.7882754782365713,1,1,285.97,0,77.8385518833185,28.3555720870985,45.4491559568794,30.7931355307584,18.7432459114042,0.0,0,0,365,1096.0,31.0,1008.0,50,50,50,1,28,0,2021-12-13,12,4,0,4.0,5.0,,,0.0,0.0,0.0,0.0,,,3.3333333333333335,3.3333333333333335,0.0,0.0,iqr_trimmed_quantiles,9.0,30.0,Low
337,17,Ondo,2022,41,0,0.0,41,,499.4,24.38142857142857,81.63966386554621,10.596294117647059,0.734901146345415,0,0,125.16235294117645,0,79.457946920672,28.9123382327651,46.5706755484283,31.4553515414556,18.4410066468131,0.0,0,0,365,1096.0,31.0,1008.0,01-17,1,17,17,28,0,2022-04-25,4,2,1,2.0,4.0,1.0,,0.0,0.0,0.0,0.0,0.0,0.0,3.0,3.0,0.0,0.0,iqr_trimmed_quantiles,9.0,30.0,High
316,26,Ondo,2022,74,0,0.0,74,,362.6700000000001,23.976285714285712,91.48085714285713,7.601200000000001,0.017014435928802252,1,1,262.28000000000003,0,79.457946920672,28.9123382327651,46.5706755484283,31.4553515414556,18.4410066468131,0.0,0,0,365,1096.0,31.0,1008.0,22-26,22,26,5,28,4,2022-06-27,6,2,1,41.0,2.0,5.0,,0.0,0.0,0.0,0.0,0.0,0.0,13.0,10.6,0.0,0.0,iqr_trimmed_quantiles,9.0,30.0,High
240,4,Ondo,2023,10,32,3.2,10,,3.3000000000000003,23.587857142857146,69.045,-4.25475,-0.2257689086735976,0,0,2.5125,0,81.0772897042816,29.4651386798622,47.7155813553496,32.1314589229297,18.1372592328994,0.0,0,0,365,1096.0,31.0,1008.0,1-4,1,4,4,28,0,2023-01-23,1,1,0,74.0,41.0,4.0,,0.0,0.0,0.0,0.0,0.0,0.0,30.25,21.166666666666668,0.0,0.0,iqr_trimmed_quantiles,9.0,30.0,Medium
211,26,Ondo,2023,7,0,0.0,7,,402.55,24.519714285714286,91.05857142857144,15.5772,0.43251981841837195,1,1,301.858,0,81.0772897042816,29.4651386798622,47.7155813553496,32.1314589229297,18.1372592328994,0.0,0,0,365,1096.0,31.0,1008.0,22-26,22,26,5,28,17,2023-06-26,6,2,1,10.0,74.0,2.0,,32.0,3.2,0.0,0.0,0.0,0.0,31.75,19.571428571428573,8.0,0.8,iqr_trimmed_quantiles,9.0,30.0,Low
17,4,Ondo,2025,2,0,0.0,2,,0.32,24.973928571428573,70.45571428571428,-4.99975,-0.5719395750305747,0,0,0.10249999999997156,0,82.2488935172216,29.904599188308,47.9019370619136,32.2082592818415,17.9570129436897,0.0,0,0,365,1096.0,31.0,1008.0,1-4,1,4,4,28,0,2025-01-20,1,1,0,7.0,10.0,41.0,1.0,0.0,0.0,32.0,3.2,0.0,0.0,33.0,18.0,8.0,0.8,iqr_trimmed_quantiles,9.0,30.0,Low
385,48,Osun,2021,9,0,0.0,9,,10.46,25.585714285714285,83.59714285714286,4.144000000000001,0.797177689675166,0,0,327.79,0,77.8385518833185,28.3555720870985,45.4491559568794,30.7931355307584,18.7432459114042,0.0,0,0,365,1729.0,42.0,1616.0,48,48,48,1,29,0,2021-11-29,11,4,0,,,,,,,,,,,,,,,iqr_trimmed_quantiles,9.0,30.0,Medium
244,4,Osun,2023,1,0,0.0,1,,2.54,24.09857142857143,73.625,-2.04975,-0.09985718245121829,0,0,1.1275,0,81.0772897042816,29.4651386798622,47.7155813553496,32.1314589229297,18.1372592328994,0.0,0,0,365,1729.0,42.0,1616.0,1-4,1,4,4,29,0,2023-01-23,1,1,0,9.0,,,,0.0,0.0,,,,,9.0,9.0,0.0,0.0,iqr_trimmed_quantiles,9.0,30.0,Low
187,47,Osun,2023,1,0,0.0,1,,163.93,25.491428571428575,89.88607142857143,3.6014999999999997,0.5477065906467512,0,0,159.85249999999996,0,81.0772897042816,29.4651386798622,47.7155813553496,32.1314589229297,18.1372592328994,0.0,0,0,365,1729.0,42.0,1616.0,44-47,44,47,4,29,39,2023-11-20,11,4,0,1.0,9.0,,,0.0,0.0,0.0,0.0,,,5.0,5.0,0.0,0.0,iqr_trimmed_quantiles,9.0,30.0,Low
163,8,Osun,2024,2,0,0.0,2,,34.6,26.99285714285714,81.09857142857143,18.174000000000003,1.479408676725496,0,0,36.120000000000005,0,82.2488935172216,29.904599188308,47.9019370619136,32.2082592818415,17.9570129436897,0.0,0,0,365,1729.0,42.0,1616.0,8,8,8,1,29,0,2024-02-19,2,1,0,1.0,1.0,,,0.0,0.0,0.0,0.0,,,3.6666666666666665,3.6666666666666665,0.0,0.0,iqr_trimmed_quantiles,9.0,30.0,Low
18,4,Osun,2025,2,0,0.0,2,,0.6499999999999999,24.855,76.40785714285714,-2.5222499999999997,-0.5873669178558504,0,0,0.23999999999999994,0,82.2488935172216,29.904599188308,47.9019370619136,32.2082592818415,17.9570129436897,0.0,0,0,365,1729.0,42.0,1616.0,1-4,1,4,4,29,0,2025-01-20,1,1,0,2.0,1.0,9.0,,0.0,0.0,0.0,0.0,0.0,0.0,3.25,3.25,0.0,0.0,iqr_trimmed_quantiles,9.0,30.0,Low
44,9,Osun,2025,2,0,0.0,2,,46.21000000000001,26.322142857142858,82.42285714285714,-0.817499999999999,-0.17395340180745528,0,0,18.7875,0,82.2488935172216,29.904599188308,47.9019370619136,32.2082592818415,17.9570129436897,0.0,0,0,365,1729.0,42.0,1616.0,6-9,6,9,4,29,1,2025-02-24,2,1,0,2.0,2.0,1.0,,0.0,0.0,0.0,0.0,0.0,0.0,1.5,3.0,0.0,0.0,iqr_trimmed_quantiles,9.0,30.0,Low
455,39,Oyo,2021,32,0,0.0,32,,89.05,25.05,90.03285714285714,-3.940000000000012,-0.0901590818678731,0,0,334.05999999999995,0,77.8385518833185,28.3555720870985,45.4491559568794,30.7931355307584,18.7432459114042,0.0,0,0,365,2045.0,79.0,1639.0,39,39,39,1,30,0,2021-09-27,9,3,1,,,,,,,,,,,,,,,iqr_trimmed_quantiles,9.0,30.0,High
424,43,Oyo,2021,2,1,0.5,2,,30.21,25.65571428571429,89.61428571428571,-3.798000000000002,-0.1588205703551155,0,0,208.96,0,77.8385518833185,28.3555720870985,45.4491559568794,30.7931355307584,18.7432459114042,0.0,0,0,365,2045.0,79.0,1639.0,43,43,43,1,30,3,2021-10-25,10,4,1,32.0,,,,0.0,0.0,,,,,32.0,32.0,0.0,0.0,iqr_trimmed_quantiles,9.0,30.0,Low
410,44,Oyo,2021,2,0,0.0,2,,42.58,25.37857142857143,89.82428571428571,3.93,0.1500352977680436,0,0,141.98999999999995,0,77.8385518833185,28.3555720870985,45.4491559568794,30.7931355307584,18.7432459114042,0.0,0,0,365,2045.0,79.0,1639.0,44,44,44,1,30,0,2021-11-01,11,4,0,2.0,32.0,,,1.0,0.5,0.0,0.0,,,17.0,17.0,0.5,0.25,iqr_trimmed_quantiles,9.0,30.0,Low
394,47,Oyo,2021,7,1,0.1429,7,,7.02,26.102857142857143,85.65428571428572,-3.1980000000000004,-0.2166202766396741,0,0,206.84,0,77.8385518833185,28.3555720870985,45.4491559568794,30.7931355307584,18.7432459114042,0.0,0,0,365,2045.0,79.0,1639.0,47,47,47,1,30,2,2021-11-22,11,4,0,2.0,2.0,,,0.0,0.0,1.0,0.5,,,12.0,12.0,0.3333333333333333,0.16666666666666666,iqr_trimmed_quantiles,9.0,30.0,Low
188,47,Oyo,2023,1,1,1.0,1,,157.17000000000002,25.849285714285713,89.06,12.142500000000002,0.62758360833268,0,0,155.14249999999998,0,81.0772897042816,29.4651386798622,47.7155813553496,32.1314589229297,18.1372592328994,0.0,0,0,365,2045.0,79.0,1639.0,44-47,44,47,4,30,0,2023-11-20,11,4,0,7.0,2.0,32.0,,1.0,0.1429,0.0,0.0,0.0,0.0,10.75,10.75,0.5,0.160725,iqr_trimmed_quantiles,9.0,30.0,Low
176,51,Oyo,2023,1,0,0.0,1,,1.7499999999999998,25.04785714285714,76.79535714285714,-2.4955000000000003,-0.528203834997007,0,0,40.41,0,81.0772897042816,29.4651386798622,47.7155813553496,32.1314589229297,18.1372592328994,0.0,0,0,365,2045.0,79.0,1639.0,48-51,48,51,4,30,0,2023-12-18,12,4,0,1.0,7.0,2.0,,1.0,1.0,1.0,0.1429,1.0,0.5,3.0,8.8,0.75,0.410725,iqr_trimmed_quantiles,9.0,30.0,Low
147,24,Oyo,2024,2,0,0.0,2,,74.92,25.904285714285717,90.5257142857143,-13.465999999999994,-0.6193017348644737,0,0,233.92,0,82.2488935172216,29.904599188308,47.9019370619136,32.2082592818415,17.9570129436897,0.0,0,0,365,2045.0,79.0,1639.0,24,24,24,1,30,0,2024-06-10,6,2,1,1.0,1.0,2.0,,0.0,0.0,1.0,1.0,0.0,0.0,2.75,7.5,0.5,0.285725,iqr_trimmed_quantiles,9.0,30.0,Low
137,27,Oyo,2024,2,0,0.0,2,,94.99,25.17,90.5457142857143,27.774,0.8610245317264329,1,0,315.69,0,82.2488935172216,29.904599188308,47.9019370619136,32.2082592818415,17.9570129436897,0.0,0,0,365,2045.0,79.0,1639.0,27,27,27,1,30,2,2024-07-01,7,3,1,2.0,1.0,7.0,,0.0,0.0,0.0,0.0,1.0,0.1429,2.75,6.714285714285714,0.5,0.285725,iqr_trimmed_quantiles,9.0,30.0,Low
77,37,Oyo,2024,3,1,0.3333,3,,74.16,25.110000000000003,90.57571428571428,-9.949999999999989,-0.2657734168567977,0,0,245.53,0,82.2488935172216,29.904599188308,47.9019370619136,32.2082592818415,17.9570129436897,0.0,0,0,365,2045.0,79.0,1639.0,37,37,37,1,30,9,2024-09-09,9,3,1,2.0,2.0,1.0,32.0,0.0,0.0,0.0,0.0,1.0,1.0,1.5,6.125,0.25,0.25,iqr_trimmed_quantiles,9.0,30.0,Low
19,4,Oyo,2025,1,0,0.0,1,,0.6799999999999999,25.04357142857143,76.95214285714286,-0.9880833333333332,-0.78957131099033,0,0,0.285,0,82.2488935172216,29.904599188308,47.9019370619136,32.2082592818415,17.9570129436897,0.0,0,0,365,2045.0,79.0,1639.0,1-4,1,4,4,30,0,2025-01-20,1,1,0,3.0,2.0,1.0,2.0,1.0,0.3333,0.0,0.0,0.0,0.0,2.0,2.5,0.25,0.083325,iqr_trimmed_quantiles,9.0,30.0,Low
45,9,Oyo,2025,1,0,0.0,1,,42.68,26.547857142857147,83.03071428571428,3.7695000000000003,0.46496497560365363,0,0,17.605,0,82.2488935172216,29.904599188308,47.9019370619136,32.2082592818415,17.9570129436897,0.0,0,0,365,2045.0,79.0,1639.0,6-9,6,9,4,30,1,2025-02-24,2,1,0,1.0,3.0,2.0,2.0,0.0,0.0,1.0,0.3333,0.0,0.0,2.0,2.375,0.25,0.083325,iqr_trimmed_quantiles,9.0,30.0,Low
592,24,Plateau,2021,324,4,0.0123,324,,252.91999999999996,27.827261904761908,62.820833333333326,-4.868833333333335,0.14378614601267478,1,0,67.98333333333333,0,77.8385518833185,28.3555720870985,45.4491559568794,30.7931355307584,18.7432459114042,0.0,0,0,365,1643.0,22.0,1459.0,13-24,13,24,12,31,0,2021-06-14,6,2,1,,,,,,,,,,,,,,,iqr_trimmed_quantiles,9.0,30.0,High
578,25,Plateau,2021,9,0,0.0,9,,82.55,24.55857142857143,83.91857142857143,27.172,0.6940365386435478,1,1,227.4,0,77.8385518833185,28.3555720870985,45.4491559568794,30.7931355307584,18.7432459114042,0.0,0,0,365,1643.0,22.0,1459.0,25,25,25,1,31,0,2021-06-21,6,2,1,324.0,,,,4.0,0.0123,,,,,324.0,324.0,4.0,0.0123,iqr_trimmed_quantiles,9.0,30.0,Medium
573,27,Plateau,2021,42,0,0.0,42,,23.86,23.37142857142857,88.34857142857143,1.2959999999999994,0.1089003614281165,0,0,245.88,0,77.8385518833185,28.3555720870985,45.4491559568794,30.7931355307584,18.7432459114042,0.0,0,0,365,1643.0,22.0,1459.0,27,27,27,1,31,1,2021-07-05,7,3,1,9.0,324.0,,,0.0,0.0,4.0,0.0123,,,166.5,166.5,2.0,0.00615,iqr_trimmed_quantiles,9.0,30.0,High
546,32,Plateau,2021,1,0,0.0,1,,55.89,23.285714285714285,89.49857142857142,26.078,1.498009538732854,1,0,350.62,0,77.8385518833185,28.3555720870985,45.4491559568794,30.7931355307584,18.7432459114042,0.0,0,0,365,1643.0,22.0,1459.0,32,32,32,1,31,4,2021-08-09,8,3,1,42.0,9.0,,,0.0,0.0,0.0,0.0,,,125.0,125.0,1.3333333333333333,0.0041,iqr_trimmed_quantiles,9.0,30.0,Low
519,34,Plateau,2021,2,0,0.0,2,,17.78,23.981428571428573,86.96000000000001,-20.228,-0.8996350980338512,0,0,167.75,0,77.8385518833185,28.3555720870985,45.4491559568794,30.7931355307584,18.7432459114042,0.0,0,0,365,1643.0,22.0,1459.0,34,34,34,1,31,1,2021-08-23,8,3,1,1.0,42.0,324.0,,0.0,0.0,0.0,0.0,4.0,0.0123,94.0,94.0,1.0,0.003075,iqr_trimmed_quantiles,9.0,30.0,Low
327,21,Plateau,2022,22,1,0.0455,22,,385.14,25.19107142857143,84.8567857142857,63.94199999999999,1.4203665876303584,1,1,345.7175,0,79.457946920672,28.9123382327651,46.5706755484283,31.4553515414556,18.4410066468131,0.0,0,0,365,1643.0,22.0,1459.0,18-21,18,21,4,31,0,2022-05-23,5,2,1,2.0,1.0,9.0,,0.0,0.0,0.0,0.0,0.0,0.0,13.5,75.6,0.0,0.0,iqr_trimmed_quantiles,9.0,30.0,Medium
317,26,Plateau,2022,2,1,0.5,2,,292.24,24.020285714285713,88.08485714285715,18.5784,0.5004863901716678,1,1,323.95799999999997,0,79.457946920672,28.9123382327651,46.5706755484283,31.4553515414556,18.4410066468131,0.0,0,0,365,1643.0,22.0,1459.0,22-26,22,26,5,31,0,2022-06-27,6,2,1,22.0,2.0,42.0,,1.0,0.0455,0.0,0.0,0.0,0.0,16.75,66.66666666666667,0.25,0.011375,iqr_trimmed_quantiles,9.0,30.0,Low
304,30,Plateau,2022,11,1,0.0909,11,,124.21000000000001,23.53857142857143,88.95249999999999,-20.025999999999996,-0.4510320664417933,1,1,127.76249999999999,0,79.457946920672,28.9123382327651,46.5706755484283,31.4553515414556,18.4410066468131,0.0,0,0,365,1643.0,22.0,1459.0,27-30,27,30,4,31,0,2022-07-25,7,3,1,2.0,22.0,1.0,,1.0,0.5,1.0,0.0455,0.0,0.0,6.75,57.42857142857143,0.5,0.136375,iqr_trimmed_quantiles,9.0,30.0,Medium
287,35,Plateau,2022,11,0,0.0,11,,189.93,23.042857142857144,88.74000000000001,5.3347999999999995,0.26725292826936814,1,1,154.784,0,79.457946920672,28.9123382327651,46.5706755484283,31.4553515414556,18.4410066468131,0.0,0,0,365,1643.0,22.0,1459.0,31-35,31,35,5,31,0,2022-08-29,8,3,1,11.0,2.0,2.0,324.0,1.0,0.0909,1.0,0.5,0.0,0.0,9.25,51.625,0.75,0.1591,iqr_trimmed_quantiles,9.0,30.0,Medium
216,21,Plateau,2023,16,0,0.0,16,,65.29,28.163214285714282,67.25107142857144,-16.0205,-0.40693102063171005,0,0,53.01750000000001,0,81.0772897042816,29.4651386798622,47.7155813553496,32.1314589229297,18.1372592328994,0.0,0,0,365,1643.0,22.0,1459.0,18-21,18,21,4,31,0,2023-05-22,5,2,1,11.0,11.0,22.0,9.0,0.0,0.0,1.0,0.0909,1.0,0.0455,11.5,12.5,0.75,0.1591,iqr_trimmed_quantiles,9.0,30.0,Medium
215,26,Plateau,2023,1,0,0.0,1,,122.03000000000002,26.062285714285714,75.92457142857144,-15.4636,-0.45479538576373885,1,0,97.126,0,81.0772897042816,29.4651386798622,47.7155813553496,32.1314589229297,18.1372592328994,0.0,0,0,365,1643.0,22.0,1459.0,22-26,22,26,5,31,0,2023-06-26,6,2,1,16.0,11.0,2.0,42.0,0.0,0.0,0.0,0.0,1.0,0.5,10.0,13.375,0.5,0.147725,iqr_trimmed_quantiles,9.0,30.0,Low
375,49,Rivers,2021,8,0,0.0,8,,1.32,26.118571428571425,81.86,-8.942,-0.4135761041429273,0,0,295.04,0,77.8385518833185,28.3555720870985,45.4491559568794,30.7931355307584,18.7432459114042,0.0,0,0,365,791.0,41.0,666.0,49,49,49,1,32,0,2021-12-06,12,4,0,,,,,,,,,,,,,,,iqr_trimmed_quantiles,9.0,30.0,Low
365,50,Rivers,2021,2,0,0.0,2,,4.19,25.29714285714286,79.41714285714286,-9.714,-0.4464404370102702,0,0,99.77999999999996,0,77.8385518833185,28.3555720870985,45.4491559568794,30.7931355307584,18.7432459114042,0.0,0,0,365,791.0,41.0,666.0,50,50,50,1,32,0,2021-12-13,12,4,0,8.0,,,,0.0,0.0,,,,,8.0,8.0,0.0,0.0,iqr_trimmed_quantiles,9.0,30.0,Low
336,17,Rivers,2022,50,3,0.06,50,,499.73,26.111932773109245,84.6355462184874,7.382098039215687,0.42001584304522066,1,0,115.09176470588234,0,79.457946920672,28.9123382327651,46.5706755484283,31.4553515414556,18.4410066468131,0.0,0,0,365,791.0,41.0,666.0,01-17,1,17,17,32,0,2022-04-25,4,2,1,2.0,8.0,,,0.0,0.0,0.0,0.0,,,5.0,5.0,0.0,0.0,iqr_trimmed_quantiles,9.0,30.0,High
154,23,Rivers,2024,8,2,0.25,8,,27.76,26.502857142857145,90.79142857142855,-72.25199999999998,-1.0751593497081,0,0,240.06,0,82.2488935172216,29.904599188308,47.9019370619136,32.2082592818415,17.9570129436897,0.0,0,0,365,791.0,41.0,666.0,23,23,23,1,32,0,2024-06-03,6,2,1,50.0,2.0,,,3.0,0.06,0.0,0.0,,,20.0,20.0,1.0,0.02,iqr_trimmed_quantiles,9.0,30.0,Low
148,24,Rivers,2024,1,0,0.0,1,,64.36,26.604285714285712,89.32714285714285,-9.495999999999997,-0.1732935489690291,0,0,185.86,0,82.2488935172216,29.904599188308,47.9019370619136,32.2082592818415,17.9570129436897,0.0,0,0,365,791.0,41.0,666.0,24,24,24,1,32,0,2024-06-10,6,2,1,8.0,50.0,8.0,,2.0,0.25,3.0,0.06,0.0,0.0,17.0,17.0,1.25,0.0775,iqr_trimmed_quantiles,9.0,30.0,Low
69,38,Rivers,2024,16,3,0.1875,16,,105.33,26.064285714285717,90.22,19.790000000000006,1.1186671677196662,1,0,280.7799999999999,0,82.2488935172216,29.904599188308,47.9019370619136,32.2082592818415,17.9570129436897,0.0,0,0,365,791.0,41.0,666.0,38,38,38,1,32,13,2024-09-16,9,3,1,1.0,8.0,2.0,,0.0,0.0,2.0,0.25,0.0,0.0,15.25,13.8,1.25,0.0775,iqr_trimmed_quantiles,9.0,30.0,Medium
20,4,Rivers,2025,51,7,0.1373,51,,1.24,26.431428571428572,81.92392857142858,-12.816583333333332,-0.7653868999311298,0,0,0.9024999999999431,0,82.2488935172216,29.904599188308,47.9019370619136,32.2082592818415,17.9570129436897,0.0,0,0,365,791.0,41.0,666.0,1-4,1,4,4,32,0,2025-01-20,1,1,0,16.0,1.0,50.0,,3.0,0.1875,0.0,0.0,3.0,0.06,18.75,14.166666666666666,2.0,0.124375,iqr_trimmed_quantiles,9.0,30.0,High
29,5,Rivers,2025,3,0,0.0,3,,0.25,27.02285714285714,82.07142857142857,-0.358,-0.606718661058054,0,0,0.9499999999999432,0,82.2488935172216,29.904599188308,47.9019370619136,32.2082592818415,17.9570129436897,0.0,0,0,365,791.0,41.0,666.0,5,5,5,1,32,0,2025-01-27,1,1,0,51.0,16.0,8.0,,7.0,0.1373,3.0,0.1875,2.0,0.25,19.0,19.428571428571427,3.0,0.1437,iqr_trimmed_quantiles,9.0,30.0,Low
46,9,Rivers,2025,53,0,0.0,53,,44.33,27.588214285714283,83.9542857142857,3.1350000000000002,0.0439284802776653,0,0,18.33749999999994,0,82.2488935172216,29.904599188308,47.9019370619136,32.2082592818415,17.9570129436897,0.0,0,0,365,791.0,41.0,666.0,6-9,6,9,4,32,0,2025-02-24,2,1,0,3.0,51.0,1.0,8.0,0.0,0.0,7.0,0.1373,0.0,0.0,17.75,17.375,2.5,0.0812,iqr_trimmed_quantiles,9.0,30.0,High
603,12,Sokoto,2021,313,0,0.0,313,,0.09999999999999999,25.31642857142857,24.773333333333337,-0.13261111111111112,0.053022890585350535,0,0,0.019166666666666658,0,77.8385518833185,28.3555720870985,45.4491559568794,30.7931355307584,18.7432459114042,0.0,0,0,365,937.0,22.0,891.0,1-12,1,12,12,33,0,2021-03-22,3,1,0,,,,,,,,,,,,,,,iqr_trimmed_quantiles,9.0,30.0,High
586,24,Sokoto,2021,1828,86,0.047,1828,,58.550000000000004,32.61083333333334,36.8477380952381,-9.998166666666668,-0.4822162993311457,0,0,10.685,0,77.8385518833185,28.3555720870985,45.4491559568794,30.7931355307584,18.7432459114042,0.0,0,0,365,937.0,22.0,891.0,13-24,13,24,12,33,0,2021-06-14,6,2,1,313.0,,,,0.0,0.0,,,,,313.0,313.0,0.0,0.0,iqr_trimmed_quantiles,9.0,30.0,High
542,32,Sokoto,2021,101,1,0.0099,101,,70.52000000000001,26.05,83.66571428571429,5.176000000000002,0.3445049079773631,1,0,230.56,0,77.8385518833185,28.3555720870985,45.4491559568794,30.7931355307584,18.7432459114042,0.0,0,0,365,937.0,22.0,891.0,32,32,32,1,33,7,2021-08-09,8,3,1,1828.0,313.0,,,86.0,0.047,0.0,0.0,,,1070.5,1070.5,43.0,0.0235,iqr_trimmed_quantiles,9.0,30.0,High
530,33,Sokoto,2021,196,4,0.0204,196,,102.87,26.012857142857143,83.17142857142858,35.218,1.3049613437830516,1,1,296.06,0,77.8385518833185,28.3555720870985,45.4491559568794,30.7931355307584,18.7432459114042,0.0,0,0,365,937.0,22.0,891.0,33,33,33,1,33,0,2021-08-16,8,3,1,101.0,1828.0,,,1.0,0.0099,86.0,0.047,,,747.3333333333334,747.3333333333334,29.0,0.018966666666666666,iqr_trimmed_quantiles,9.0,30.0,High
513,34,Sokoto,2021,45,4,0.0889,45,,85.63000000000001,26.3,83.23714285714286,30.50200000000001,1.050560342718961,1,1,291.23,0,77.8385518833185,28.3555720870985,45.4491559568794,30.7931355307584,18.7432459114042,0.0,0,0,365,937.0,22.0,891.0,34,34,34,1,33,0,2021-08-23,8,3,1,196.0,101.0,313.0,,4.0,0.0204,1.0,0.0099,0.0,0.0,609.5,609.5,22.75,0.019325000000000002,iqr_trimmed_quantiles,9.0,30.0,High
508,35,Sokoto,2021,258,12,0.0465,258,,44.48,25.86142857142857,86.41142857142857,-37.91200000000001,-0.9348111146667578,0,0,303.50000000000006,0,77.8385518833185,28.3555720870985,45.4491559568794,30.7931355307584,18.7432459114042,0.0,0,0,365,937.0,22.0,891.0,35,35,35,1,33,0,2021-08-30,8,3,1,45.0,196.0,1828.0,,4.0,0.0889,4.0,0.0204,86.0,0.047,542.5,496.6,23.75,0.041550000000000004,iqr_trimmed_quantiles,9.0,30.0,High
495,36,Sokoto,2021,38,0,0.0,38,,457.43000000000006,26.020000000000003,85.81857142857143,308.39400000000006,1.7820275990579235,1,1,690.4100000000001,0,77.8385518833185,28.3555720870985,45.4491559568794,30.7931355307584,18.7432459114042,0.0,0,0,365,937.0,22.0,891.0,36,36,36,1,33,0,2021-09-06,9,3,1,258.0,45.0,101.0,,12.0,0.0465,4.0,0.0889,1.0,0.0099,150.0,456.8333333333333,5.25,0.041425000000000003,iqr_trimmed_quantiles,9.0,30.0,High
474,37,Sokoto,2021,13,0,0.0,13,,56.150000000000006,25.98,86.55,0.5520000000000067,0.0506987055603913,0,0,643.69,0,77.8385518833185,28.3555720870985,45.4491559568794,30.7931355307584,18.7432459114042,0.0,0,0,365,937.0,22.0,891.0,37,37,37,1,33,0,2021-09-13,9,3,1,38.0,258.0,196.0,,0.0,0.0,12.0,0.0465,4.0,0.0204,134.25,397.0,5.0,0.038950000000000005,iqr_trimmed_quantiles,9.0,30.0,Medium
461,38,Sokoto,2021,12,0,0.0,12,,9.42,26.782857142857143,81.11285714285714,-15.348,-0.6957730154679512,0,0,567.4800000000001,0,77.8385518833185,28.3555720870985,45.4491559568794,30.7931355307584,18.7432459114042,0.0,0,0,365,937.0,22.0,891.0,38,38,38,1,33,0,2021-09-20,9,3,1,13.0,38.0,45.0,313.0,0.0,0.0,0.0,0.0,4.0,0.0889,88.5,349.0,4.0,0.033850000000000005,iqr_trimmed_quantiles,9.0,30.0,Medium
447,39,Sokoto,2021,84,3,0.0357,84,,14.44,27.08,77.95714285714287,-7.842,-0.5623408269957232,0,0,537.44,0,77.8385518833185,28.3555720870985,45.4491559568794,30.7931355307584,18.7432459114042,0.0,0,0,365,937.0,22.0,891.0,39,39,39,1,33,0,2021-09-27,9,3,1,12.0,13.0,258.0,1828.0,0.0,0.0,0.0,0.0,12.0,0.0465,80.25,311.375,3.0,0.011625000000000003,iqr_trimmed_quantiles,9.0,30.0,High
441,40,Sokoto,2021,33,0,0.0,33,,0.5700000000000001,26.66714285714286,76.70142857142856,-8.408,-1.192149650658444,0,0,80.58,0,77.8385518833185,28.3555720870985,45.4491559568794,30.7931355307584,18.7432459114042,0.0,0,0,365,937.0,22.0,891.0,40,40,40,1,33,0,2021-10-04,10,4,1,84.0,12.0,38.0,101.0,3.0,0.0357,0.0,0.0,0.0,0.0,36.75,93.375,0.75,0.008925000000000004,iqr_trimmed_quantiles,9.0,30.0,High
428,42,Sokoto,2021,1,0,0.0,1,,5.539999999999999,26.65571428571429,82.06714285714285,3.3919999999999995,1.246307734365406,0,0,24.879999999999995,0,77.8385518833185,28.3555720870985,45.4491559568794,30.7931355307584,18.7432459114042,0.0,0,0,365,937.0,22.0,891.0,42,42,42,1,33,1,2021-10-18,10,4,1,33.0,84.0,13.0,196.0,0.0,0.0,3.0,0.0357,0.0,0.0,35.5,84.875,0.75,0.008925000000000004,iqr_trimmed_quantiles,9.0,30.0,Low
415,43,Sokoto,2021,12,0,0.0,12,,0.03,24.39428571428571,72.70571428571428,-6.146,-0.4455821575708607,0,0,10.47,0,77.8385518833185,28.3555720870985,45.4491559568794,30.7931355307584,18.7432459114042,0.0,0,0,365,937.0,22.0,891.0,43,43,43,1,33,0,2021-10-25,10,4,1,1.0,33.0,12.0,45.0,0.0,0.0,0.0,0.0,0.0,0.0,32.5,60.5,0.75,0.008925000000000004,iqr_trimmed_quantiles,9.0,30.0,Medium
318,26,Sokoto,2022,6,0,0.0,6,,196.03000000000003,28.604571428571433,68.94257142857143,10.194000000000003,0.4789691231392096,1,0,215.61600000000004,0,79.457946920672,28.9123382327651,46.5706755484283,31.4553515414556,18.4410066468131,0.0,0,0,365,937.0,22.0,891.0,22-26,22,26,5,33,0,2022-06-27,6,2,1,12.0,1.0,84.0,258.0,0.0,0.0,0.0,0.0,3.0,0.0357,32.5,56.375,0.75,0.008925000000000004,iqr_trimmed_quantiles,9.0,30.0,Low
305,30,Sokoto,2022,12,2,0.1667,12,,160.2,27.224285714285713,75.50714285714285,-27.1205,-0.36262895763364966,0,0,150.57250000000002,0,79.457946920672,28.9123382327651,46.5706755484283,31.4553515414556,18.4410066468131,0.0,0,0,365,937.0,22.0,891.0,27-30,27,30,4,33,0,2022-07-25,7,3,1,6.0,12.0,33.0,38.0,0.0,0.0,0.0,0.0,0.0,0.0,13.0,24.875,0.0,0.0,iqr_trimmed_quantiles,9.0,30.0,Medium
288,35,Sokoto,2022,12,0,0.0,12,,331.88,25.71685714285714,85.02142857142856,-1.869200000000005,0.13700085842887566,1,1,245.47600000000003,0,79.457946920672,28.9123382327651,46.5706755484283,31.4553515414556,18.4410066468131,0.0,0,0,365,937.0,22.0,891.0,31-35,31,35,5,33,0,2022-08-29,8,3,1,12.0,6.0,1.0,13.0,2.0,0.1667,0.0,0.0,0.0,0.0,7.75,21.625,0.5,0.041675000000000004,iqr_trimmed_quantiles,9.0,30.0,Medium
273,39,Sokoto,2022,47,4,0.0851,47,,151.31,25.932857142857145,85.33321428571428,-25.093500000000002,-0.295023056628062,0,0,212.27499999999998,0,79.457946920672,28.9123382327651,46.5706755484283,31.4553515414556,18.4410066468131,0.0,0,0,365,937.0,22.0,891.0,36-39,36,39,4,33,0,2022-09-26,9,3,1,12.0,12.0,12.0,12.0,0.0,0.0,2.0,0.1667,0.0,0.0,10.5,21.5,0.5,0.041675,iqr_trimmed_quantiles,9.0,30.0,High
263,43,Sokoto,2022,81,9,0.1111,81,,14.02,24.774285714285718,75.49535714285715,-1.5910000000000002,-0.18722772553859535,0,0,48.07750000000001,0,79.457946920672,28.9123382327651,46.5706755484283,31.4553515414556,18.4410066468131,0.0,0,0,365,937.0,22.0,891.0,40-43,40,43,4,33,0,2022-10-24,10,4,1,47.0,12.0,6.0,84.0,4.0,0.0851,0.0,0.0,0.0,0.0,19.25,25.875,1.5,0.06294999999999999,iqr_trimmed_quantiles,9.0,30.0,High
242,4,Sokoto,2023,3,0,0.0,3,,0.0,22.176785714285714,30.405357142857145,-0.005833333333333325,-0.10206207261596575,0,0,0.0,0,81.0772897042816,29.4651386798622,47.7155813553496,32.1314589229297,18.1372592328994,0.0,0,0,365,937.0,22.0,891.0,1-4,1,4,4,33,0,2023-01-23,1,1,0,81.0,47.0,12.0,33.0,9.0,0.1111,4.0,0.0851,2.0,0.1667,38.0,25.5,3.75,0.090725,iqr_trimmed_quantiles,9.0,30.0,Low
155,23,Sokoto,2024,1,0,0.0,1,,66.49000000000001,29.39428571428571,71.11,34.58800000000001,1.322320556844523,1,0,85.63000000000001,0,82.2488935172216,29.904599188308,47.9019370619136,32.2082592818415,17.9570129436897,0.0,0,0,365,937.0,22.0,891.0,23,23,23,1,33,0,2024-06-03,6,2,1,3.0,81.0,12.0,1.0,0.0,0.0,9.0,0.1111,0.0,0.0,35.75,21.75,3.25,0.049049999999999996,iqr_trimmed_quantiles,9.0,30.0,Low
21,4,Sokoto,2025,1,0,0.0,1,,0.0,22.16142857142857,37.028571428571425,-0.005833333333333325,-0.10206207261596575,0,0,0.0,0,82.2488935172216,29.904599188308,47.9019370619136,32.2082592818415,17.9570129436897,0.0,0,0,365,937.0,22.0,891.0,1-4,1,4,4,33,0,2025-01-20,1,1,0,1.0,3.0,47.0,12.0,0.0,0.0,0.0,0.0,4.0,0.0851,33.0,21.75,3.25,0.049049999999999996,iqr_trimmed_quantiles,9.0,30.0,Low
526,34,Taraba,2021,13,5,0.3846,13,,26.23,25.775714285714287,85.23857142857142,-3.956,-0.1615187348605712,0,0,132.16,0,77.8385518833185,28.3555720870985,45.4491559568794,30.7931355307584,18.7432459114042,0.0,0,0,365,1464.0,10.0,1367.0,34,34,34,1,34,0,2021-08-23,8,3,1,,,,,,,,,,,,,,,iqr_trimmed_quantiles,9.0,30.0,Medium
496,36,Taraba,2021,10,1,0.1,10,,52.150000000000006,25.56714285714286,84.24571428571429,7.600000000000008,0.420905573990968,1,0,134.28,0,77.8385518833185,28.3555720870985,45.4491559568794,30.7931355307584,18.7432459114042,0.0,0,0,365,1464.0,10.0,1367.0,36,36,36,1,34,1,2021-09-06,9,3,1,13.0,,,,5.0,0.3846,,,,,13.0,13.0,5.0,0.3846,iqr_trimmed_quantiles,9.0,30.0,Medium
483,37,Taraba,2021,1,0,0.0,1,,37.23,25.22571428571429,87.58285714285715,14.563999999999997,1.0189910540783684,0,0,146.46,0,77.8385518833185,28.3555720870985,45.4491559568794,30.7931355307584,18.7432459114042,0.0,0,0,365,1464.0,10.0,1367.0,37,37,37,1,34,0,2021-09-13,9,3,1,10.0,13.0,,,1.0,0.1,5.0,0.3846,,,11.5,11.5,3.0,0.24230000000000002,iqr_trimmed_quantiles,9.0,30.0,Low
405,45,Taraba,2021,8,0,0.0,8,,4.65,26.922857142857143,59.40428571428571,3.5740000000000003,1.7668772182017989,0,0,44.14,0,77.8385518833185,28.3555720870985,45.4491559568794,30.7931355307584,18.7432459114042,0.0,0,0,365,1464.0,10.0,1367.0,45,45,45,1,34,7,2021-11-08,11,4,0,1.0,10.0,,,0.0,0.0,1.0,0.1,,,8.0,8.0,2.0,0.16153333333333333,iqr_trimmed_quantiles,9.0,30.0,Low
393,47,Taraba,2021,22,0,0.0,22,,1.9,25.80857142857143,54.135714285714286,1.508,1.7880054228115754,0,0,29.82,0,77.8385518833185,28.3555720870985,45.4491559568794,30.7931355307584,18.7432459114042,0.0,0,0,365,1464.0,10.0,1367.0,47,47,47,1,34,1,2021-11-22,11,4,0,8.0,1.0,13.0,,0.0,0.0,0.0,0.0,5.0,0.3846,8.0,8.0,1.5,0.12115000000000001,iqr_trimmed_quantiles,9.0,30.0,Medium
383,48,Taraba,2021,4,0,0.0,4,,0.11,24.892857142857142,51.01142857142857,0.088,1.7888543819998317,0,0,12.899999999999997,0,77.8385518833185,28.3555720870985,45.4491559568794,30.7931355307584,18.7432459114042,0.0,0,0,365,1464.0,10.0,1367.0,48,48,48,1,34,0,2021-11-29,11,4,0,22.0,8.0,10.0,,0.0,0.0,0.0,0.0,1.0,0.1,10.25,10.8,0.25,0.025,iqr_trimmed_quantiles,9.0,30.0,Low
330,17,Taraba,2022,615,8,0.013,615,,151.03,27.646890756302522,40.7327731092437,5.970352941176471,0.3747807651920601,1,1,19.079411764705878,0,79.457946920672,28.9123382327651,46.5706755484283,31.4553515414556,18.4410066468131,0.0,0,0,365,1464.0,10.0,1367.0,01-17,1,17,17,34,0,2022-04-25,4,2,1,4.0,22.0,1.0,,0.0,0.0,0.0,0.0,0.0,0.0,8.75,9.666666666666666,0.0,0.0,iqr_trimmed_quantiles,9.0,30.0,High
328,21,Taraba,2022,36,0,0.0,36,,219.71,26.701071428571428,83.265,34.6635,1.1390241019015486,1,1,186.395,0,79.457946920672,28.9123382327651,46.5706755484283,31.4553515414556,18.4410066468131,0.0,0,0,365,1464.0,10.0,1367.0,18-21,18,21,4,34,0,2022-05-23,5,2,1,615.0,4.0,8.0,,8.0,0.013,0.0,0.0,0.0,0.0,162.25,96.14285714285714,2.0,0.00325,iqr_trimmed_quantiles,9.0,30.0,High
264,43,Taraba,2022,11,2,0.1818,11,,75.13000000000001,25.655357142857145,79.8775,5.820500000000002,-0.11799497223916489,1,1,98.30999999999997,0,79.457946920672,28.9123382327651,46.5706755484283,31.4553515414556,18.4410066468131,0.0,0,0,365,1464.0,10.0,1367.0,40-43,40,43,4,34,18,2022-10-24,10,4,1,36.0,615.0,22.0,13.0,0.0,0.0,8.0,0.013,0.0,0.0,169.25,88.625,2.0,0.00325,iqr_trimmed_quantiles,9.0,30.0,Medium
248,52,Taraba,2022,11,2,0.1818,11,,0.0,23.385714285714286,46.56114285714286,-0.6224000000000001,-0.2683281572999748,0,0,0.0,0,79.457946920672,28.9123382327651,46.5706755484283,31.4553515414556,18.4410066468131,0.0,0,0,365,1464.0,10.0,1367.0,48-52,48,52,5,34,4,2022-12-26,12,4,0,11.0,36.0,4.0,10.0,2.0,0.1818,0.0,0.0,0.0,0.0,166.5,88.375,2.5,0.0487,iqr_trimmed_quantiles,9.0,30.0,Medium
170,51,Taraba,2023,14,0,0.0,14,,0.0,28.079285714285714,26.228571428571428,-0.033,-0.223606797749979,0,0,1.594999999999976,0,81.0772897042816,29.4651386798622,47.7155813553496,32.1314589229297,18.1372592328994,0.0,0,0,365,1464.0,10.0,1367.0,48-51,48,51,4,34,0,2023-12-18,12,4,0,11.0,11.0,615.0,1.0,2.0,0.1818,2.0,0.1818,8.0,0.013,168.25,88.5,3.0,0.09415,iqr_trimmed_quantiles,9.0,30.0,Medium
131,28,Taraba,2024,2,0,0.0,2,,1.98,28.312857142857144,67.42142857142856,-33.504000000000005,-1.1902687374033485,0,0,103.67999999999996,0,82.2488935172216,29.904599188308,47.9019370619136,32.2082592818415,17.9570129436897,0.0,0,0,365,1464.0,10.0,1367.0,28,28,28,1,34,0,2024-07-08,7,3,1,14.0,11.0,36.0,8.0,0.0,0.0,2.0,0.1818,0.0,0.0,18.0,90.125,1.0,0.0909,iqr_trimmed_quantiles,9.0,30.0,Low
47,9,Taraba,2025,1,0,0.0,1,,0.0,29.36,23.2075,-0.107,-0.24574923936190096,0,0,0.0,0,82.2488935172216,29.904599188308,47.9019370619136,32.2082592818415,17.9570129436897,0.0,0,0,365,1464.0,10.0,1367.0,6-9,6,9,4,34,0,2025-02-24,2,1,0,2.0,14.0,11.0,22.0,0.0,0.0,0.0,0.0,2.0,0.1818,9.5,89.375,1.0,0.0909,iqr_trimmed_quantiles,9.0,30.0,Low
550,32,Yobe,2021,164,3,0.0183,164,,124.67,25.382857142857144,85.75571428571428,55.038,1.571166213442214,1,1,456.0,0,77.8385518833185,28.3555720870985,45.4491559568794,30.7931355307584,18.7432459114042,0.0,0,0,365,663.0,12.0,633.0,32,32,32,1,35,0,2021-08-09,8,3,1,,,,,,,,,,,,,,,iqr_trimmed_quantiles,9.0,30.0,High
536,33,Yobe,2021,216,1,0.0046,216,,33.910000000000004,25.34142857142857,85.34285714285714,-36.168,-0.6659873354403946,0,0,415.29,0,77.8385518833185,28.3555720870985,45.4491559568794,30.7931355307584,18.7432459114042,0.0,0,0,365,663.0,12.0,633.0,33,33,33,1,35,0,2021-08-16,8,3,1,164.0,,,,3.0,0.0183,,,,,164.0,164.0,3.0,0.0183,iqr_trimmed_quantiles,9.0,30.0,High
521,34,Yobe,2021,162,1,0.0062,162,,28.4,26.58857142857143,80.13571428571429,-67.392,-1.0252221366647316,0,0,257.97,0,77.8385518833185,28.3555720870985,45.4491559568794,30.7931355307584,18.7432459114042,0.0,0,0,365,663.0,12.0,633.0,34,34,34,1,35,0,2021-08-23,8,3,1,216.0,164.0,,,1.0,0.0046,3.0,0.0183,,,190.0,190.0,2.0,0.01145,iqr_trimmed_quantiles,9.0,30.0,High
509,35,Yobe,2021,183,0,0.0,183,,15.04,26.014285714285712,84.57428571428571,-25.618,-0.8960074935010711,0,0,202.02,0,77.8385518833185,28.3555720870985,45.4491559568794,30.7931355307584,18.7432459114042,0.0,0,0,365,663.0,12.0,633.0,35,35,35,1,35,0,2021-08-30,8,3,1,162.0,216.0,,,1.0,0.0062,1.0,0.0046,,,180.66666666666666,180.66666666666666,1.6666666666666667,0.0097,iqr_trimmed_quantiles,9.0,30.0,High
497,36,Yobe,2021,80,0,0.0,80,,55.89,25.85142857142857,83.5642857142857,-30.244,-0.3172832144920913,1,0,133.24,0,77.8385518833185,28.3555720870985,45.4491559568794,30.7931355307584,18.7432459114042,0.0,0,0,365,663.0,12.0,633.0,36,36,36,1,35,0,2021-09-06,9,3,1,183.0,162.0,164.0,,0.0,0.0,1.0,0.0062,3.0,0.0183,181.25,181.25,1.25,0.007275,iqr_trimmed_quantiles,9.0,30.0,High
477,37,Yobe,2021,302,7,0.0232,302,,17.490000000000002,26.054285714285715,84.6542857142857,-11.278,-0.7187124970442811,0,0,116.82,0,77.8385518833185,28.3555720870985,45.4491559568794,30.7931355307584,18.7432459114042,0.0,0,0,365,663.0,12.0,633.0,37,37,37,1,35,0,2021-09-13,9,3,1,80.0,183.0,216.0,,0.0,0.0,0.0,0.0,1.0,0.0046,160.25,161.0,0.5,0.0027,iqr_trimmed_quantiles,9.0,30.0,High
463,38,Yobe,2021,204,0,0.0,204,,84.37,25.71857142857143,80.02571428571427,56.414,1.7371334911955858,1,1,172.79000000000002,0,77.8385518833185,28.3555720870985,45.4491559568794,30.7931355307584,18.7432459114042,0.0,0,0,365,663.0,12.0,633.0,38,38,38,1,35,0,2021-09-20,9,3,1,302.0,80.0,162.0,,7.0,0.0232,0.0,0.0,1.0,0.0062,181.75,184.5,2.0,0.00735,iqr_trimmed_quantiles,9.0,30.0,High
451,39,Yobe,2021,230,3,0.013,230,,28.14,25.717142857142854,73.57142857142857,8.29,1.206290103039052,0,0,185.89,0,77.8385518833185,28.3555720870985,45.4491559568794,30.7931355307584,18.7432459114042,0.0,0,0,365,663.0,12.0,633.0,39,39,39,1,35,0,2021-09-27,9,3,1,204.0,302.0,183.0,,0.0,0.0,7.0,0.0232,0.0,0.0,192.25,187.28571428571428,1.75,0.0058,iqr_trimmed_quantiles,9.0,30.0,High
435,41,Yobe,2021,121,5,0.0413,121,,10.26,25.26571428571429,65.49428571428572,5.938,1.3551985391223378,0,0,122.82,0,77.8385518833185,28.3555720870985,45.4491559568794,30.7931355307584,18.7432459114042,0.0,0,0,365,663.0,12.0,633.0,41,41,41,1,35,1,2021-10-11,10,4,1,230.0,204.0,80.0,164.0,3.0,0.013,0.0,0.0,0.0,0.0,204.0,192.625,2.5,0.009049999999999999,iqr_trimmed_quantiles,9.0,30.0,High
429,42,Yobe,2021,135,2,0.0148,135,,3.4,26.28142857142857,74.68142857142857,0.5740000000000003,0.1238595022406222,0,0,41.85,0,77.8385518833185,28.3555720870985,45.4491559568794,30.7931355307584,18.7432459114042,0.0,0,0,365,663.0,12.0,633.0,42,42,42,1,35,0,2021-10-18,10,4,1,121.0,230.0,302.0,216.0,5.0,0.0413,3.0,0.013,7.0,0.0232,214.25,187.25,3.75,0.019375,iqr_trimmed_quantiles,9.0,30.0,High
418,43,Yobe,2021,61,0,0.0,61,,0.02,23.98,56.48714285714285,0.016,1.7888543819998317,0,0,13.73,0,77.8385518833185,28.3555720870985,45.4491559568794,30.7931355307584,18.7432459114042,0.0,0,0,365,663.0,12.0,633.0,43,43,43,1,35,0,2021-10-25,10,4,1,135.0,121.0,204.0,162.0,2.0,0.0148,5.0,0.0413,0.0,0.0,172.5,177.125,2.5,0.017275,iqr_trimmed_quantiles,9.0,30.0,High
388,47,Yobe,2021,14,0,0.0,14,,0.0,21.617142857142856,48.01571428571429,0.0,0.0,0,0,0.0,0,77.8385518833185,28.3555720870985,45.4491559568794,30.7931355307584,18.7432459114042,0.0,0,0,365,663.0,12.0,633.0,47,47,47,1,35,3,2021-11-22,11,4,0,61.0,135.0,230.0,183.0,0.0,0.0,2.0,0.0148,3.0,0.013,136.75,164.5,2.5,0.017275,iqr_trimmed_quantiles,9.0,30.0,Medium
378,48,Yobe,2021,4,0,0.0,4,,0.0,20.96142857142857,44.77857142857143,0.0,0.0,0,0,0.0,0,77.8385518833185,28.3555720870985,45.4491559568794,30.7931355307584,18.7432459114042,0.0,0,0,365,663.0,12.0,633.0,48,48,48,1,35,0,2021-11-29,11,4,0,14.0,61.0,121.0,80.0,0.0,0.0,0.0,0.0,5.0,0.0413,82.75,143.375,1.75,0.014025000000000001,iqr_trimmed_quantiles,9.0,30.0,Low
319,26,Yobe,2022,5,0,0.0,5,,171.45,29.940285714285714,57.278571428571425,11.273600000000002,0.8134243789357797,0,0,100.06800000000001,0,79.457946920672,28.9123382327651,46.5706755484283,31.4553515414556,18.4410066468131,0.0,0,0,365,663.0,12.0,633.0,22-26,22,26,5,35,0,2022-06-27,6,2,1,4.0,14.0,135.0,302.0,0.0,0.0,0.0,0.0,2.0,0.0148,53.5,133.875,0.5,0.0037,iqr_trimmed_quantiles,9.0,30.0,Low
306,30,Yobe,2022,4,0,0.0,4,,202.31,27.599285714285713,70.26821428571428,-12.238,-0.41531388378982514,1,1,195.2575,0,79.457946920672,28.9123382327651,46.5706755484283,31.4553515414556,18.4410066468131,0.0,0,0,365,663.0,12.0,633.0,27-30,27,30,4,35,0,2022-07-25,7,3,1,5.0,4.0,61.0,204.0,0.0,0.0,0.0,0.0,0.0,0.0,21.0,96.75,0.0,0.0,iqr_trimmed_quantiles,9.0,30.0,Low
276,35,Yobe,2022,853,4,0.0047,853,,413.81,25.918571428571433,79.75371428571428,18.296799999999998,0.25348069397898493,1,1,256.808,0,79.457946920672,28.9123382327651,46.5706755484283,31.4553515414556,18.4410066468131,0.0,0,0,365,663.0,12.0,633.0,31-35,31,35,5,35,0,2022-08-29,8,3,1,4.0,5.0,14.0,230.0,0.0,0.0,0.0,0.0,0.0,0.0,6.75,71.75,0.0,0.0,iqr_trimmed_quantiles,9.0,30.0,High
289,35,Yobe,2022,4,0,0.0,4,,413.81,25.918571428571433,79.75371428571428,18.296799999999998,0.25348069397898493,1,1,256.808,0,79.457946920672,28.9123382327651,46.5706755484283,31.4553515414556,18.4410066468131,0.0,0,0,365,663.0,12.0,633.0,31-35,31,35,5,35,0,2022-08-29,8,3,1,853.0,4.0,4.0,121.0,4.0,0.0047,0.0,0.0,0.0,0.0,216.5,149.625,1.0,0.001175,iqr_trimmed_quantiles,9.0,30.0,Low
268,39,Yobe,2022,718,12,0.0167,718,,117.64000000000001,26.254285714285714,79.16535714285713,-11.267,-0.07584214261439048,1,0,238.82500000000002,0,79.457946920672,28.9123382327651,46.5706755484283,31.4553515414556,18.4410066468131,0.0,0,0,365,663.0,12.0,633.0,36-39,36,39,4,35,0,2022-09-26,9,3,1,4.0,853.0,5.0,135.0,0.0,0.0,4.0,0.0047,0.0,0.0,216.5,135.0,1.0,0.001175,iqr_trimmed_quantiles,9.0,30.0,High
261,43,Yobe,2022,191,14,0.0733,191,,11.300000000000002,25.183928571428574,63.05642857142857,-1.1119999999999997,-0.4020562589889346,0,0,40.19500000000001,0,79.457946920672,28.9123382327651,46.5706755484283,31.4553515414556,18.4410066468131,0.0,0,0,365,663.0,12.0,633.0,40-43,40,43,4,35,0,2022-10-24,10,4,1,718.0,4.0,4.0,61.0,12.0,0.0167,0.0,0.0,0.0,0.0,394.75,207.875,4.0,0.00535,iqr_trimmed_quantiles,9.0,30.0,High
100,33,Yobe,2024,1,0,0.0,1,,54.95,25.71,83.26142857142858,-15.128,-0.2785627187166083,1,0,229.61,0,82.2488935172216,29.904599188308,47.9019370619136,32.2082592818415,17.9570129436897,0.0,0,0,365,663.0,12.0,633.0,33,33,33,1,35,0,2024-08-12,8,3,1,191.0,718.0,853.0,14.0,14.0,0.0733,12.0,0.0167,4.0,0.0047,441.5,224.125,7.5,0.023675,iqr_trimmed_quantiles,9.0,30.0,Low
96,34,Yobe,2024,12,0,0.0,12,,153.02,25.68,86.07714285714285,57.22800000000001,0.8705990686884092,1,1,347.42,0,82.2488935172216,29.904599188308,47.9019370619136,32.2082592818415,17.9570129436897,0.0,0,0,365,663.0,12.0,633.0,34,34,34,1,35,0,2024-08-19,8,3,1,1.0,191.0,4.0,4.0,0.0,0.0,14.0,0.0733,0.0,0.0,228.5,222.5,6.5,0.022500000000000003,iqr_trimmed_quantiles,9.0,30.0,Medium
78,37,Yobe,2024,1,1,1.0,1,,24.16,26.934285714285718,81.50428571428571,-4.6080000000000005,-0.2936537671909955,0,0,500.02,0,82.2488935172216,29.904599188308,47.9019370619136,32.2082592818415,17.9570129436897,0.0,0,0,365,663.0,12.0,633.0,37,37,37,1,35,2,2024-09-09,9,3,1,12.0,1.0,718.0,5.0,0.0,0.0,0.0,0.0,12.0,0.0167,230.5,223.5,6.5,0.022500000000000003,iqr_trimmed_quantiles,9.0,30.0,Low
70,38,Yobe,2024,1,0,0.0,1,,27.24,26.40285714285714,81.97142857142856,-0.7160000000000011,-0.0220474984878938,0,0,374.24,0,82.2488935172216,29.904599188308,47.9019370619136,32.2082592818415,17.9570129436897,0.0,0,0,365,663.0,12.0,633.0,38,38,38,1,35,0,2024-09-16,9,3,1,1.0,12.0,191.0,4.0,1.0,1.0,0.0,0.0,14.0,0.0733,51.25,223.0,3.75,0.268325,iqr_trimmed_quantiles,9.0,30.0,Low
22,4,Yobe,2025,1,0,0.0,1,,0.0,20.662142857142857,36.72607142857143,-0.17416666666666666,-0.10206207261596575,0,0,0.0,0,82.2488935172216,29.904599188308,47.9019370619136,32.2082592818415,17.9570129436897,0.0,0,0,365,663.0,12.0,633.0,1-4,1,4,4,35,0,2025-01-20,1,1,0,1.0,1.0,1.0,853.0,0.0,0.0,1.0,1.0,0.0,0.0,3.75,222.625,0.25,0.25,iqr_trimmed_quantiles,9.0,30.0,Low
604,12,Zamfara,2021,138,3,0.0217,138,,0.24,25.485714285714284,27.935833333333335,-0.1524722222222222,-0.05841335141143065,0,0,0.06,0,77.8385518833185,28.3555720870985,45.4491559568794,30.7931355307584,18.7432459114042,0.0,0,0,365,928.0,21.0,883.0,1-12,1,12,12,36,0,2021-03-22,3,1,0,,,,,,,,,,,,,,,iqr_trimmed_quantiles,9.0,30.0,High
595,24,Zamfara,2021,1961,10,0.0051,1961,,153.06,30.576309523809524,46.64952380952382,-5.130166666666666,-0.151528153279347,1,0,41.291666666666664,0,77.8385518833185,28.3555720870985,45.4491559568794,30.7931355307584,18.7432459114042,0.0,0,0,365,928.0,21.0,883.0,13-24,13,24,12,36,0,2021-06-14,6,2,1,138.0,,,,3.0,0.0217,,,,,138.0,138.0,3.0,0.0217,iqr_trimmed_quantiles,9.0,30.0,High
581,25,Zamfara,2021,55,0,0.0,55,,45.07,26.392857142857142,75.50714285714285,21.832,0.9370321535093676,1,0,106.56,0,77.8385518833185,28.3555720870985,45.4491559568794,30.7931355307584,18.7432459114042,0.0,0,0,365,928.0,21.0,883.0,25,25,25,1,36,0,2021-06-21,6,2,1,1961.0,138.0,,,10.0,0.0051,3.0,0.0217,,,1049.5,1049.5,6.5,0.0134,iqr_trimmed_quantiles,9.0,30.0,High
571,27,Zamfara,2021,35,0,0.0,35,,32.34,25.595714285714283,79.49714285714286,2.369999999999997,0.140141148100359,0,0,167.51999999999998,0,77.8385518833185,28.3555720870985,45.4491559568794,30.7931355307584,18.7432459114042,0.0,0,0,365,928.0,21.0,883.0,27,27,27,1,36,1,2021-07-05,7,3,1,55.0,1961.0,,,0.0,0.0,10.0,0.0051,,,718.0,718.0,4.333333333333333,0.008933333333333333,iqr_trimmed_quantiles,9.0,30.0,High
564,29,Zamfara,2021,35,3,0.0857,35,,59.2,25.41857142857143,83.96857142857142,23.364000000000004,1.0782931142051333,1,1,229.46,0,77.8385518833185,28.3555720870985,45.4491559568794,30.7931355307584,18.7432459114042,0.0,0,0,365,928.0,21.0,883.0,29,29,29,1,36,1,2021-07-19,7,3,1,35.0,55.0,138.0,,0.0,0.0,0.0,0.0,3.0,0.0217,547.25,547.25,3.25,0.0067,iqr_trimmed_quantiles,9.0,30.0,High
543,32,Zamfara,2021,57,0,0.0,57,,81.46000000000001,24.835714285714285,85.44285714285715,40.00000000000001,1.7791099293180368,1,1,307.75,0,77.8385518833185,28.3555720870985,45.4491559568794,30.7931355307584,18.7432459114042,0.0,0,0,365,928.0,21.0,883.0,32,32,32,1,36,2,2021-08-09,8,3,1,35.0,35.0,1961.0,,3.0,0.0857,0.0,0.0,10.0,0.0051,521.5,444.8,3.25,0.022699999999999998,iqr_trimmed_quantiles,9.0,30.0,High
531,33,Zamfara,2021,454,6,0.0132,454,,49.85,24.737142857142857,85.29714285714286,18.524,1.462894406960392,1,0,298.40000000000003,0,77.8385518833185,28.3555720870985,45.4491559568794,30.7931355307584,18.7432459114042,0.0,0,0,365,928.0,21.0,883.0,33,33,33,1,36,0,2021-08-16,8,3,1,57.0,35.0,55.0,,0.0,0.0,3.0,0.0857,0.0,0.0,45.5,380.1666666666667,0.75,0.021425,iqr_trimmed_quantiles,9.0,30.0,High
515,34,Zamfara,2021,80,4,0.05,80,,246.12,25.564285714285717,84.48285714285714,172.872,1.7689516956466325,1,1,441.6,0,77.8385518833185,28.3555720870985,45.4491559568794,30.7931355307584,18.7432459114042,0.0,0,0,365,928.0,21.0,883.0,34,34,34,1,36,0,2021-08-23,8,3,1,454.0,57.0,35.0,,6.0,0.0132,0.0,0.0,0.0,0.0,145.25,390.7142857142857,2.25,0.024725,iqr_trimmed_quantiles,9.0,30.0,High
475,37,Zamfara,2021,524,19,0.0363,524,,47.58,25.110000000000003,86.57714285714285,8.655999999999999,0.969737571302734,1,0,421.39,0,77.8385518833185,28.3555720870985,45.4491559568794,30.7931355307584,18.7432459114042,0.0,0,0,365,928.0,21.0,883.0,37,37,37,1,36,2,2021-09-13,9,3,1,80.0,454.0,35.0,138.0,4.0,0.05,6.0,0.0132,3.0,0.0857,156.5,351.875,3.25,0.037224999999999994,iqr_trimmed_quantiles,9.0,30.0,High
462,38,Zamfara,2021,43,0,0.0,43,,8.6,26.068571428571428,78.64285714285714,-16.147999999999996,-0.9952619026119244,0,0,183.87,0,77.8385518833185,28.3555720870985,45.4491559568794,30.7931355307584,18.7432459114042,0.0,0,0,365,928.0,21.0,883.0,38,38,38,1,36,0,2021-09-20,9,3,1,524.0,80.0,57.0,1961.0,19.0,0.0363,4.0,0.05,0.0,0.0,278.75,400.125,7.25,0.024874999999999998,iqr_trimmed_quantiles,9.0,30.0,High
449,39,Zamfara,2021,136,0,0.0,136,,34.900000000000006,26.052857142857142,79.65142857142857,11.030000000000005,1.46664574703594,0,0,199.83,0,77.8385518833185,28.3555720870985,45.4491559568794,30.7931355307584,18.7432459114042,0.0,0,0,365,928.0,21.0,883.0,39,39,39,1,36,0,2021-09-27,9,3,1,43.0,524.0,454.0,55.0,0.0,0.0,19.0,0.0363,6.0,0.0132,275.25,160.375,7.25,0.024874999999999998,iqr_trimmed_quantiles,9.0,30.0,High
440,40,Zamfara,2021,137,0,0.0,137,,3.34,26.358571428571427,71.17428571428572,-6.272,-1.0745955367656497,0,0,94.42,0,77.8385518833185,28.3555720870985,45.4491559568794,30.7931355307584,18.7432459114042,0.0,0,0,365,928.0,21.0,883.0,40,40,40,1,36,0,2021-10-04,10,4,1,136.0,43.0,80.0,35.0,0.0,0.0,0.0,0.0,4.0,0.05,195.75,170.5,5.75,0.021574999999999997,iqr_trimmed_quantiles,9.0,30.0,High
433,41,Zamfara,2021,67,3,0.0448,67,,6.96,25.632857142857144,63.58714285714286,-0.532,-0.0616233059715217,0,0,53.8,0,77.8385518833185,28.3555720870985,45.4491559568794,30.7931355307584,18.7432459114042,0.0,0,0,365,928.0,21.0,883.0,41,41,41,1,36,0,2021-10-11,10,4,1,137.0,136.0,524.0,35.0,0.0,0.0,0.0,0.0,19.0,0.0363,210.0,183.25,4.75,0.009074999999999996,iqr_trimmed_quantiles,9.0,30.0,High
427,42,Zamfara,2021,16,0,0.0,16,,48.53,26.117142857142856,79.60000000000001,38.0,1.7871647505835937,1,0,93.73,0,77.8385518833185,28.3555720870985,45.4491559568794,30.7931355307584,18.7432459114042,0.0,0,0,365,928.0,21.0,883.0,42,42,42,1,36,0,2021-10-18,10,4,1,67.0,137.0,43.0,57.0,3.0,0.0448,0.0,0.0,0.0,0.0,95.75,187.25,0.75,0.011199999999999996,iqr_trimmed_quantiles,9.0,30.0,Medium
414,43,Zamfara,2021,1,0,0.0,1,,0.46,24.602857142857143,65.02571428571429,-1.212,-0.3498200452234656,0,0,59.29,0,77.8385518833185,28.3555720870985,45.4491559568794,30.7931355307584,18.7432459114042,0.0,0,0,365,928.0,21.0,883.0,43,43,43,1,36,0,2021-10-25,10,4,1,16.0,67.0,136.0,454.0,0.0,0.0,3.0,0.0448,0.0,0.0,89.0,182.125,0.75,0.011199999999999996,iqr_trimmed_quantiles,9.0,30.0,Low
402,45,Zamfara,2021,12,0,0.0,12,,0.07,25.17142857142857,54.57428571428572,0.056,1.788854381999832,0,0,49.06,0,77.8385518833185,28.3555720870985,45.4491559568794,30.7931355307584,18.7432459114042,0.0,0,0,365,928.0,21.0,883.0,45,45,45,1,36,1,2021-11-08,11,4,0,1.0,16.0,137.0,80.0,0.0,0.0,0.0,0.0,0.0,0.0,55.25,125.5,0.75,0.011199999999999996,iqr_trimmed_quantiles,9.0,30.0,Medium
396,46,Zamfara,2021,15,0,0.0,15,,0.0,24.43,55.32285714285714,0.0,0.0,0,0,0.53,0,77.8385518833185,28.3555720870985,45.4491559568794,30.7931355307584,18.7432459114042,0.0,0,0,365,928.0,21.0,883.0,46,46,46,1,36,0,2021-11-15,11,4,0,12.0,1.0,67.0,524.0,0.0,0.0,0.0,0.0,3.0,0.0448,24.0,117.0,0.75,0.011199999999999996,iqr_trimmed_quantiles,9.0,30.0,Medium
387,47,Zamfara,2021,7,0,0.0,7,,0.0,22.92142857142857,53.35285714285714,-0.0699999999999999,-0.4472135954999578,0,0,0.07,0,77.8385518833185,28.3555720870985,45.4491559568794,30.7931355307584,18.7432459114042,0.0,0,0,365,928.0,21.0,883.0,47,47,47,1,36,0,2021-11-22,11,4,0,15.0,12.0,16.0,43.0,0.0,0.0,0.0,0.0,0.0,0.0,11.0,53.375,0.0,0.0,iqr_trimmed_quantiles,9.0,30.0,Low
368,49,Zamfara,2021,2,0,0.0,2,,0.0,21.42142857142857,52.50571428571429,0.0,0.0,0,0,0.0,0,77.8385518833185,28.3555720870985,45.4491559568794,30.7931355307584,18.7432459114042,0.0,0,0,365,928.0,21.0,883.0,49,49,49,1,36,1,2021-12-06,12,4,0,7.0,15.0,1.0,136.0,0.0,0.0,0.0,0.0,0.0,0.0,8.75,48.875,0.0,0.0,iqr_trimmed_quantiles,9.0,30.0,Low
341,17,Zamfara,2022,28,2,0.0714,28,,24.049999999999997,25.65798319327731,38.23705882352941,0.09543137254901947,0.49674049312459395,0,0,4.141176470588236,0,79.457946920672,28.9123382327651,46.5706755484283,31.4553515414556,18.4410066468131,0.0,0,0,365,928.0,21.0,883.0,01-17,1,17,17,36,0,2022-04-25,4,2,1,2.0,7.0,12.0,137.0,0.0,0.0,0.0,0.0,0.0,0.0,9.0,32.125,0.0,0.0,iqr_trimmed_quantiles,9.0,30.0,Medium
320,26,Zamfara,2022,24,1,0.0417,24,,321.4,26.344857142857144,78.24228571428571,33.9628,1.129687938615963,1,1,356.9119999999999,0,79.457946920672,28.9123382327651,46.5706755484283,31.4553515414556,18.4410066468131,0.0,0,0,365,928.0,21.0,883.0,22-26,22,26,5,36,4,2022-06-27,6,2,1,28.0,2.0,15.0,67.0,2.0,0.0714,0.0,0.0,0.0,0.0,13.0,18.5,0.5,0.017849999999999998,iqr_trimmed_quantiles,9.0,30.0,Medium
307,30,Zamfara,2022,11,2,0.1818,11,,135.16000000000003,25.58964285714286,80.7667857142857,-5.873499999999999,-0.3043377895559569,1,0,130.6925,0,79.457946920672,28.9123382327651,46.5706755484283,31.4553515414556,18.4410066468131,0.0,0,0,365,928.0,21.0,883.0,27-30,27,30,4,36,0,2022-07-25,7,3,1,24.0,28.0,7.0,16.0,1.0,0.0417,2.0,0.0714,0.0,0.0,15.25,13.125,0.75,0.028274999999999998,iqr_trimmed_quantiles,9.0,30.0,Medium
290,35,Zamfara,2022,11,0,0.0,11,,172.99,24.812285714285714,84.47828571428572,-9.4416,-0.21697945255566858,1,0,139.256,0,79.457946920672,28.9123382327651,46.5706755484283,31.4553515414556,18.4410066468131,0.0,0,0,365,928.0,21.0,883.0,31-35,31,35,5,36,0,2022-08-29,8,3,1,11.0,24.0,2.0,1.0,2.0,0.1818,1.0,0.0417,0.0,0.0,16.25,12.5,1.25,0.073725,iqr_trimmed_quantiles,9.0,30.0,Medium
270,39,Zamfara,2022,212,12,0.0566,212,,121.75,25.46857142857143,82.76178571428571,-4.2844999999999995,-0.26715975848197304,0,0,139.0525,0,79.457946920672,28.9123382327651,46.5706755484283,31.4553515414556,18.4410066468131,0.0,0,0,365,928.0,21.0,883.0,36-39,36,39,4,36,0,2022-09-26,9,3,1,11.0,11.0,28.0,12.0,0.0,0.0,2.0,0.1818,2.0,0.0714,18.5,13.75,1.25,0.07372499999999998,iqr_trimmed_quantiles,9.0,30.0,High
247,52,Zamfara,2022,22,0,0.0,22,,0.0,22.060285714285715,34.273428571428575,0.0,0.0,0,0,0.0,0,79.457946920672,28.9123382327651,46.5706755484283,31.4553515414556,18.4410066468131,0.0,0,0,365,928.0,21.0,883.0,48-52,48,52,5,36,8,2022-12-26,12,4,0,212.0,11.0,24.0,15.0,12.0,0.0566,0.0,0.0,1.0,0.0417,64.5,38.75,3.75,0.07002499999999999,iqr_trimmed_quantiles,9.0,30.0,Medium
243,4,Zamfara,2023,3,0,0.0,3,,0.0,23.214285714285715,30.01464285714286,-0.04791666666666665,-0.10206207261596577,0,0,0.0,0,81.0772897042816,29.4651386798622,47.7155813553496,32.1314589229297,18.1372592328994,0.0,0,0,365,928.0,21.0,883.0,1-4,1,4,4,36,0,2023-01-23,1,1,0,22.0,212.0,11.0,7.0,0.0,0.0,12.0,0.0566,2.0,0.1818,64.0,39.625,3.5,0.059599999999999986,iqr_trimmed_quantiles,9.0,30.0,Low
231,9,Zamfara,2023,25,1,0.04,25,,0.0,26.56257142857143,21.395714285714284,-0.0456,-0.17888543819998318,0,0,0.0,0,81.0772897042816,29.4651386798622,47.7155813553496,32.1314589229297,18.1372592328994,0.0,0,0,365,928.0,21.0,883.0,5-9,5,9,5,36,0,2023-02-27,2,1,0,3.0,22.0,11.0,2.0,0.0,0.0,0.0,0.0,0.0,0.0,62.0,39.125,3.0,0.014149999999999992,iqr_trimmed_quantiles,9.0,30.0,Medium
229,13,Zamfara,2023,13,0,0.0,13,,1.2899999999999998,29.3075,26.409999999999997,-0.1585,0.26205955892123467,0,0,0.7049999999999998,0,81.0772897042816,29.4651386798622,47.7155813553496,32.1314589229297,18.1372592328994,0.0,0,0,365,928.0,21.0,883.0,10-13,10,13,4,36,0,2023-03-27,3,1,0,25.0,3.0,212.0,28.0,1.0,0.04,0.0,0.0,12.0,0.0566,65.5,42.0,3.25,0.02414999999999999,iqr_trimmed_quantiles,9.0,30.0,Medium
224,17,Zamfara,2023,1,0,0.0,1,,8.05,31.64178571428571,36.9075,-3.0085000000000006,-0.27901600828598405,0,0,4.25,0,81.0772897042816,29.4651386798622,47.7155813553496,32.1314589229297,18.1372592328994,0.0,0,0,365,928.0,21.0,883.0,14-17,14,17,4,36,0,2023-04-24,4,2,1,13.0,25.0,22.0,24.0,0.0,0.0,1.0,0.04,0.0,0.0,15.75,40.125,0.25,0.009999999999999993,iqr_trimmed_quantiles,9.0,30.0,Low
206,30,Zamfara,2023,1,0,0.0,1,,104.50999999999999,28.064285714285713,70.38357142857143,-13.535999999999998,-0.3201391829007373,1,0,99.00999999999999,0,81.0772897042816,29.4651386798622,47.7155813553496,32.1314589229297,18.1372592328994,0.0,0,0,365,928.0,21.0,883.0,27-30,27,30,4,36,9,2023-07-24,7,3,1,1.0,13.0,3.0,11.0,0.0,0.0,0.0,0.0,0.0,0.0,10.5,37.25,0.25,0.009999999999999993,iqr_trimmed_quantiles,9.0,30.0,Low
189,34,Zamfara,2023,190,17,0.0895,190,,87.34,27.324642857142855,73.05678571428571,-25.2885,-0.7928345429353445,0,0,78.10749999999999,0,81.0772897042816,29.4651386798622,47.7155813553496,32.1314589229297,18.1372592328994,0.0,0,0,365,928.0,21.0,883.0,31-34,31,34,4,36,0,2023-08-21,8,3,1,1.0,1.0,25.0,11.0,0.0,0.0,0.0,0.0,1.0,0.04,10.0,36.0,0.25,0.009999999999999993,iqr_trimmed_quantiles,9.0,30.0,High
122,29,Zamfara,2024,3,0,0.0,3,,53.04,25.782857142857143,84.06142857142856,17.204,0.7939973778798627,1,0,190.19,0,82.2488935172216,29.904599188308,47.9019370619136,32.2082592818415,17.9570129436897,0.0,0,0,365,928.0,21.0,883.0,29,29,29,1,36,0,2024-07-15,7,3,1,190.0,1.0,13.0,212.0,17.0,0.0895,0.0,0.0,0.0,0.0,51.25,58.375,4.25,0.022374999999999992,iqr_trimmed_quantiles,9.0,30.0,Low
97,34,Zamfara,2024,4,0,0.0,4,,40.88,25.91857142857143,82.56857142857143,-32.368,-0.3312128539305972,0,0,157.39,0,82.2488935172216,29.904599188308,47.9019370619136,32.2082592818415,17.9570129436897,0.0,0,0,365,928.0,21.0,883.0,34,34,34,1,36,4,2024-08-19,8,3,1,3.0,190.0,1.0,22.0,0.0,0.0,17.0,0.0895,0.0,0.0,48.75,32.25,4.25,0.022374999999999992,iqr_trimmed_quantiles,9.0,30.0,Low
71,38,Zamfara,2024,20,0,0.0,20,,43.38,26.51142857142857,78.62571428571428,18.632000000000005,1.1483601541655553,0,0,117.97,0,82.2488935172216,29.904599188308,47.9019370619136,32.2082592818415,17.9570129436897,0.0,0,0,365,928.0,21.0,883.0,38,38,38,1,36,3,2024-09-16,9,3,1,4.0,3.0,1.0,3.0,0.0,0.0,0.0,0.0,0.0,0.0,49.5,30.0,4.25,0.022374999999999992,iqr_trimmed_quantiles,9.0,30.0,Medium
