state,year,epi_week,rainfall_mm,temperature_c,humidity_pct
Abia,2020,53,0.26,26.176666666666666,88.57
Abia,2021,1,24.310000000000002,26.58142857142857,86.45285714285714
Abia,2021,2,0.37,26.611428571428572,81.60428571428572
Abia,2021,3,0.01,25.365714285714287,72.8
Abia,2021,4,1.8499999999999999,25.821428571428573,82.55857142857143
Abia,2021,5,0.45999999999999996,26.077142857142857,79.36857142857143
Abia,2021,6,3.68,27.205714285714286,83.32000000000001
Abia,2021,7,0.37,25.814285714285713,71.04571428571428
Abia,2021,8,1.8699999999999999,26.262857142857143,84.34571428571428
Abia,2021,9,1.6800000000000002,27.111428571428572,84.92428571428572
Abia,2021,10,39.879999999999995,26.67142857142857,87.84142857142857
Abia,2021,11,6.59,25.775714285714287,86.05285714285715
Abia,2021,12,20.57,26.118571428571425,85.44000000000001
Abia,2021,13,0.30000000000000004,27.02,83.10000000000001
Abia,2021,14,74.56,26.66714285714286,88.62857142857142
Abia,2021,15,74.24000000000001,26.437142857142856,86.31857142857143
Abia,2021,16,31.16,26.825714285714287,86.50428571428571
Abia,2021,17,23.44,26.768571428571427,87.75285714285714
Abia,2021,18,21.119999999999997,25.89428571428571,87.26285714285714
Abia,2021,19,23.26,26.625714285714285,87.52142857142857
Abia,2021,20,30.37,26.464285714285715,88.15857142857143
Abia,2021,21,29.490000000000002,26.641428571428573,89.27857142857144
Abia,2021,22,162.6,26.13714285714286,88.03428571428572
Abia,2021,23,38.92,26.56714285714286,86.64857142857143
Abia,2021,24,58.68,25.702857142857145,89.87571428571428
Abia,2021,25,39.0,25.02,90.96000000000001
Abia,2021,26,67.91,25.054285714285715,89.53857142857143
Abia,2021,27,64.47,25.005714285714284,89.80999999999999
Abia,2021,28,72.21,25.057142857142857,90.44428571428571
Abia,2021,29,11.66,25.054285714285715,88.96428571428571
Abia,2021,30,7.609999999999999,24.84714285714286,86.96285714285715
Abia,2021,31,46.09,24.742857142857144,91.06000000000002
Abia,2021,32,142.11,25.07,89.85285714285715
Abia,2021,33,64.55,24.650000000000002,91.11999999999999
Abia,2021,34,31.45,25.382857142857144,90.32714285714285
Abia,2021,35,54.66,25.054285714285715,90.83
Abia,2021,36,40.71,25.388571428571428,90.51571428571428
Abia,2021,37,24.189999999999998,25.34857142857143,88.96142857142857
Abia,2021,38,44.15,24.958571428571428,90.07428571428571
Abia,2021,39,36.87,25.45285714285714,89.99714285714286
Abia,2021,40,140.57000000000002,25.89428571428571,89.79142857142857
Abia,2021,41,31.450000000000003,25.502857142857145,91.21428571428571
Abia,2021,42,42.36,25.35,89.84285714285714
Abia,2021,43,37.28,25.631428571428568,89.02285714285715
Abia,2021,44,54.06999999999999,25.364285714285717,90.70142857142856
Abia,2021,45,54.06,25.59857142857143,90.23285714285714
Abia,2021,46,47.17,26.0,88.39142857142858
Abia,2021,47,33.08,26.389999999999997,87.54571428571428
Abia,2021,48,4.2,26.048571428571428,84.77428571428572
Abia,2021,49,0.71,25.198571428571427,78.88428571428572
Abia,2021,50,1.82,24.375714285714285,73.62
Abia,2021,51,8.59,24.804285714285715,73.86142857142856
Abia,2021,52,9.02,25.07,75.61
Abia,2022,1,34.85,24.942857142857143,77.04857142857144
Abia,2022,2,10.69,25.93,84.8
Abia,2022,3,26.05,23.867142857142856,70.36428571428571
Abia,2022,4,4.53,23.377142857142854,66.54142857142857
Abia,2022,5,0.8,23.762857142857143,63.92285714285715
Abia,2022,6,0.6900000000000001,24.60571428571429,70.98285714285714
Abia,2022,7,0.55,26.614285714285717,80.65428571428572
Abia,2022,8,0.5,26.18,77.62142857142858
Abia,2022,9,16.68,26.312857142857144,87.90714285714286
Abia,2022,10,35.269999999999996,26.795714285714286,87.10142857142857
Abia,2022,11,1.9,27.094285714285714,85.86142857142856
Abia,2022,12,5.21,27.235714285714288,86.67428571428572
Abia,2022,13,6.07,27.08285714285714,84.45142857142856
Abia,2022,14,49.550000000000004,26.937142857142856,85.24
Abia,2022,15,23.860000000000003,26.424285714285713,86.98
Abia,2022,16,49.83,26.442857142857143,87.71857142857142
Abia,2022,17,43.28,26.21,87.63714285714286
Abia,2022,18,30.97,26.442857142857143,88.19000000000001
Abia,2022,19,16.57,26.584285714285716,89.47857142857143
Abia,2022,20,40.089999999999996,26.419999999999998,88.72857142857143
Abia,2022,21,39.39,25.71,87.94571428571429
Abia,2022,22,52.75,25.807142857142857,89.98571428571428
Abia,2022,23,63.199999999999996,25.495714285714286,89.46428571428571
Abia,2022,24,15.700000000000001,25.36285714285714,89.54142857142857
Abia,2022,25,33.83,24.85857142857143,91.19857142857143
Abia,2022,26,18.68,25.275714285714287,88.99428571428572
Abia,2022,27,53.650000000000006,25.07857142857143,91.04285714285713
Abia,2022,28,14.57,25.15285714285714,88.04857142857144
Abia,2022,29,23.39,24.967142857142857,87.44571428571429
Abia,2022,30,81.75999999999999,24.777142857142856,90.71714285714286
Abia,2022,31,16.82,24.92142857142857,87.23142857142857
Abia,2022,32,104.97,24.978571428571428,90.73428571428572
Abia,2022,33,10.16,24.87857142857143,88.03285714285714
Abia,2022,34,72.83,24.650000000000002,89.40857142857143
Abia,2022,35,47.75,25.324285714285715,88.10857142857142
Abia,2022,36,100.15,25.34,89.27142857142857
Abia,2022,37,44.97,25.235714285714288,89.92714285714285
Abia,2022,38,95.86,25.141428571428573,90.18285714285715
Abia,2022,39,80.43,24.514285714285712,90.69285714285715
Abia,2022,40,38.980000000000004,25.184285714285714,89.22714285714287
Abia,2022,41,32.68,25.807142857142857,86.78714285714285
Abia,2022,42,19.299999999999997,25.891428571428573,89.21428571428571
Abia,2022,43,26.84,26.157142857142855,85.59857142857142
Abia,2022,44,50.68,26.057142857142857,84.59857142857143
Abia,2022,45,10.030000000000001,26.407142857142855,84.53285714285714
Abia,2022,46,7.18,25.947142857142858,83.10857142857142
Abia,2022,47,1.18,25.904285714285717,78.04857142857144
Abia,2022,48,1.4,25.84857142857143,81.80571428571429
Abia,2022,49,1.65,25.292857142857144,81.45428571428572
Abia,2022,50,16.14,25.301428571428573,84.59
Abia,2022,51,0.02,23.98428571428571,68.28285714285714
Abia,2022,52,0.0,24.868571428571432,68.10714285714286
Abia,2023,1,0.71,25.074285714285715,72.95285714285714
Abia,2023,2,0.14,24.157142857142855,70.75285714285714
Abia,2023,3,0.61,25.48,75.63857142857144
Abia,2023,4,3.73,26.15857142857143,85.57142857142857
Abia,2023,5,2.2,26.077142857142857,87.30571428571429
Abia,2023,6,5.38,26.90857142857143,79.67285714285715
Abia,2023,7,0.0,24.845714285714287,63.32285714285714
Abia,2023,8,11.07,26.25142857142857,79.91571428571429
Abia,2023,9,16.09,26.47714285714286,87.80999999999999
Abia,2023,10,27.82,26.448571428571427,87.31714285714285
Abia,2023,11,29.599999999999998,26.03,86.21714285714286
Abia,2023,12,24.61,25.972857142857144,85.28857142857143
Abia,2023,13,13.74,26.645714285714288,84.83571428571429
Abia,2023,14,35.32,26.664285714285715,87.11428571428571
Abia,2023,15,16.759999999999998,26.975714285714282,87.27428571428571
Abia,2023,16,26.21,26.858571428571427,87.65857142857143
Abia,2023,17,11.82,26.45,86.98857142857142
Abia,2023,18,14.22,26.451428571428572,85.74857142857142
Abia,2023,19,11.739999999999998,27.181428571428572,86.39142857142858
Abia,2023,20,38.5,26.984285714285715,89.29142857142857
Abia,2023,21,23.78,26.818571428571428,89.62571428571428
Abia,2023,22,31.580000000000002,26.321428571428573,89.76428571428572
Abia,2023,23,90.84,25.71857142857143,90.46285714285715
Abia,2023,24,37.96,25.891428571428573,88.56714285714285
Abia,2023,25,92.26,25.174285714285713,90.80714285714285
Abia,2023,26,86.72,25.095714285714287,91.92142857142858
Abia,2023,27,73.88,25.67571428571429,89.29857142857144
Abia,2023,28,41.0,26.00714285714286,89.07285714285715
Abia,2023,29,49.3,25.687142857142856,91.78428571428572
Abia,2023,30,82.44,25.685714285714287,90.1842857142857
Abia,2023,31,7.21,25.39428571428571,89.40285714285714
Abia,2023,32,23.81,25.56,89.26285714285714
Abia,2023,33,15.04,25.804285714285715,89.01428571428572
Abia,2023,34,17.59,25.707142857142856,90.34714285714286
Abia,2023,35,52.589999999999996,25.67142857142857,89.51142857142858
Abia,2023,36,96.36,25.59142857142857,89.88428571428572
Abia,2023,37,29.25,25.611428571428572,90.98285714285714
Abia,2023,38,48.39,25.601428571428574,90.01285714285714
Abia,2023,39,45.379999999999995,26.301428571428573,89.84857142857143
Abia,2023,40,34.160000000000004,25.957142857142856,90.5442857142857
Abia,2023,41,78.11,25.990000000000002,90.39571428571428
Abia,2023,42,38.339999999999996,26.169999999999998,89.50428571428571
Abia,2023,43,14.57,25.824285714285715,91.00999999999999
Abia,2023,44,29.98,26.178571428571427,89.28571428571429
Abia,2023,45,7.77,26.192857142857143,90.76571428571428
Abia,2023,46,16.62,26.342857142857145,87.95857142857143
Abia,2023,47,12.04,26.035714285714285,89.33428571428571
Abia,2023,48,7.87,26.627142857142854,86.97
Abia,2023,49,0.27,26.611428571428572,84.81142857142858
Abia,2023,50,0.12000000000000001,25.695714285714285,70.05428571428571
Abia,2023,51,0.08,26.41,78.05142857142857
Abia,2023,52,0.0,24.900000000000002,68.01571428571428
Abia,2024,1,0.6799999999999999,26.87142857142857,82.20285714285714
Abia,2024,2,0.61,26.75857142857143,79.62
Abia,2024,3,0.0,23.994285714285716,62.285714285714285
Abia,2024,4,5.800000000000001,25.475714285714282,66.14285714285714
Abia,2024,5,0.0,25.37,66.96285714285715
Abia,2024,6,0.0,25.639999999999997,73.15428571428572
Abia,2024,7,0.06,28.012857142857143,80.97
Abia,2024,8,5.090000000000001,27.23,82.22857142857143
Abia,2024,9,6.710000000000001,27.315714285714286,85.29571428571428
Abia,2024,10,4.67,27.400000000000002,86.24
Abia,2024,11,3.31,28.095714285714283,84.89714285714285
Abia,2024,12,7.57,27.892857142857142,83.02714285714286
Abia,2024,13,7.55,27.885714285714283,86.23
Abia,2024,14,6.3,27.55,85.99428571428572
Abia,2024,15,21.04,27.282857142857146,84.91142857142857
Abia,2024,16,9.67,27.437142857142856,87.47142857142856
Abia,2024,17,42.21,27.97142857142857,86.77285714285713
Abia,2024,18,91.03,27.360000000000003,89.55999999999999
Abia,2024,19,5.16,27.527142857142856,87.87714285714286
Abia,2024,20,107.67,27.17142857142857,88.55714285714285
Abia,2024,21,33.09,26.722857142857144,87.29285714285713
Abia,2024,22,38.760000000000005,26.885714285714283,89.66285714285713
Abia,2024,23,28.48,26.395714285714288,90.21142857142857
Abia,2024,24,90.05999999999999,26.382857142857144,88.87142857142858
Abia,2024,25,99.39999999999999,26.572857142857142,88.45714285714287
Abia,2024,26,44.46,25.548571428571428,90.15142857142857
Abia,2024,27,68.35,25.434285714285714,91.16857142857144
Abia,2024,28,30.8,25.40285714285714,90.60428571428572
Abia,2024,29,90.98,25.321428571428573,90.91714285714285
Abia,2024,30,15.760000000000002,25.79,87.99142857142859
Abia,2024,31,17.83,25.322857142857142,88.15857142857143
Abia,2024,32,11.27,25.722857142857144,87.17999999999999
Abia,2024,33,16.71,25.224285714285713,90.02428571428571
Abia,2024,34,60.91,25.254285714285714,90.62714285714286
Abia,2024,35,18.49,25.68142857142857,88.67571428571429
Abia,2024,36,31.75,25.707142857142856,88.33857142857143
Abia,2024,37,45.78,25.777142857142856,90.63142857142857
Abia,2024,38,65.08,25.90285714285714,88.89571428571428
Abia,2024,39,46.0,25.57857142857143,89.0
Abia,2024,40,44.480000000000004,25.814285714285713,89.69428571428571
Abia,2024,41,45.25,25.548571428571428,89.55428571428571
Abia,2024,42,32.6,25.724285714285713,88.09714285714286
Abia,2024,43,34.01,26.318571428571428,89.36857142857143
Abia,2024,44,29.21,26.725714285714286,81.62714285714286
Abia,2024,45,4.88,25.815714285714286,83.31428571428572
Abia,2024,46,0.35,26.967142857142854,81.98285714285714
Abia,2024,47,0.25,25.988571428571426,77.31428571428572
Abia,2024,48,0.15000000000000002,25.365714285714287,70.56428571428572
Abia,2024,49,0.05,25.172857142857143,71.45714285714286
Abia,2024,50,0.0,25.445714285714285,71.4057142857143
Abia,2024,51,0.0,24.554285714285715,61.730000000000004
Abia,2024,52,0.02,25.505714285714287,67.63857142857144
Abia,2025,1,0.76,26.5,80.0657142857143
Abia,2025,2,0.0,25.24857142857143,65.41285714285713
Abia,2025,3,0.9600000000000001,25.895714285714288,77.91
Abia,2025,4,0.38,26.205714285714286,82.66142857142857
Abia,2025,5,0.11,26.052857142857142,76.87428571428572
Abia,2025,6,0.1,27.509999999999998,81.68285714285715
Abia,2025,7,0.08,27.364285714285717,74.65285714285714
Abia,2025,8,10.31,27.024285714285714,81.85857142857142
Abia,2025,9,11.55,27.434285714285714,81.69142857142857
Abia,2025,10,11.04,28.164285714285715,81.08285714285715
Abia,2025,11,13.08,27.867142857142856,83.73714285714286
Abia,2025,12,15.36,26.994285714285716,85.49000000000001
Abia,2025,13,2.83,27.89428571428571,82.77714285714285
Abia,2025,14,16.25,27.46142857142857,84.99714285714286
Abia,2025,15,30.23,27.267142857142858,86.60285714285715
Abia,2025,16,6.48,27.50857142857143,85.75714285714285
Abia,2025,17,39.52,26.807142857142857,87.96142857142857
Abia,2025,18,18.79,26.334285714285716,88.92714285714285
Abia,2025,19,26.95,26.90142857142857,86.14142857142858
Abia,2025,20,12.93,26.84714285714286,87.46857142857142
Abia,2025,21,20.78,26.658571428571427,88.00571428571428
Abia,2025,22,66.36,26.62857142857143,88.23
Abia,2025,23,89.38,26.511428571428574,86.88571428571429
Abia,2025,24,26.88,26.41857142857143,88.25285714285714
Abia,2025,25,43.13,25.94,88.03714285714285
Abia,2025,26,79.94,25.895714285714288,90.08714285714287
Abia,2025,27,110.54,25.05,90.69571428571429
Abia,2025,28,44.19,24.97714285714286,89.73285714285714
Abia,2025,29,52.22,25.360000000000003,88.21714285714286
Abia,2025,30,52.89,24.75,90.91714285714286
Abia,2025,31,32.64,25.240000000000002,88.76428571428572
Abia,2025,32,106.08,24.770000000000003,89.8442857142857
Abia,2025,33,13.59,25.00142857142857,87.29857142857144
Abia,2025,34,16.69,25.274285714285718,87.83714285714287
Abia,2025,35,10.65,25.110000000000003,87.6542857142857
Abia,2025,36,7.9399999999999995,25.18285714285714,88.8442857142857
Abia,2025,37,54.28,25.38714285714286,88.56142857142858
Abia,2025,38,70.38,25.512857142857143,88.94857142857143
Abia,2025,39,26.759999999999998,25.391428571428573,89.61285714285714
Abia,2025,40,39.99,24.945714285714285,90.13714285714286
Abia,2025,41,27.810000000000002,25.42142857142857,87.73714285714286
Abia,2025,42,79.14,25.502857142857145,88.89999999999999
Abia,2025,43,15.57,25.821428571428573,89.06285714285715
Abia,2025,44,48.8,26.11285714285714,88.4057142857143
Abia,2025,45,47.82,25.812857142857144,87.60571428571428
Abia,2025,46,21.48,26.132857142857144,86.84714285714287
Abia,2025,47,2.27,26.43857142857143,82.98142857142857
Abia,2025,48,3.01,27.005714285714284,83.85285714285715
Abia,2025,49,27.990000000000002,26.544285714285714,87.35428571428572
Abia,2025,50,8.12,26.06,86.07714285714285
Abia,2025,51,0.88,26.384285714285713,84.06428571428572
Abia,2025,52,0.35,26.952857142857145,83.68142857142857
Abia,2026,1,0.25,26.820000000000004,84.02666666666666
Adamawa,2020,53,0.0,29.12,28.103333333333335
Adamawa,2021,1,0.0,28.557142857142857,19.381428571428575
Adamawa,2021,2,0.0,26.884285714285713,18.247142857142858
Adamawa,2021,3,0.0,27.017142857142858,18.694285714285712
Adamawa,2021,4,0.0,29.23428571428571,18.777142857142856
Adamawa,2021,5,0.0,29.454285714285714,17.77
Adamawa,2021,6,0.0,28.697142857142858,12.6
Adamawa,2021,7,0.0,27.997142857142855,13.700000000000001
Adamawa,2021,8,0.0,30.174285714285713,15.644285714285715
Adamawa,2021,9,0.0,32.31142857142857,13.845714285714285
Adamawa,2021,10,9.09,32.20857142857143,34.121428571428574
Adamawa,2021,11,0.19,31.43142857142857,47.441428571428574
Adamawa,2021,12,0.78,32.112857142857145,35.51285714285714
Adamawa,2021,13,0.0,30.92142857142857,14.34142857142857
Adamawa,2021,14,1.45,33.387142857142855,31.12142857142857
Adamawa,2021,15,6.05,31.62,49.29857142857143
Adamawa,2021,16,1.0,32.54857142857143,48.160000000000004
Adamawa,2021,17,5.18,33.1,46.465714285714284
Adamawa,2021,18,16.48,30.497142857142858,56.644285714285715
Adamawa,2021,19,47.3,30.405714285714286,62.357142857142854
Adamawa,2021,20,31.68,30.312857142857144,62.17
Adamawa,2021,21,6.76,31.52,55.787142857142854
Adamawa,2021,22,37.61,29.398571428571426,67.05
Adamawa,2021,23,22.0,30.485714285714288,60.048571428571435
Adamawa,2021,24,34.35,28.599999999999998,70.95
Adamawa,2021,25,30.69,27.47142857142857,74.73571428571428
Adamawa,2021,26,81.6,25.965714285714284,82.11
Adamawa,2021,27,47.58,25.67142857142857,82.44857142857143
Adamawa,2021,28,59.39,25.564285714285713,83.38142857142857
Adamawa,2021,29,51.89,25.474285714285713,85.97
Adamawa,2021,30,21.03,25.277142857142856,84.12571428571428
Adamawa,2021,31,27.0,25.41857142857143,82.32142857142857
Adamawa,2021,32,73.9,25.267142857142858,84.7
Adamawa,2021,33,31.94,25.192857142857143,84.27
Adamawa,2021,34,42.68,26.33857142857143,81.78
Adamawa,2021,35,13.62,26.092857142857145,81.87142857142858
Adamawa,2021,36,50.540000000000006,26.307142857142857,81.13
Adamawa,2021,37,40.39,25.93285714285714,84.02428571428571
Adamawa,2021,38,90.54,26.005714285714284,83.71571428571428
Adamawa,2021,39,14.7,27.06,79.60571428571428
Adamawa,2021,40,23.78,27.924285714285713,75.58571428571429
Adamawa,2021,41,5.1,27.56714285714286,74.56142857142858
Adamawa,2021,42,11.37,27.207142857142856,77.56142857142858
Adamawa,2021,43,9.850000000000001,28.33142857142857,66.78
Adamawa,2021,44,22.99,28.312857142857144,63.93285714285714
Adamawa,2021,45,66.69,27.301428571428573,56.08
Adamawa,2021,46,1.51,27.587142857142858,53.43
Adamawa,2021,47,0.03,27.102857142857143,45.21
Adamawa,2021,48,0.01,26.56714285714286,41.621428571428574
Adamawa,2021,49,0.0,26.45,39.332857142857144
Adamawa,2021,50,0.0,25.138571428571428,38.432857142857145
Adamawa,2021,51,0.39,25.537142857142857,34.19428571428572
Adamawa,2021,52,3.21,24.744285714285716,36.13428571428572
Adamawa,2022,1,0.0,26.301428571428573,33.728571428571435
Adamawa,2022,2,0.0,27.4,29.784285714285716
Adamawa,2022,3,0.0,24.232857142857142,26.292857142857144
Adamawa,2022,4,0.0,25.12142857142857,22.345714285714287
Adamawa,2022,5,0.0,24.45,19.28
Adamawa,2022,6,0.0,27.5,17.764285714285712
Adamawa,2022,7,0.0,28.8,17.495714285714286
Adamawa,2022,8,0.0,29.09,15.184285714285712
Adamawa,2022,9,0.0,30.867142857142856,21.744285714285716
Adamawa,2022,10,0.07,32.10142857142857,39.635714285714286
Adamawa,2022,11,0.0,31.51571428571429,13.497142857142858
Adamawa,2022,12,0.12,32.294285714285714,20.419999999999998
Adamawa,2022,13,0.56,32.23428571428571,18.754285714285714
Adamawa,2022,14,24.36,32.86,48.48428571428571
Adamawa,2022,15,7.629999999999999,31.73428571428571,51.18857142857143
Adamawa,2022,16,66.06,30.005714285714284,62.41142857142857
Adamawa,2022,17,34.019999999999996,28.231428571428573,73.50142857142858
Adamawa,2022,18,16.99,28.24142857142857,74.28428571428572
Adamawa,2022,19,19.86,28.722857142857144,73.40285714285714
Adamawa,2022,20,80.75999999999999,28.445714285714285,72.10714285714286
Adamawa,2022,21,74.5,27.604285714285712,75.03285714285714
Adamawa,2022,22,23.08,27.641428571428573,75.57714285714285
Adamawa,2022,23,28.07,27.5,74.83571428571429
Adamawa,2022,24,42.58,27.009999999999998,76.37142857142858
Adamawa,2022,25,51.29,27.217142857142857,78.62142857142858
Adamawa,2022,26,40.79,26.27857142857143,80.52285714285713
Adamawa,2022,27,26.15,26.695714285714285,79.34285714285714
Adamawa,2022,28,75.2,26.055714285714284,82.70142857142856
Adamawa,2022,29,41.78,25.385714285714283,85.39857142857143
Adamawa,2022,30,61.5,24.934285714285714,87.27857142857144
Adamawa,2022,31,56.54,25.048571428571428,86.96428571428571
Adamawa,2022,32,52.74,25.32,86.87142857142858
Adamawa,2022,33,49.6,24.834285714285716,86.44000000000001
Adamawa,2022,34,65.79,24.687142857142856,86.82142857142857
Adamawa,2022,35,40.35,25.041428571428572,84.1557142857143
Adamawa,2022,36,84.31,25.32,86.4042857142857
Adamawa,2022,37,27.979999999999997,25.72714285714286,85.29857142857144
Adamawa,2022,38,20.62,26.457142857142856,79.55428571428571
Adamawa,2022,39,15.53,26.00857142857143,81.03428571428572
Adamawa,2022,40,33.23,25.027142857142856,83.80714285714285
Adamawa,2022,41,3.8000000000000003,26.314285714285713,79.92285714285715
Adamawa,2022,42,4.369999999999999,27.23857142857143,73.26428571428572
Adamawa,2022,43,0.48,26.490000000000002,64.78999999999999
Adamawa,2022,44,0.12,26.24142857142857,57.96857142857142
Adamawa,2022,45,0.0,26.891428571428573,54.354285714285716
Adamawa,2022,46,0.0,26.16142857142857,49.52428571428572
Adamawa,2022,47,0.0,25.451428571428572,43.93571428571429
Adamawa,2022,48,0.0,26.048571428571428,45.40571428571429
Adamawa,2022,49,0.0,25.442857142857143,37.941428571428574
Adamawa,2022,50,0.0,25.615714285714287,35.73
Adamawa,2022,51,0.0,22.715714285714284,37.43571428571429
Adamawa,2022,52,0.0,23.625714285714285,33.70285714285715
Adamawa,2023,1,0.0,25.422857142857143,33.70142857142857
Adamawa,2023,2,0.0,24.42142857142857,28.695714285714285
Adamawa,2023,3,0.0,26.594285714285714,27.407142857142855
Adamawa,2023,4,0.0,28.935714285714287,27.512857142857143
Adamawa,2023,5,0.0,30.027142857142856,22.975714285714282
Adamawa,2023,6,0.0,28.697142857142858,16.465714285714284
Adamawa,2023,7,0.0,27.395714285714288,18.265714285714285
Adamawa,2023,8,0.0,30.174285714285713,17.102857142857143
Adamawa,2023,9,6.88,31.592857142857145,29.33857142857143
Adamawa,2023,10,0.32,31.444285714285716,31.96857142857143
Adamawa,2023,11,0.03,30.31714285714286,24.975714285714282
Adamawa,2023,12,0.56,31.291428571428572,40.832857142857144
Adamawa,2023,13,0.0,31.318571428571428,21.164285714285715
Adamawa,2023,14,4.99,32.817142857142855,35.38428571428572
Adamawa,2023,15,1.6,32.81285714285714,37.855714285714285
Adamawa,2023,16,8.31,33.67714285714286,45.00857142857143
Adamawa,2023,17,14.850000000000001,30.95285714285714,54.05428571428571
Adamawa,2023,18,7.279999999999999,31.874285714285715,48.18857142857143
Adamawa,2023,19,15.94,32.50571428571429,48.40857142857143
Adamawa,2023,20,18.46,32.607142857142854,52.91857142857143
Adamawa,2023,21,14.86,32.104285714285716,56.098571428571425
Adamawa,2023,22,4.52,31.148571428571426,56.355714285714285
Adamawa,2023,23,35.5,27.99857142857143,73.37571428571428
Adamawa,2023,24,6.7,29.520000000000003,63.14142857142857
Adamawa,2023,25,27.19,29.099999999999998,64.39857142857143
Adamawa,2023,26,28.66,29.294285714285714,66.50142857142858
Adamawa,2023,27,15.16,28.591428571428573,66.22428571428571
Adamawa,2023,28,11.16,30.259999999999998,59.355714285714285
Adamawa,2023,29,22.54,29.455714285714286,65.03142857142858
Adamawa,2023,30,12.33,28.872857142857146,67.66142857142857
Adamawa,2023,31,31.56,27.957142857142856,72.07142857142857
Adamawa,2023,32,25.3,26.541428571428572,77.92142857142858
Adamawa,2023,33,30.23,27.86285714285714,73.97285714285714
Adamawa,2023,34,22.75,28.03857142857143,71.98571428571428
Adamawa,2023,35,25.92,27.51571428571429,74.07714285714285
Adamawa,2023,36,47.419999999999995,27.55857142857143,74.73428571428572
Adamawa,2023,37,19.55,26.964285714285715,78.41285714285713
Adamawa,2023,38,12.59,27.93857142857143,72.83428571428571
Adamawa,2023,39,21.85,29.10571428571429,67.19857142857143
Adamawa,2023,40,14.57,29.537142857142857,66.02142857142857
Adamawa,2023,41,4.41,30.374285714285715,60.49
Adamawa,2023,42,3.94,30.72714285714286,56.262857142857136
Adamawa,2023,43,0.01,31.25857142857143,41.67857142857143
Adamawa,2023,44,1.59,31.571428571428573,50.550000000000004
Adamawa,2023,45,0.02,31.881428571428575,38.44857142857143
Adamawa,2023,46,1.8,30.267142857142858,42.465714285714284
Adamawa,2023,47,0.01,30.39428571428571,32.5
Adamawa,2023,48,0.0,30.382857142857144,26.755714285714284
Adamawa,2023,49,0.0,28.482857142857142,22.095714285714287
Adamawa,2023,50,0.0,26.48857142857143,24.00142857142857
Adamawa,2023,51,0.0,28.474285714285713,21.28857142857143
Adamawa,2023,52,0.0,27.385714285714283,20.825714285714287
Adamawa,2024,1,0.0,28.087142857142858,16.860000000000003
Adamawa,2024,2,0.0,26.672857142857143,12.299999999999999
Adamawa,2024,3,0.0,26.01571428571429,12.15
Adamawa,2024,4,0.0,26.88,14.835714285714285
Adamawa,2024,5,0.0,28.447142857142858,15.667142857142858
Adamawa,2024,6,0.0,28.68857142857143,15.498571428571429
Adamawa,2024,7,0.0,30.61285714285714,12.355714285714285
Adamawa,2024,8,0.04,32.10857142857143,18.158571428571427
Adamawa,2024,9,0.11,33.99285714285715,20.92142857142857
Adamawa,2024,10,0.03,35.309999999999995,27.835714285714285
Adamawa,2024,11,6.96,34.39,24.75857142857143
Adamawa,2024,12,0.0,32.64714285714286,15.438571428571427
Adamawa,2024,13,0.0,34.44714285714286,18.935714285714287
Adamawa,2024,14,0.01,34.94857142857143,34.61
Adamawa,2024,15,0.8300000000000001,34.355714285714285,28.645714285714284
Adamawa,2024,16,10.59,34.51571428571429,41.29571428571428
Adamawa,2024,17,5.03,35.0,43.26
Adamawa,2024,18,15.09,32.47571428571429,56.91857142857143
Adamawa,2024,19,6.21,32.862857142857145,53.761428571428574
Adamawa,2024,20,0.48,32.88285714285714,49.57142857142857
Adamawa,2024,21,4.86,34.09285714285714,45.339999999999996
Adamawa,2024,22,12.68,33.05428571428571,50.34428571428572
Adamawa,2024,23,6.7299999999999995,32.54142857142857,52.54857142857143
Adamawa,2024,24,10.84,31.99285714285714,53.06
Adamawa,2024,25,18.27,30.944285714285716,58.36571428571428
Adamawa,2024,26,40.269999999999996,29.24857142857143,68.31285714285714
Adamawa,2024,27,15.53,28.937142857142856,67.86
Adamawa,2024,28,3.17,29.310000000000002,62.55428571428571
Adamawa,2024,29,369.04,26.054285714285715,87.14714285714285
Adamawa,2024,30,254.88,25.37,88.60428571428572
Adamawa,2024,31,52.22,25.47142857142857,87.69857142857143
Adamawa,2024,32,9.56,25.714285714285715,86.00285714285714
Adamawa,2024,33,11.2,25.284285714285716,84.82285714285715
Adamawa,2024,34,33.019999999999996,25.155714285714286,86.33857142857143
Adamawa,2024,35,18.95,25.71142857142857,83.90428571428572
Adamawa,2024,36,39.78,25.37142857142857,84.82428571428571
Adamawa,2024,37,7.07,26.724285714285713,82.23428571428572
Adamawa,2024,38,18.189999999999998,26.59857142857143,80.34
Adamawa,2024,39,45.75,26.747142857142858,79.34571428571428
Adamawa,2024,40,26.96,26.625714285714285,80.42714285714285
Adamawa,2024,41,3.31,27.215714285714284,77.23857142857142
Adamawa,2024,42,12.3,27.465714285714284,73.9157142857143
Adamawa,2024,43,0.21000000000000002,27.48,66.55857142857143
Adamawa,2024,44,0.0,26.50714285714286,56.715714285714284
Adamawa,2024,45,0.0,26.56714285714286,54.42857142857143
Adamawa,2024,46,0.0,26.49142857142857,48.205714285714286
Adamawa,2024,47,0.0,25.47142857142857,42.26142857142857
Adamawa,2024,48,0.0,24.055714285714284,41.07714285714286
Adamawa,2024,49,0.0,24.87142857142857,39.39142857142857
Adamawa,2024,50,0.0,26.494285714285716,35.13285714285714
Adamawa,2024,51,0.0,24.005714285714284,34.28857142857142
Adamawa,2024,52,0.0,25.517142857142858,31.532857142857143
Adamawa,2025,1,0.0,27.108571428571427,25.958571428571428
Adamawa,2025,2,0.0,26.145714285714288,25.708571428571428
Adamawa,2025,3,0.0,28.684285714285714,26.04
Adamawa,2025,4,0.0,29.31,20.641428571428573
Adamawa,2025,5,0.0,27.532857142857143,17.28
Adamawa,2025,6,0.0,29.93285714285714,18.51571428571429
Adamawa,2025,7,0.0,29.59857142857143,15.42
Adamawa,2025,8,0.0,31.478571428571428,17.175714285714285
Adamawa,2025,9,0.0,32.56142857142857,18.367142857142856
Adamawa,2025,10,0.0,33.56142857142857,14.950000000000001
Adamawa,2025,11,0.0,33.818571428571424,13.549999999999999
Adamawa,2025,12,0.01,33.27285714285714,11.284285714285714
Adamawa,2025,13,0.01,33.83714285714286,14.247142857142856
Adamawa,2025,14,0.25,34.12428571428571,20.357142857142858
Adamawa,2025,15,0.92,34.23857142857143,28.571428571428573
Adamawa,2025,16,0.35,34.79,25.75857142857143
Adamawa,2025,17,1.6199999999999999,34.25,36.93
Adamawa,2025,18,17.46,32.871428571428574,45.021428571428565
Adamawa,2025,19,0.63,34.67142857142857,34.65714285714286
Adamawa,2025,20,9.360000000000001,34.15857142857143,43.24857142857143
Adamawa,2025,21,4.71,34.19285714285714,43.80857142857143
Adamawa,2025,22,19.39,32.15,52.50285714285714
Adamawa,2025,23,12.870000000000001,31.384285714285713,55.62285714285714
Adamawa,2025,24,22.94,30.32,60.67285714285714
Adamawa,2025,25,41.56,28.622857142857146,69.74285714285715
Adamawa,2025,26,32.84,28.987142857142857,68.02857142857142
Adamawa,2025,27,29.21,27.32,72.58
Adamawa,2025,28,38.15,26.208571428571428,78.50857142857141
Adamawa,2025,29,26.66,26.69,76.49428571428572
Adamawa,2025,30,43.33,26.197142857142858,81.64857142857143
Adamawa,2025,31,12.87,26.587142857142858,78.07857142857142
Adamawa,2025,32,30.51,26.271428571428572,77.44000000000001
Adamawa,2025,33,46.05,25.24857142857143,83.5942857142857
Adamawa,2025,34,15.53,26.158571428571427,77.05
Adamawa,2025,35,12.08,25.752857142857142,79.08000000000001
Adamawa,2025,36,34.660000000000004,26.857142857142858,75.56428571428572
Adamawa,2025,37,42.13,26.192857142857143,80.00857142857141
Adamawa,2025,38,43.43,27.064285714285713,78.64142857142858
Adamawa,2025,39,21.89,27.01571428571429,75.91142857142857
Adamawa,2025,40,52.7,27.16857142857143,76.27714285714286
Adamawa,2025,41,15.25,27.419999999999998,72.75285714285714
Adamawa,2025,42,3.13,27.88714285714286,65.64857142857143
Adamawa,2025,43,2.1999999999999997,29.810000000000002,53.80571428571428
Adamawa,2025,44,0.18,29.045714285714286,46.30571428571428
Adamawa,2025,45,0.28,29.705714285714286,42.65
Adamawa,2025,46,0.0,28.67142857142857,36.98428571428571
Adamawa,2025,47,0.0,28.349999999999998,34.40571428571429
Adamawa,2025,48,0.0,29.38714285714286,30.805714285714284
Adamawa,2025,49,0.0,30.167142857142856,30.062857142857144
Adamawa,2025,50,0.0,29.13714285714286,29.09714285714286
Adamawa,2025,51,0.0,27.851428571428574,24.747142857142855
Adamawa,2025,52,0.0,29.169999999999998,20.247142857142855
Adamawa,2026,1,0.0,29.343333333333334,20.953333333333333
Akwa Ibom,2020,53,0.08,26.713333333333335,88.66000000000001
Akwa Ibom,2021,1,17.64,26.827142857142857,87.29714285714286
Akwa Ibom,2021,2,0.48,27.101428571428574,82.74285714285715
Akwa Ibom,2021,3,0.0,26.57857142857143,80.80857142857143
Akwa Ibom,2021,4,2.23,26.647142857142857,85.50285714285714
Akwa Ibom,2021,5,0.09,26.834285714285716,82.16857142857144
Akwa Ibom,2021,6,6.7,27.465714285714284,85.2757142857143
Akwa Ibom,2021,7,0.71,26.75142857142857,77.46142857142857
Akwa Ibom,2021,8,3.29,26.854285714285716,84.66714285714285
Akwa Ibom,2021,9,2.8200000000000003,27.5,86.11285714285714
Akwa Ibom,2021,10,38.39,27.00857142857143,87.57571428571428
Akwa Ibom,2021,11,7.529999999999999,26.16,85.68571428571428
Akwa Ibom,2021,12,23.16,26.495714285714286,86.46428571428571
Akwa Ibom,2021,13,0.33,27.63714285714286,84.27714285714286
Akwa Ibom,2021,14,199.12,27.004285714285714,88.72571428571429
Akwa Ibom,2021,15,76.64,26.898571428571426,86.31714285714285
Akwa Ibom,2021,16,42.15,26.898571428571433,87.24571428571429
Akwa Ibom,2021,17,172.74,27.035714285714285,87.31142857142856
Akwa Ibom,2021,18,91.59,26.204285714285714,87.24714285714286
Akwa Ibom,2021,19,39.43,26.77285714285714,87.56285714285715
Akwa Ibom,2021,20,26.009999999999998,26.59714285714286,88.75571428571428
Akwa Ibom,2021,21,48.480000000000004,27.092857142857145,88.91285714285713
Akwa Ibom,2021,22,47.67,26.358571428571427,89.0657142857143
Akwa Ibom,2021,23,39.92,26.802857142857142,87.5957142857143
Akwa Ibom,2021,24,52.88,26.05857142857143,89.57714285714285
Akwa Ibom,2021,25,76.66,25.482857142857142,90.17571428571429
Akwa Ibom,2021,26,69.97,25.478571428571428,88.92999999999999
Akwa Ibom,2021,27,78.88,25.148571428571426,89.92714285714285
Akwa Ibom,2021,28,81.02,25.332857142857144,90.69000000000001
Akwa Ibom,2021,29,24.88,25.28857142857143,89.20714285714287
Akwa Ibom,2021,30,9.08,25.404285714285713,86.50428571428571
Akwa Ibom,2021,31,31.61,24.990000000000002,91.10142857142857
Akwa Ibom,2021,32,120.54,25.375714285714285,89.05857142857143
Akwa Ibom,2021,33,52.36,24.97,90.48714285714286
Akwa Ibom,2021,34,37.89,25.448571428571427,90.63857142857144
Akwa Ibom,2021,35,173.21,25.172857142857143,90.34857142857142
Akwa Ibom,2021,36,65.4,25.62857142857143,90.57285714285715
Akwa Ibom,2021,37,59.69,25.63571428571429,88.73428571428572
Akwa Ibom,2021,38,48.89,25.268571428571427,90.22857142857143
Akwa Ibom,2021,39,63.730000000000004,25.568571428571428,90.03714285714285
Akwa Ibom,2021,40,97.72,26.047142857142855,90.65142857142857
Akwa Ibom,2021,41,102.56,25.97142857142857,89.64999999999999
Akwa Ibom,2021,42,35.28,25.685714285714287,88.41714285714286
Akwa Ibom,2021,43,39.89,25.922857142857143,88.64857142857143
Akwa Ibom,2021,44,44.37,25.91142857142857,89.86285714285714
Akwa Ibom,2021,45,46.51,26.002857142857145,89.22142857142856
Akwa Ibom,2021,46,74.04,25.955714285714286,89.81428571428572
Akwa Ibom,2021,47,19.3,26.614285714285717,88.33142857142856
Akwa Ibom,2021,48,5.55,26.562857142857144,86.02142857142857
Akwa Ibom,2021,49,1.0899999999999999,26.157142857142855,81.26571428571428
Akwa Ibom,2021,50,4.6,25.834285714285716,78.32714285714285
Akwa Ibom,2021,51,48.25,26.259999999999998,78.1842857142857
Akwa Ibom,2021,52,5.69,25.84714285714286,79.43714285714285
Akwa Ibom,2022,1,19.71,26.472857142857144,79.96000000000001
Akwa Ibom,2022,2,16.28,26.592857142857145,86.13571428571429
Akwa Ibom,2022,3,25.990000000000002,25.448571428571427,77.67999999999999
Akwa Ibom,2022,4,2.52,25.517142857142858,72.70142857142858
Akwa Ibom,2022,5,5.05,25.187142857142856,74.41285714285713
Akwa Ibom,2022,6,1.46,25.738571428571426,76.96714285714286
Akwa Ibom,2022,7,2.0,27.297142857142855,83.18571428571428
Akwa Ibom,2022,8,0.5800000000000001,27.265714285714285,83.37428571428572
Akwa Ibom,2022,9,21.599999999999998,26.814285714285713,87.33285714285715
Akwa Ibom,2022,10,61.6,26.954285714285714,87.29285714285713
Akwa Ibom,2022,11,4.74,27.425714285714285,86.41857142857144
Akwa Ibom,2022,12,12.9,27.557142857142857,86.82857142857142
Akwa Ibom,2022,13,28.98,27.50142857142857,85.38857142857144
Akwa Ibom,2022,14,49.45,26.85571428571429,85.9057142857143
Akwa Ibom,2022,15,40.05,26.755714285714284,86.53571428571429
Akwa Ibom,2022,16,69.72,26.72714285714286,87.88571428571429
Akwa Ibom,2022,17,34.81,26.60571428571429,86.58142857142857
Akwa Ibom,2022,18,26.18,26.83142857142857,87.0442857142857
Akwa Ibom,2022,19,22.6,26.794285714285714,89.7242857142857
Akwa Ibom,2022,20,39.6,26.592857142857145,88.73571428571428
Akwa Ibom,2022,21,62.55,25.782857142857143,88.12428571428572
Akwa Ibom,2022,22,68.48,26.135714285714283,89.99714285714286
Akwa Ibom,2022,23,26.43,25.947142857142858,88.68142857142857
Akwa Ibom,2022,24,46.42,25.47142857142857,89.97857142857143
Akwa Ibom,2022,25,127.39000000000001,25.07857142857143,91.0257142857143
Akwa Ibom,2022,26,44.54,25.63,89.23571428571428
Akwa Ibom,2022,27,101.16,25.222857142857144,91.84857142857142
Akwa Ibom,2022,28,102.33,24.84857142857143,90.23571428571428
Akwa Ibom,2022,29,132.34,25.0,88.81285714285715
Akwa Ibom,2022,30,152.25,25.064285714285713,90.88857142857144
Akwa Ibom,2022,31,73.5,24.75714285714286,89.41714285714285
Akwa Ibom,2022,32,172.23,25.044285714285714,92.07714285714285
Akwa Ibom,2022,33,15.5,24.925714285714285,89.47714285714287
Akwa Ibom,2022,34,170.09,24.94142857142857,90.19571428571429
Akwa Ibom,2022,35,176.51,25.398571428571426,89.70142857142856
Akwa Ibom,2022,36,372.90000000000003,25.305714285714284,90.22571428571428
Akwa Ibom,2022,37,73.66,25.212857142857143,91.07428571428571
Akwa Ibom,2022,38,296.87,25.44,90.41
Akwa Ibom,2022,39,260.21,24.96,90.09714285714287
Akwa Ibom,2022,40,46.93,25.312857142857144,89.04285714285713
Akwa Ibom,2022,41,65.88,25.907142857142855,88.06285714285715
Akwa Ibom,2022,42,60.22,25.95,90.42714285714285
Akwa Ibom,2022,43,66.8,26.40857142857143,86.68857142857144
Akwa Ibom,2022,44,87.64,26.205714285714286,88.45285714285714
Akwa Ibom,2022,45,24.14,26.86285714285714,85.32285714285715
Akwa Ibom,2022,46,24.790000000000003,26.32,86.07142857142857
Akwa Ibom,2022,47,2.95,26.784285714285716,82.07142857142857
Akwa Ibom,2022,48,1.24,26.451428571428572,82.32000000000001
Akwa Ibom,2022,49,6.74,26.101428571428574,85.64285714285714
Akwa Ibom,2022,50,16.9,26.052857142857142,85.08714285714287
Akwa Ibom,2022,51,0.03,25.181428571428572,76.84857142857143
Akwa Ibom,2022,52,0.03,26.728571428571428,76.77857142857144
Akwa Ibom,2023,1,1.48,26.240000000000002,78.28
Akwa Ibom,2023,2,3.27,26.075714285714287,76.72
Akwa Ibom,2023,3,0.54,26.345714285714283,81.27714285714286
Akwa Ibom,2023,4,4.91,26.837142857142858,86.02285714285713
Akwa Ibom,2023,5,4.93,26.694285714285716,86.76428571428572
Akwa Ibom,2023,6,19.330000000000002,27.548571428571428,83.21428571428571
Akwa Ibom,2023,7,0.01,26.23857142857143,73.26428571428572
Akwa Ibom,2023,8,11.74,27.062857142857144,82.82285714285715
Akwa Ibom,2023,9,26.73,26.93,88.12142857142858
Akwa Ibom,2023,10,56.58,26.62142857142857,88.26
Akwa Ibom,2023,11,34.64,26.571428571428573,84.94285714285715
Akwa Ibom,2023,12,16.44,26.38714285714286,84.48571428571428
Akwa Ibom,2023,13,22.84,26.837142857142858,85.78571428571429
Akwa Ibom,2023,14,42.07,27.017142857142858,87.34571428571428
Akwa Ibom,2023,15,42.879999999999995,27.25714285714286,86.96142857142857
Akwa Ibom,2023,16,119.83,27.358571428571427,87.25714285714285
Akwa Ibom,2023,17,16.02,26.74142857142857,87.07428571428571
Akwa Ibom,2023,18,41.89,26.681428571428572,86.32428571428571
Akwa Ibom,2023,19,20.130000000000003,27.601428571428574,85.78999999999999
Akwa Ibom,2023,20,77.76,27.40142857142857,89.34714285714287
Akwa Ibom,2023,21,40.129999999999995,27.127142857142854,89.68714285714285
Akwa Ibom,2023,22,156.17000000000002,26.729999999999997,89.70857142857143
Akwa Ibom,2023,23,295.2,25.712857142857143,91.68714285714285
Akwa Ibom,2023,24,66.74,26.10571428571429,89.29714285714284
Akwa Ibom,2023,25,98.15,25.41714285714286,91.5
Akwa Ibom,2023,26,203.09,25.33857142857143,92.63714285714286
Akwa Ibom,2023,27,97.97,25.732857142857142,90.37571428571428
Akwa Ibom,2023,28,62.74999999999999,26.165714285714284,90.22857142857143
Akwa Ibom,2023,29,92.61,25.75142857142857,92.92285714285715
Akwa Ibom,2023,30,87.39,25.708571428571428,91.25285714285714
Akwa Ibom,2023,31,14.2,25.312857142857144,90.4742857142857
Akwa Ibom,2023,32,36.22,25.595714285714287,89.86285714285714
Akwa Ibom,2023,33,27.45,25.892857142857142,89.99285714285715
Akwa Ibom,2023,34,15.79,25.928571428571427,91.41428571428571
Akwa Ibom,2023,35,74.58,25.872857142857146,90.01857142857143
Akwa Ibom,2023,36,66.37,25.80857142857143,90.39428571428572
Akwa Ibom,2023,37,32.56,25.81714285714286,91.02
Akwa Ibom,2023,38,50.2,25.861428571428572,89.52142857142857
Akwa Ibom,2023,39,20.83,26.54714285714286,89.82857142857142
Akwa Ibom,2023,40,24.73,26.154285714285713,90.57428571428571
Akwa Ibom,2023,41,62.9,26.31142857142857,90.24571428571429
Akwa Ibom,2023,42,36.03,26.36285714285714,89.33428571428571
Akwa Ibom,2023,43,94.63,26.01142857142857,91.35428571428572
Akwa Ibom,2023,44,39.44,26.48,88.92428571428572
Akwa Ibom,2023,45,11.600000000000001,26.265714285714285,91.32428571428571
Akwa Ibom,2023,46,38.67,26.557142857142857,89.59285714285714
Akwa Ibom,2023,47,8.97,26.184285714285714,89.71571428571428
Akwa Ibom,2023,48,12.579999999999998,26.708571428571428,88.30142857142857
Akwa Ibom,2023,49,1.28,27.017142857142858,85.60285714285715
Akwa Ibom,2023,50,2.77,27.131428571428568,76.79142857142857
Akwa Ibom,2023,51,0.54,27.585714285714285,81.83
Akwa Ibom,2023,52,0.0,26.27285714285714,72.75
Akwa Ibom,2024,1,0.41000000000000003,27.601428571428574,83.10428571428572
Akwa Ibom,2024,2,0.84,27.692857142857143,81.01
Akwa Ibom,2024,3,0.0,25.75857142857143,67.42571428571429
Akwa Ibom,2024,4,1.0899999999999999,26.322857142857142,73.99000000000001
Akwa Ibom,2024,5,0.0,26.48857142857143,72.16428571428571
Akwa Ibom,2024,6,0.0,26.678571428571427,78.38714285714286
Akwa Ibom,2024,7,0.32,28.252857142857145,82.73
Akwa Ibom,2024,8,5.92,27.861428571428572,82.25714285714285
Akwa Ibom,2024,9,17.8,27.964285714285715,84.27428571428571
Akwa Ibom,2024,10,21.32,27.642857142857142,86.83428571428571
Akwa Ibom,2024,11,8.209999999999999,28.46142857142857,84.20285714285714
Akwa Ibom,2024,12,13.43,28.14428571428571,83.47571428571429
Akwa Ibom,2024,13,26.06,28.385714285714283,85.48571428571428
Akwa Ibom,2024,14,21.17,27.771428571428572,85.48428571428572
Akwa Ibom,2024,15,54.53,27.55,85.46428571428571
Akwa Ibom,2024,16,31.799999999999997,28.13714285714286,85.35428571428572
Akwa Ibom,2024,17,45.190000000000005,28.23,86.53142857142858
Akwa Ibom,2024,18,63.39,27.821428571428573,87.78142857142858
Akwa Ibom,2024,19,9.66,28.048571428571428,87.24857142857142
Akwa Ibom,2024,20,36.45,27.534285714285716,88.22857142857143
Akwa Ibom,2024,21,30.43,27.17142857142857,87.0457142857143
Akwa Ibom,2024,22,145.54,27.235714285714288,89.77857142857144
Akwa Ibom,2024,23,77.19,26.587142857142858,90.95571428571428
Akwa Ibom,2024,24,141.79,26.614285714285717,89.25
Akwa Ibom,2024,25,167.75,26.927142857142858,87.85142857142857
Akwa Ibom,2024,26,105.43,25.922857142857143,89.96428571428571
Akwa Ibom,2024,27,73.3,25.752857142857145,91.49714285714286
Akwa Ibom,2024,28,75.64,25.485714285714288,91.81714285714285
Akwa Ibom,2024,29,73.34,25.27285714285714,91.79857142857144
Akwa Ibom,2024,30,40.61,25.715714285714284,88.99571428571429
Akwa Ibom,2024,31,37.910000000000004,25.25857142857143,89.05571428571429
Akwa Ibom,2024,32,51.269999999999996,25.548571428571428,88.71428571428571
Akwa Ibom,2024,33,66.64,25.197142857142858,91.63714285714286
Akwa Ibom,2024,34,134.39,25.351428571428574,91.59857142857142
Akwa Ibom,2024,35,20.48,25.58142857142857,90.41428571428571
Akwa Ibom,2024,36,14.27,25.66857142857143,89.32857142857142
Akwa Ibom,2024,37,36.15,25.812857142857144,91.25285714285714
Akwa Ibom,2024,38,31.61,25.985714285714288,88.28999999999999
Akwa Ibom,2024,39,24.26,25.889999999999997,88.08714285714287
Akwa Ibom,2024,40,52.89,25.927142857142858,90.09857142857143
Akwa Ibom,2024,41,44.47,25.964285714285715,89.73571428571428
Akwa Ibom,2024,42,23.32,26.141428571428573,86.9542857142857
Akwa Ibom,2024,43,21.990000000000002,26.37142857142857,89.87714285714286
Akwa Ibom,2024,44,26.73,26.787142857142857,84.27857142857144
Akwa Ibom,2024,45,3.32,26.368571428571425,84.68285714285715
Akwa Ibom,2024,46,2.71,27.34714285714286,84.13857142857144
Akwa Ibom,2024,47,2.6999999999999997,26.82,82.15714285714286
Akwa Ibom,2024,48,0.35,26.34,76.61857142857143
Akwa Ibom,2024,49,1.5999999999999999,26.08142857142857,77.71714285714286
Akwa Ibom,2024,50,0.0,26.41857142857143,77.03571428571429
Akwa Ibom,2024,51,0.0,25.96,69.47714285714285
Akwa Ibom,2024,52,1.07,26.404285714285713,76.78285714285714
Akwa Ibom,2025,1,1.15,27.13,82.52714285714286
Akwa Ibom,2025,2,0.0,26.207142857142856,73.02714285714286
Akwa Ibom,2025,3,6.88,26.75857142857143,81.53571428571429
Akwa Ibom,2025,4,2.07,26.807142857142857,84.07857142857142
Akwa Ibom,2025,5,0.02,27.027142857142856,79.33
Akwa Ibom,2025,6,0.03,28.009999999999998,81.83857142857143
Akwa Ibom,2025,7,0.68,28.217142857142857,78.09285714285714
Akwa Ibom,2025,8,7.65,27.514285714285712,83.33
Akwa Ibom,2025,9,19.31,27.877142857142854,82.17
Akwa Ibom,2025,10,7.890000000000001,28.465714285714284,81.01142857142858
Akwa Ibom,2025,11,19.89,28.389999999999997,82.17428571428572
Akwa Ibom,2025,12,17.4,27.32428571428571,85.37714285714286
Akwa Ibom,2025,13,21.759999999999998,27.884285714285713,84.30285714285715
Akwa Ibom,2025,14,33.35,27.388571428571428,87.04857142857144
Akwa Ibom,2025,15,23.78,27.467142857142854,86.11571428571429
Akwa Ibom,2025,16,11.85,27.62857142857143,86.02714285714286
Akwa Ibom,2025,17,67.19,27.282857142857143,87.16285714285713
Akwa Ibom,2025,18,30.03,26.791428571428572,88.33142857142857
Akwa Ibom,2025,19,45.13,27.06142857142857,86.78857142857143
Akwa Ibom,2025,20,29.96,27.044285714285714,88.31285714285715
Akwa Ibom,2025,21,24.799999999999997,26.877142857142854,88.06285714285715
Akwa Ibom,2025,22,84.5,26.867142857142856,88.36285714285714
Akwa Ibom,2025,23,54.29,26.701428571428572,87.0657142857143
Akwa Ibom,2025,24,23.439999999999998,26.572857142857142,89.02142857142857
Akwa Ibom,2025,25,42.78,26.271428571428572,87.58857142857143
Akwa Ibom,2025,26,116.82,26.240000000000002,89.06285714285715
Akwa Ibom,2025,27,275.86,25.357142857142858,90.42571428571429
Akwa Ibom,2025,28,55.53,25.034285714285716,90.45428571428572
Akwa Ibom,2025,29,89.0,25.442857142857143,89.07571428571428
Akwa Ibom,2025,30,81.05000000000001,24.59857142857143,92.68714285714285
Akwa Ibom,2025,31,31.0,25.134285714285713,90.17
Akwa Ibom,2025,32,91.88,24.509999999999998,91.38
Akwa Ibom,2025,33,35.1,24.60571428571429,89.38714285714286
Akwa Ibom,2025,34,71.47,25.09142857142857,89.44285714285715
Akwa Ibom,2025,35,20.75,25.042857142857144,88.86142857142856
Akwa Ibom,2025,36,22.22,25.212857142857143,89.95857142857143
Akwa Ibom,2025,37,104.63,25.325714285714287,90.34285714285714
Akwa Ibom,2025,38,83.36,25.372857142857146,90.13142857142857
Akwa Ibom,2025,39,103.99000000000001,25.33142857142857,91.42285714285715
Akwa Ibom,2025,40,63.73,25.284285714285716,90.12142857142858
Akwa Ibom,2025,41,31.869999999999997,25.64428571428571,88.18142857142857
Akwa Ibom,2025,42,51.44,25.562857142857144,89.57428571428571
Akwa Ibom,2025,43,42.4,25.927142857142858,89.68571428571428
Akwa Ibom,2025,44,88.92999999999999,26.04,90.60714285714286
Akwa Ibom,2025,45,76.56,25.95,89.39571428571428
Akwa Ibom,2025,46,25.6,26.521428571428572,87.65285714285713
Akwa Ibom,2025,47,4.31,27.00714285714286,84.98857142857142
Akwa Ibom,2025,48,6.25,27.245714285714286,85.93571428571428
Akwa Ibom,2025,49,17.73,26.905714285714286,87.46857142857142
Akwa Ibom,2025,50,14.18,26.50142857142857,86.35000000000001
Akwa Ibom,2025,51,1.8800000000000001,26.759999999999998,85.52
Akwa Ibom,2025,52,1.27,27.31142857142857,84.86857142857143
Akwa Ibom,2026,1,0.9500000000000001,27.016666666666666,85.93
Anambra,2020,53,0.42,26.650000000000002,86.19666666666666
Anambra,2021,1,22.52,26.465714285714284,86.87142857142858
Anambra,2021,2,0.32,26.78,79.85857142857142
Anambra,2021,3,0.01,25.285714285714285,65.50714285714285
Anambra,2021,4,2.2399999999999998,25.67142857142857,81.15857142857143
Anambra,2021,5,0.63,26.041428571428572,77.60428571428572
Anambra,2021,6,5.0600000000000005,27.397142857142857,81.97857142857143
Anambra,2021,7,0.55,25.585714285714285,65.20714285714286
Anambra,2021,8,2.7399999999999998,26.164285714285715,84.0457142857143
Anambra,2021,9,1.24,27.231428571428573,83.9542857142857
Anambra,2021,10,38.47,26.59714285714286,88.55428571428571
Anambra,2021,11,6.28,25.71857142857143,86.73428571428572
Anambra,2021,12,25.380000000000003,26.400000000000002,83.87285714285714
Anambra,2021,13,0.38,27.111428571428572,80.82714285714285
Anambra,2021,14,58.309999999999995,26.791428571428572,88.44857142857143
Anambra,2021,15,94.66,26.544285714285714,85.89714285714285
Anambra,2021,16,33.13,26.858571428571427,86.82571428571428
Anambra,2021,17,20.259999999999998,26.885714285714283,87.71428571428571
Anambra,2021,18,32.51,25.92142857142857,88.04142857142857
Anambra,2021,19,27.200000000000003,26.384285714285713,88.44428571428571
Anambra,2021,20,38.22,26.330000000000002,88.76428571428572
Anambra,2021,21,41.61,26.694285714285716,89.82285714285715
Anambra,2021,22,173.48000000000002,26.16,88.52142857142857
Anambra,2021,23,35.19,26.5,85.87428571428572
Anambra,2021,24,89.55,25.58142857142857,90.24285714285715
Anambra,2021,25,64.37,24.96857142857143,90.8157142857143
Anambra,2021,26,61.46,24.95,89.89714285714285
Anambra,2021,27,78.78,24.914285714285715,90.60571428571428
Anambra,2021,28,67.5,24.92142857142857,90.99142857142859
Anambra,2021,29,13.1,24.994285714285716,89.25714285714285
Anambra,2021,30,17.990000000000002,24.67142857142857,88.21285714285715
Anambra,2021,31,74.59,24.794285714285714,91.36857142857143
Anambra,2021,32,153.88,24.94142857142857,90.5
Anambra,2021,33,132.31,24.662857142857142,91.52714285714286
Anambra,2021,34,45.2,25.225714285714282,91.53857142857143
Anambra,2021,35,78.82000000000001,25.029999999999998,91.5842857142857
Anambra,2021,36,58.16,25.291428571428572,90.99571428571429
Anambra,2021,37,41.01,25.40857142857143,89.67428571428572
Anambra,2021,38,67.03,24.919999999999998,90.07142857142857
Anambra,2021,39,37.49,25.34714285714286,90.65857142857143
Anambra,2021,40,150.44000000000003,26.012857142857143,89.68714285714285
Anambra,2021,41,22.63,25.807142857142857,91.0657142857143
Anambra,2021,42,50.13999999999999,25.444285714285716,89.95428571428572
Anambra,2021,43,51.1,25.912857142857142,89.15428571428572
Anambra,2021,44,46.95,25.57857142857143,90.69857142857143
Anambra,2021,45,59.839999999999996,25.834285714285716,90.61
Anambra,2021,46,37.56,26.365714285714287,87.94714285714285
Anambra,2021,47,35.31,26.635714285714283,86.26285714285714
Anambra,2021,48,3.57,26.400000000000002,81.96000000000001
Anambra,2021,49,0.7899999999999999,25.17142857142857,77.73857142857142
Anambra,2021,50,1.64,24.005714285714284,74.21428571428571
Anambra,2021,51,0.71,23.665714285714284,74.78428571428572
Anambra,2021,52,9.0,24.990000000000002,74.34
Anambra,2022,1,37.15,24.377142857142854,75.7042857142857
Anambra,2022,2,11.2,26.06857142857143,82.65285714285713
Anambra,2022,3,15.1,23.092857142857145,68.23857142857143
Anambra,2022,4,3.23,22.442857142857143,66.39142857142858
Anambra,2022,5,0.03,22.52285714285714,61.30142857142857
Anambra,2022,6,0.7,24.497142857142855,66.71714285714286
Anambra,2022,7,0.3,26.72,79.14142857142858
Anambra,2022,8,0.74,26.437142857142856,75.06142857142858
Anambra,2022,9,20.39,26.454285714285714,87.84714285714287
Anambra,2022,10,19.75,26.88,87.20714285714287
Anambra,2022,11,2.1,27.195714285714285,85.60285714285715
Anambra,2022,12,4.75,27.45285714285714,85.60714285714286
Anambra,2022,13,5.5,27.214285714285715,84.53999999999999
Anambra,2022,14,49.3,27.175714285714285,85.2042857142857
Anambra,2022,15,9.829999999999998,26.552857142857142,86.76428571428572
Anambra,2022,16,29.659999999999997,26.518571428571427,86.98
Anambra,2022,17,53.230000000000004,26.23857142857143,88.40428571428572
Anambra,2022,18,28.64,26.398571428571426,88.51714285714286
Anambra,2022,19,21.619999999999997,26.625714285714285,88.84714285714287
Anambra,2022,20,53.92,26.575714285714287,88.06428571428572
Anambra,2022,21,29.900000000000002,25.905714285714286,87.45142857142856
Anambra,2022,22,74.46,25.900000000000002,89.61142857142856
Anambra,2022,23,115.97,25.43857142857143,90.00285714285714
Anambra,2022,24,20.17,25.294285714285714,90.23714285714286
Anambra,2022,25,17.84,24.897142857142857,91.74142857142859
Anambra,2022,26,28.42,25.30857142857143,88.88571428571429
Anambra,2022,27,92.31,25.2,90.88
Anambra,2022,28,8.59,25.354285714285712,88.02
Anambra,2022,29,24.27,24.888571428571428,87.62857142857142
Anambra,2022,30,51.78,24.689999999999998,90.70857142857143
Anambra,2022,31,10.48,25.012857142857143,86.7942857142857
Anambra,2022,32,99.31,24.759999999999998,91.07142857142857
Anambra,2022,33,9.39,24.931428571428572,87.44714285714285
Anambra,2022,34,79.64,24.624285714285715,89.22857142857143
Anambra,2022,35,31.8,25.307142857142857,87.99714285714286
Anambra,2022,36,47.41,25.29,89.10428571428572
Anambra,2022,37,51.5,25.224285714285713,89.89571428571428
Anambra,2022,38,81.96000000000001,25.048571428571428,90.27714285714285
Anambra,2022,39,90.65,24.490000000000002,90.35428571428572
Anambra,2022,40,74.82,25.318571428571428,88.30285714285715
Anambra,2022,41,33.98,25.814285714285713,86.59714285714287
Anambra,2022,42,9.66,26.14428571428571,88.10714285714286
Anambra,2022,43,11.32,26.25857142857143,82.92428571428572
Anambra,2022,44,25.06,26.542857142857144,79.15142857142857
Anambra,2022,45,6.3,26.439999999999998,83.38428571428572
Anambra,2022,46,2.27,25.981428571428573,79.76428571428572
Anambra,2022,47,0.76,25.744285714285716,74.84571428571428
Anambra,2022,48,2.1100000000000003,26.169999999999998,79.62285714285714
Anambra,2022,49,0.13,25.294285714285714,73.84857142857142
Anambra,2022,50,18.009999999999998,25.364285714285717,83.38142857142857
Anambra,2022,51,0.0,23.207142857142856,65.51714285714286
Anambra,2022,52,0.0,23.41857142857143,65.82571428571428
Anambra,2023,1,0.15,24.520000000000003,68.03714285714285
Anambra,2023,2,0.01,23.424285714285713,64.92857142857143
Anambra,2023,3,0.8900000000000001,25.415714285714284,71.62571428571428
Anambra,2023,4,3.85,26.12857142857143,84.51714285714286
Anambra,2023,5,2.03,26.225714285714282,86.53714285714285
Anambra,2023,6,1.8900000000000001,26.990000000000002,75.98571428571428
Anambra,2023,7,0.0,24.22142857142857,58.39857142857143
Anambra,2023,8,16.38,26.34714285714286,77.61571428571428
Anambra,2023,9,13.64,26.592857142857145,87.36142857142856
Anambra,2023,10,34.93,26.68857142857143,86.57857142857142
Anambra,2023,11,27.4,26.062857142857144,85.49571428571429
Anambra,2023,12,28.340000000000003,25.954285714285714,85.2942857142857
Anambra,2023,13,8.66,26.755714285714284,84.32857142857142
Anambra,2023,14,30.55,26.87142857142857,86.73428571428572
Anambra,2023,15,10.870000000000001,27.10571428571429,86.70142857142856
Anambra,2023,16,13.03,27.041428571428572,86.74142857142856
Anambra,2023,17,14.549999999999999,26.497142857142855,86.61142857142856
Anambra,2023,18,10.72,26.622857142857146,85.23571428571428
Anambra,2023,19,15.36,27.22714285714286,85.99857142857142
Anambra,2023,20,36.769999999999996,27.157142857142855,88.53857142857143
Anambra,2023,21,25.37,26.88,89.09857142857143
Anambra,2023,22,26.28,26.312857142857144,89.31285714285715
Anambra,2023,23,149.93,25.631428571428575,91.10000000000001
Anambra,2023,24,35.77,25.904285714285713,88.64999999999999
Anambra,2023,25,93.5,25.310000000000002,90.41714285714286
Anambra,2023,26,69.94,25.06714285714286,91.58285714285715
Anambra,2023,27,83.09,25.755714285714284,88.92428571428572
Anambra,2023,28,21.34,26.109999999999996,87.92999999999999
Anambra,2023,29,45.62,25.84857142857143,90.87142857142858
Anambra,2023,30,106.02,25.681428571428572,89.99
Anambra,2023,31,9.93,25.584285714285716,89.00714285714285
Anambra,2023,32,43.53,25.599999999999998,89.13428571428572
Anambra,2023,33,16.49,25.69142857142857,89.61857142857141
Anambra,2023,34,19.16,25.71142857142857,90.13428571428571
Anambra,2023,35,62.330000000000005,25.602857142857143,89.88428571428572
Anambra,2023,36,115.55,25.50142857142857,90.04857142857144
Anambra,2023,37,45.75,25.735714285714288,90.89714285714285
Anambra,2023,38,57.65,25.77285714285714,89.82857142857142
Anambra,2023,39,56.33,26.428571428571427,89.29142857142857
Anambra,2023,40,54.51,26.005714285714284,90.01285714285714
Anambra,2023,41,48.7,25.952857142857145,90.09142857142857
Anambra,2023,42,42.870000000000005,26.25142857142857,89.26714285714286
Anambra,2023,43,5.92,26.25,89.78714285714285
Anambra,2023,44,55.7,26.30857142857143,88.55714285714285
Anambra,2023,45,13.09,26.400000000000002,89.67285714285715
Anambra,2023,46,14.73,26.381428571428568,86.75428571428571
Anambra,2023,47,19.03,26.285714285714285,88.38428571428572
Anambra,2023,48,7.63,26.972857142857144,85.10571428571428
Anambra,2023,49,0.15000000000000002,26.81714285714286,83.86714285714287
Anambra,2023,50,0.0,25.16,67.00142857142858
Anambra,2023,51,0.02,26.31,73.66857142857144
Anambra,2023,52,0.0,24.7,64.81714285714285
Anambra,2024,1,0.63,26.554285714285715,79.44142857142856
Anambra,2024,2,0.49,26.52,73.47571428571429
Anambra,2024,3,0.0,23.824285714285715,56.04571428571428
Anambra,2024,4,4.970000000000001,25.132857142857144,65.99714285714286
Anambra,2024,5,0.0,25.50142857142857,62.08857142857143
Anambra,2024,6,0.0,25.707142857142856,65.18714285714286
Anambra,2024,7,0.02,28.06714285714286,80.17
Anambra,2024,8,7.37,27.451428571428572,79.70857142857143
Anambra,2024,9,0.83,27.302857142857142,85.25857142857141
Anambra,2024,10,2.18,27.604285714285712,85.68142857142857
Anambra,2024,11,2.16,28.22,84.88428571428572
Anambra,2024,12,16.77,28.169999999999998,82.63285714285713
Anambra,2024,13,4.55,27.935714285714287,86.51
Anambra,2024,14,9.79,27.84,86.18142857142857
Anambra,2024,15,24.14,27.439999999999998,84.51285714285714
Anambra,2024,16,4.94,27.56142857142857,87.58285714285715
Anambra,2024,17,34.51,27.892857142857142,87.43714285714285
Anambra,2024,18,73.77,27.512857142857143,88.90285714285713
Anambra,2024,19,4.08,27.521428571428572,87.81714285714285
Anambra,2024,20,80.43,27.345714285714283,87.71571428571428
Anambra,2024,21,61.32,26.857142857142858,87.37714285714286
Anambra,2024,22,28.09,26.87,89.51285714285714
Anambra,2024,23,34.46,26.665714285714284,89.38571428571429
Anambra,2024,24,70.33,26.482857142857142,88.13571428571427
Anambra,2024,25,51.02,26.627142857142854,88.22428571428573
Anambra,2024,26,37.5,25.712857142857143,89.73142857142857
Anambra,2024,27,56.91,25.610000000000003,90.25571428571428
Anambra,2024,28,23.59,25.59857142857143,89.71285714285715
Anambra,2024,29,127.44999999999999,25.50714285714286,90.95857142857143
Anambra,2024,30,17.82,25.904285714285713,87.84714285714287
Anambra,2024,31,24.31,25.672857142857143,87.57571428571428
Anambra,2024,32,7.12,25.845714285714287,86.91571428571429
Anambra,2024,33,12.73,25.47,89.05
Anambra,2024,34,52.69,25.285714285714285,90.47
Anambra,2024,35,30.82,25.784285714285716,88.44857142857143
Anambra,2024,36,56.96,25.66,88.39999999999999
Anambra,2024,37,68.58,25.81714285714286,90.36714285714287
Anambra,2024,38,75.36,26.002857142857145,88.5942857142857
Anambra,2024,39,40.46,25.761428571428574,87.99142857142856
Anambra,2024,40,57.93,25.982857142857142,89.01
Anambra,2024,41,55.7,25.48857142857143,89.37142857142858
Anambra,2024,42,29.06,25.814285714285713,87.67999999999999
Anambra,2024,43,38.24,26.32,88.92142857142858
Anambra,2024,44,26.23,27.19142857142857,80.28428571428572
Anambra,2024,45,3.96,26.045714285714286,80.6842857142857
Anambra,2024,46,0.13,26.972857142857144,74.81714285714285
Anambra,2024,47,0.19,26.080000000000002,72.27
Anambra,2024,48,0.14,25.177142857142858,65.33142857142857
Anambra,2024,49,0.0,25.472857142857144,64.83714285714287
Anambra,2024,50,0.01,25.365714285714287,67.26857142857143
Anambra,2024,51,0.0,24.002857142857145,59.31571428571429
Anambra,2024,52,0.0,25.592857142857145,62.45428571428572
Anambra,2025,1,0.05,26.541428571428572,78.88571428571429
Anambra,2025,2,0.0,25.552857142857142,59.035714285714285
Anambra,2025,3,0.09999999999999999,25.80857142857143,77.00571428571428
Anambra,2025,4,0.08,26.204285714285714,81.49428571428572
Anambra,2025,5,0.16999999999999998,26.307142857142857,74.13857142857144
Anambra,2025,6,0.15,27.54,81.82857142857142
Anambra,2025,7,0.01,27.354285714285712,74.28
Anambra,2025,8,16.299999999999997,26.928571428571427,82.91428571428571
Anambra,2025,9,10.7,27.38714285714286,82.21285714285715
Anambra,2025,10,18.5,28.162857142857142,82.1842857142857
Anambra,2025,11,14.030000000000001,27.782857142857143,84.88714285714286
Anambra,2025,12,18.19,27.099999999999998,85.37428571428572
Anambra,2025,13,0.77,27.927142857142858,83.41142857142857
Anambra,2025,14,15.120000000000001,27.665714285714284,85.17142857142858
Anambra,2025,15,54.480000000000004,27.292857142857144,87.3457142857143
Anambra,2025,16,6.82,27.545714285714286,86.62428571428572
Anambra,2025,17,45.02,27.017142857142858,87.36857142857143
Anambra,2025,18,21.82,26.48857142857143,88.17428571428572
Anambra,2025,19,18.490000000000002,27.102857142857143,85.69428571428571
Anambra,2025,20,15.59,26.88,87.44714285714285
Anambra,2025,21,20.59,26.80857142857143,87.60428571428572
Anambra,2025,22,92.34,26.861428571428572,87.71428571428571
Anambra,2025,23,92.21,26.54714285714286,86.80857142857143
Anambra,2025,24,36.61,26.481428571428573,87.79285714285713
Anambra,2025,25,37.75,26.0,87.89428571428572
Anambra,2025,26,99.19,25.645714285714288,91.18142857142857
Anambra,2025,27,89.47,25.12142857142857,91.09142857142857
Anambra,2025,28,51.51,25.025714285714287,89.89
Anambra,2025,29,43.01,25.41,87.59
Anambra,2025,30,59.86,24.851428571428574,90.32000000000001
Anambra,2025,31,54.82000000000001,25.25857142857143,89.07285714285715
Anambra,2025,32,91.94,24.864285714285717,89.76142857142858
Anambra,2025,33,14.88,25.131428571428568,87.25857142857141
Anambra,2025,34,5.529999999999999,25.225714285714286,87.23
Anambra,2025,35,20.009999999999998,25.057142857142857,87.85571428571428
Anambra,2025,36,7.65,25.244285714285716,88.2942857142857
Anambra,2025,37,60.09,25.377142857142854,88.76142857142858
Anambra,2025,38,81.2,25.65285714285714,88.69285714285715
Anambra,2025,39,18.68,25.25,88.97
Anambra,2025,40,41.55,25.037142857142857,90.14571428571428
Anambra,2025,41,32.8,25.532857142857146,87.03142857142858
Anambra,2025,42,86.85,25.50857142857143,87.17714285714285
Anambra,2025,43,15.25,25.958571428571428,88.64571428571428
Anambra,2025,44,50.1,26.16857142857143,87.25857142857141
Anambra,2025,45,42.15,25.889999999999997,87.25571428571428
Anambra,2025,46,19.81,26.472857142857144,85.23857142857142
Anambra,2025,47,1.23,26.397142857142857,81.2942857142857
Anambra,2025,48,1.7,26.975714285714282,82.36
Anambra,2025,49,30.97,26.684285714285714,86.69571428571429
Anambra,2025,50,5.41,26.240000000000002,85.16571428571429
Anambra,2025,51,0.68,26.444285714285716,83.08857142857143
Anambra,2025,52,0.1,26.892857142857142,83.89428571428572
Anambra,2026,1,0.03,26.73,84.2
Bauchi,2020,53,0.0,24.75666666666667,38.47666666666667
Bauchi,2021,1,0.0,23.685714285714287,33.25714285714286
Bauchi,2021,2,0.0,21.48,30.06714285714286
Bauchi,2021,3,0.0,20.958571428571428,29.804285714285715
Bauchi,2021,4,0.0,23.37142857142857,27.292857142857144
Bauchi,2021,5,0.0,23.919999999999998,27.021428571428572
Bauchi,2021,6,0.0,23.881428571428575,22.321428571428573
Bauchi,2021,7,0.0,22.25142857142857,20.639999999999997
Bauchi,2021,8,1.87,24.634285714285713,23.427142857142858
Bauchi,2021,9,0.0,27.34,19.594285714285714
Bauchi,2021,10,4.45,29.702857142857145,33.931428571428576
Bauchi,2021,11,0.0,29.59,40.36714285714286
Bauchi,2021,12,0.01,29.771428571428572,30.75
Bauchi,2021,13,0.0,27.368571428571425,15.497142857142858
Bauchi,2021,14,4.63,30.93857142857143,27.117142857142856
Bauchi,2021,15,7.72,29.807142857142857,48.89714285714285
Bauchi,2021,16,0.01,31.96,43.43
Bauchi,2021,17,0.09,32.362857142857145,42.57
Bauchi,2021,18,5.8,31.142857142857142,44.94857142857143
Bauchi,2021,19,132.39,28.912857142857142,63.02571428571429
Bauchi,2021,20,58.6,27.745714285714286,70.19714285714285
Bauchi,2021,21,1.98,29.164285714285715,60.230000000000004
Bauchi,2021,22,295.24,26.72714285714286,76.24285714285715
Bauchi,2021,23,81.4,26.374285714285715,78.35000000000001
Bauchi,2021,24,24.97,25.822857142857142,79.89428571428572
Bauchi,2021,25,207.27,24.93285714285714,83.44142857142857
Bauchi,2021,26,139.44,24.474285714285713,84.00428571428571
Bauchi,2021,27,87.09,24.057142857142857,86.62285714285714
Bauchi,2021,28,227.85000000000002,24.344285714285714,86.23428571428572
Bauchi,2021,29,267.92,24.18857142857143,87.3157142857143
Bauchi,2021,30,251.26000000000002,23.78142857142857,89.40714285714286
Bauchi,2021,31,124.54,24.075714285714287,87.6542857142857
Bauchi,2021,32,78.84,23.90142857142857,87.97
Bauchi,2021,33,42.800000000000004,23.77857142857143,86.93571428571428
Bauchi,2021,34,171.13,24.81714285714286,85.74571428571429
Bauchi,2021,35,17.55,24.427142857142858,86.08571428571429
Bauchi,2021,36,159.46,24.607142857142858,85.04285714285713
Bauchi,2021,37,224.62999999999997,24.82,85.55571428571429
Bauchi,2021,38,173.54999999999998,24.485714285714288,85.33714285714287
Bauchi,2021,39,93.78,25.454285714285714,81.47142857142856
Bauchi,2021,40,145.76999999999998,25.548571428571428,76.86428571428571
Bauchi,2021,41,91.94,25.187142857142856,75.20142857142856
Bauchi,2021,42,47.31,24.937142857142856,84.64142857142858
Bauchi,2021,43,6.03,23.85571428571429,72.29428571428572
Bauchi,2021,44,89.21999999999998,23.62857142857143,71.52714285714286
Bauchi,2021,45,29.56,23.965714285714284,62.06428571428571
Bauchi,2021,46,0.22,22.054285714285715,64.90285714285714
Bauchi,2021,47,0.0,21.24285714285714,64.02571428571429
Bauchi,2021,48,2.1,19.912857142857142,65.09428571428572
Bauchi,2021,49,0.0,19.872857142857146,63.04714285714285
Bauchi,2021,50,0.0,18.07,61.16142857142857
Bauchi,2021,51,6.13,18.034285714285712,58.45142857142857
Bauchi,2021,52,0.72,18.608571428571427,56.660000000000004
Bauchi,2022,1,9.53,19.47,61.82142857142857
Bauchi,2022,2,0.0,20.592857142857145,53.23714285714285
Bauchi,2022,3,0.0,16.571428571428573,51.43142857142857
Bauchi,2022,4,0.0,16.905714285714286,49.08
Bauchi,2022,5,0.0,16.737142857142857,46.00571428571429
Bauchi,2022,6,0.0,19.064285714285713,43.58428571428571
Bauchi,2022,7,0.0,21.59857142857143,41.385714285714286
Bauchi,2022,8,0.0,20.985714285714288,38.787142857142854
Bauchi,2022,9,22.71,25.452857142857145,37.58
Bauchi,2022,10,0.0,26.572857142857142,45.392857142857146
Bauchi,2022,11,0.0,24.367142857142856,35.58
Bauchi,2022,12,0.01,26.59142857142857,35.01285714285714
Bauchi,2022,13,0.2,26.208571428571428,30.650000000000002
Bauchi,2022,14,18.29,28.65142857142857,58.49142857142857
Bauchi,2022,15,4.81,28.858571428571427,61.29142857142857
Bauchi,2022,16,5.34,29.254285714285714,53.89857142857143
Bauchi,2022,17,134.26,27.867142857142856,68.41857142857143
Bauchi,2022,18,9.71,27.115714285714287,73.40857142857143
Bauchi,2022,19,238.78,27.018571428571427,77.11142857142856
Bauchi,2022,20,109.82999999999998,26.358571428571427,74.47
Bauchi,2022,21,454.92,25.697142857142858,78.54428571428572
Bauchi,2022,22,191.72,26.315714285714286,77.05428571428571
Bauchi,2022,23,177.41,25.490000000000002,80.14285714285714
Bauchi,2022,24,38.26,24.981428571428573,82.54571428571428
Bauchi,2022,25,208.85999999999999,25.068571428571428,82.81428571428572
Bauchi,2022,26,29.629999999999995,24.791428571428572,83.11857142857143
Bauchi,2022,27,43.23,25.400000000000002,80.64714285714285
Bauchi,2022,28,48.050000000000004,24.791428571428572,84.72714285714287
Bauchi,2022,29,27.34,24.385714285714283,84.28428571428572
Bauchi,2022,30,33.89,24.041428571428572,85.25142857142858
Bauchi,2022,31,30.48,24.267142857142858,84.41428571428571
Bauchi,2022,32,37.800000000000004,24.132857142857144,85.07285714285715
Bauchi,2022,33,36.15,23.39428571428571,86.81857142857143
Bauchi,2022,34,43.17,23.462857142857143,87.37428571428572
Bauchi,2022,35,16.93,23.935714285714287,84.31142857142856
Bauchi,2022,36,96.91,24.295714285714286,85.38285714285715
Bauchi,2022,37,23.87,24.478571428571428,84.28
Bauchi,2022,38,12.93,24.707142857142856,83.64999999999999
Bauchi,2022,39,18.11,24.127142857142854,84.73714285714286
Bauchi,2022,40,17.46,24.384285714285713,84.38285714285713
Bauchi,2022,41,11.26,24.74285714285714,76.16142857142857
Bauchi,2022,42,40.36,24.041428571428572,68.34142857142857
Bauchi,2022,43,0.03,23.298571428571428,67.69285714285715
Bauchi,2022,44,0.0,22.527142857142856,60.93
Bauchi,2022,45,0.01,23.695714285714285,57.75714285714286
Bauchi,2022,46,0.0,21.85571428571429,55.50714285714286
Bauchi,2022,47,0.0,20.701428571428572,50.642857142857146
Bauchi,2022,48,0.0,21.85571428571429,54.455714285714286
Bauchi,2022,49,0.0,20.415714285714284,47.80428571428571
Bauchi,2022,50,0.0,20.917142857142856,44.79
Bauchi,2022,51,0.0,18.302857142857142,47.957142857142856
Bauchi,2022,52,0.0,17.845714285714287,46.291428571428575
Bauchi,2023,1,0.0,19.12857142857143,47.81857142857143
Bauchi,2023,2,0.0,18.74142857142857,42.98857142857143
Bauchi,2023,3,0.0,21.122857142857146,41.544285714285714
Bauchi,2023,4,0.0,24.662857142857142,38.70285714285715
Bauchi,2023,5,0.0,24.557142857142857,36.660000000000004
Bauchi,2023,6,0.0,22.852857142857143,29.821428571428573
Bauchi,2023,7,0.0,20.712857142857143,31.14428571428571
Bauchi,2023,8,0.0,24.005714285714284,30.254285714285714
Bauchi,2023,9,93.67999999999999,27.830000000000002,37.07142857142857
Bauchi,2023,10,29.310000000000002,26.447142857142858,46.34142857142857
Bauchi,2023,11,2.69,25.40285714285714,38.85
Bauchi,2023,12,0.48,27.78142857142857,49.94857142857143
Bauchi,2023,13,0.0,26.49857142857143,27.735714285714288
Bauchi,2023,14,9.92,28.88714285714286,37.85
Bauchi,2023,15,1.34,29.23857142857143,36.97428571428571
Bauchi,2023,16,22.24,31.315714285714282,47.01428571428572
Bauchi,2023,17,21.86,28.8,57.64857142857143
Bauchi,2023,18,82.72,27.681428571428572,66.59
Bauchi,2023,19,24.130000000000003,28.632857142857144,60.15714285714285
Bauchi,2023,20,23.34,28.827142857142857,67.47857142857143
Bauchi,2023,21,23.77,29.465714285714284,63.54857142857143
Bauchi,2023,22,3.14,28.715714285714284,64.62857142857142
Bauchi,2023,23,58.25,26.275714285714287,77.01571428571428
Bauchi,2023,24,8.47,26.67142857142857,72.06142857142858
Bauchi,2023,25,6.67,26.785714285714285,70.56428571428572
Bauchi,2023,26,14.15,27.215714285714284,68.47714285714287
Bauchi,2023,27,10.04,26.83142857142857,68.54142857142857
Bauchi,2023,28,19.52,27.44,66.03
Bauchi,2023,29,6.85,27.677142857142858,66.78571428571429
Bauchi,2023,30,2.75,28.101428571428574,63.309999999999995
Bauchi,2023,31,19.86,27.305714285714284,67.90571428571428
Bauchi,2023,32,33.21,25.485714285714288,77.35428571428572
Bauchi,2023,33,19.75,26.422857142857143,72.99142857142859
Bauchi,2023,34,51.56,26.535714285714285,73.81142857142856
Bauchi,2023,35,5.55,26.18857142857143,72.54714285714286
Bauchi,2023,36,26.72,26.337142857142858,73.38714285714286
Bauchi,2023,37,16.78,26.31142857142857,75.35142857142857
Bauchi,2023,38,18.83,26.57857142857143,72.76428571428572
Bauchi,2023,39,19.060000000000002,27.26571428571429,68.72857142857143
Bauchi,2023,40,14.760000000000002,27.157142857142855,66.98857142857143
Bauchi,2023,41,0.94,28.307142857142857,60.75142857142857
Bauchi,2023,42,4.6,28.09857142857143,55.541428571428575
Bauchi,2023,43,0.0,28.114285714285717,37.86285714285714
Bauchi,2023,44,0.27,28.942857142857143,44.114285714285714
Bauchi,2023,45,0.0,28.231428571428573,30.915714285714284
Bauchi,2023,46,0.5700000000000001,27.465714285714284,34.16142857142857
Bauchi,2023,47,0.08,27.904285714285717,32.59142857142857
Bauchi,2023,48,0.0,27.922857142857143,26.607142857142858
Bauchi,2023,49,0.0,25.764285714285712,20.874285714285715
Bauchi,2023,50,0.0,22.794285714285714,27.43857142857143
Bauchi,2023,51,0.0,24.271428571428572,24.15285714285714
Bauchi,2023,52,0.0,22.472857142857144,23.52857142857143
Bauchi,2024,1,0.0,24.224285714285713,21.07857142857143
Bauchi,2024,2,0.0,22.407142857142855,14.922857142857142
Bauchi,2024,3,0.0,21.298571428571428,15.68142857142857
Bauchi,2024,4,0.0,21.997142857142855,19.29
Bauchi,2024,5,0.0,23.462857142857143,18.57857142857143
Bauchi,2024,6,0.0,23.852857142857143,18.462857142857143
Bauchi,2024,7,0.0,25.58142857142857,15.39
Bauchi,2024,8,0.15000000000000002,28.318571428571428,22.391428571428573
Bauchi,2024,9,0.0,30.684285714285714,18.48857142857143
Bauchi,2024,10,0.01,32.857142857142854,27.194285714285712
Bauchi,2024,11,13.959999999999999,31.81714285714286,26.73428571428571
Bauchi,2024,12,0.0,29.054285714285715,16.744285714285713
Bauchi,2024,13,0.0,31.504285714285714,17.158571428571427
Bauchi,2024,14,0.08,32.76857142857143,30.532857142857146
Bauchi,2024,15,3.77,31.611428571428572,24.41142857142857
Bauchi,2024,16,3.92,33.45142857142857,34.021428571428565
Bauchi,2024,17,0.26,34.02571428571429,41.0
Bauchi,2024,18,3.6100000000000003,32.777142857142856,49.68285714285714
Bauchi,2024,19,3.82,32.18857142857143,50.50428571428571
Bauchi,2024,20,1.06,32.152857142857144,43.04857142857143
Bauchi,2024,21,4.06,32.79714285714285,46.02285714285714
Bauchi,2024,22,16.18,31.904285714285717,51.99714285714286
Bauchi,2024,23,4.26,31.095714285714283,54.03857142857142
Bauchi,2024,24,8.83,29.96857142857143,56.041428571428575
Bauchi,2024,25,17.05,29.494285714285716,57.0
Bauchi,2024,26,41.79,27.849999999999998,67.23285714285714
Bauchi,2024,27,23.32,27.654285714285713,68.01
Bauchi,2024,28,23.689999999999998,27.634285714285713,66.80285714285715
Bauchi,2024,29,388.88,25.27857142857143,84.81285714285715
Bauchi,2024,30,66.03999999999999,24.59714285714286,87.05285714285715
Bauchi,2024,31,68.22,24.76571428571429,85.67142857142858
Bauchi,2024,32,30.62,24.527142857142856,87.22285714285714
Bauchi,2024,33,28.439999999999998,24.205714285714286,85.81142857142856
Bauchi,2024,34,120.42,24.14428571428571,88.72714285714287
Bauchi,2024,35,38.1,24.509999999999998,86.87
Bauchi,2024,36,58.08,24.108571428571427,87.28285714285714
Bauchi,2024,37,41.87,25.15857142857143,84.21285714285715
Bauchi,2024,38,19.91,24.697142857142858,84.37857142857142
Bauchi,2024,39,22.64,25.024285714285714,80.7957142857143
Bauchi,2024,40,40.24,24.85571428571429,84.09
Bauchi,2024,41,6.21,25.349999999999998,80.59714285714286
Bauchi,2024,42,9.16,25.157142857142855,80.3442857142857
Bauchi,2024,43,0.41,24.57,70.97142857142858
Bauchi,2024,44,0.0,22.178571428571427,63.11857142857143
Bauchi,2024,45,0.0,21.74857142857143,62.17142857142858
Bauchi,2024,46,0.0,21.762857142857143,56.705714285714286
Bauchi,2024,47,0.0,20.5,52.18285714285714
Bauchi,2024,48,0.0,19.158571428571427,52.61142857142857
Bauchi,2024,49,0.0,19.56142857142857,49.965714285714284
Bauchi,2024,50,0.0,20.93,46.537142857142854
Bauchi,2024,51,0.0,17.90142857142857,45.62428571428571
Bauchi,2024,52,0.0,19.824285714285715,41.847142857142856
Bauchi,2025,1,0.0,22.111428571428572,37.69285714285714
Bauchi,2025,2,0.0,20.34857142857143,36.11571428571428
Bauchi,2025,3,0.0,23.684285714285714,35.582857142857144
Bauchi,2025,4,0.0,23.922857142857143,31.687142857142856
Bauchi,2025,5,0.0,22.085714285714285,27.715714285714284
Bauchi,2025,6,0.0,24.59857142857143,25.821428571428573
Bauchi,2025,7,0.0,23.965714285714284,23.024285714285718
Bauchi,2025,8,0.0,27.294285714285714,22.552857142857142
Bauchi,2025,9,0.16999999999999998,27.560000000000002,25.277142857142856
Bauchi,2025,10,0.0,29.02857142857143,20.851428571428574
Bauchi,2025,11,0.0,30.497142857142855,18.478571428571428
Bauchi,2025,12,0.0,29.33142857142857,14.774285714285714
Bauchi,2025,13,0.0,30.525714285714287,16.638571428571428
Bauchi,2025,14,0.34,31.18,17.57857142857143
Bauchi,2025,15,1.0,31.845714285714287,26.885714285714283
Bauchi,2025,16,0.0,31.957142857142856,18.95
Bauchi,2025,17,1.54,32.980000000000004,26.475714285714282
Bauchi,2025,18,1.82,32.65428571428571,34.63285714285714
Bauchi,2025,19,0.01,32.36714285714286,22.584285714285716
Bauchi,2025,20,4.15,32.55285714285714,40.06285714285714
Bauchi,2025,21,1.02,33.64857142857143,38.75428571428571
Bauchi,2025,22,21.22,31.427142857142858,50.31142857142857
Bauchi,2025,23,8.58,29.09857142857143,57.16285714285714
Bauchi,2025,24,35.39,30.117142857142856,54.65
Bauchi,2025,25,11.99,28.12,63.63285714285714
Bauchi,2025,26,10.34,28.957142857142856,58.91285714285714
Bauchi,2025,27,17.08,26.825714285714287,67.99571428571429
Bauchi,2025,28,43.62,26.21142857142857,70.46857142857142
Bauchi,2025,29,34.61,26.654285714285717,69.74
Bauchi,2025,30,46.86,25.284285714285716,80.20285714285714
Bauchi,2025,31,5.48,26.107142857142858,72.31285714285714
Bauchi,2025,32,20.27,25.565714285714286,73.80571428571429
Bauchi,2025,33,50.99,24.948571428571427,77.89142857142858
Bauchi,2025,34,36.17,25.25714285714286,76.28714285714285
Bauchi,2025,35,26.94,24.87142857142857,78.38142857142859
Bauchi,2025,36,22.22,25.135714285714283,79.11714285714285
Bauchi,2025,37,51.029999999999994,24.97,80.62
Bauchi,2025,38,55.59,25.458571428571428,80.44571428571429
Bauchi,2025,39,47.66,24.978571428571428,80.67
Bauchi,2025,40,46.64,25.582857142857144,75.85285714285715
Bauchi,2025,41,19.93,25.187142857142856,78.08
Bauchi,2025,42,1.6,25.752857142857145,65.57857142857144
Bauchi,2025,43,0.98,26.735714285714288,51.56142857142857
Bauchi,2025,44,0.08,26.228571428571428,42.45857142857143
Bauchi,2025,45,0.24,26.832857142857144,40.104285714285716
Bauchi,2025,46,0.0,25.43285714285714,36.207142857142856
Bauchi,2025,47,0.0,25.055714285714284,34.23142857142857
Bauchi,2025,48,0.0,26.074285714285715,31.12857142857143
Bauchi,2025,49,0.0,26.622857142857146,29.345714285714283
Bauchi,2025,50,0.0,25.62857142857143,30.50857142857143
Bauchi,2025,51,0.0,24.30857142857143,26.657142857142855
Bauchi,2025,52,0.0,25.97714285714286,22.958571428571428
Bauchi,2026,1,0.0,26.276666666666667,22.22666666666667
Bayelsa,2020,53,0.74,26.926666666666666,89.55
Bayelsa,2021,1,79.67,26.562857142857144,90.33857142857143
Bayelsa,2021,2,2.94,26.990000000000002,85.7242857142857
Bayelsa,2021,3,0.04,26.240000000000002,75.88285714285715
Bayelsa,2021,4,10.08,26.705714285714286,86.6857142857143
Bayelsa,2021,5,1.1300000000000001,27.18857142857143,85.83571428571429
Bayelsa,2021,6,27.54,27.641428571428573,87.19714285714285
Bayelsa,2021,7,0.59,25.945714285714285,70.97571428571429
Bayelsa,2021,8,8.63,26.892857142857142,86.68999999999998
Bayelsa,2021,9,5.41,27.497142857142855,88.16428571428571
Bayelsa,2021,10,73.17999999999999,26.697142857142858,89.84857142857143
Bayelsa,2021,11,18.66,26.062857142857144,88.05714285714285
Bayelsa,2021,12,38.760000000000005,26.349999999999998,88.45714285714287
Bayelsa,2021,13,1.7,27.244285714285716,87.93571428571428
Bayelsa,2021,14,115.12,26.771428571428572,91.02714285714285
Bayelsa,2021,15,223.02,26.805714285714284,87.58428571428571
Bayelsa,2021,16,45.46,26.912857142857145,89.54285714285713
Bayelsa,2021,17,55.71,26.925714285714285,90.35000000000001
Bayelsa,2021,18,47.57,26.077142857142857,89.89428571428572
Bayelsa,2021,19,44.089999999999996,26.76142857142857,89.53
Bayelsa,2021,20,73.03999999999999,26.715714285714284,89.25857142857141
Bayelsa,2021,21,76.41,26.891428571428573,91.78999999999999
Bayelsa,2021,22,122.13000000000001,26.111428571428572,91.13285714285713
Bayelsa,2021,23,61.77,26.545714285714286,88.47
Bayelsa,2021,24,193.26,25.857142857142858,91.4542857142857
Bayelsa,2021,25,55.0,25.37142857142857,92.51428571428572
Bayelsa,2021,26,50.09,25.352857142857143,90.60714285714286
Bayelsa,2021,27,95.55,25.034285714285716,91.03571428571429
Bayelsa,2021,28,107.98,25.15857142857143,90.98857142857142
Bayelsa,2021,29,9.24,25.142857142857142,88.74428571428572
Bayelsa,2021,30,18.900000000000002,24.990000000000002,86.70714285714287
Bayelsa,2021,31,79.7,24.895714285714288,91.96428571428571
Bayelsa,2021,32,153.52,25.154285714285717,90.31142857142858
Bayelsa,2021,33,217.18,24.85571428571429,91.78714285714285
Bayelsa,2021,34,100.27000000000001,25.304285714285715,92.19142857142857
Bayelsa,2021,35,210.43,25.06142857142857,92.57428571428571
Bayelsa,2021,36,52.269999999999996,25.62857142857143,91.89428571428572
Bayelsa,2021,37,41.9,25.52,90.05999999999999
Bayelsa,2021,38,87.99,25.252857142857142,90.80714285714285
Bayelsa,2021,39,41.43,25.572857142857142,91.16571428571429
Bayelsa,2021,40,97.92,26.148571428571426,90.74000000000001
Bayelsa,2021,41,36.599999999999994,26.00142857142857,90.67714285714285
Bayelsa,2021,42,32.5,25.83285714285714,89.69428571428571
Bayelsa,2021,43,53.64,26.27857142857143,88.96714285714286
Bayelsa,2021,44,57.29,25.825714285714287,91.21571428571428
Bayelsa,2021,45,107.78999999999999,25.997142857142855,91.35285714285715
Bayelsa,2021,46,172.66000000000003,26.137142857142855,89.29714285714286
Bayelsa,2021,47,88.29,26.49285714285714,90.26714285714286
Bayelsa,2021,48,14.89,26.675714285714285,87.87428571428572
Bayelsa,2021,49,1.95,26.827142857142857,82.00571428571428
Bayelsa,2021,50,8.14,25.695714285714285,79.78
Bayelsa,2021,51,154.7,25.127142857142854,80.17142857142858
Bayelsa,2021,52,26.349999999999998,25.974285714285713,82.42
Bayelsa,2022,1,94.42,25.307142857142857,81.08428571428571
Bayelsa,2022,2,21.78,26.490000000000002,88.59
Bayelsa,2022,3,79.03999999999999,24.037142857142857,78.07857142857142
Bayelsa,2022,4,19.18,23.287142857142857,74.05142857142857
Bayelsa,2022,5,0.04,23.774285714285718,71.55571428571429
Bayelsa,2022,6,2.13,26.205714285714286,79.64999999999999
Bayelsa,2022,7,1.09,27.155714285714286,86.71571428571428
Bayelsa,2022,8,1.1600000000000001,27.785714285714285,84.20428571428572
Bayelsa,2022,9,18.66,26.787142857142857,88.77857142857144
Bayelsa,2022,10,39.87,26.877142857142854,89.22714285714287
Bayelsa,2022,11,4.04,27.092857142857145,89.28
Bayelsa,2022,12,9.48,27.354285714285712,88.70285714285714
Bayelsa,2022,13,12.889999999999999,27.28142857142857,88.07571428571428
Bayelsa,2022,14,128.5,26.93,88.25857142857141
Bayelsa,2022,15,12.36,26.59,88.67285714285715
Bayelsa,2022,16,35.61,26.475714285714286,89.6842857142857
Bayelsa,2022,17,88.19,26.465714285714284,89.18285714285715
Bayelsa,2022,18,40.42,26.580000000000002,89.78285714285714
Bayelsa,2022,19,30.09,26.884285714285713,90.17
Bayelsa,2022,20,93.87,26.59142857142857,90.62714285714286
Bayelsa,2022,21,60.1,25.914285714285715,89.05999999999999
Bayelsa,2022,22,116.69,25.937142857142856,91.66857142857143
Bayelsa,2022,23,157.16,25.827142857142857,90.53857142857143
Bayelsa,2022,24,35.33,25.35571428571429,91.94285714285715
Bayelsa,2022,25,19.71,25.125714285714285,92.11714285714287
Bayelsa,2022,26,34.38,25.512857142857143,91.35714285714286
Bayelsa,2022,27,105.86,25.09857142857143,92.70142857142856
Bayelsa,2022,28,11.02,24.98428571428571,89.89999999999999
Bayelsa,2022,29,46.5,24.915714285714284,87.28285714285714
Bayelsa,2022,30,62.96,24.802857142857142,91.79285714285713
Bayelsa,2022,31,7.529999999999999,24.66,88.06714285714285
Bayelsa,2022,32,166.32,24.744285714285713,92.22142857142856
Bayelsa,2022,33,5.96,24.81714285714286,89.19285714285715
Bayelsa,2022,34,49.84,24.821428571428573,89.6557142857143
Bayelsa,2022,35,21.13,25.322857142857142,89.23285714285714
Bayelsa,2022,36,41.93,25.419999999999998,89.29142857142857
Bayelsa,2022,37,69.0,25.41857142857143,90.01714285714286
Bayelsa,2022,38,85.86,25.148571428571426,91.66142857142857
Bayelsa,2022,39,82.79,24.65142857142857,92.01571428571428
Bayelsa,2022,40,54.17,25.412857142857145,89.61285714285714
Bayelsa,2022,41,77.44999999999999,25.711428571428574,89.80142857142857
Bayelsa,2022,42,10.15,26.259999999999998,89.43142857142857
Bayelsa,2022,43,12.82,26.764285714285712,86.34857142857143
Bayelsa,2022,44,81.95,26.687142857142856,87.87428571428572
Bayelsa,2022,45,13.02,26.74857142857143,86.73
Bayelsa,2022,46,10.959999999999999,26.55,85.73571428571428
Bayelsa,2022,47,1.33,26.87857142857143,83.97857142857143
Bayelsa,2022,48,5.71,26.744285714285716,85.21714285714286
Bayelsa,2022,49,0.11,26.245714285714286,85.34714285714286
Bayelsa,2022,50,71.24,26.184285714285714,87.7957142857143
Bayelsa,2022,51,0.030000000000000002,24.650000000000002,73.76714285714286
Bayelsa,2022,52,0.0,25.18,70.23714285714286
Bayelsa,2023,1,4.57,25.472857142857144,77.07571428571428
Bayelsa,2023,2,0.0,24.39428571428571,74.72714285714287
Bayelsa,2023,3,2.2,26.42142857142857,81.33571428571429
Bayelsa,2023,4,7.37,26.472857142857144,88.78714285714285
Bayelsa,2023,5,2.0300000000000002,26.504285714285714,88.28857142857143
Bayelsa,2023,6,2.6399999999999997,27.395714285714288,84.36142857142856
Bayelsa,2023,7,0.0,25.352857142857143,69.23142857142857
Bayelsa,2023,8,39.67,26.784285714285716,84.81285714285715
Bayelsa,2023,9,27.7,26.857142857142858,88.87
Bayelsa,2023,10,54.300000000000004,26.784285714285716,88.57428571428571
Bayelsa,2023,11,58.739999999999995,26.52285714285714,87.00285714285714
Bayelsa,2023,12,49.43,26.342857142857145,86.89142857142858
Bayelsa,2023,13,14.72,26.96857142857143,86.0457142857143
Bayelsa,2023,14,86.21,26.618571428571432,90.53142857142858
Bayelsa,2023,15,17.35,27.07,88.85000000000001
Bayelsa,2023,16,30.88,27.18,88.84285714285714
Bayelsa,2023,17,27.79,26.552857142857142,89.34714285714286
Bayelsa,2023,18,20.31,26.805714285714284,86.96571428571428
Bayelsa,2023,19,32.269999999999996,27.63,87.07857142857142
Bayelsa,2023,20,100.66,27.07857142857143,91.23571428571428
Bayelsa,2023,21,39.519999999999996,27.044285714285714,90.95285714285714
Bayelsa,2023,22,23.48,26.43,91.45142857142856
Bayelsa,2023,23,86.83,25.728571428571428,92.05571428571429
Bayelsa,2023,24,54.71,25.974285714285713,89.93142857142857
Bayelsa,2023,25,55.519999999999996,25.514285714285712,91.0257142857143
Bayelsa,2023,26,77.82000000000001,25.334285714285716,92.07000000000001
Bayelsa,2023,27,68.07000000000001,25.672857142857143,91.14999999999999
Bayelsa,2023,28,29.11,26.02,90.61857142857143
Bayelsa,2023,29,42.57,25.722857142857144,93.17285714285715
Bayelsa,2023,30,98.11,25.602857142857143,91.88285714285715
Bayelsa,2023,31,7.42,25.40142857142857,90.08285714285715
Bayelsa,2023,32,30.54,25.518571428571427,90.73428571428572
Bayelsa,2023,33,15.07,25.66857142857143,90.98714285714286
Bayelsa,2023,34,21.090000000000003,25.647142857142857,92.16714285714285
Bayelsa,2023,35,61.22,25.625714285714285,91.46571428571428
Bayelsa,2023,36,46.71,25.802857142857142,90.83857142857143
Bayelsa,2023,37,52.55,25.827142857142857,91.42428571428572
Bayelsa,2023,38,58.809999999999995,25.87142857142857,91.36142857142856
Bayelsa,2023,39,41.78,26.321428571428573,91.24285714285715
Bayelsa,2023,40,35.22,26.518571428571427,89.82285714285715
Bayelsa,2023,41,49.04,26.18285714285714,91.04571428571428
Bayelsa,2023,42,36.92,26.15142857142857,90.58428571428571
Bayelsa,2023,43,9.17,26.428571428571427,90.08285714285715
Bayelsa,2023,44,114.47,26.577142857142857,89.8157142857143
Bayelsa,2023,45,20.92,26.64428571428571,91.24
Bayelsa,2023,46,24.72,26.99285714285714,87.55142857142857
Bayelsa,2023,47,12.74,26.27857142857143,90.53714285714285
Bayelsa,2023,48,21.39,26.75,88.98142857142857
Bayelsa,2023,49,0.31,27.178571428571427,86.20142857142856
Bayelsa,2023,50,0.01,26.337142857142855,72.82428571428571
Bayelsa,2023,51,0.13,27.407142857142855,80.20857142857143
Bayelsa,2023,52,0.01,26.404285714285717,71.83
Bayelsa,2024,1,2.67,27.804285714285715,84.37857142857142
Bayelsa,2024,2,3.7800000000000002,27.904285714285717,83.15714285714286
Bayelsa,2024,3,0.02,26.03142857142857,68.85142857142857
Bayelsa,2024,4,15.620000000000001,26.427142857142858,71.38285714285715
Bayelsa,2024,5,0.0,26.45,74.72
Bayelsa,2024,6,0.0,26.497142857142855,73.06
Bayelsa,2024,7,0.060000000000000005,28.592857142857145,84.10571428571428
Bayelsa,2024,8,8.48,28.032857142857143,83.0457142857143
Bayelsa,2024,9,1.03,27.754285714285714,87.35142857142857
Bayelsa,2024,10,2.6100000000000003,27.68,87.84857142857143
Bayelsa,2024,11,1.58,28.375714285714285,86.19428571428571
Bayelsa,2024,12,24.630000000000003,28.37142857142857,85.61571428571428
Bayelsa,2024,13,14.67,28.034285714285716,88.37285714285714
Bayelsa,2024,14,11.84,27.95285714285714,87.03
Bayelsa,2024,15,36.919999999999995,27.832857142857144,86.88571428571429
Bayelsa,2024,16,12.239999999999998,27.818571428571428,88.73142857142857
Bayelsa,2024,17,45.03,28.09857142857143,88.29285714285716
Bayelsa,2024,18,104.57,27.755714285714284,89.90142857142857
Bayelsa,2024,19,6.29,27.922857142857143,88.27571428571427
Bayelsa,2024,20,93.59,27.287142857142857,89.97142857142856
Bayelsa,2024,21,51.660000000000004,27.02285714285714,89.01428571428572
Bayelsa,2024,22,44.870000000000005,27.345714285714283,89.60285714285715
Bayelsa,2024,23,28.25,26.675714285714285,90.38285714285715
Bayelsa,2024,24,28.43,26.541428571428572,89.63142857142857
Bayelsa,2024,25,345.05,26.648571428571426,89.40428571428572
Bayelsa,2024,26,68.15,25.952857142857145,90.59714285714286
Bayelsa,2024,27,81.44,25.658571428571427,91.94714285714285
Bayelsa,2024,28,38.879999999999995,25.398571428571426,90.96000000000001
Bayelsa,2024,29,84.32,25.53,90.71142857142857
Bayelsa,2024,30,21.91,25.75,88.62428571428572
Bayelsa,2024,31,35.550000000000004,25.43285714285714,88.38714285714286
Bayelsa,2024,32,6.29,25.560000000000002,88.24714285714286
Bayelsa,2024,33,18.15,25.444285714285712,90.18714285714285
Bayelsa,2024,34,61.17,25.42142857142857,90.89857142857143
Bayelsa,2024,35,32.49,25.60571428571429,89.72714285714287
Bayelsa,2024,36,55.28,25.717142857142857,89.30999999999999
Bayelsa,2024,37,105.12,25.767142857142858,91.60571428571428
Bayelsa,2024,38,76.28,25.964285714285715,90.51428571428572
Bayelsa,2024,39,46.99,26.041428571428572,88.78999999999999
Bayelsa,2024,40,90.86999999999999,26.02,90.30142857142857
Bayelsa,2024,41,36.129999999999995,25.77,90.64
Bayelsa,2024,42,31.869999999999997,26.09714285714286,89.46142857142857
Bayelsa,2024,43,57.169999999999995,26.68,89.7
Bayelsa,2024,44,70.73,27.231428571428573,86.48285714285714
Bayelsa,2024,45,6.300000000000001,26.639999999999997,86.0657142857143
Bayelsa,2024,46,0.52,27.448571428571427,84.37857142857142
Bayelsa,2024,47,2.62,27.101428571428574,82.25857142857141
Bayelsa,2024,48,1.58,26.55857142857143,76.84571428571428
Bayelsa,2024,49,0.04,26.897142857142857,78.96142857142857
Bayelsa,2024,50,0.02,26.564285714285713,75.99857142857142
Bayelsa,2024,51,0.0,25.037142857142857,65.08285714285715
Bayelsa,2024,52,0.0,26.747142857142855,79.68142857142857
Bayelsa,2025,1,0.0,27.502857142857145,83.85285714285715
Bayelsa,2025,2,0.0,26.434285714285714,74.84714285714287
Bayelsa,2025,3,0.05,26.87714285714286,83.88285714285715
Bayelsa,2025,4,0.1,26.601428571428574,86.59857142857143
Bayelsa,2025,5,0.36,27.337142857142858,82.67857142857143
Bayelsa,2025,6,0.37,27.62857142857143,85.92714285714285
Bayelsa,2025,7,0.0,27.787142857142857,83.64714285714285
Bayelsa,2025,8,41.94,27.397142857142857,86.37
Bayelsa,2025,9,18.42,27.624285714285715,85.14857142857143
Bayelsa,2025,10,24.73,28.150000000000002,84.77428571428572
Bayelsa,2025,11,22.85,27.75857142857143,87.44714285714285
Bayelsa,2025,12,16.09,27.24857142857143,87.03857142857143
Bayelsa,2025,13,1.33,27.775714285714287,86.23285714285714
Bayelsa,2025,14,18.24,27.548571428571428,87.51285714285714
Bayelsa,2025,15,87.04,27.301428571428573,89.58142857142856
Bayelsa,2025,16,14.629999999999999,27.447142857142858,89.60000000000001
Bayelsa,2025,17,25.12,27.274285714285718,88.92999999999999
Bayelsa,2025,18,24.66,26.648571428571433,89.94857142857143
Bayelsa,2025,19,21.98,27.127142857142854,87.39714285714285
Bayelsa,2025,20,20.2,26.93285714285714,89.16
Bayelsa,2025,21,17.65,26.788571428571426,89.13714285714286
Bayelsa,2025,22,86.36,26.647142857142857,90.07428571428571
Bayelsa,2025,23,169.31,26.610000000000003,88.62142857142858
Bayelsa,2025,24,34.97,26.56142857142857,89.72857142857143
Bayelsa,2025,25,56.33,25.99857142857143,89.15285714285713
Bayelsa,2025,26,115.33,26.027142857142856,90.63285714285713
Bayelsa,2025,27,220.04,25.381428571428568,91.36285714285714
Bayelsa,2025,28,72.72,25.087142857142858,91.4557142857143
Bayelsa,2025,29,29.96,25.321428571428573,88.42999999999999
Bayelsa,2025,30,109.57000000000001,24.82857142857143,91.27714285714286
Bayelsa,2025,31,29.259999999999998,25.077142857142857,90.33714285714287
Bayelsa,2025,32,129.83,24.712857142857143,91.28857142857143
Bayelsa,2025,33,17.26,24.74142857142857,89.25285714285714
Bayelsa,2025,34,7.7,24.99285714285714,89.0442857142857
Bayelsa,2025,35,11.16,24.81142857142857,88.69571428571429
Bayelsa,2025,36,12.07,25.197142857142858,89.40857142857143
Bayelsa,2025,37,66.72999999999999,25.34142857142857,90.40142857142857
Bayelsa,2025,38,83.61,25.367142857142856,90.61428571428571
Bayelsa,2025,39,21.79,25.22714285714286,91.16
Bayelsa,2025,40,55.14,25.23857142857143,91.51571428571428
Bayelsa,2025,41,32.15,25.582857142857144,89.34142857142857
Bayelsa,2025,42,52.89,25.767142857142858,89.40857142857143
Bayelsa,2025,43,15.83,25.93857142857143,90.58571428571429
Bayelsa,2025,44,64.77,26.187142857142856,90.50571428571428
Bayelsa,2025,45,60.080000000000005,26.15142857142857,89.45142857142856
Bayelsa,2025,46,29.14,26.72714285714286,87.77571428571427
Bayelsa,2025,47,2.6799999999999997,27.215714285714284,85.02285714285713
Bayelsa,2025,48,5.71,27.53,85.45714285714287
Bayelsa,2025,49,59.64,26.685714285714287,90.37857142857142
Bayelsa,2025,50,15.51,26.49285714285714,88.35428571428572
Bayelsa,2025,51,2.2600000000000002,26.694285714285712,87.82000000000001
Bayelsa,2025,52,0.1,27.07857142857143,87.41714285714285
Bayelsa,2026,1,0.0,26.973333333333333,87.45666666666666
Benue,2020,53,0.0,27.856666666666666,66.19
Benue,2021,1,0.91,27.78142857142857,59.01142857142857
Benue,2021,2,0.0,26.580000000000002,41.24428571428571
Benue,2021,3,0.0,26.10571428571429,37.674285714285716
Benue,2021,4,0.0,27.69,43.174285714285716
Benue,2021,5,4.8,27.842857142857145,46.31857142857143
Benue,2021,6,2.29,28.29,42.19714285714286
Benue,2021,7,0.02,27.33857142857143,33.964285714285715
Benue,2021,8,0.13,28.68,44.824285714285715
Benue,2021,9,0.3,29.96142857142857,47.220000000000006
Benue,2021,10,28.56,28.99285714285714,71.41
Benue,2021,11,3.6900000000000004,27.37714285714286,74.4542857142857
Benue,2021,12,15.08,28.048571428571428,66.81857142857143
Benue,2021,13,0.0,29.16857142857143,46.53857142857142
Benue,2021,14,55.53,28.914285714285715,72.68571428571428
Benue,2021,15,78.2,27.252857142857145,81.39571428571428
Benue,2021,16,6.01,28.024285714285718,77.27714285714285
Benue,2021,17,1.95,28.448571428571427,75.84285714285714
Benue,2021,18,6.57,27.467142857142857,75.43714285714285
Benue,2021,19,19.65,28.375714285714285,74.68571428571428
Benue,2021,20,16.59,27.951428571428572,77.64857142857143
Benue,2021,21,10.26,28.595714285714287,76.65285714285714
Benue,2021,22,73.11,26.979999999999997,82.35285714285715
Benue,2021,23,43.62,27.018571428571427,82.23
Benue,2021,24,36.7,26.771428571428572,82.92571428571429
Benue,2021,25,62.11,25.615714285714287,86.75285714285714
Benue,2021,26,76.21000000000001,25.195714285714285,87.45857142857143
Benue,2021,27,15.86,25.448571428571427,85.81428571428572
Benue,2021,28,28.74,25.344285714285714,86.30142857142857
Benue,2021,29,31.71,25.715714285714284,85.42
Benue,2021,30,8.57,25.33857142857143,82.90285714285714
Benue,2021,31,71.07,25.135714285714283,86.03999999999999
Benue,2021,32,28.98,25.368571428571425,86.35428571428572
Benue,2021,33,20.65,24.96,87.76714285714286
Benue,2021,34,20.85,25.41714285714286,86.39714285714285
Benue,2021,35,55.41,25.664285714285715,86.43285714285715
Benue,2021,36,26.01,25.877142857142854,85.46000000000001
Benue,2021,37,43.74,26.02857142857143,84.16857142857143
Benue,2021,38,31.689999999999998,25.495714285714286,85.62714285714286
Benue,2021,39,30.17,25.88,87.18857142857144
Benue,2021,40,33.94,26.287142857142857,86.44571428571429
Benue,2021,41,27.68,26.207142857142856,86.67428571428572
Benue,2021,42,56.78,25.724285714285713,86.77428571428571
Benue,2021,43,47.81,26.494285714285716,84.59
Benue,2021,44,55.08,26.32857142857143,83.91142857142857
Benue,2021,45,95.78,27.074285714285715,78.92
Benue,2021,46,131.09,26.617142857142856,75.41428571428571
Benue,2021,47,37.28,25.315714285714286,71.35428571428571
Benue,2021,48,47.08,24.172857142857143,67.99571428571429
Benue,2021,49,5.76,23.487142857142857,70.54857142857144
Benue,2021,50,0.0,21.945714285714285,68.53999999999999
Benue,2021,51,1.0299999999999998,22.12857142857143,65.50571428571429
Benue,2021,52,30.83,22.762857142857143,65.74857142857142
Benue,2022,1,38.09,23.041428571428572,65.69142857142857
Benue,2022,2,27.65,24.697142857142858,64.54571428571428
Benue,2022,3,6.97,20.95285714285714,59.04571428571428
Benue,2022,4,2.08,21.032857142857143,57.25571428571429
Benue,2022,5,0.01,20.405714285714286,53.425714285714285
Benue,2022,6,28.68,23.004285714285714,51.99714285714286
Benue,2022,7,0.0,25.295714285714286,56.23142857142857
Benue,2022,8,6.78,24.724285714285713,49.550000000000004
Benue,2022,9,29.38,27.36285714285714,73.56714285714285
Benue,2022,10,32.04,27.69,78.53571428571429
Benue,2022,11,0.060000000000000005,26.812857142857144,63.36714285714286
Benue,2022,12,26.68,27.915714285714284,72.22142857142858
Benue,2022,13,29.05,27.465714285714284,65.80999999999999
Benue,2022,14,22.05,28.207142857142856,77.57714285714285
Benue,2022,15,15.92,27.527142857142856,77.54285714285713
Benue,2022,16,79.64,27.231428571428573,83.05
Benue,2022,17,174.54999999999998,26.314285714285713,86.13142857142857
Benue,2022,18,37.69,26.82857142857143,84.47857142857143
Benue,2022,19,49.88,26.964285714285715,86.5657142857143
Benue,2022,20,124.72999999999999,26.761428571428574,85.94571428571429
Benue,2022,21,130.02,25.877142857142854,87.12142857142858
Benue,2022,22,41.71,26.13714285714286,88.68571428571428
Benue,2022,23,144.33,25.665714285714284,88.97857142857143
Benue,2022,24,14.51,25.287142857142857,88.81142857142856
Benue,2022,25,86.31,25.321428571428573,89.79285714285713
Benue,2022,26,17.37,25.505714285714284,86.99571428571429
Benue,2022,27,17.91,25.367142857142856,89.48714285714286
Benue,2022,28,9.0,25.69142857142857,86.52571428571427
Benue,2022,29,11.379999999999999,25.13,87.19142857142857
Benue,2022,30,50.86,24.837142857142855,89.43142857142857
Benue,2022,31,26.919999999999998,25.2,86.78428571428572
Benue,2022,32,35.8,25.057142857142857,89.79857142857144
Benue,2022,33,21.18,24.948571428571427,87.12571428571428
Benue,2022,34,156.89,24.475714285714282,89.97571428571429
Benue,2022,35,37.83,25.005714285714284,87.08285714285715
Benue,2022,36,53.21,25.07428571428571,88.99428571428572
Benue,2022,37,22.61,25.16142857142857,88.93571428571428
Benue,2022,38,39.71,25.07,88.58142857142856
Benue,2022,39,55.839999999999996,24.924285714285713,87.54857142857144
Benue,2022,40,68.66,25.21,87.29142857142857
Benue,2022,41,62.53,25.695714285714285,87.17857142857143
Benue,2022,42,5.45,26.041428571428572,84.61714285714287
Benue,2022,43,1.56,25.681428571428572,82.18857142857142
Benue,2022,44,1.53,24.95285714285714,77.39571428571428
Benue,2022,45,0.5499999999999999,25.962857142857143,73.02
Benue,2022,46,0.05,24.150000000000002,74.61285714285714
Benue,2022,47,0.0,23.295714285714286,70.54285714285714
Benue,2022,48,0.04,24.504285714285714,68.8157142857143
Benue,2022,49,0.0,23.198571428571427,68.53
Benue,2022,50,0.05,23.981428571428573,60.86571428571428
Benue,2022,51,0.0,20.955714285714286,63.71714285714285
Benue,2022,52,0.0,20.872857142857146,61.598571428571425
Benue,2023,1,0.0,22.40285714285714,62.43714285714286
Benue,2023,2,0.0,21.56142857142857,58.64714285714285
Benue,2023,3,0.0,24.07,55.35285714285715
Benue,2023,4,0.23,26.342857142857145,60.37714285714286
Benue,2023,5,14.18,27.18,65.15571428571428
Benue,2023,6,77.32,25.147142857142857,50.01285714285715
Benue,2023,7,0.0,23.24285714285714,47.11714285714286
Benue,2023,8,10.830000000000002,26.57857142857143,50.848571428571425
Benue,2023,9,22.78,27.681428571428572,75.72285714285715
Benue,2023,10,6.5,27.844285714285714,77.51714285714286
Benue,2023,11,3.48,27.485714285714288,72.92
Benue,2023,12,10.47,26.96142857142857,76.48571428571428
Benue,2023,13,1.6600000000000001,27.965714285714284,71.08714285714287
Benue,2023,14,6.2700000000000005,28.28857142857143,75.60142857142857
Benue,2023,15,13.530000000000001,27.962857142857143,78.50714285714285
Benue,2023,16,8.35,28.388571428571428,76.53857142857143
Benue,2023,17,10.02,28.177142857142858,75.72285714285714
Benue,2023,18,6.6,28.03142857142857,75.03999999999999
Benue,2023,19,17.77,28.610000000000003,76.29285714285713
Benue,2023,20,32.89,28.18285714285714,81.03
Benue,2023,21,9.65,28.101428571428574,80.42285714285715
Benue,2023,22,12.18,27.849999999999998,78.95857142857143
Benue,2023,23,58.16,26.435714285714287,85.31142857142858
Benue,2023,24,14.49,26.65285714285714,82.1557142857143
Benue,2023,25,15.120000000000001,26.18857142857143,84.31857142857143
Benue,2023,26,19.89,26.527142857142856,84.00285714285714
Benue,2023,27,46.870000000000005,26.14428571428571,84.36857142857143
Benue,2023,28,31.75,27.02,82.30142857142857
Benue,2023,29,20.23,26.287142857142857,87.2042857142857
Benue,2023,30,16.92,26.482857142857142,84.47
Benue,2023,31,6.96,26.555714285714284,82.61857142857141
Benue,2023,32,17.509999999999998,26.24285714285714,83.0657142857143
Benue,2023,33,49.43,26.551428571428573,82.78857142857143
Benue,2023,34,51.23,26.678571428571427,83.95
Benue,2023,35,24.42,25.987142857142857,85.4742857142857
Benue,2023,36,33.72,26.44142857142857,83.68714285714286
Benue,2023,37,21.83,26.310000000000002,85.68857142857144
Benue,2023,38,16.38,26.478571428571428,83.45714285714287
Benue,2023,39,15.42,27.502857142857145,81.22714285714287
Benue,2023,40,20.12,27.071428571428573,83.34142857142857
Benue,2023,41,81.66,26.545714285714286,85.52
Benue,2023,42,64.03999999999999,26.96142857142857,83.95142857142856
Benue,2023,43,1.5,27.427142857142858,81.74285714285715
Benue,2023,44,32.57,27.04,82.68142857142857
Benue,2023,45,13.74,27.04714285714286,82.96571428571428
Benue,2023,46,0.51,26.434285714285714,75.39714285714285
Benue,2023,47,4.7,26.504285714285714,73.33857142857143
Benue,2023,48,0.15,27.594285714285714,71.95857142857143
Benue,2023,49,0.0,27.092857142857145,58.339999999999996
Benue,2023,50,0.0,24.74857142857143,47.49142857142857
Benue,2023,51,0.0,26.752857142857145,46.17142857142857
Benue,2023,52,0.0,25.618571428571425,41.544285714285714
Benue,2024,1,0.0,27.650000000000002,37.93714285714286
Benue,2024,2,0.0,25.517142857142858,30.804285714285715
Benue,2024,3,0.0,24.18285714285714,30.821428571428573
Benue,2024,4,0.0,25.875714285714285,29.791428571428572
Benue,2024,5,0.0,26.75142857142857,31.79
Benue,2024,6,0.0,27.735714285714288,29.25
Benue,2024,7,0.0,29.527142857142856,32.79714285714285
Benue,2024,8,1.62,31.135714285714283,45.05285714285714
Benue,2024,9,1.08,31.74285714285714,53.49714285714286
Benue,2024,10,0.48000000000000004,31.13,60.98857142857143
Benue,2024,11,53.07,30.965714285714284,66.66714285714286
Benue,2024,12,0.21000000000000002,29.334285714285716,56.08285714285715
Benue,2024,13,1.6600000000000001,31.384285714285713,63.152857142857144
Benue,2024,14,3.02,31.004285714285714,64.30714285714285
Benue,2024,15,10.53,29.858571428571427,66.54285714285714
Benue,2024,16,3.96,30.832857142857144,65.02
Benue,2024,17,58.84,30.202857142857145,71.55285714285715
Benue,2024,18,111.07,28.231428571428573,83.5942857142857
Benue,2024,19,10.97,28.15142857142857,82.20142857142856
Benue,2024,20,4.96,28.408571428571427,80.14285714285714
Benue,2024,21,18.54,28.23,76.86428571428571
Benue,2024,22,8.629999999999999,28.701428571428572,76.24142857142859
Benue,2024,23,13.95,28.10571428571429,78.75142857142858
Benue,2024,24,16.02,27.974285714285713,77.89142857142858
Benue,2024,25,36.07,27.51142857142857,80.84142857142857
Benue,2024,26,17.02,26.415714285714284,84.29142857142857
Benue,2024,27,22.78,26.398571428571426,84.01
Benue,2024,28,9.06,26.669999999999998,81.89571428571428
Benue,2024,29,196.32,25.80857142857143,88.48857142857142
Benue,2024,30,64.13,25.874285714285715,86.62428571428572
Benue,2024,31,30.01,25.90857142857143,85.58428571428571
Benue,2024,32,13.49,26.157142857142855,84.74142857142859
Benue,2024,33,11.219999999999999,25.59,85.73714285714286
Benue,2024,34,31.630000000000003,25.37,88.65857142857143
Benue,2024,35,14.72,25.907142857142855,86.27285714285713
Benue,2024,36,53.550000000000004,25.96142857142857,85.01857142857143
Benue,2024,37,36.74,26.604285714285712,84.80571428571429
Benue,2024,38,9.69,26.32857142857143,82.81142857142856
Benue,2024,39,55.83,25.59,86.05142857142857
Benue,2024,40,29.169999999999998,25.93,86.39857142857143
Benue,2024,41,29.87,26.222857142857144,83.21428571428571
Benue,2024,42,29.02,25.475714285714282,86.01714285714286
Benue,2024,43,12.200000000000001,26.55,83.11
Benue,2024,44,0.26,25.804285714285715,70.4057142857143
Benue,2024,45,0.0,25.791428571428572,70.56142857142858
Benue,2024,46,0.0,25.505714285714284,64.93571428571428
Benue,2024,47,0.0,24.881428571428568,57.44571428571429
Benue,2024,48,0.0,23.301428571428573,54.96
Benue,2024,49,0.0,24.247142857142858,51.81571428571429
Benue,2024,50,0.0,25.024285714285718,51.24285714285714
Benue,2024,51,0.0,23.467142857142857,42.92714285714286
Benue,2024,52,0.0,25.042857142857144,44.49857142857143
Benue,2025,1,0.0,26.888571428571428,41.17857142857143
Benue,2025,2,0.0,25.304285714285715,37.325714285714284
Benue,2025,3,0.16,27.895714285714288,45.59285714285714
Benue,2025,4,0.060000000000000005,28.43857142857143,41.44285714285714
Benue,2025,5,0.0,26.768571428571427,33.07142857142857
Benue,2025,6,0.0,29.627142857142854,33.885714285714286
Benue,2025,7,0.0,29.26571428571429,24.454285714285714
Benue,2025,8,0.74,30.32,45.120000000000005
Benue,2025,9,3.98,30.517142857142858,50.83428571428572
Benue,2025,10,0.12000000000000001,32.48857142857143,42.24428571428571
Benue,2025,11,0.54,32.542857142857144,53.425714285714285
Benue,2025,12,0.73,31.66857142857143,54.95285714285715
Benue,2025,13,1.44,32.69857142857143,50.962857142857146
Benue,2025,14,5.43,31.824285714285715,57.76
Benue,2025,15,9.59,30.495714285714286,64.97857142857143
Benue,2025,16,0.21,32.39714285714286,55.54857142857143
Benue,2025,17,8.53,31.330000000000002,61.71
Benue,2025,18,11.76,29.14428571428571,70.98857142857143
Benue,2025,19,1.12,31.354285714285712,59.787142857142854
Benue,2025,20,17.86,29.62142857142857,68.17857142857143
Benue,2025,21,4.25,29.795714285714286,68.84142857142857
Benue,2025,22,37.910000000000004,29.157142857142855,72.92142857142856
Benue,2025,23,42.410000000000004,27.602857142857143,78.66714285714286
Benue,2025,24,18.189999999999998,27.624285714285715,79.62
Benue,2025,25,18.47,27.762857142857143,76.38142857142857
Benue,2025,26,50.58,26.768571428571427,82.89714285714285
Benue,2025,27,68.7,25.55,85.73857142857143
Benue,2025,28,22.96,25.69857142857143,84.6557142857143
Benue,2025,29,28.05,26.464285714285715,80.79428571428572
Benue,2025,30,42.629999999999995,25.42142857142857,86.97571428571429
Benue,2025,31,29.369999999999997,25.858571428571427,85.0
Benue,2025,32,28.2,25.647142857142857,84.6557142857143
Benue,2025,33,23.14,25.5,84.83857142857143
Benue,2025,34,19.72,25.49142857142857,84.75285714285714
Benue,2025,35,11.930000000000001,25.922857142857143,82.19000000000001
Benue,2025,36,13.03,26.451428571428572,80.97714285714287
Benue,2025,37,25.35,26.277142857142856,81.97857142857143
Benue,2025,38,24.37,26.672857142857143,81.15142857142857
Benue,2025,39,23.450000000000003,26.478571428571428,81.32142857142857
Benue,2025,40,42.99,25.93857142857143,84.54428571428572
Benue,2025,41,35.63,26.398571428571426,81.69714285714285
Benue,2025,42,7.89,26.482857142857142,80.21000000000001
Benue,2025,43,0.86,27.75714285714286,76.28428571428572
Benue,2025,44,2.11,28.255714285714284,71.26142857142858
Benue,2025,45,20.819999999999997,27.818571428571428,73.08142857142857
Benue,2025,46,0.14,28.141428571428573,60.292857142857144
Benue,2025,47,0.09000000000000001,28.322857142857142,48.90428571428571
Benue,2025,48,0.08,29.30857142857143,49.59571428571429
Benue,2025,49,1.3800000000000001,29.91714285714286,56.230000000000004
Benue,2025,50,0.54,28.994285714285716,45.277142857142856
Benue,2025,51,0.01,28.53857142857143,37.84428571428572
Benue,2025,52,0.01,29.958571428571428,43.277142857142856
Benue,2026,1,0.04,30.3,47.88333333333333
Borno,2020,53,0.0,26.28,25.060000000000002
Borno,2021,1,0.0,26.131428571428568,21.905714285714286
Borno,2021,2,0.0,23.37,20.352857142857143
Borno,2021,3,0.0,22.54714285714286,20.575714285714287
Borno,2021,4,0.0,25.164285714285715,17.90142857142857
Borno,2021,5,0.0,25.287142857142857,16.955714285714286
Borno,2021,6,0.0,25.095714285714287,15.469999999999999
Borno,2021,7,0.0,23.46857142857143,15.551428571428572
Borno,2021,8,0.0,26.657142857142855,15.558571428571428
Borno,2021,9,0.0,29.009999999999998,14.207142857142857
Borno,2021,10,0.0,31.655714285714286,20.25714285714286
Borno,2021,11,0.0,31.93857142857143,22.900000000000002
Borno,2021,12,0.0,31.669999999999998,16.14142857142857
Borno,2021,13,0.0,28.282857142857143,11.577142857142857
Borno,2021,14,0.0,33.33571428571428,12.688571428571427
Borno,2021,15,0.18,32.60857142857143,17.282857142857143
Borno,2021,16,0.0,33.79571428571428,23.53
Borno,2021,17,0.0,34.00714285714286,16.47142857142857
Borno,2021,18,14.66,33.06428571428571,30.83571428571429
Borno,2021,19,2.35,34.48571428571429,36.887142857142855
Borno,2021,20,0.71,34.99,35.69
Borno,2021,21,0.01,33.51857142857143,17.41
Borno,2021,22,54.47,32.08142857142857,48.151428571428575
Borno,2021,23,0.9800000000000001,32.23142857142857,48.73571428571428
Borno,2021,24,3.48,31.302857142857142,52.94285714285714
Borno,2021,25,35.86,29.735714285714288,59.44
Borno,2021,26,8.43,28.687142857142856,64.87142857142858
Borno,2021,27,12.2,28.505714285714284,65.33428571428571
Borno,2021,28,40.95,27.580000000000002,71.46857142857144
Borno,2021,29,32.57,27.52857142857143,73.55428571428571
Borno,2021,30,67.43,26.185714285714287,79.76571428571428
Borno,2021,31,34.980000000000004,26.565714285714286,76.71000000000001
Borno,2021,32,27.75,26.05,80.65142857142857
Borno,2021,33,15.34,26.857142857142858,75.96571428571428
Borno,2021,34,13.11,27.951428571428572,70.81714285714285
Borno,2021,35,10.89,27.50714285714286,74.14857142857143
Borno,2021,36,24.36,27.25,74.28428571428572
Borno,2021,37,7.0200000000000005,27.951428571428572,71.67857142857143
Borno,2021,38,18.430000000000003,27.768571428571427,68.61
Borno,2021,39,7.66,27.897142857142857,61.027142857142856
Borno,2021,40,5.13,28.86285714285714,49.84571428571429
Borno,2021,41,2.59,28.474285714285713,50.17285714285714
Borno,2021,42,2.67,29.687142857142856,54.19142857142857
Borno,2021,43,0.02,28.622857142857146,36.62571428571429
Borno,2021,44,0.0,29.434285714285714,32.98428571428572
Borno,2021,45,0.0,27.672857142857143,27.72
Borno,2021,46,0.0,28.58142857142857,25.835714285714285
Borno,2021,47,0.0,26.77857142857143,23.23428571428571
Borno,2021,48,0.0,26.545714285714286,22.131428571428575
Borno,2021,49,0.0,25.962857142857143,21.381428571428575
Borno,2021,50,0.0,24.037142857142857,23.705714285714286
Borno,2021,51,0.0,23.505714285714284,20.992857142857144
Borno,2021,52,0.0,23.452857142857145,22.06857142857143
Borno,2022,1,0.0,24.425714285714285,29.419999999999998
Borno,2022,2,0.0,25.08142857142857,17.077142857142857
Borno,2022,3,0.0,20.695714285714285,20.360000000000003
Borno,2022,4,0.0,21.68,17.33857142857143
Borno,2022,5,0.0,20.982857142857142,15.68142857142857
Borno,2022,6,0.0,23.87142857142857,13.665714285714285
Borno,2022,7,0.0,26.065714285714286,13.938571428571427
Borno,2022,8,0.0,25.382857142857144,13.004285714285714
Borno,2022,9,0.0,29.32428571428571,10.252857142857142
Borno,2022,10,0.0,31.364285714285717,15.307142857142859
Borno,2022,11,0.0,28.830000000000002,10.321428571428571
Borno,2022,12,0.0,30.868571428571432,12.235714285714286
Borno,2022,13,0.0,30.485714285714288,7.131428571428572
Borno,2022,14,0.0,33.89,16.19142857142857
Borno,2022,15,0.74,35.09571428571429,33.61142857142857
Borno,2022,16,0.14,34.23428571428571,25.244285714285716
Borno,2022,17,1.7199999999999998,32.44857142857143,48.294285714285714
Borno,2022,18,0.78,32.84571428571429,48.46714285714285
Borno,2022,19,1.97,33.04714285714285,47.85142857142858
Borno,2022,20,8.95,32.85857142857143,38.89
Borno,2022,21,0.05,32.45285714285714,37.25714285714286
Borno,2022,22,8.85,32.89142857142857,41.05142857142857
Borno,2022,23,10.05,31.84714285714286,48.01285714285715
Borno,2022,24,6.380000000000001,30.244285714285716,54.61714285714286
Borno,2022,25,23.810000000000002,31.360000000000003,53.279999999999994
Borno,2022,26,14.99,29.802857142857142,57.902857142857144
Borno,2022,27,13.86,29.801428571428573,59.69285714285714
Borno,2022,28,64.22,28.457142857142856,67.40714285714286
Borno,2022,29,10.749999999999998,28.228571428571428,66.61428571428571
Borno,2022,30,9.49,28.208571428571428,66.35857142857142
Borno,2022,31,31.59,27.145714285714288,73.23428571428572
Borno,2022,32,40.95,27.027142857142856,74.74571428571429
Borno,2022,33,57.71,25.57428571428571,79.62714285714286
Borno,2022,34,68.94,25.358571428571427,81.26
Borno,2022,35,30.290000000000003,26.424285714285713,76.23714285714286
Borno,2022,36,21.509999999999998,26.75142857142857,76.72
Borno,2022,37,25.84,26.542857142857144,77.67714285714285
Borno,2022,38,7.8999999999999995,27.574285714285715,71.39
Borno,2022,39,12.74,27.94,69.76
Borno,2022,40,1.9300000000000002,28.075714285714287,64.93857142857142
Borno,2022,41,0.48,28.165714285714284,53.32
Borno,2022,42,0.0,27.91714285714286,45.494285714285716
Borno,2022,43,0.0,26.64428571428571,42.43714285714286
Borno,2022,44,0.0,25.664285714285715,35.23428571428571
Borno,2022,45,0.0,26.8,34.3
Borno,2022,46,0.0,25.111428571428572,32.55142857142857
Borno,2022,47,0.0,23.868571428571425,26.407142857142855
Borno,2022,48,0.0,24.802857142857142,29.900000000000002
Borno,2022,49,0.0,23.951428571428572,24.84857142857143
Borno,2022,50,0.0,24.15285714285714,23.207142857142856
Borno,2022,51,0.0,21.155714285714286,30.332857142857144
Borno,2022,52,0.0,21.24285714285714,26.232857142857142
Borno,2023,1,0.0,22.631428571428575,26.695714285714285
Borno,2023,2,0.0,22.107142857142858,22.702857142857145
Borno,2023,3,0.0,24.087142857142855,22.587142857142858
Borno,2023,4,0.0,27.14428571428571,17.282857142857143
Borno,2023,5,0.0,27.732857142857142,19.775714285714287
Borno,2023,6,0.0,25.72714285714286,15.614285714285714
Borno,2023,7,0.0,23.43285714285714,17.845714285714287
Borno,2023,8,0.0,26.861428571428572,15.262857142857142
Borno,2023,9,0.0,30.99285714285714,13.235714285714286
Borno,2023,10,0.0,31.37,11.838571428571429
Borno,2023,11,0.01,28.75,11.59142857142857
Borno,2023,12,1.35,31.185714285714287,21.900000000000002
Borno,2023,13,0.0,30.560000000000002,13.522857142857143
Borno,2023,14,0.47000000000000003,33.994285714285716,18.802857142857142
Borno,2023,15,0.0,33.214285714285715,14.635714285714286
Borno,2023,16,0.03,34.92714285714286,19.712857142857143
Borno,2023,17,0.44,34.03142857142857,28.704285714285714
Borno,2023,18,1.05,34.315714285714286,29.57
Borno,2023,19,1.17,33.645714285714284,25.34857142857143
Borno,2023,20,7.25,35.02285714285714,40.34428571428572
Borno,2023,21,0.3,34.99428571428571,40.089999999999996
Borno,2023,22,2.3,33.348571428571425,44.05428571428571
Borno,2023,23,13.83,30.791428571428572,55.86571428571428
Borno,2023,24,6.22,31.8,50.387142857142855
Borno,2023,25,37.790000000000006,31.155714285714286,53.348571428571425
Borno,2023,26,4.07,32.06142857142857,48.73857142857143
Borno,2023,27,13.36,31.882857142857144,48.67142857142857
Borno,2023,28,12.45,32.142857142857146,48.12285714285714
Borno,2023,29,6.27,31.814285714285713,51.74
Borno,2023,30,6.58,31.601428571428574,52.362857142857145
Borno,2023,31,33.28,30.195714285714285,57.83571428571429
Borno,2023,32,28.51,27.66857142857143,71.88428571428571
Borno,2023,33,46.17,29.93285714285714,58.59571428571428
Borno,2023,34,51.510000000000005,28.692857142857143,68.21142857142857
Borno,2023,35,4.67,28.315714285714286,67.52571428571429
Borno,2023,36,25.24,29.15285714285714,63.72571428571429
Borno,2023,37,15.08,28.79714285714286,68.10285714285715
Borno,2023,38,3.9699999999999998,29.925714285714285,57.449999999999996
Borno,2023,39,12.73,30.534285714285716,58.339999999999996
Borno,2023,40,6.66,30.065714285714286,52.25285714285714
Borno,2023,41,0.01,31.247142857142855,43.565714285714286
Borno,2023,42,0.3,30.610000000000003,39.11857142857143
Borno,2023,43,0.0,29.25857142857143,27.78142857142857
Borno,2023,44,0.01,30.392857142857142,33.09428571428571
Borno,2023,45,0.0,29.705714285714286,27.412857142857145
Borno,2023,46,0.06,29.127142857142854,28.005714285714284
Borno,2023,47,0.0,28.907142857142855,25.655714285714286
Borno,2023,48,0.0,29.002857142857145,23.365714285714287
Borno,2023,49,0.0,26.18857142857143,18.599999999999998
Borno,2023,50,0.0,23.23428571428571,24.665714285714284
Borno,2023,51,0.0,24.388571428571428,23.812857142857144
Borno,2023,52,0.0,23.032857142857143,22.87142857142857
Borno,2024,1,0.0,24.131428571428568,19.755714285714284
Borno,2024,2,0.0,22.49857142857143,15.117142857142856
Borno,2024,3,0.0,21.81142857142857,16.32
Borno,2024,4,0.0,22.452857142857145,19.58142857142857
Borno,2024,5,0.0,23.954285714285714,17.492857142857144
Borno,2024,6,0.0,24.085714285714285,15.922857142857143
Borno,2024,7,0.0,25.88,14.232857142857142
Borno,2024,8,0.19999999999999998,28.655714285714286,21.158571428571427
Borno,2024,9,0.0,32.02571428571429,15.104285714285714
Borno,2024,10,0.0,34.01,15.092857142857143
Borno,2024,11,0.01,34.14142857142857,10.771428571428572
Borno,2024,12,0.0,31.107142857142858,10.831428571428571
Borno,2024,13,0.0,33.058571428571426,10.232857142857142
Borno,2024,14,0.0,34.08714285714286,12.094285714285714
Borno,2024,15,0.0,34.23857142857143,9.87142857142857
Borno,2024,16,0.01,35.51857142857143,15.301428571428572
Borno,2024,17,0.0,36.082857142857144,13.067142857142857
Borno,2024,18,0.11,36.01285714285714,19.28857142857143
Borno,2024,19,0.16,36.5,31.344285714285714
Borno,2024,20,0.11,35.744285714285716,21.40142857142857
Borno,2024,21,0.25,36.44428571428571,23.954285714285714
Borno,2024,22,5.2700000000000005,36.63,32.410000000000004
Borno,2024,23,3.11,35.41857142857143,37.521428571428565
Borno,2024,24,20.490000000000002,33.22428571428571,45.84285714285714
Borno,2024,25,4.92,33.06285714285714,45.68142857142857
Borno,2024,26,12.75,32.49142857142857,48.24142857142857
Borno,2024,27,37.129999999999995,31.122857142857146,53.98428571428571
Borno,2024,28,9.72,30.66142857142857,54.11571428571428
Borno,2024,29,109.05000000000001,27.935714285714287,74.91857142857143
Borno,2024,30,28.939999999999998,27.252857142857145,76.06714285714285
Borno,2024,31,31.78,26.995714285714286,76.58285714285715
Borno,2024,32,56.57,26.46857142857143,80.37142857142858
Borno,2024,33,45.14,26.24142857142857,79.57428571428571
Borno,2024,34,64.29,26.225714285714282,83.39142857142858
Borno,2024,35,40.900000000000006,25.65285714285714,84.2
Borno,2024,36,50.910000000000004,25.584285714285716,83.62285714285714
Borno,2024,37,10.89,27.654285714285713,76.23857142857142
Borno,2024,38,11.92,27.33142857142857,75.76
Borno,2024,39,16.59,27.889999999999997,72.50428571428571
Borno,2024,40,13.48,27.451428571428572,74.09
Borno,2024,41,3.1,28.592857142857145,66.18857142857142
Borno,2024,42,5.64,28.548571428571428,59.778571428571425
Borno,2024,43,0.06,26.882857142857144,51.050000000000004
Borno,2024,44,0.0,24.537142857142857,44.21857142857142
Borno,2024,45,0.0,24.71,44.01857142857143
Borno,2024,46,0.0,24.514285714285712,39.85857142857143
Borno,2024,47,0.0,22.944285714285716,36.005714285714284
Borno,2024,48,0.0,21.352857142857143,37.77428571428572
Borno,2024,49,0.0,21.812857142857144,35.99
Borno,2024,50,0.0,23.594285714285714,32.705714285714286
Borno,2024,51,0.0,20.138571428571428,33.98142857142857
Borno,2024,52,0.0,21.388571428571428,30.037142857142857
Borno,2025,1,0.0,23.705714285714286,26.759999999999998
Borno,2025,2,0.0,21.91142857142857,27.625714285714285
Borno,2025,3,0.0,25.03857142857143,25.745714285714286
Borno,2025,4,0.0,25.47,22.150000000000002
Borno,2025,5,0.0,23.852857142857143,20.84142857142857
Borno,2025,6,0.0,26.41142857142857,18.38714285714286
Borno,2025,7,0.0,25.412857142857145,17.25
Borno,2025,8,0.0,28.78142857142857,14.587142857142856
Borno,2025,9,0.0,29.774285714285714,18.958571428571428
Borno,2025,10,0.0,30.697142857142858,16.041428571428572
Borno,2025,11,0.0,32.15428571428571,14.06
Borno,2025,12,0.0,30.774285714285714,10.457142857142857
Borno,2025,13,0.0,31.344285714285714,10.981428571428571
Borno,2025,14,0.04,32.23428571428571,10.620000000000001
Borno,2025,15,0.04,33.58857142857143,15.004285714285714
Borno,2025,16,0.0,33.4,12.744285714285715
Borno,2025,17,0.12,35.01571428571429,13.228571428571428
Borno,2025,18,0.0,34.99,17.344285714285714
Borno,2025,19,0.0,34.01571428571429,12.355714285714285
Borno,2025,20,3.09,34.99714285714286,29.27857142857143
Borno,2025,21,0.22999999999999998,36.01857142857143,23.349999999999998
Borno,2025,22,0.26,36.29714285714285,26.482857142857142
Borno,2025,23,15.53,33.41571428571429,35.93
Borno,2025,24,2.19,34.90428571428571,34.60285714285714
Borno,2025,25,2.28,33.80285714285714,41.13857142857143
Borno,2025,26,0.04,34.30285714285714,39.08857142857143
Borno,2025,27,9.46,31.277142857142856,49.16857142857143
Borno,2025,28,26.32,29.27,58.93571428571429
Borno,2025,29,148.71,28.004285714285714,69.44142857142857
Borno,2025,30,21.04,27.66714285714286,72.21285714285715
Borno,2025,31,5.63,28.231428571428573,66.86285714285714
Borno,2025,32,34.04,27.924285714285713,67.62142857142858
Borno,2025,33,49.43,26.87,74.50142857142858
Borno,2025,34,34.35,26.99285714285714,73.45
Borno,2025,35,46.43,26.01571428571429,78.50571428571428
Borno,2025,36,14.01,27.43857142857143,72.62428571428572
Borno,2025,37,8.18,27.551428571428573,70.85714285714286
Borno,2025,38,16.66,28.44,67.99285714285715
Borno,2025,39,10.69,27.937142857142856,67.31857142857143
Borno,2025,40,14.13,29.287142857142857,60.41142857142857
Borno,2025,41,3.01,28.985714285714288,57.332857142857144
Borno,2025,42,0.65,28.271428571428572,43.924285714285716
Borno,2025,43,0.0,28.14428571428571,37.30714285714286
Borno,2025,44,0.0,26.785714285714285,34.028571428571425
Borno,2025,45,0.0,27.842857142857145,32.16571428571429
Borno,2025,46,0.0,26.22714285714286,31.497142857142858
Borno,2025,47,0.0,25.717142857142857,28.90857142857143
Borno,2025,48,0.0,26.818571428571428,28.634285714285713
Borno,2025,49,0.0,27.214285714285715,26.35571428571429
Borno,2025,50,0.0,26.057142857142857,28.689999999999998
Borno,2025,51,0.0,23.987142857142857,26.02857142857143
Borno,2025,52,0.0,25.784285714285716,20.775714285714287
Borno,2026,1,0.0,26.71666666666667,20.92
Cross River,2020,53,0.0,26.423333333333332,84.35666666666667
Cross River,2021,1,4.16,26.919999999999998,82.12285714285714
Cross River,2021,2,0.1,26.74142857142857,74.25285714285714
Cross River,2021,3,0.0,26.255714285714284,70.04714285714286
Cross River,2021,4,0.45999999999999996,26.58142857142857,76.90428571428572
Cross River,2021,5,0.0,26.972857142857144,71.85714285714286
Cross River,2021,6,1.4100000000000001,27.25142857142857,76.28428571428572
Cross River,2021,7,0.13,27.187142857142856,63.46142857142858
Cross River,2021,8,1.06,27.065714285714286,73.43714285714285
Cross River,2021,9,0.86,28.101428571428574,75.78285714285714
Cross River,2021,10,54.879999999999995,27.485714285714288,82.03142857142858
Cross River,2021,11,2.2,26.00142857142857,83.09714285714287
Cross River,2021,12,16.69,26.58142857142857,81.78999999999999
Cross River,2021,13,0.07,27.587142857142858,75.36
Cross River,2021,14,72.4,27.15285714285714,84.52285714285713
Cross River,2021,15,48.4,26.415714285714284,86.55714285714285
Cross River,2021,16,21.29,26.867142857142856,84.38428571428572
Cross River,2021,17,33.82,26.898571428571426,86.06285714285715
Cross River,2021,18,19.91,25.72714285714286,86.53428571428572
Cross River,2021,19,16.02,26.527142857142856,85.78714285714285
Cross River,2021,20,30.51,26.305714285714284,88.15857142857143
Cross River,2021,21,15.030000000000001,26.962857142857143,86.5442857142857
Cross River,2021,22,43.18,26.140000000000004,87.74714285714286
Cross River,2021,23,51.190000000000005,26.81714285714286,85.00857142857141
Cross River,2021,24,40.5,26.005714285714284,87.38
Cross River,2021,25,34.13,25.102857142857143,89.21428571428571
Cross River,2021,26,43.56,25.107142857142858,88.06857142857143
Cross River,2021,27,36.74,25.084285714285716,87.97857142857143
Cross River,2021,28,23.38,25.12857142857143,88.51571428571428
Cross River,2021,29,9.48,25.412857142857142,86.16571428571429
Cross River,2021,30,6.29,25.23,83.92142857142858
Cross River,2021,31,25.63,24.891428571428573,88.02428571428571
Cross River,2021,32,62.47,25.13714285714286,87.46000000000001
Cross River,2021,33,23.98,24.599999999999998,89.17999999999999
Cross River,2021,34,27.97,25.229999999999997,88.84285714285714
Cross River,2021,35,42.93,25.154285714285713,87.75428571428571
Cross River,2021,36,33.52,25.444285714285716,88.00714285714285
Cross River,2021,37,24.3,25.412857142857142,86.11
Cross River,2021,38,30.19,25.08285714285714,87.94285714285715
Cross River,2021,39,24.86,25.46,88.39999999999999
Cross River,2021,40,40.0,25.93,88.01428571428572
Cross River,2021,41,45.45,25.514285714285712,88.58285714285715
Cross River,2021,42,34.519999999999996,25.301428571428573,87.61285714285714
Cross River,2021,43,19.349999999999998,25.93857142857143,86.24857142857142
Cross River,2021,44,35.19,25.518571428571427,88.85857142857142
Cross River,2021,45,12.45,25.617142857142856,87.89857142857143
Cross River,2021,46,21.43,26.889999999999997,83.65714285714286
Cross River,2021,47,5.11,26.695714285714285,80.41142857142857
Cross River,2021,48,0.6799999999999999,26.32857142857143,75.5642857142857
Cross River,2021,49,0.21,26.664285714285715,70.12857142857142
Cross River,2021,50,0.11,25.488571428571426,67.94
Cross River,2021,51,4.8999999999999995,26.49857142857143,63.98571428571428
Cross River,2021,52,2.5999999999999996,26.044285714285714,65.14571428571428
Cross River,2022,1,5.26,26.825714285714287,66.04714285714286
Cross River,2022,2,5.09,27.12857142857143,73.83857142857143
Cross River,2022,3,8.96,25.78,60.76857142857143
Cross River,2022,4,0.29000000000000004,25.99857142857143,54.42
Cross River,2022,5,0.34,26.012857142857143,50.63857142857143
Cross River,2022,6,0.21000000000000002,27.315714285714286,54.471428571428575
Cross River,2022,7,0.22,28.99285714285714,61.87285714285714
Cross River,2022,8,0.13,28.775714285714287,57.114285714285714
Cross River,2022,9,13.66,28.302857142857142,74.15428571428572
Cross River,2022,10,40.9,27.53142857142857,80.92428571428572
Cross River,2022,11,0.45000000000000007,28.06714285714286,75.38285714285713
Cross River,2022,12,2.84,28.604285714285712,76.73571428571428
Cross River,2022,13,4.35,29.09857142857143,69.94714285714285
Cross River,2022,14,43.09,27.844285714285714,77.99571428571429
Cross River,2022,15,20.65,27.437142857142856,79.89142857142858
Cross River,2022,16,50.64,26.794285714285714,85.23428571428572
Cross River,2022,17,35.01,26.47714285714286,85.73428571428572
Cross River,2022,18,21.38,26.59714285714286,86.25142857142858
Cross River,2022,19,18.79,26.768571428571427,88.31428571428572
Cross River,2022,20,46.15,26.334285714285716,87.89
Cross River,2022,21,50.1,25.764285714285712,86.61714285714285
Cross River,2022,22,27.8,25.768571428571427,89.64571428571428
Cross River,2022,23,44.69,25.714285714285715,86.86
Cross River,2022,24,25.830000000000002,25.455714285714286,88.09571428571428
Cross River,2022,25,43.79,25.002857142857145,89.87285714285714
Cross River,2022,26,26.95,25.175714285714285,87.40285714285713
Cross River,2022,27,47.66,25.238571428571426,89.69285714285715
Cross River,2022,28,15.57,25.23428571428571,86.79142857142857
Cross River,2022,29,38.48,25.169999999999998,86.83
Cross River,2022,30,112.13,24.735714285714288,90.00285714285714
Cross River,2022,31,29.78,24.97142857142857,87.12
Cross River,2022,32,107.14,25.127142857142854,89.76571428571428
Cross River,2022,33,16.740000000000002,24.64428571428571,87.10857142857142
Cross River,2022,34,78.76,24.59714285714286,88.74285714285715
Cross River,2022,35,51.15,25.189999999999998,86.59142857142857
Cross River,2022,36,165.21,25.02857142857143,89.31857142857143
Cross River,2022,37,34.08,25.167142857142856,89.12428571428572
Cross River,2022,38,113.61,25.164285714285715,88.31714285714285
Cross River,2022,39,85.84,24.525714285714287,90.07428571428571
Cross River,2022,40,26.11,24.857142857142858,88.71428571428571
Cross River,2022,41,49.89,25.22,88.72285714285714
Cross River,2022,42,11.209999999999999,25.324285714285715,90.09285714285714
Cross River,2022,43,33.89,25.912857142857142,86.10142857142857
Cross River,2022,44,20.04,25.978571428571428,83.09285714285714
Cross River,2022,45,3.88,26.83857142857143,81.05142857142857
Cross River,2022,46,3.25,26.497142857142855,79.46857142857142
Cross River,2022,47,0.17,26.187142857142856,76.62142857142858
Cross River,2022,48,0.06,25.744285714285716,78.42571428571429
Cross River,2022,49,0.87,26.034285714285716,77.32142857142857
Cross River,2022,50,2.5,25.419999999999998,78.34714285714286
Cross River,2022,51,0.0,24.68285714285714,67.05428571428571
Cross River,2022,52,0.0,25.374285714285715,68.85714285714286
Cross River,2023,1,0.19,25.837142857142858,72.17142857142856
Cross River,2023,2,0.16999999999999998,25.44142857142857,69.93428571428572
Cross River,2023,3,0.01,26.562857142857144,73.89714285714285
Cross River,2023,4,1.85,27.264285714285712,79.00285714285714
Cross River,2023,5,2.12,26.951428571428572,81.23285714285714
Cross River,2023,6,4.62,27.767142857142858,73.65142857142857
Cross River,2023,7,0.0,26.981428571428573,55.92857142857143
Cross River,2023,8,2.69,28.04,71.11571428571429
Cross River,2023,9,10.56,27.431428571428572,80.55714285714285
Cross River,2023,10,14.32,27.367142857142856,81.07571428571428
Cross River,2023,11,5.12,26.802857142857142,79.35000000000001
Cross River,2023,12,17.779999999999998,26.27,80.11428571428571
Cross River,2023,13,8.31,27.25857142857143,78.82142857142857
Cross River,2023,14,18.85,27.24857142857143,82.49
Cross River,2023,15,14.42,27.377142857142854,84.09714285714287
Cross River,2023,16,12.129999999999999,27.108571428571427,85.21285714285715
Cross River,2023,17,10.56,27.382857142857144,80.71285714285715
Cross River,2023,18,12.530000000000001,27.12857142857143,81.27428571428572
Cross River,2023,19,9.88,28.02285714285714,80.18571428571428
Cross River,2023,20,31.0,27.59714285714286,84.98857142857142
Cross River,2023,21,13.43,27.34857142857143,85.5657142857143
Cross River,2023,22,60.059999999999995,26.74142857142857,86.30857142857143
Cross River,2023,23,90.13,25.615714285714287,89.98857142857143
Cross River,2023,24,22.77,25.98428571428571,87.03285714285714
Cross River,2023,25,47.13,25.435714285714287,88.72571428571429
Cross River,2023,26,64.74,25.28857142857143,90.82571428571428
Cross River,2023,27,74.29,25.794285714285714,87.7942857142857
Cross River,2023,28,22.740000000000002,26.139999999999997,87.73857142857142
Cross River,2023,29,39.64,25.884285714285713,90.1842857142857
Cross River,2023,30,41.78,25.71142857142857,89.01571428571428
Cross River,2023,31,4.2,25.669999999999998,86.90857142857143
Cross River,2023,32,16.12,25.654285714285713,87.25999999999999
Cross River,2023,33,31.78,25.994285714285716,86.42999999999999
Cross River,2023,34,32.879999999999995,26.074285714285715,88.13857142857144
Cross River,2023,35,26.880000000000003,25.845714285714287,87.03571428571429
Cross River,2023,36,42.129999999999995,25.921428571428574,87.11142857142856
Cross River,2023,37,18.5,25.762857142857143,88.69285714285715
Cross River,2023,38,30.770000000000003,25.664285714285715,86.97
Cross River,2023,39,21.21,26.34714285714286,88.0
Cross River,2023,40,13.39,26.37857142857143,88.39
Cross River,2023,41,106.19999999999999,26.291428571428572,88.00571428571428
Cross River,2023,42,59.79,26.554285714285715,86.08571428571429
Cross River,2023,43,16.97,26.56142857142857,87.66
Cross River,2023,44,16.97,26.235714285714288,87.75
Cross River,2023,45,10.44,26.32,89.02142857142857
Cross River,2023,46,12.45,26.557142857142857,85.56857142857143
Cross River,2023,47,10.040000000000001,26.205714285714286,86.38428571428572
Cross River,2023,48,2.48,27.092857142857145,83.00142857142858
Cross River,2023,49,0.1,26.957142857142856,80.13428571428572
Cross River,2023,50,0.19,26.86285714285714,65.2357142857143
Cross River,2023,51,0.01,27.415714285714284,71.33714285714287
Cross River,2023,52,0.0,26.64428571428571,64.64142857142858
Cross River,2024,1,0.01,27.74285714285714,73.57857142857142
Cross River,2024,2,0.030000000000000002,27.512857142857143,62.91285714285714
Cross River,2024,3,0.0,26.62285714285714,51.84428571428571
Cross River,2024,4,0.02,26.66714285714286,52.28142857142858
Cross River,2024,5,0.0,28.392857142857142,57.94
Cross River,2024,6,0.0,28.55857142857143,59.14857142857143
Cross River,2024,7,0.01,29.525714285714287,63.614285714285714
Cross River,2024,8,1.62,29.771428571428572,62.544285714285714
Cross River,2024,9,9.74,29.732857142857142,70.38000000000001
Cross River,2024,10,5.28,28.707142857142856,77.17
Cross River,2024,11,4.09,29.288571428571426,75.62428571428572
Cross River,2024,12,0.6,29.622857142857146,65.09714285714286
Cross River,2024,13,8.27,30.03142857142857,72.25
Cross River,2024,14,5.59,29.45,71.96571428571428
Cross River,2024,15,33.11,27.877142857142854,79.41428571428571
Cross River,2024,16,8.51,28.665714285714284,78.63142857142857
Cross River,2024,17,44.11,28.595714285714283,81.34142857142857
Cross River,2024,18,85.77000000000001,27.63,86.93714285714285
Cross River,2024,19,7.24,27.667142857142856,86.75428571428571
Cross River,2024,20,26.62,27.490000000000002,85.84571428571428
Cross River,2024,21,19.82,27.055714285714284,84.68571428571428
Cross River,2024,22,31.73,27.208571428571428,86.34
Cross River,2024,23,22.86,26.502857142857145,88.87
Cross River,2024,24,13.870000000000001,26.625714285714285,86.60571428571428
Cross River,2024,25,377.84000000000003,26.815714285714286,86.24428571428572
Cross River,2024,26,52.14,25.547142857142855,89.37
Cross River,2024,27,47.1,25.577142857142857,89.31000000000002
Cross River,2024,28,34.63,25.595714285714287,88.72571428571429
Cross River,2024,29,81.08,25.397142857142857,89.64857142857143
Cross River,2024,30,24.139999999999997,25.867142857142856,86.62571428571428
Cross River,2024,31,11.99,25.451428571428572,86.46428571428571
Cross River,2024,32,14.92,25.97142857142857,85.22857142857143
Cross River,2024,33,19.34,25.31142857142857,88.02571428571427
Cross River,2024,34,53.29,25.284285714285716,88.9542857142857
Cross River,2024,35,6.65,25.574285714285715,87.82142857142857
Cross River,2024,36,5.64,25.858571428571427,85.38
Cross River,2024,37,19.47,26.192857142857143,87.13142857142857
Cross River,2024,38,10.93,25.762857142857143,86.57571428571428
Cross River,2024,39,30.17,25.607142857142858,86.96714285714286
Cross River,2024,40,53.22,25.898571428571426,87.27
Cross River,2024,41,74.57,25.859999999999996,87.42999999999999
Cross River,2024,42,23.72,25.674285714285713,86.55285714285715
Cross River,2024,43,3.19,25.874285714285715,89.83714285714287
Cross River,2024,44,5.37,26.212857142857143,79.62428571428572
Cross River,2024,45,0.59,26.80142857142857,77.60000000000001
Cross River,2024,46,0.08,28.238571428571426,70.31857142857143
Cross River,2024,47,0.08,28.231428571428573,63.70857142857143
Cross River,2024,48,0.0,27.041428571428572,56.18142857142857
Cross River,2024,49,0.02,27.75,57.41285714285714
Cross River,2024,50,0.0,27.634285714285713,58.06857142857143
Cross River,2024,51,0.0,26.470000000000002,51.22428571428571
Cross River,2024,52,0.01,28.27285714285714,53.42285714285715
Cross River,2025,1,0.0,28.974285714285713,62.71
Cross River,2025,2,0.0,28.21142857142857,44.01857142857143
Cross River,2025,3,1.6300000000000001,29.054285714285715,59.14
Cross River,2025,4,0.67,29.277142857142856,61.784285714285716
Cross River,2025,5,0.0,28.945714285714285,51.58714285714286
Cross River,2025,6,0.0,30.304285714285715,60.88857142857143
Cross River,2025,7,0.03,30.25,52.56285714285714
Cross River,2025,8,1.7999999999999998,29.888571428571428,63.33857142857143
Cross River,2025,9,5.93,29.554285714285715,66.57714285714286
Cross River,2025,10,1.1600000000000001,31.53142857142857,60.55714285714286
Cross River,2025,11,4.41,31.037142857142857,64.02428571428571
Cross River,2025,12,3.19,29.59857142857143,67.61999999999999
Cross River,2025,13,3.33,30.8,63.917142857142856
Cross River,2025,14,18.48,29.374285714285715,72.02
Cross River,2025,15,13.37,28.92142857142857,74.99857142857142
Cross River,2025,16,3.62,29.7,70.82000000000001
Cross River,2025,17,36.95,28.447142857142858,77.71571428571428
Cross River,2025,18,16.490000000000002,27.372857142857146,83.05428571428571
Cross River,2025,19,3.64,28.35571428571429,77.1842857142857
Cross River,2025,20,14.17,27.958571428571428,79.01714285714286
Cross River,2025,21,31.18,27.681428571428572,80.97571428571429
Cross River,2025,22,60.120000000000005,27.50714285714286,82.58714285714287
Cross River,2025,23,73.92,26.568571428571428,85.84142857142857
Cross River,2025,24,11.82,26.295714285714286,88.57571428571428
Cross River,2025,25,24.02,26.75142857142857,83.84571428571428
Cross River,2025,26,47.43,26.235714285714288,86.94857142857143
Cross River,2025,27,100.37,25.104285714285712,88.87857142857142
Cross River,2025,28,42.2,25.034285714285716,88.23428571428572
Cross River,2025,29,81.61,25.59142857142857,86.28999999999999
Cross River,2025,30,28.45,24.804285714285715,89.60571428571428
Cross River,2025,31,33.3,25.14428571428571,88.3442857142857
Cross River,2025,32,35.81,24.662857142857142,89.00857142857141
Cross River,2025,33,9.09,25.072857142857142,85.47
Cross River,2025,34,23.64,25.407142857142855,85.73428571428572
Cross River,2025,35,4.47,25.664285714285715,83.98
Cross River,2025,36,9.02,25.595714285714283,85.85000000000001
Cross River,2025,37,35.239999999999995,25.731428571428573,84.92857142857143
Cross River,2025,38,21.45,25.78142857142857,86.36285714285714
Cross River,2025,39,24.66,25.755714285714284,86.29714285714284
Cross River,2025,40,72.91,25.28857142857143,87.42285714285715
Cross River,2025,41,34.28,25.47,86.86857142857143
Cross River,2025,42,10.14,25.315714285714286,87.27
Cross River,2025,43,11.29,26.204285714285714,85.73857142857142
Cross River,2025,44,18.55,26.337142857142855,85.32428571428571
Cross River,2025,45,89.16000000000001,25.990000000000002,85.57285714285715
Cross River,2025,46,2.61,26.731428571428573,81.79285714285713
Cross River,2025,47,1.32,27.162857142857142,76.58142857142857
Cross River,2025,48,1.72,27.861428571428572,75.67857142857143
Cross River,2025,49,7.09,27.534285714285716,78.68571428571428
Cross River,2025,50,2.5700000000000003,27.284285714285716,74.58571428571429
Cross River,2025,51,0.37,27.889999999999997,70.39714285714287
Cross River,2025,52,0.24,28.761428571428574,69.41
Cross River,2026,1,0.3,28.99,69.47333333333334
Delta,2020,53,1.1600000000000001,26.986666666666668,89.50999999999999
Delta,2021,1,74.12,26.59,91.47
Delta,2021,2,4.220000000000001,26.900000000000002,86.51714285714286
Delta,2021,3,0.16999999999999998,25.782857142857143,78.12
Delta,2021,4,10.51,26.60571428571429,88.7757142857143
Delta,2021,5,2.23,27.12,87.21571428571428
Delta,2021,6,25.32,27.615714285714287,87.94714285714285
Delta,2021,7,1.82,25.12,74.2057142857143
Delta,2021,8,8.57,26.62857142857143,88.66857142857143
Delta,2021,9,4.3100000000000005,27.611428571428572,88.02857142857144
Delta,2021,10,69.04,26.64428571428571,91.15857142857143
Delta,2021,11,17.88,26.122857142857146,88.59285714285714
Delta,2021,12,37.72,26.502857142857145,89.10857142857142
Delta,2021,13,1.62,27.261428571428574,88.24857142857142
Delta,2021,14,85.83,26.900000000000002,91.67428571428572
Delta,2021,15,220.03,26.448571428571427,90.75999999999999
Delta,2021,16,66.94,26.479999999999997,92.86999999999999
Delta,2021,17,29.21,26.830000000000002,91.83428571428571
Delta,2021,18,49.14,25.88,91.51428571428572
Delta,2021,19,21.96,26.34714285714286,92.08857142857143
Delta,2021,20,48.910000000000004,26.368571428571432,92.36999999999999
Delta,2021,21,59.78,26.722857142857144,93.5
Delta,2021,22,113.06,26.18,92.38
Delta,2021,23,34.36,26.09857142857143,90.59
Delta,2021,24,147.95,25.678571428571427,93.11285714285714
Delta,2021,25,46.64,25.208571428571428,92.73571428571428
Delta,2021,26,69.38,25.055714285714284,92.11857142857143
Delta,2021,27,65.07,24.925714285714285,92.15714285714286
Delta,2021,28,86.33,25.035714285714285,91.87428571428572
Delta,2021,29,10.43,24.937142857142856,89.35571428571428
Delta,2021,30,16.92,24.771428571428572,88.00857142857141
Delta,2021,31,67.45,24.922857142857143,92.40428571428572
Delta,2021,32,145.26,24.905714285714286,91.47571428571428
Delta,2021,33,139.21,24.608571428571427,93.26285714285714
Delta,2021,34,69.5,25.099999999999998,93.28142857142858
Delta,2021,35,208.48,24.955714285714286,93.34
Delta,2021,36,53.57,25.381428571428568,93.14999999999999
Delta,2021,37,39.78,25.32857142857143,91.05285714285715
Delta,2021,38,71.62,25.08142857142857,91.64857142857143
Delta,2021,39,40.57,25.428571428571427,92.2057142857143
Delta,2021,40,57.089999999999996,26.065714285714286,91.48
Delta,2021,41,33.61,26.017142857142858,91.23285714285714
Delta,2021,42,22.86,25.907142857142855,90.24285714285715
Delta,2021,43,70.69,26.185714285714287,90.58714285714287
Delta,2021,44,71.37,25.84714285714286,92.50714285714285
Delta,2021,45,131.27,25.942857142857143,93.14857142857143
Delta,2021,46,58.21,26.244285714285716,90.96000000000001
Delta,2021,47,69.17999999999999,26.398571428571426,90.97285714285714
Delta,2021,48,13.649999999999999,26.389999999999997,89.46428571428571
Delta,2021,49,2.5999999999999996,26.812857142857144,84.34285714285714
Delta,2021,50,17.49,25.235714285714288,83.66142857142857
Delta,2021,51,31.48,24.47,83.14
Delta,2021,52,41.21,25.717142857142857,85.06285714285715
Delta,2022,1,66.32,24.587142857142858,84.32714285714285
Delta,2022,2,17.83,26.31714285714286,89.82857142857142
Delta,2022,3,53.71,23.25,77.81857142857143
Delta,2022,4,31.509999999999998,22.694285714285716,76.72714285714287
Delta,2022,5,0.02,22.761428571428574,73.66571428571429
Delta,2022,6,3.4,26.292857142857144,81.41857142857144
Delta,2022,7,1.45,27.31142857142857,87.1842857142857
Delta,2022,8,1.96,27.632857142857144,86.46428571428571
Delta,2022,9,36.42,26.797142857142855,89.77428571428571
Delta,2022,10,32.2,26.864285714285717,90.67428571428572
Delta,2022,11,7.24,27.307142857142857,89.68571428571428
Delta,2022,12,8.82,27.472857142857144,89.34285714285714
Delta,2022,13,10.91,27.34857142857143,88.60571428571428
Delta,2022,14,72.64,26.990000000000002,88.91
Delta,2022,15,14.850000000000001,26.45,89.86142857142856
Delta,2022,16,42.78,26.37,90.52285714285713
Delta,2022,17,133.28,26.305714285714284,91.87714285714286
Delta,2022,18,32.61,26.417142857142856,91.96857142857142
Delta,2022,19,31.13,26.740000000000002,91.89285714285714
Delta,2022,20,80.76,26.40142857142857,92.70714285714287
Delta,2022,21,46.67,25.608571428571427,91.00285714285714
Delta,2022,22,117.67,25.95,93.07285714285715
Delta,2022,23,189.68,25.512857142857143,93.02142857142857
Delta,2022,24,28.81,25.262857142857143,92.95285714285716
Delta,2022,25,26.490000000000002,25.015714285714285,93.83142857142856
Delta,2022,26,43.82,25.259999999999998,92.60857142857142
Delta,2022,27,76.44,25.17571428571429,93.12285714285714
Delta,2022,28,9.36,24.928571428571427,90.16999999999999
Delta,2022,29,24.53,24.648571428571426,88.16
Delta,2022,30,68.05,24.648571428571426,92.72857142857143
Delta,2022,31,6.09,24.56142857142857,87.72857142857143
Delta,2022,32,82.19,24.601428571428574,92.2
Delta,2022,33,12.05,24.724285714285713,88.79857142857144
Delta,2022,34,59.87,24.545714285714286,90.85714285714286
Delta,2022,35,17.82,25.16857142857143,89.30857142857143
Delta,2022,36,27.740000000000002,25.314285714285713,89.41714285714285
Delta,2022,37,63.46,25.22714285714286,90.91428571428571
Delta,2022,38,125.74000000000001,24.98857142857143,92.30285714285715
Delta,2022,39,104.36,24.49857142857143,92.86999999999999
Delta,2022,40,40.5,25.34857142857143,90.60142857142857
Delta,2022,41,66.04,25.58857142857143,91.20857142857143
Delta,2022,42,25.52,26.224285714285713,90.48142857142857
Delta,2022,43,12.82,26.685714285714287,88.11142857142856
Delta,2022,44,64.72,26.59714285714286,89.39571428571428
Delta,2022,45,12.9,26.68285714285714,88.24571428571429
Delta,2022,46,9.08,26.414285714285715,87.77571428571427
Delta,2022,47,3.4699999999999998,26.689999999999998,85.54714285714286
Delta,2022,48,13.12,26.51571428571429,87.65428571428572
Delta,2022,49,0.19,26.021428571428572,83.94142857142857
Delta,2022,50,58.28,26.198571428571427,89.33571428571429
Delta,2022,51,0.01,23.592857142857145,77.00285714285714
Delta,2022,52,0.0,23.46,74.58714285714287
Delta,2023,1,6.66,25.09,79.36857142857141
Delta,2023,2,0.0,23.717142857142857,74.43285714285715
Delta,2023,3,3.2,26.229999999999997,82.99142857142859
Delta,2023,4,8.52,26.467142857142857,89.81857142857143
Delta,2023,5,3.34,26.56857142857143,89.27714285714286
Delta,2023,6,4.88,27.514285714285712,84.33142857142856
Delta,2023,7,0.0,24.23428571428571,73.14
Delta,2023,8,46.33,26.692857142857143,86.63285714285715
Delta,2023,9,22.88,26.75,90.99714285714286
Delta,2023,10,42.99,26.95,88.5442857142857
Delta,2023,11,52.84,26.354285714285712,88.48
Delta,2023,12,37.65,26.245714285714286,87.64285714285714
Delta,2023,13,16.51,26.777142857142856,87.34285714285714
Delta,2023,14,56.9,26.675714285714285,90.99571428571429
Delta,2023,15,19.68,26.927142857142858,90.60285714285715
Delta,2023,16,19.919999999999998,27.169999999999998,89.47857142857143
Delta,2023,17,50.47,26.535714285714285,89.92857142857143
Delta,2023,18,13.28,26.41857142857143,89.65285714285713
Delta,2023,19,27.16,27.139999999999997,90.69428571428571
Delta,2023,20,53.99,27.041428571428572,92.02142857142857
Delta,2023,21,32.629999999999995,26.885714285714283,92.17428571428572
Delta,2023,22,32.120000000000005,26.41,92.39714285714285
Delta,2023,23,158.74,25.72142857142857,93.19857142857143
Delta,2023,24,48.86,25.954285714285714,90.99857142857142
Delta,2023,25,60.39,25.58142857142857,91.40428571428572
Delta,2023,26,51.87,25.201428571428572,93.07285714285715
Delta,2023,27,71.3,25.60571428571429,91.9557142857143
Delta,2023,28,33.059999999999995,25.94142857142857,91.27428571428571
Delta,2023,29,49.519999999999996,25.74142857142857,93.34142857142857
Delta,2023,30,84.26,25.382857142857144,92.59571428571428
Delta,2023,31,11.58,25.351428571428574,90.37857142857142
Delta,2023,32,25.36,25.461428571428574,90.72285714285715
Delta,2023,33,23.14,25.44857142857143,92.44428571428571
Delta,2023,34,17.31,25.65857142857143,92.2
Delta,2023,35,71.32,25.45285714285714,92.17714285714285
Delta,2023,36,62.84,25.618571428571432,91.90285714285714
Delta,2023,37,56.19,25.650000000000002,92.86
Delta,2023,38,58.46,25.958571428571428,91.60714285714286
Delta,2023,39,58.01,26.26571428571429,91.71000000000001
Delta,2023,40,60.05,26.415714285714284,90.81857142857143
Delta,2023,41,72.58,26.05857142857143,92.52571428571427
Delta,2023,42,35.86,26.034285714285716,92.14714285714285
Delta,2023,43,5.779999999999999,26.314285714285713,90.80571428571429
Delta,2023,44,104.08,26.382857142857144,91.92142857142858
Delta,2023,45,31.49,26.708571428571428,92.06857142857143
Delta,2023,46,24.779999999999998,26.85571428571429,89.62428571428572
Delta,2023,47,19.03,26.424285714285713,91.24
Delta,2023,48,17.49,26.96857142857143,88.90142857142857
Delta,2023,49,0.68,27.162857142857142,86.89
Delta,2023,50,0.01,25.364285714285717,77.30857142857143
Delta,2023,51,0.09000000000000001,26.985714285714288,82.98571428571428
Delta,2023,52,0.01,26.389999999999997,75.27428571428572
Delta,2024,1,3.36,27.784285714285716,85.49571428571429
Delta,2024,2,3.97,27.83857142857143,84.05857142857143
Delta,2024,3,0.05,25.415714285714284,71.78285714285714
Delta,2024,4,17.479999999999997,25.66142857142857,76.43142857142857
Delta,2024,5,0.0,26.195714285714285,79.02571428571427
Delta,2024,6,0.02,25.985714285714288,74.77857142857144
Delta,2024,7,0.39,28.521428571428572,85.41285714285713
Delta,2024,8,23.06,27.867142857142856,85.82142857142857
Delta,2024,9,0.63,27.83857142857143,87.56000000000002
Delta,2024,10,5.03,27.69142857142857,88.33857142857143
Delta,2024,11,3.69,28.164285714285715,87.78142857142858
Delta,2024,12,13.12,28.187142857142856,88.02428571428571
Delta,2024,13,7.71,27.997142857142858,89.33285714285715
Delta,2024,14,16.43,27.90142857142857,88.45142857142856
Delta,2024,15,38.5,27.454285714285714,89.92
Delta,2024,16,14.23,27.76571428571429,90.49428571428572
Delta,2024,17,60.53,27.737142857142857,91.13857142857144
Delta,2024,18,105.80000000000001,27.609999999999996,91.60428571428572
Delta,2024,19,7.129999999999999,27.63714285714286,90.26285714285714
Delta,2024,20,71.21000000000001,27.189999999999998,91.76714285714286
Delta,2024,21,77.42,27.131428571428568,90.42142857142858
Delta,2024,22,40.75,27.10571428571429,91.73285714285714
Delta,2024,23,41.02,26.625714285714285,91.38571428571429
Delta,2024,24,37.2,26.52285714285714,90.60142857142857
Delta,2024,25,146.21,26.454285714285714,90.94285714285715
Delta,2024,26,68.85,25.90285714285714,91.62285714285714
Delta,2024,27,104.25,25.678571428571427,92.25428571428571
Delta,2024,28,35.099999999999994,25.497142857142855,91.18857142857142
Delta,2024,29,80.95,25.574285714285715,91.73
Delta,2024,30,15.07,25.62142857142857,89.45714285714287
Delta,2024,31,22.07,25.484285714285715,88.62571428571428
Delta,2024,32,4.37,25.502857142857145,87.98
Delta,2024,33,11.02,25.57,89.09
Delta,2024,34,48.83,25.357142857142858,91.64571428571428
Delta,2024,35,32.809999999999995,25.602857142857143,89.63857142857144
Delta,2024,36,44.92,25.622857142857146,89.44857142857143
Delta,2024,37,83.67,25.708571428571428,91.55999999999999
Delta,2024,38,48.0,25.87142857142857,90.75428571428571
Delta,2024,39,40.2,25.967142857142854,88.71285714285715
Delta,2024,40,78.41,25.82857142857143,91.01428571428572
Delta,2024,41,37.01,25.675714285714285,91.43714285714285
Delta,2024,42,45.06,25.895714285714288,90.57714285714285
Delta,2024,43,76.22,26.384285714285713,91.76857142857143
Delta,2024,44,87.56,26.982857142857142,88.91142857142857
Delta,2024,45,13.610000000000001,26.551428571428573,88.60142857142857
Delta,2024,46,1.8599999999999999,27.178571428571427,85.63
Delta,2024,47,4.56,26.957142857142856,84.24857142857142
Delta,2024,48,3.08,25.85571428571429,79.11857142857143
Delta,2024,49,0.05,26.332857142857144,81.87285714285714
Delta,2024,50,0.1,26.057142857142857,79.52714285714286
Delta,2024,51,0.01,24.544285714285714,68.81857142857143
Delta,2024,52,0.0,26.324285714285715,82.85000000000001
Delta,2025,1,0.0,27.37857142857143,85.56857142857143
Delta,2025,2,0.0,26.167142857142856,77.85142857142857
Delta,2025,3,0.05,26.71857142857143,85.2242857142857
Delta,2025,4,0.47000000000000003,26.78,86.84285714285714
Delta,2025,5,1.67,27.232857142857142,84.43571428571428
Delta,2025,6,1.49,27.645714285714288,86.61142857142856
Delta,2025,7,0.02,27.898571428571426,84.91285714285713
Delta,2025,8,44.13,27.24285714285714,87.41714285714285
Delta,2025,9,22.22,27.472857142857144,87.07285714285715
Delta,2025,10,49.49,28.22142857142857,85.26857142857143
Delta,2025,11,29.11,27.77857142857143,88.10857142857142
Delta,2025,12,20.849999999999998,27.212857142857143,88.16428571428571
Delta,2025,13,3.08,27.922857142857143,85.74571428571429
Delta,2025,14,21.169999999999998,27.695714285714285,87.71571428571428
Delta,2025,15,86.83,27.37714285714286,90.37428571428572
Delta,2025,16,13.96,27.54,89.93571428571428
Delta,2025,17,42.510000000000005,27.16857142857143,90.08142857142857
Delta,2025,18,41.86,26.525714285714287,91.03571428571429
Delta,2025,19,25.4,27.141428571428573,88.47428571428573
Delta,2025,20,20.93,26.587142857142855,90.96000000000001
Delta,2025,21,33.74,26.650000000000002,90.54285714285713
Delta,2025,22,114.95,26.53142857142857,90.75285714285714
Delta,2025,23,115.46000000000001,26.397142857142857,90.56428571428572
Delta,2025,24,40.99,26.292857142857144,91.35714285714286
Delta,2025,25,78.2,25.80857142857143,90.50571428571428
Delta,2025,26,127.82000000000001,25.638571428571428,93.12571428571428
Delta,2025,27,139.7,25.25142857142857,92.96000000000001
Delta,2025,28,58.13,24.972857142857144,92.42
Delta,2025,29,31.33,24.96,89.42999999999999
Delta,2025,30,46.59,24.698571428571427,91.62714285714286
Delta,2025,31,50.519999999999996,24.87,91.05285714285715
Delta,2025,32,96.88,24.56714285714286,92.14714285714285
Delta,2025,33,12.459999999999999,24.582857142857144,89.38285714285715
Delta,2025,34,4.09,24.755714285714284,88.83571428571429
Delta,2025,35,14.28,24.701428571428572,88.98
Delta,2025,36,3.85,25.178571428571427,88.02428571428571
Delta,2025,37,51.26,25.104285714285712,91.29714285714286
Delta,2025,38,101.03999999999999,25.252857142857145,91.11
Delta,2025,39,24.759999999999998,25.192857142857143,91.3157142857143
Delta,2025,40,55.6,25.04,92.19285714285715
Delta,2025,41,35.06,25.59857142857143,90.01285714285714
Delta,2025,42,49.54,25.72,90.19285714285715
Delta,2025,43,30.01,26.110000000000003,90.83285714285715
Delta,2025,44,86.16,25.981428571428573,91.70142857142856
Delta,2025,45,66.50999999999999,26.01142857142857,90.98857142857142
Delta,2025,46,39.48,26.73428571428571,88.74714285714286
Delta,2025,47,5.43,27.044285714285714,86.17
Delta,2025,48,7.88,27.29714285714286,86.78
Delta,2025,49,57.09,26.645714285714288,91.03999999999999
Delta,2025,50,13.53,26.444285714285716,89.58000000000001
Delta,2025,51,5.77,26.494285714285716,89.17142857142858
Delta,2025,52,0.26,26.997142857142855,87.68571428571428
Delta,2026,1,0.02,26.930000000000003,87.74666666666667
Ebonyi,2020,53,0.01,26.813333333333333,80.09666666666668
Ebonyi,2021,1,2.62,28.027142857142856,74.86571428571428
Ebonyi,2021,2,0.03,27.794285714285714,65.31142857142858
Ebonyi,2021,3,0.0,26.77857142857143,53.38285714285714
Ebonyi,2021,4,0.19,27.50714285714286,61.54857142857143
Ebonyi,2021,5,0.02,27.99285714285714,58.14142857142857
Ebonyi,2021,6,0.88,28.704285714285714,64.13857142857142
Ebonyi,2021,7,0.09,27.681428571428572,48.80142857142857
Ebonyi,2021,8,0.75,28.184285714285714,65.55857142857143
Ebonyi,2021,9,0.37,29.27857142857143,66.1557142857143
Ebonyi,2021,10,16.2,28.254285714285714,77.38571428571429
Ebonyi,2021,11,1.34,26.580000000000002,79.83285714285715
Ebonyi,2021,12,20.23,27.25142857142857,76.96285714285715
Ebonyi,2021,13,0.04,28.192857142857143,65.39142857142858
Ebonyi,2021,14,42.6,27.707142857142856,81.52285714285713
Ebonyi,2021,15,27.959999999999997,27.072857142857142,82.54285714285713
Ebonyi,2021,16,8.02,27.56857142857143,81.16
Ebonyi,2021,17,6.609999999999999,27.53,82.14428571428572
Ebonyi,2021,18,13.23,26.537142857142857,82.84285714285714
Ebonyi,2021,19,11.57,27.444285714285716,80.81428571428572
Ebonyi,2021,20,10.86,27.3,81.71714285714286
Ebonyi,2021,21,10.629999999999999,27.768571428571427,81.85142857142857
Ebonyi,2021,22,41.22,26.395714285714288,85.84857142857143
Ebonyi,2021,23,32.24,26.994285714285716,83.26857142857143
Ebonyi,2021,24,18.18,26.208571428571428,86.16
Ebonyi,2021,25,53.51,25.177142857142858,89.23571428571428
Ebonyi,2021,26,38.519999999999996,25.162857142857145,88.22857142857143
Ebonyi,2021,27,22.21,25.33857142857143,87.58000000000001
Ebonyi,2021,28,19.44,25.334285714285716,87.88714285714286
Ebonyi,2021,29,6.86,25.66,85.33142857142857
Ebonyi,2021,30,8.3,25.509999999999998,82.32000000000001
Ebonyi,2021,31,26.71,25.314285714285713,86.8442857142857
Ebonyi,2021,32,52.08,25.427142857142858,86.87428571428572
Ebonyi,2021,33,30.31,24.994285714285716,88.55142857142857
Ebonyi,2021,34,18.9,25.557142857142857,87.73142857142857
Ebonyi,2021,35,31.87,25.551428571428573,87.71428571428571
Ebonyi,2021,36,24.55,25.745714285714286,87.32571428571428
Ebonyi,2021,37,19.85,25.654285714285717,86.26285714285714
Ebonyi,2021,38,36.78,25.201428571428572,87.75142857142858
Ebonyi,2021,39,14.49,25.669999999999998,87.92857142857143
Ebonyi,2021,40,29.41,26.02857142857143,88.16428571428571
Ebonyi,2021,41,10.9,25.914285714285715,88.62571428571428
Ebonyi,2021,42,23.2,25.75857142857143,87.09714285714287
Ebonyi,2021,43,7.27,26.252857142857145,84.99
Ebonyi,2021,44,14.77,25.881428571428575,87.53142857142858
Ebonyi,2021,45,7.3,26.617142857142856,83.71571428571428
Ebonyi,2021,46,7.08,27.900000000000002,76.89285714285714
Ebonyi,2021,47,3.55,27.68,70.26142857142857
Ebonyi,2021,48,0.44000000000000006,27.81142857142857,57.699999999999996
Ebonyi,2021,49,0.12,27.62,53.535714285714285
Ebonyi,2021,50,0.38,26.535714285714285,48.14857142857143
Ebonyi,2021,51,1.2999999999999998,27.310000000000002,46.027142857142856
Ebonyi,2021,52,5.48,26.734285714285715,51.042857142857144
Ebonyi,2022,1,5.109999999999999,27.424285714285713,51.952857142857134
Ebonyi,2022,2,2.4699999999999998,28.03142857142857,61.74285714285714
Ebonyi,2022,3,4.7700000000000005,25.812857142857144,43.458571428571425
Ebonyi,2022,4,0.04,26.06,37.145714285714284
Ebonyi,2022,5,0.38,25.744285714285716,34.497142857142855
Ebonyi,2022,6,0.1,27.618571428571425,38.57714285714285
Ebonyi,2022,7,0.12,29.34714285714286,47.30571428571428
Ebonyi,2022,8,0.08,28.814285714285713,39.401428571428575
Ebonyi,2022,9,7.54,29.197142857142858,68.53285714285714
Ebonyi,2022,10,27.240000000000002,28.174285714285713,77.44714285714285
Ebonyi,2022,11,0.26,28.75714285714286,70.46000000000001
Ebonyi,2022,12,1.87,29.57857142857143,70.64857142857143
Ebonyi,2022,13,3.12,30.082857142857144,61.05428571428571
Ebonyi,2022,14,12.96,29.381428571428568,70.27285714285715
Ebonyi,2022,15,10.68,28.337142857142858,73.50285714285714
Ebonyi,2022,16,31.68,27.667142857142856,80.07000000000001
Ebonyi,2022,17,19.28,26.835714285714285,83.05999999999999
Ebonyi,2022,18,6.7700000000000005,27.240000000000002,82.17999999999999
Ebonyi,2022,19,10.16,27.41142857142857,83.43999999999998
Ebonyi,2022,20,20.19,27.262857142857143,82.92142857142858
Ebonyi,2022,21,16.68,26.771428571428572,81.37428571428572
Ebonyi,2022,22,22.9,26.382857142857144,86.33857142857143
Ebonyi,2022,23,29.63,26.22142857142857,84.35714285714286
Ebonyi,2022,24,10.55,25.85571428571429,85.40428571428572
Ebonyi,2022,25,18.54,25.455714285714286,87.67
Ebonyi,2022,26,21.32,25.624285714285715,85.16428571428571
Ebonyi,2022,27,45.64,25.66857142857143,87.71571428571428
Ebonyi,2022,28,12.67,25.865714285714287,85.02285714285713
Ebonyi,2022,29,22.99,25.61285714285714,84.38857142857144
Ebonyi,2022,30,62.38,25.074285714285715,88.62
Ebonyi,2022,31,48.49,25.298571428571428,86.03999999999999
Ebonyi,2022,32,72.29,25.268571428571427,89.10714285714286
Ebonyi,2022,33,16.35,25.12,86.34857142857142
Ebonyi,2022,34,69.1,24.851428571428574,88.11
Ebonyi,2022,35,83.81,25.33857142857143,86.39142857142858
Ebonyi,2022,36,131.49,25.205714285714286,89.21285714285715
Ebonyi,2022,37,27.98,25.32857142857143,88.61285714285714
Ebonyi,2022,38,74.56,25.150000000000002,88.28285714285714
Ebonyi,2022,39,50.3,24.81714285714286,88.35428571428572
Ebonyi,2022,40,41.14,25.20285714285714,87.66428571428571
Ebonyi,2022,41,19.119999999999997,25.68285714285714,86.65857142857143
Ebonyi,2022,42,4.5,25.824285714285715,86.37428571428572
Ebonyi,2022,43,13.5,26.01571428571429,82.03
Ebonyi,2022,44,4.08,26.082857142857144,76.14142857142858
Ebonyi,2022,45,1.62,27.132857142857144,75.19857142857143
Ebonyi,2022,46,0.8699999999999999,26.434285714285714,70.13857142857144
Ebonyi,2022,47,0.07,26.21142857142857,64.04571428571428
Ebonyi,2022,48,0.26,26.90285714285714,65.2
Ebonyi,2022,49,0.21,26.457142857142856,63.15857142857143
Ebonyi,2022,50,1.6,26.102857142857143,66.31142857142858
Ebonyi,2022,51,0.0,24.094285714285714,53.92142857142857
Ebonyi,2022,52,0.0,24.93285714285714,51.71
Ebonyi,2023,1,0.03,26.084285714285716,55.72857142857142
Ebonyi,2023,2,0.0,25.565714285714286,50.18714285714286
Ebonyi,2023,3,0.02,27.701428571428572,50.208571428571425
Ebonyi,2023,4,1.05,28.784285714285716,62.23285714285714
Ebonyi,2023,5,1.17,28.145714285714288,71.78428571428572
Ebonyi,2023,6,1.72,28.664285714285715,51.36142857142857
Ebonyi,2023,7,0.0,27.057142857142857,37.00571428571429
Ebonyi,2023,8,1.83,29.295714285714286,55.22428571428571
Ebonyi,2023,9,7.58,28.69,72.21714285714286
Ebonyi,2023,10,9.04,28.495714285714286,74.5657142857143
Ebonyi,2023,11,4.45,27.635714285714283,73.76142857142858
Ebonyi,2023,12,6.24,27.475714285714282,74.14428571428572
Ebonyi,2023,13,5.34,28.611428571428572,70.29428571428572
Ebonyi,2023,14,13.78,28.65142857142857,74.08142857142856
Ebonyi,2023,15,9.959999999999999,28.310000000000002,77.74142857142859
Ebonyi,2023,16,6.109999999999999,28.284285714285716,77.82000000000001
Ebonyi,2023,17,6.76,28.481428571428573,74.13857142857144
Ebonyi,2023,18,6.4,28.094285714285714,74.90714285714286
Ebonyi,2023,19,5.5600000000000005,29.204285714285714,72.83857142857143
Ebonyi,2023,20,17.85,28.372857142857146,79.39999999999999
Ebonyi,2023,21,7.1,28.224285714285713,79.46857142857142
Ebonyi,2023,22,22.36,27.687142857142856,80.10857142857142
Ebonyi,2023,23,89.12,26.141428571428573,88.30857142857143
Ebonyi,2023,24,20.5,26.35571428571429,85.10714285714286
Ebonyi,2023,25,27.95,25.641428571428573,88.46428571428571
Ebonyi,2023,26,75.32,25.548571428571428,89.82428571428571
Ebonyi,2023,27,36.82,25.934285714285714,87.58285714285715
Ebonyi,2023,28,15.9,26.39428571428571,85.77142857142857
Ebonyi,2023,29,18.16,26.25857142857143,88.94714285714285
Ebonyi,2023,30,33.6,26.017142857142858,88.12714285714286
Ebonyi,2023,31,4.41,26.009999999999998,86.41428571428571
Ebonyi,2023,32,23.4,26.03,86.15142857142857
Ebonyi,2023,33,16.99,26.385714285714283,84.71857142857142
Ebonyi,2023,34,21.970000000000002,26.40142857142857,86.05285714285715
Ebonyi,2023,35,26.27,26.04,86.59142857142857
Ebonyi,2023,36,48.260000000000005,26.060000000000002,86.42857142857143
Ebonyi,2023,37,15.22,26.141428571428573,87.91428571428571
Ebonyi,2023,38,15.46,26.05857142857143,86.63714285714286
Ebonyi,2023,39,13.05,26.891428571428573,85.28857142857143
Ebonyi,2023,40,11.75,26.372857142857146,87.14714285714285
Ebonyi,2023,41,26.7,26.344285714285714,86.33
Ebonyi,2023,42,72.44,26.851428571428574,85.17142857142858
Ebonyi,2023,43,11.12,26.791428571428572,86.33857142857143
Ebonyi,2023,44,17.0,26.52285714285714,86.34571428571428
Ebonyi,2023,45,11.13,26.685714285714287,86.81285714285715
Ebonyi,2023,46,3.39,26.845714285714283,80.7242857142857
Ebonyi,2023,47,6.44,26.792857142857144,80.49857142857142
Ebonyi,2023,48,1.2,27.987142857142857,76.22
Ebonyi,2023,49,0.03,28.62142857142857,68.31142857142858
Ebonyi,2023,50,0.28,28.07857142857143,42.84285714285714
Ebonyi,2023,51,0.0,29.461428571428574,48.589999999999996
Ebonyi,2023,52,0.0,28.46,38.69571428571429
Ebonyi,2024,1,0.01,29.658571428571427,50.901428571428575
Ebonyi,2024,2,0.0,28.404285714285713,30.755714285714284
Ebonyi,2024,3,0.0,26.985714285714288,26.824285714285715
Ebonyi,2024,4,0.04,28.104285714285712,33.23571428571429
Ebonyi,2024,5,0.0,29.365714285714287,31.66857142857143
Ebonyi,2024,6,0.0,29.245714285714286,37.472857142857144
Ebonyi,2024,7,0.0,31.094285714285714,48.18285714285714
Ebonyi,2024,8,1.1199999999999999,31.118571428571425,52.57857142857143
Ebonyi,2024,9,3.9399999999999995,30.708571428571428,63.56857142857143
Ebonyi,2024,10,2.33,30.014285714285712,68.59857142857143
Ebonyi,2024,11,2.32,31.054285714285715,65.62
Ebonyi,2024,12,2.94,30.97142857142857,55.458571428571425
Ebonyi,2024,13,4.86,30.832857142857144,67.53571428571429
Ebonyi,2024,14,4.07,29.974285714285713,70.61285714285715
Ebonyi,2024,15,14.52,28.735714285714288,73.39428571428572
Ebonyi,2024,16,2.8899999999999997,29.728571428571428,72.50857142857143
Ebonyi,2024,17,32.940000000000005,29.545714285714286,76.57285714285715
Ebonyi,2024,18,45.52,28.114285714285717,84.82571428571428
Ebonyi,2024,19,4.45,28.247142857142858,83.05999999999999
Ebonyi,2024,20,13.73,28.212857142857143,81.96142857142857
Ebonyi,2024,21,16.27,27.43285714285714,82.38714285714286
Ebonyi,2024,22,15.17,27.728571428571428,83.00571428571428
Ebonyi,2024,23,16.22,27.332857142857144,83.95
Ebonyi,2024,24,13.23,27.25,82.79285714285713
Ebonyi,2024,25,178.9,27.07857142857143,84.67571428571429
Ebonyi,2024,26,27.759999999999998,25.764285714285712,88.53571428571429
Ebonyi,2024,27,28.91,25.96,88.02142857142857
Ebonyi,2024,28,18.5,25.924285714285713,87.64142857142858
Ebonyi,2024,29,133.76999999999998,25.669999999999998,90.09714285714287
Ebonyi,2024,30,21.11,26.25857142857143,86.35142857142857
Ebonyi,2024,31,13.17,25.982857142857142,85.57285714285715
Ebonyi,2024,32,17.84,26.372857142857146,84.61857142857143
Ebonyi,2024,33,17.11,25.631428571428568,87.44285714285715
Ebonyi,2024,34,55.9,25.439999999999998,89.4742857142857
Ebonyi,2024,35,9.77,25.93,87.22714285714287
Ebonyi,2024,36,18.029999999999998,25.982857142857142,85.86857142857143
Ebonyi,2024,37,14.9,26.332857142857144,87.29142857142857
Ebonyi,2024,38,7.96,26.56142857142857,83.13857142857144
Ebonyi,2024,39,23.29,26.12857142857143,84.63571428571429
Ebonyi,2024,40,41.78,26.264285714285712,85.71428571428571
Ebonyi,2024,41,51.620000000000005,25.908571428571427,86.13857142857144
Ebonyi,2024,42,21.53,25.874285714285715,86.69857142857143
Ebonyi,2024,43,4.08,26.282857142857143,87.80285714285715
Ebonyi,2024,44,3.11,26.951428571428572,71.11
Ebonyi,2024,45,0.15,27.601428571428574,67.33714285714287
Ebonyi,2024,46,0.0,29.108571428571427,56.410000000000004
Ebonyi,2024,47,0.0,29.23428571428571,44.02571428571429
Ebonyi,2024,48,0.0,27.80142857142857,38.98857142857143
Ebonyi,2024,49,0.0,28.318571428571428,39.15857142857143
Ebonyi,2024,50,0.0,28.287142857142857,41.24714285714286
Ebonyi,2024,51,0.0,27.304285714285715,31.68285714285714
Ebonyi,2024,52,0.0,28.47714285714286,36.174285714285716
Ebonyi,2025,1,0.0,29.842857142857145,43.848571428571425
Ebonyi,2025,2,0.0,27.914285714285715,31.110000000000003
Ebonyi,2025,3,0.7,29.37857142857143,47.14857142857143
Ebonyi,2025,4,0.21,29.712857142857143,48.68
Ebonyi,2025,5,0.0,29.054285714285715,35.56142857142857
Ebonyi,2025,6,0.0,31.012857142857143,53.33142857142857
Ebonyi,2025,7,0.01,30.44,39.527142857142856
Ebonyi,2025,8,1.66,30.24142857142857,56.31428571428571
Ebonyi,2025,9,5.7700000000000005,30.18857142857143,60.582857142857144
Ebonyi,2025,10,1.27,32.00142857142857,57.279999999999994
Ebonyi,2025,11,2.9299999999999997,31.51142857142857,62.19428571428572
Ebonyi,2025,12,6.5600000000000005,29.877142857142854,67.08428571428571
Ebonyi,2025,13,1.9500000000000002,31.32857142857143,62.137142857142855
Ebonyi,2025,14,5.68,30.525714285714287,66.57857142857142
Ebonyi,2025,15,9.46,29.554285714285715,71.83428571428571
Ebonyi,2025,16,1.12,30.882857142857144,64.84714285714286
Ebonyi,2025,17,17.95,29.16,74.22
Ebonyi,2025,18,11.540000000000001,27.904285714285717,78.82428571428571
Ebonyi,2025,19,1.9,29.365714285714287,71.05
Ebonyi,2025,20,19.01,28.672857142857143,74.8
Ebonyi,2025,21,8.959999999999999,28.27285714285714,77.57714285714285
Ebonyi,2025,22,30.53,28.23428571428571,78.28142857142858
Ebonyi,2025,23,73.11,26.90142857142857,84.24857142857142
Ebonyi,2025,24,11.77,26.669999999999998,86.73714285714286
Ebonyi,2025,25,5.77,26.747142857142855,83.47428571428573
Ebonyi,2025,26,27.25,26.24142857142857,87.23857142857142
Ebonyi,2025,27,57.65,25.41857142857143,88.41
Ebonyi,2025,28,28.7,25.412857142857142,87.70285714285716
Ebonyi,2025,29,39.16,25.95,85.28571428571429
Ebonyi,2025,30,33.93,25.254285714285714,88.59285714285714
Ebonyi,2025,31,48.69,25.610000000000003,87.74714285714286
Ebonyi,2025,32,42.239999999999995,25.27,87.7957142857143
Ebonyi,2025,33,9.71,25.382857142857144,85.96142857142857
Ebonyi,2025,34,16.4,25.57,86.22714285714287
Ebonyi,2025,35,8.31,25.865714285714287,83.93142857142857
Ebonyi,2025,36,6.67,26.047142857142855,83.94000000000001
Ebonyi,2025,37,23.26,26.08285714285714,83.84714285714287
Ebonyi,2025,38,23.94,26.139999999999997,84.99000000000001
Ebonyi,2025,39,8.57,26.245714285714286,83.28714285714285
Ebonyi,2025,40,23.28,25.58142857142857,86.01285714285714
Ebonyi,2025,41,24.25,25.785714285714285,84.75
Ebonyi,2025,42,14.0,25.78,84.50142857142858
Ebonyi,2025,43,3.88,26.951428571428572,81.94857142857143
Ebonyi,2025,44,6.41,27.601428571428574,77.36285714285714
Ebonyi,2025,45,18.45,26.87142857142857,79.56285714285715
Ebonyi,2025,46,1.65,28.292857142857144,70.59142857142857
Ebonyi,2025,47,0.79,29.497142857142855,56.95142857142857
Ebonyi,2025,48,0.77,30.639999999999997,57.20142857142857
Ebonyi,2025,49,4.9,29.704285714285714,65.07571428571428
Ebonyi,2025,50,2.2,29.451428571428572,61.63
Ebonyi,2025,51,0.18,29.93285714285714,55.25428571428571
Ebonyi,2025,52,0.14,30.732857142857142,57.82
Ebonyi,2026,1,0.19,30.743333333333336,58.31666666666666
Edo,2020,53,0.8899999999999999,26.590000000000003,88.78666666666668
Edo,2021,1,37.32,26.264285714285712,89.66571428571429
Edo,2021,2,1.01,26.388571428571428,83.26
Edo,2021,3,0.05,24.895714285714288,69.42714285714285
Edo,2021,4,5.01,25.732857142857142,86.22571428571428
Edo,2021,5,1.62,26.21857142857143,85.25
Edo,2021,6,21.68,27.232857142857142,86.48142857142857
Edo,2021,7,2.29,24.892857142857142,69.77428571428571
Edo,2021,8,4.63,25.87142857142857,87.16857142857144
Edo,2021,9,1.7999999999999998,27.16857142857143,87.03
Edo,2021,10,51.599999999999994,26.27857142857143,91.7757142857143
Edo,2021,11,13.520000000000001,25.604285714285712,90.26142857142858
Edo,2021,12,25.45,26.342857142857145,87.69571428571429
Edo,2021,13,1.05,27.08285714285714,86.70857142857143
Edo,2021,14,63.06,26.51142857142857,91.9742857142857
Edo,2021,15,124.73,25.93857142857143,90.74285714285715
Edo,2021,16,62.33,26.13,92.29857142857144
Edo,2021,17,19.64,26.50857142857143,91.51428571428572
Edo,2021,18,47.57,25.46142857142857,91.00285714285714
Edo,2021,19,21.04,26.07,91.55428571428571
Edo,2021,20,41.15,25.917142857142856,92.46142857142857
Edo,2021,21,44.09,26.25857142857143,93.47714285714287
Edo,2021,22,68.85,25.895714285714288,91.86
Edo,2021,23,25.41,25.99857142857143,89.86285714285714
Edo,2021,24,116.67,25.271428571428572,93.42999999999999
Edo,2021,25,50.06,24.947142857142858,92.39857142857143
Edo,2021,26,63.599999999999994,24.752857142857145,92.05571428571429
Edo,2021,27,58.14,24.594285714285714,92.91857142857143
Edo,2021,28,99.44,24.777142857142856,92.22142857142856
Edo,2021,29,23.56,24.584285714285716,90.57428571428571
Edo,2021,30,32.83,24.325714285714287,90.62714285714286
Edo,2021,31,90.65,24.425714285714285,93.52285714285713
Edo,2021,32,147.58,24.514285714285712,92.61142857142856
Edo,2021,33,117.34,24.294285714285714,93.50857142857144
Edo,2021,34,65.3,25.118571428571432,92.61
Edo,2021,35,133.88,24.858571428571427,92.75999999999999
Edo,2021,36,48.56,25.042857142857144,92.92714285714285
Edo,2021,37,43.72,25.114285714285717,91.66428571428571
Edo,2021,38,93.53999999999999,24.759999999999998,92.0642857142857
Edo,2021,39,35.56,25.124285714285715,92.48571428571428
Edo,2021,40,46.28,25.890000000000004,91.9057142857143
Edo,2021,41,33.41,25.672857142857143,92.34285714285714
Edo,2021,42,36.79,25.57857142857143,90.68857142857142
Edo,2021,43,66.14,25.91,91.50142857142858
Edo,2021,44,59.85,25.922857142857143,91.50428571428571
Edo,2021,45,101.9,25.99285714285714,91.96000000000001
Edo,2021,46,33.99,26.392857142857142,89.99857142857142
Edo,2021,47,42.64,26.305714285714284,89.92142857142858
Edo,2021,48,8.08,26.46857142857143,86.61
Edo,2021,49,1.4,25.951428571428572,82.14999999999999
Edo,2021,50,6.109999999999999,24.59714285714286,79.69000000000001
Edo,2021,51,3.0300000000000002,23.731428571428573,79.4057142857143
Edo,2021,52,13.71,25.09857142857143,80.12142857142858
Edo,2022,1,23.53,24.198571428571427,80.11428571428571
Edo,2022,2,18.57,26.052857142857142,87.54714285714286
Edo,2022,3,14.209999999999999,22.775714285714287,73.50714285714285
Edo,2022,4,2.04,21.91142857142857,71.57285714285715
Edo,2022,5,0.0,22.174285714285713,65.57857142857144
Edo,2022,6,1.6600000000000001,25.211428571428574,72.91428571428571
Edo,2022,7,0.47,26.845714285714283,85.42999999999999
Edo,2022,8,1.5100000000000002,26.895714285714288,83.46142857142857
Edo,2022,9,34.8,26.275714285714287,90.56142857142858
Edo,2022,10,22.26,26.47714285714286,90.41428571428571
Edo,2022,11,5.35,26.94142857142857,89.44428571428571
Edo,2022,12,6.91,27.077142857142857,88.99428571428572
Edo,2022,13,11.030000000000001,26.889999999999997,88.96857142857142
Edo,2022,14,41.96,26.472857142857144,90.27142857142857
Edo,2022,15,9.74,26.101428571428574,89.76142857142857
Edo,2022,16,31.97,26.131428571428575,89.96285714285715
Edo,2022,17,83.47999999999999,25.954285714285714,90.88571428571429
Edo,2022,18,22.03,26.222857142857144,90.75142857142858
Edo,2022,19,24.03,26.391428571428573,91.35428571428572
Edo,2022,20,58.36,25.964285714285715,92.13285714285713
Edo,2022,21,39.910000000000004,25.21,91.39857142857143
Edo,2022,22,82.50999999999999,25.740000000000002,92.08285714285715
Edo,2022,23,183.76000000000002,25.03142857142857,93.46000000000001
Edo,2022,24,29.23,24.944285714285716,92.86142857142856
Edo,2022,25,31.17,24.72,93.77428571428571
Edo,2022,26,42.54,24.958571428571428,91.0
Edo,2022,27,85.64,24.905714285714286,93.1857142857143
Edo,2022,28,12.5,24.995714285714286,90.15142857142857
Edo,2022,29,53.07,24.404285714285717,90.38285714285713
Edo,2022,30,59.95,24.389999999999997,92.68714285714285
Edo,2022,31,7.53,24.448571428571427,88.84571428571428
Edo,2022,32,71.65,24.295714285714286,92.76428571428572
Edo,2022,33,27.14,24.43857142857143,90.44428571428571
Edo,2022,34,89.52000000000001,24.24857142857143,91.97428571428573
Edo,2022,35,30.6,24.80857142857143,90.89857142857143
Edo,2022,36,34.63,24.882857142857144,91.06142857142858
Edo,2022,37,63.82,24.81714285714286,92.2957142857143
Edo,2022,38,89.71000000000001,24.810000000000002,92.21285714285715
Edo,2022,39,67.85,24.31142857142857,92.23428571428572
Edo,2022,40,54.75,25.16857142857143,90.74285714285715
Edo,2022,41,55.25,25.40285714285714,90.55714285714285
Edo,2022,42,24.25,26.107142857142858,88.86142857142856
Edo,2022,43,6.739999999999999,26.267142857142858,85.55142857142857
Edo,2022,44,38.79,26.240000000000002,85.62428571428572
Edo,2022,45,7.92,26.487142857142857,86.09571428571428
Edo,2022,46,2.88,26.092857142857145,83.36714285714287
Edo,2022,47,2.83,25.824285714285715,79.58428571428571
Edo,2022,48,7.51,25.997142857142855,84.90285714285714
Edo,2022,49,0.08,24.917142857142856,78.45714285714287
Edo,2022,50,31.17,25.55,87.89285714285714
Edo,2022,51,0.0,22.725714285714286,70.32714285714286
Edo,2022,52,0.0,22.164285714285715,69.88571428571429
Edo,2023,1,0.36,23.979999999999997,68.95142857142858
Edo,2023,2,0.0,22.66,65.03571428571429
Edo,2023,3,1.79,25.28142857142857,74.95285714285716
Edo,2023,4,5.84,26.004285714285714,88.19428571428571
Edo,2023,5,2.6799999999999997,26.10571428571429,88.8
Edo,2023,6,2.18,26.974285714285713,80.34714285714287
Edo,2023,7,0.0,23.47142857142857,62.934285714285714
Edo,2023,8,30.36,25.885714285714283,82.0657142857143
Edo,2023,9,17.61,26.192857142857143,91.40142857142857
Edo,2023,10,36.14,26.351428571428574,90.27857142857144
Edo,2023,11,42.01,25.625714285714285,89.72571428571428
Edo,2023,12,35.05,25.995714285714286,87.21428571428571
Edo,2023,13,14.0,26.464285714285715,88.3
Edo,2023,14,30.02,26.301428571428573,90.70428571428572
Edo,2023,15,17.009999999999998,26.56714285714286,90.86
Edo,2023,16,19.27,26.708571428571428,90.26142857142858
Edo,2023,17,39.32,25.834285714285716,90.96285714285715
Edo,2023,18,9.86,26.054285714285715,89.98428571428572
Edo,2023,19,24.31,26.79,90.24857142857142
Edo,2023,20,32.87,26.708571428571428,91.87428571428572
Edo,2023,21,23.84,26.59142857142857,91.57571428571428
Edo,2023,22,30.6,26.37,91.27142857142857
Edo,2023,23,150.24,25.47142857142857,93.12714285714286
Edo,2023,24,61.989999999999995,25.497142857142858,91.93285714285715
Edo,2023,25,49.79,25.232857142857142,91.92857142857143
Edo,2023,26,44.62,24.965714285714284,92.61571428571428
Edo,2023,27,61.63,25.285714285714285,92.20285714285716
Edo,2023,28,14.55,25.98,89.74571428571429
Edo,2023,29,46.19,25.52857142857143,92.44428571428571
Edo,2023,30,88.1,25.231428571428573,92.14571428571428
Edo,2023,31,16.18,25.222857142857144,90.72142857142856
Edo,2023,32,26.5,25.25714285714286,90.64142857142858
Edo,2023,33,15.540000000000001,25.521428571428572,90.46000000000001
Edo,2023,34,20.259999999999998,25.544285714285714,91.45571428571428
Edo,2023,35,74.64,25.005714285714284,92.40714285714286
Edo,2023,36,77.62,25.302857142857142,92.09
Edo,2023,37,100.72,25.342857142857145,93.24571428571429
Edo,2023,38,51.3,25.694285714285716,91.58714285714287
Edo,2023,39,64.85,26.330000000000002,91.03428571428572
Edo,2023,40,83.39,26.17142857142857,91.82285714285715
Edo,2023,41,51.339999999999996,26.075714285714287,92.11285714285714
Edo,2023,42,30.02,26.05,91.30571428571429
Edo,2023,43,5.79,26.28142857142857,90.47285714285714
Edo,2023,44,57.65,26.185714285714287,91.11714285714285
Edo,2023,45,22.41,26.28142857142857,91.51285714285714
Edo,2023,46,12.12,26.41714285714286,88.46142857142857
Edo,2023,47,24.03,26.29,90.61
Edo,2023,48,9.61,26.785714285714285,87.85142857142857
Edo,2023,49,0.44,26.812857142857144,86.74571428571429
Edo,2023,50,0.0,24.54,71.85714285714286
Edo,2023,51,0.01,25.592857142857145,77.22142857142856
Edo,2023,52,0.01,25.397142857142857,69.05
Edo,2024,1,1.57,27.082857142857144,81.88714285714286
Edo,2024,2,3.19,26.70285714285714,76.16571428571429
Edo,2024,3,0.0,23.895714285714288,58.42142857142857
Edo,2024,4,7.45,24.68285714285714,71.59857142857143
Edo,2024,5,0.0,25.17142857142857,68.53714285714285
Edo,2024,6,0.0,24.821428571428573,67.77714285714286
Edo,2024,7,0.31,27.84,84.05999999999999
Edo,2024,8,20.88,27.494285714285716,82.21428571428571
Edo,2024,9,0.66,27.414285714285715,87.21428571428571
Edo,2024,10,5.32,27.391428571428573,88.46000000000001
Edo,2024,11,3.36,27.804285714285715,87.62428571428572
Edo,2024,12,7.01,27.797142857142855,87.53285714285714
Edo,2024,13,5.06,27.708571428571428,89.02428571428571
Edo,2024,14,14.55,27.447142857142858,89.89714285714285
Edo,2024,15,31.459999999999997,27.009999999999998,90.4742857142857
Edo,2024,16,6.88,27.447142857142858,90.59714285714286
Edo,2024,17,45.93,27.31714285714286,91.64857142857143
Edo,2024,18,71.37,26.997142857142858,92.63
Edo,2024,19,7.119999999999999,27.285714285714285,90.72
Edo,2024,20,43.31,27.247142857142858,90.41857142857143
Edo,2024,21,82.87,26.90857142857143,91.06285714285714
Edo,2024,22,34.91,26.662857142857142,92.08
Edo,2024,23,40.019999999999996,26.34714285714286,92.09142857142857
Edo,2024,24,44.53,26.262857142857143,91.19142857142857
Edo,2024,25,42.95,26.060000000000002,91.81285714285715
Edo,2024,26,52.86,25.59142857142857,91.59142857142857
Edo,2024,27,76.46000000000001,25.53142857142857,91.11714285714287
Edo,2024,28,36.16,25.43,90.70142857142856
Edo,2024,29,81.46,25.26571428571429,92.15857142857143
Edo,2024,30,17.71,25.295714285714286,90.18857142857144
Edo,2024,31,24.470000000000002,25.231428571428573,89.69857142857143
Edo,2024,32,3.12,25.16142857142857,88.25714285714285
Edo,2024,33,7.880000000000001,25.205714285714286,88.89714285714285
Edo,2024,34,69.19,25.080000000000002,91.91428571428571
Edo,2024,35,38.39,25.315714285714286,90.54857142857144
Edo,2024,36,47.839999999999996,25.204285714285714,90.23857142857142
Edo,2024,37,75.95,25.31714285714286,92.31285714285715
Edo,2024,38,44.519999999999996,25.595714285714287,91.3157142857143
Edo,2024,39,32.79,25.451428571428572,90.18571428571428
Edo,2024,40,64.09,25.43857142857143,91.94428571428571
Edo,2024,41,41.94,25.638571428571428,90.98428571428572
Edo,2024,42,48.94,25.494285714285716,90.38285714285715
Edo,2024,43,47.12,26.057142857142857,91.37714285714286
Edo,2024,44,45.39,26.937142857142856,87.23
Edo,2024,45,7.68,26.111428571428572,85.58714285714287
Edo,2024,46,0.88,26.50857142857143,80.60857142857142
Edo,2024,47,2.56,25.958571428571428,78.28999999999999
Edo,2024,48,1.1,25.045714285714286,71.66142857142857
Edo,2024,49,0.0,25.382857142857144,76.32000000000001
Edo,2024,50,0.04,25.139999999999997,72.05714285714285
Edo,2024,51,0.0,24.298571428571428,61.84571428571428
Edo,2024,52,0.0,24.92142857142857,73.47
Edo,2025,1,0.0,26.34142857142857,81.76857142857143
Edo,2025,2,0.0,25.512857142857143,70.73142857142857
Edo,2025,3,0.0,25.592857142857145,80.91285714285713
Edo,2025,4,0.35,26.49285714285714,84.36428571428571
Edo,2025,5,1.51,26.58857142857143,80.35428571428572
Edo,2025,6,0.8300000000000001,27.3,84.61428571428571
Edo,2025,7,0.01,27.664285714285715,81.95142857142856
Edo,2025,8,29.64,26.635714285714283,87.78714285714285
Edo,2025,9,16.95,26.957142857142856,86.9742857142857
Edo,2025,10,48.980000000000004,27.92142857142857,85.74571428571429
Edo,2025,11,27.599999999999998,27.557142857142857,88.3342857142857
Edo,2025,12,19.53,26.735714285714288,89.45285714285714
Edo,2025,13,3.01,27.53,86.82000000000001
Edo,2025,14,22.29,27.442857142857143,88.15142857142858
Edo,2025,15,63.9,27.00142857142857,90.86571428571428
Edo,2025,16,13.32,27.295714285714286,89.84714285714286
Edo,2025,17,36.77,27.034285714285716,89.77857142857144
Edo,2025,18,33.18,26.47142857142857,90.24142857142859
Edo,2025,19,21.36,26.987142857142857,89.18857142857144
Edo,2025,20,16.02,26.42142857142857,90.47
Edo,2025,21,23.78,26.545714285714286,89.76857142857143
Edo,2025,22,94.38,26.174285714285713,90.73857142857142
Edo,2025,23,68.99,25.925714285714285,91.54142857142857
Edo,2025,24,37.67,25.981428571428573,91.71142857142857
Edo,2025,25,41.120000000000005,25.607142857142858,91.02
Edo,2025,26,105.32,25.335714285714285,93.64714285714285
Edo,2025,27,103.91,24.83857142857143,93.50999999999999
Edo,2025,28,56.35,24.52857142857143,92.41428571428571
Edo,2025,29,32.95,24.71857142857143,89.90714285714286
Edo,2025,30,31.92,24.49142857142857,91.2942857142857
Edo,2025,31,43.36,24.607142857142858,91.7057142857143
Edo,2025,32,67.74,24.382857142857144,92.05999999999999
Edo,2025,33,20.87,24.408571428571427,89.94714285714285
Edo,2025,34,5.1,24.735714285714288,88.24142857142859
Edo,2025,35,22.189999999999998,24.63,89.24000000000001
Edo,2025,36,6.35,24.934285714285714,88.61142857142856
Edo,2025,37,54.62,24.914285714285715,91.53999999999999
Edo,2025,38,82.39,25.237142857142857,91.14
Edo,2025,39,21.04,25.157142857142855,90.44142857142857
Edo,2025,40,39.760000000000005,24.88,92.2242857142857
Edo,2025,41,28.05,25.27857142857143,88.93857142857142
Edo,2025,42,36.18,25.47142857142857,89.41285714285713
Edo,2025,43,27.78,26.16142857142857,89.98571428571428
Edo,2025,44,41.16,25.885714285714283,90.30999999999999
Edo,2025,45,51.129999999999995,25.752857142857145,90.43142857142857
Edo,2025,46,26.67,26.625714285714285,86.56857142857143
Edo,2025,47,3.0700000000000003,26.524285714285714,83.45428571428572
Edo,2025,48,4.09,27.04,84.15285714285714
Edo,2025,49,28.27,26.48857142857143,89.25999999999999
Edo,2025,50,8.72,26.36285714285714,87.03714285714285
Edo,2025,51,3.6,26.37857142857143,85.63285714285715
Edo,2025,52,0.2,26.922857142857143,85.6557142857143
Edo,2026,1,0.0,26.736666666666668,86.21333333333332
Ekiti,2020,53,0.67,25.126666666666665,84.72
Ekiti,2021,1,6.53,25.264285714285712,81.92
Ekiti,2021,2,0.15,24.745714285714286,71.25285714285714
Ekiti,2021,3,0.02,23.669999999999998,62.96714285714285
Ekiti,2021,4,1.1600000000000001,24.614285714285717,77.38857142857144
Ekiti,2021,5,1.31,25.557142857142857,79.28142857142858
Ekiti,2021,6,5.800000000000001,26.68857142857143,79.03428571428572
Ekiti,2021,7,1.9500000000000002,24.610000000000003,61.63428571428572
Ekiti,2021,8,1.03,25.464285714285715,77.97857142857143
Ekiti,2021,9,0.56,26.805714285714288,78.02142857142857
Ekiti,2021,10,19.439999999999998,25.46857142857143,86.71714285714286
Ekiti,2021,11,16.16,24.645714285714288,87.07285714285715
Ekiti,2021,12,26.12,25.544285714285714,85.05285714285715
Ekiti,2021,13,0.51,26.78,79.17857142857143
Ekiti,2021,14,45.92,26.05857142857143,85.67
Ekiti,2021,15,87.11,24.714285714285715,88.86714285714285
Ekiti,2021,16,23.81,25.05857142857143,89.18571428571428
Ekiti,2021,17,8.76,25.795714285714286,87.26428571428572
Ekiti,2021,18,39.77,24.714285714285715,87.23857142857143
Ekiti,2021,19,21.85,25.169999999999998,88.36428571428571
Ekiti,2021,20,39.269999999999996,25.268571428571427,88.75571428571428
Ekiti,2021,21,38.82,25.534285714285716,89.92571428571429
Ekiti,2021,22,112.62,24.934285714285714,89.80142857142857
Ekiti,2021,23,38.49,24.96,88.38857142857144
Ekiti,2021,24,62.2,24.404285714285717,90.97571428571429
Ekiti,2021,25,51.87,24.302857142857142,88.80857142857143
Ekiti,2021,26,55.78,23.647142857142857,89.98857142857143
Ekiti,2021,27,29.71,23.714285714285715,90.25999999999999
Ekiti,2021,28,130.27,23.99857142857143,90.03142857142858
Ekiti,2021,29,43.84,23.745714285714286,89.57142857142857
Ekiti,2021,30,31.869999999999997,23.405714285714286,89.67285714285715
Ekiti,2021,31,114.71000000000001,23.298571428571428,92.60142857142857
Ekiti,2021,32,124.81,23.509999999999998,91.52857142857144
Ekiti,2021,33,103.7,22.972857142857144,92.24000000000001
Ekiti,2021,34,79.74000000000001,24.12857142857143,90.88714285714286
Ekiti,2021,35,114.05,23.94142857142857,90.73571428571428
Ekiti,2021,36,63.61,23.94,90.9057142857143
Ekiti,2021,37,43.74,23.951428571428572,91.23285714285714
Ekiti,2021,38,108.88,23.88714285714286,90.98428571428572
Ekiti,2021,39,67.35,24.231428571428573,90.60428571428572
Ekiti,2021,40,79.59,24.872857142857146,90.85857142857142
Ekiti,2021,41,47.28,24.764285714285712,90.61
Ekiti,2021,42,35.74,24.40285714285714,89.21714285714286
Ekiti,2021,43,66.44,25.131428571428568,88.19285714285715
Ekiti,2021,44,54.29,24.759999999999998,89.28
Ekiti,2021,45,188.47,25.287142857142857,87.54428571428572
Ekiti,2021,46,220.56,25.22142857142857,86.11
Ekiti,2021,47,16.43,25.00142857142857,84.56285714285715
Ekiti,2021,48,28.55,25.057142857142857,82.45
Ekiti,2021,49,15.92,24.48,76.83142857142857
Ekiti,2021,50,225.07,23.29714285714286,78.50285714285714
Ekiti,2021,51,0.66,22.882857142857144,78.29857142857144
Ekiti,2021,52,65.8,23.49142857142857,79.67
Ekiti,2022,1,21.229999999999997,23.285714285714285,73.10857142857142
Ekiti,2022,2,61.63,24.374285714285715,81.89
Ekiti,2022,3,4.9399999999999995,21.83857142857143,71.36571428571429
Ekiti,2022,4,0.19,21.365714285714287,68.23
Ekiti,2022,5,0.0,21.801428571428573,62.44714285714286
Ekiti,2022,6,26.93,24.19,70.96
Ekiti,2022,7,7.26,25.495714285714286,80.67142857142858
Ekiti,2022,8,28.799999999999997,25.667142857142856,79.38714285714286
Ekiti,2022,9,48.699999999999996,24.864285714285717,88.78
Ekiti,2022,10,18.0,25.63,88.23428571428572
Ekiti,2022,11,17.4,25.702857142857145,87.57285714285715
Ekiti,2022,12,48.29,25.717142857142857,87.33
Ekiti,2022,13,44.730000000000004,25.59857142857143,87.37571428571428
Ekiti,2022,14,37.71,25.012857142857143,90.30857142857143
Ekiti,2022,15,33.16,24.58857142857143,90.26857142857143
Ekiti,2022,16,40.82,24.835714285714285,89.5
Ekiti,2022,17,59.61,24.51571428571429,90.44428571428571
Ekiti,2022,18,18.9,24.937142857142856,89.74571428571429
Ekiti,2022,19,36.78,25.382857142857144,89.72428571428573
Ekiti,2022,20,50.26,25.055714285714284,90.07000000000001
Ekiti,2022,21,26.96,24.437142857142856,89.79428571428572
Ekiti,2022,22,48.61,24.740000000000002,89.83000000000001
Ekiti,2022,23,136.42000000000002,23.97,91.67428571428572
Ekiti,2022,24,51.86,23.857142857142858,92.69714285714285
Ekiti,2022,25,71.74,23.787142857142857,91.98571428571428
Ekiti,2022,26,54.04,23.527142857142856,91.21714285714286
Ekiti,2022,27,57.32,23.91,91.97714285714287
Ekiti,2022,28,22.17,23.892857142857142,90.61285714285714
Ekiti,2022,29,58.17,23.382857142857144,90.19857142857143
Ekiti,2022,30,59.53,23.211428571428574,92.44714285714285
Ekiti,2022,31,11.02,23.34714285714286,89.17999999999999
Ekiti,2022,32,64.76,23.275714285714287,91.90142857142857
Ekiti,2022,33,56.169999999999995,23.23,90.27714285714286
Ekiti,2022,34,78.42,23.101428571428574,91.7057142857143
Ekiti,2022,35,62.32,23.43285714285714,91.20285714285714
Ekiti,2022,36,53.93,23.861428571428572,90.71571428571428
Ekiti,2022,37,74.96,23.595714285714283,92.29428571428572
Ekiti,2022,38,72.97,23.755714285714284,91.4342857142857
Ekiti,2022,39,121.63,23.077142857142857,92.03714285714285
Ekiti,2022,40,165.17,24.132857142857144,90.14999999999999
Ekiti,2022,41,77.05,24.361428571428572,88.39142857142858
Ekiti,2022,42,39.26,24.857142857142858,86.67428571428572
Ekiti,2022,43,5.37,25.06,81.32857142857142
Ekiti,2022,44,10.42,24.624285714285715,82.03714285714285
Ekiti,2022,45,9.3,25.04714285714286,83.71000000000001
Ekiti,2022,46,1.02,24.422857142857143,80.95
Ekiti,2022,47,1.8,24.074285714285715,77.24285714285715
Ekiti,2022,48,5.04,24.58285714285714,82.61714285714287
Ekiti,2022,49,0.07,23.771428571428572,72.60714285714286
Ekiti,2022,50,5.87,23.882857142857144,84.51714285714286
Ekiti,2022,51,0.0,21.905714285714286,66.20571428571428
Ekiti,2022,52,0.0,21.33285714285714,64.68428571428572
Ekiti,2023,1,0.0,23.17571428571429,64.46142857142857
Ekiti,2023,2,0.03,22.107142857142858,59.114285714285714
Ekiti,2023,3,0.8200000000000001,24.06142857142857,69.41428571428571
Ekiti,2023,4,2.4499999999999997,25.00714285714286,83.19000000000001
Ekiti,2023,5,34.84,25.145714285714288,82.69142857142857
Ekiti,2023,6,109.63000000000001,25.165714285714284,78.29714285714286
Ekiti,2023,7,0.0,23.06142857142857,59.354285714285716
Ekiti,2023,8,21.98,25.222857142857144,76.21285714285715
Ekiti,2023,9,15.03,25.381428571428575,87.00428571428571
Ekiti,2023,10,24.8,25.305714285714284,88.33
Ekiti,2023,11,24.54,24.860000000000003,85.41428571428571
Ekiti,2023,12,32.18,24.87,86.07857142857142
Ekiti,2023,13,33.61,25.455714285714286,85.44142857142857
Ekiti,2023,14,56.69,25.25142857142857,88.87714285714286
Ekiti,2023,15,35.51,25.314285714285713,89.68714285714285
Ekiti,2023,16,26.28,25.587142857142858,89.28999999999999
Ekiti,2023,17,47.97,24.842857142857145,89.31428571428572
Ekiti,2023,18,48.040000000000006,25.052857142857142,88.43857142857144
Ekiti,2023,19,35.72,25.324285714285715,90.52428571428571
Ekiti,2023,20,58.24,25.678571428571427,91.01285714285713
Ekiti,2023,21,31.91,25.490000000000002,90.89857142857143
Ekiti,2023,22,42.68,25.511428571428574,89.78142857142858
Ekiti,2023,23,173.28,24.361428571428572,92.35000000000001
Ekiti,2023,24,72.28999999999999,24.424285714285713,90.7242857142857
Ekiti,2023,25,66.35,24.042857142857144,91.73
Ekiti,2023,26,47.95,24.25857142857143,90.70714285714287
Ekiti,2023,27,58.88,24.38,90.92428571428572
Ekiti,2023,28,42.07,24.964285714285715,89.10714285714286
Ekiti,2023,29,84.56,24.64428571428571,91.92571428571429
Ekiti,2023,30,75.17,24.37,91.34142857142857
Ekiti,2023,31,28.330000000000002,24.34714285714286,91.11285714285714
Ekiti,2023,32,34.62,24.11285714285714,91.21000000000001
Ekiti,2023,33,45.1,24.457142857142856,89.72142857142856
Ekiti,2023,34,34.15,24.537142857142857,90.82714285714285
Ekiti,2023,35,148.42000000000002,23.97142857142857,91.97714285714287
Ekiti,2023,36,106.37,24.495714285714286,90.68142857142857
Ekiti,2023,37,86.09,24.482857142857142,91.9557142857143
Ekiti,2023,38,49.81,24.62142857142857,90.28285714285714
Ekiti,2023,39,56.49,25.407142857142855,89.08571428571429
Ekiti,2023,40,66.92,25.255714285714284,89.97857142857143
Ekiti,2023,41,52.44,24.96,91.36285714285714
Ekiti,2023,42,33.37,24.845714285714287,89.95285714285714
Ekiti,2023,43,5.390000000000001,25.385714285714283,88.67571428571429
Ekiti,2023,44,55.980000000000004,25.054285714285715,89.34142857142857
Ekiti,2023,45,23.04,25.192857142857143,89.19428571428571
Ekiti,2023,46,4.36,24.857142857142858,86.66714285714285
Ekiti,2023,47,32.81,24.992857142857144,88.86142857142856
Ekiti,2023,48,2.37,25.37,83.45857142857143
Ekiti,2023,49,0.29,25.40285714285714,80.52285714285713
Ekiti,2023,50,0.0,23.482857142857142,66.38285714285715
Ekiti,2023,51,0.0,24.115714285714287,68.43142857142857
Ekiti,2023,52,0.0,24.485714285714288,62.07857142857143
Ekiti,2024,1,0.35,25.462857142857143,76.9742857142857
Ekiti,2024,2,1.12,24.891428571428573,71.24571428571429
Ekiti,2024,3,0.0,23.40142857142857,49.64
Ekiti,2024,4,5.34,23.178571428571427,64.5942857142857
Ekiti,2024,5,0.0,24.575714285714287,59.76571428571429
Ekiti,2024,6,0.0,24.32857142857143,61.378571428571426
Ekiti,2024,7,0.64,26.03857142857143,78.75999999999999
Ekiti,2024,8,16.6,26.717142857142857,76.83714285714287
Ekiti,2024,9,0.91,26.728571428571428,81.97285714285715
Ekiti,2024,10,4.83,26.601428571428574,84.06285714285715
Ekiti,2024,11,26.48,27.09142857142857,83.58714285714287
Ekiti,2024,12,3.03,26.791428571428572,83.18285714285715
Ekiti,2024,13,5.25,26.94142857142857,84.7942857142857
Ekiti,2024,14,21.14,26.551428571428573,87.21428571428571
Ekiti,2024,15,18.67,25.942857142857143,88.0257142857143
Ekiti,2024,16,6.37,26.624285714285715,85.76428571428572
Ekiti,2024,17,34.12,26.48,88.5142857142857
Ekiti,2024,18,45.19,26.00857142857143,90.03428571428572
Ekiti,2024,19,14.21,26.165714285714284,88.78999999999999
Ekiti,2024,20,26.04,26.447142857142858,86.39
Ekiti,2024,21,70.12,25.692857142857143,89.46000000000001
Ekiti,2024,22,32.57,25.650000000000002,90.0457142857143
Ekiti,2024,23,51.08,25.215714285714284,91.12428571428572
Ekiti,2024,24,55.3,25.224285714285713,89.84714285714287
Ekiti,2024,25,28.880000000000003,24.934285714285714,89.76285714285714
Ekiti,2024,26,64.99,24.580000000000002,90.27
Ekiti,2024,27,60.8,24.48428571428571,89.94714285714285
Ekiti,2024,28,40.72,24.392857142857142,89.74857142857142
Ekiti,2024,29,55.010000000000005,24.291428571428572,90.61
Ekiti,2024,30,13.6,24.231428571428573,89.07857142857142
Ekiti,2024,31,15.3,24.324285714285715,88.28142857142858
Ekiti,2024,32,5.8100000000000005,24.37142857142857,86.84142857142857
Ekiti,2024,33,7.75,24.162857142857142,87.71857142857142
Ekiti,2024,34,91.88,23.844285714285714,91.43999999999998
Ekiti,2024,35,32.15,24.23428571428571,89.98
Ekiti,2024,36,62.43,24.165714285714284,88.28714285714285
Ekiti,2024,37,75.95,24.43,90.76571428571428
Ekiti,2024,38,43.17,24.52857142857143,89.11714285714285
Ekiti,2024,39,83.87,24.672857142857143,87.91142857142857
Ekiti,2024,40,73.65,24.462857142857143,91.14999999999999
Ekiti,2024,41,52.099999999999994,24.994285714285716,87.5
Ekiti,2024,42,31.73,24.494285714285716,87.31428571428572
Ekiti,2024,43,58.67,25.231428571428573,87.67428571428572
Ekiti,2024,44,34.12,25.795714285714286,83.22285714285715
Ekiti,2024,45,6.6000000000000005,25.044285714285714,81.47428571428573
Ekiti,2024,46,0.9299999999999999,25.232857142857142,75.67571428571429
Ekiti,2024,47,1.1199999999999999,24.392857142857142,72.3457142857143
Ekiti,2024,48,0.28,23.497142857142855,67.97857142857143
Ekiti,2024,49,0.02,23.761428571428574,69.0957142857143
Ekiti,2024,50,0.09,24.00714285714286,64.91285714285713
Ekiti,2024,51,0.0,23.16,62.4
Ekiti,2024,52,0.0,23.919999999999998,65.39714285714285
Ekiti,2025,1,0.0,25.22714285714286,71.45857142857143
Ekiti,2025,2,0.0,24.389999999999997,63.41142857142857
Ekiti,2025,3,0.0,24.50714285714286,69.64857142857143
Ekiti,2025,4,0.32,25.771428571428572,77.30428571428571
Ekiti,2025,5,1.6800000000000002,25.41142857142857,74.93714285714285
Ekiti,2025,6,0.68,26.57,75.49000000000001
Ekiti,2025,7,0.01,26.948571428571427,75.39999999999999
Ekiti,2025,8,11.620000000000001,25.77857142857143,81.25571428571428
Ekiti,2025,9,15.93,26.22714285714286,80.25571428571428
Ekiti,2025,10,39.459999999999994,27.624285714285715,78.05714285714285
Ekiti,2025,11,27.08,26.770000000000003,84.57571428571428
Ekiti,2025,12,16.21,25.844285714285714,85.4742857142857
Ekiti,2025,13,10.780000000000001,27.127142857142854,80.98428571428572
Ekiti,2025,14,20.73,27.255714285714284,81.67285714285715
Ekiti,2025,15,44.25,26.11285714285714,87.23857142857142
Ekiti,2025,16,16.57,26.697142857142858,84.65142857142857
Ekiti,2025,17,38.73,26.58857142857143,84.54857142857144
Ekiti,2025,18,19.82,25.672857142857143,86.94857142857143
Ekiti,2025,19,20.67,26.312857142857144,85.23142857142857
Ekiti,2025,20,15.99,25.895714285714288,85.50714285714285
Ekiti,2025,21,29.18,25.90285714285714,85.49428571428572
Ekiti,2025,22,71.03,25.259999999999998,88.34571428571428
Ekiti,2025,23,67.75,25.055714285714284,89.50285714285714
Ekiti,2025,24,53.03,24.944285714285712,89.41857142857144
Ekiti,2025,25,33.06,24.83142857142857,87.92428571428572
Ekiti,2025,26,79.45,24.66,90.52428571428571
Ekiti,2025,27,93.28,23.917142857142856,91.77285714285713
Ekiti,2025,28,53.34,23.54,91.09714285714287
Ekiti,2025,29,27.630000000000003,23.712857142857143,88.7957142857143
Ekiti,2025,30,30.150000000000002,23.434285714285714,90.61142857142856
Ekiti,2025,31,45.5,23.78857142857143,90.2057142857143
Ekiti,2025,32,41.98,23.51142857142857,90.61857142857143
Ekiti,2025,33,27.52,23.361428571428572,90.03142857142858
Ekiti,2025,34,11.58,23.70285714285714,88.25
Ekiti,2025,35,19.55,23.642857142857142,88.89857142857143
Ekiti,2025,36,8.94,23.995714285714286,87.68285714285715
Ekiti,2025,37,42.83,23.864285714285717,90.16142857142857
Ekiti,2025,38,92.25,24.518571428571427,88.6557142857143
Ekiti,2025,39,67.69,24.217142857142857,89.30428571428571
Ekiti,2025,40,53.14,24.255714285714284,89.67571428571429
Ekiti,2025,41,58.33,24.099999999999998,87.41999999999999
Ekiti,2025,42,43.2,24.587142857142858,87.44857142857143
Ekiti,2025,43,56.68,25.29,86.87142857142858
Ekiti,2025,44,34.67,24.8,87.46142857142857
Ekiti,2025,45,53.8,24.907142857142855,87.59
Ekiti,2025,46,15.67,25.25857142857143,84.07285714285715
Ekiti,2025,47,2.48,24.89428571428571,80.24285714285715
Ekiti,2025,48,4.2,25.255714285714284,81.52857142857144
Ekiti,2025,49,12.34,25.278571428571432,86.30428571428571
Ekiti,2025,50,4.0,25.06,83.69428571428571
Ekiti,2025,51,4.51,24.76571428571429,82.35000000000001
Ekiti,2025,52,0.16,25.442857142857143,83.51142857142857
Ekiti,2026,1,0.0,25.473333333333333,83.08
Enugu,2020,53,0.12000000000000001,26.05333333333333,84.68333333333334
Enugu,2021,1,6.48,26.65285714285714,81.84571428571428
Enugu,2021,2,0.05,26.49285714285714,72.90571428571428
Enugu,2021,3,0.0,25.110000000000003,59.02285714285714
Enugu,2021,4,0.52,25.82857142857143,69.05571428571429
Enugu,2021,5,0.15000000000000002,26.214285714285715,68.67142857142856
Enugu,2021,6,1.98,27.014285714285712,76.04714285714286
Enugu,2021,7,0.24,25.50714285714286,59.561428571428564
Enugu,2021,8,1.2700000000000002,26.169999999999998,78.63428571428571
Enugu,2021,9,0.51,27.318571428571428,76.69285714285715
Enugu,2021,10,18.84,26.81,84.99714285714286
Enugu,2021,11,2.41,25.584285714285716,85.32285714285715
Enugu,2021,12,21.47,26.455714285714286,80.56857142857143
Enugu,2021,13,0.11,26.877142857142854,73.7942857142857
Enugu,2021,14,41.82,26.83142857142857,85.84142857142857
Enugu,2021,15,43.54,26.502857142857145,84.25714285714285
Enugu,2021,16,16.16,26.957142857142856,84.16142857142857
Enugu,2021,17,11.55,26.80857142857143,85.64714285714285
Enugu,2021,18,24.189999999999998,25.835714285714285,86.30142857142857
Enugu,2021,19,18.61,26.428571428571427,85.97857142857143
Enugu,2021,20,19.45,26.34714285714286,86.48857142857142
Enugu,2021,21,21.96,26.674285714285713,87.74142857142859
Enugu,2021,22,65.08,25.830000000000002,87.84285714285714
Enugu,2021,23,28.82,26.381428571428575,84.90857142857143
Enugu,2021,24,43.56,25.541428571428572,88.51857142857143
Enugu,2021,25,65.42,24.735714285714288,90.01428571428572
Enugu,2021,26,44.54,24.814285714285717,88.71571428571428
Enugu,2021,27,36.34,24.898571428571426,88.62714285714286
Enugu,2021,28,37.06,24.924285714285713,88.74428571428572
Enugu,2021,29,10.08,25.125714285714285,86.88142857142857
Enugu,2021,30,16.35,24.75142857142857,85.8442857142857
Enugu,2021,31,48.55,24.667142857142856,89.71428571428571
Enugu,2021,32,89.71,24.87857142857143,88.73142857142857
Enugu,2021,33,97.14,24.625714285714285,89.73
Enugu,2021,34,29.78,25.12857142857143,89.37
Enugu,2021,35,51.93,25.062857142857144,89.73857142857142
Enugu,2021,36,45.19,25.124285714285715,89.49428571428572
Enugu,2021,37,32.66,25.261428571428574,88.01142857142858
Enugu,2021,38,56.13000000000001,24.717142857142857,89.15142857142857
Enugu,2021,39,22.59,25.175714285714285,89.62428571428572
Enugu,2021,40,71.14,25.639999999999997,89.45428571428572
Enugu,2021,41,12.84,25.708571428571428,89.62857142857142
Enugu,2021,42,25.86,25.252857142857145,88.81142857142856
Enugu,2021,43,23.34,25.777142857142856,87.61571428571428
Enugu,2021,44,25.78,25.44142857142857,89.49428571428572
Enugu,2021,45,20.68,26.09,87.23571428571428
Enugu,2021,46,14.02,26.618571428571432,83.63857142857144
Enugu,2021,47,10.77,26.72714285714286,78.16714285714285
Enugu,2021,48,0.8200000000000001,26.009999999999998,71.16
Enugu,2021,49,0.28,25.03857142857143,68.95428571428572
Enugu,2021,50,0.22,23.892857142857142,62.92285714285714
Enugu,2021,51,3.17,24.217142857142854,61.42714285714286
Enugu,2021,52,8.690000000000001,24.62142857142857,64.46714285714286
Enugu,2022,1,12.760000000000002,24.707142857142856,67.24
Enugu,2022,2,4.29,25.90142857142857,74.36142857142856
Enugu,2022,3,5.86,23.238571428571426,56.73571428571429
Enugu,2022,4,0.23,22.958571428571428,53.17714285714286
Enugu,2022,5,0.11,22.951428571428572,49.69285714285714
Enugu,2022,6,0.16,24.97,52.90428571428571
Enugu,2022,7,0.16,26.88,65.48714285714286
Enugu,2022,8,0.21,26.542857142857144,58.449999999999996
Enugu,2022,9,11.34,27.095714285714283,80.2242857142857
Enugu,2022,10,19.74,27.19142857142857,82.46428571428571
Enugu,2022,11,0.66,27.681428571428572,77.50285714285714
Enugu,2022,12,2.62,28.095714285714287,77.92428571428572
Enugu,2022,13,3.67,27.89428571428571,74.03285714285714
Enugu,2022,14,21.26,27.715714285714284,79.17714285714285
Enugu,2022,15,8.11,26.897142857142857,80.94000000000001
Enugu,2022,16,26.36,26.83142857142857,82.76428571428572
Enugu,2022,17,32.01,26.201428571428572,85.64428571428572
Enugu,2022,18,12.360000000000001,26.458571428571428,85.17714285714285
Enugu,2022,19,13.129999999999999,26.585714285714285,86.51857142857143
Enugu,2022,20,31.98,26.642857142857142,85.56285714285715
Enugu,2022,21,18.75,26.012857142857143,84.57285714285715
Enugu,2022,22,41.77,25.849999999999998,88.28714285714285
Enugu,2022,23,67.52,25.50142857142857,87.87285714285714
Enugu,2022,24,14.13,25.157142857142855,88.61857142857143
Enugu,2022,25,17.73,24.872857142857146,90.05571428571429
Enugu,2022,26,31.560000000000002,24.924285714285713,87.95714285714284
Enugu,2022,27,99.67999999999999,25.11285714285714,89.78999999999999
Enugu,2022,28,10.26,25.415714285714284,86.51714285714286
Enugu,2022,29,22.65,24.877142857142854,86.8
Enugu,2022,30,50.73,24.63,89.38285714285715
Enugu,2022,31,27.43,24.965714285714284,86.03571428571429
Enugu,2022,32,73.61,24.77285714285714,89.74571428571429
Enugu,2022,33,12.05,24.87,86.52428571428571
Enugu,2022,34,84.17999999999999,24.512857142857143,88.44428571428571
Enugu,2022,35,71.34,25.04714285714286,87.12142857142858
Enugu,2022,36,86.25,24.99285714285714,88.75714285714285
Enugu,2022,37,35.92,25.03142857142857,89.12285714285714
Enugu,2022,38,65.48,24.892857142857142,88.63142857142857
Enugu,2022,39,61.04,24.415714285714284,89.14142857142858
Enugu,2022,40,82.88,24.974285714285713,87.97714285714287
Enugu,2022,41,17.94,25.46142857142857,86.58285714285715
Enugu,2022,42,4.86,25.67142857142857,87.07857142857142
Enugu,2022,43,11.05,25.65285714285714,82.06714285714285
Enugu,2022,44,7.36,25.774285714285718,75.83285714285715
Enugu,2022,45,2.48,26.532857142857143,77.46857142857142
Enugu,2022,46,0.9200000000000002,25.82,71.14571428571428
Enugu,2022,47,0.18,25.439999999999998,65.15857142857143
Enugu,2022,48,1.51,26.33857142857143,69.26
Enugu,2022,49,0.15000000000000002,25.428571428571427,63.214285714285715
Enugu,2022,50,4.58,25.28857142857143,70.59142857142857
Enugu,2022,51,0.0,23.06142857142857,57.207142857142856
Enugu,2022,52,0.0,23.674285714285713,54.88285714285714
Enugu,2023,1,0.02,24.805714285714288,59.378571428571426
Enugu,2023,2,0.0,23.81142857142857,54.721428571428575
Enugu,2023,3,0.18,25.99142857142857,57.14714285714285
Enugu,2023,4,1.3800000000000001,26.934285714285714,70.03
Enugu,2023,5,1.6099999999999999,26.787142857142857,78.84285714285714
Enugu,2023,6,1.41,27.175714285714285,59.519999999999996
Enugu,2023,7,0.0,24.96142857142857,45.28142857142858
Enugu,2023,8,4.82,27.310000000000002,65.28142857142858
Enugu,2023,9,7.99,27.26571428571429,79.50857142857141
Enugu,2023,10,17.71,27.274285714285718,80.48142857142857
Enugu,2023,11,11.33,26.47714285714286,78.92571428571429
Enugu,2023,12,13.04,26.19142857142857,80.09857142857143
Enugu,2023,13,5.83,27.235714285714288,77.46857142857142
Enugu,2023,14,15.930000000000001,27.467142857142857,79.68999999999998
Enugu,2023,15,8.16,27.50714285714286,81.06857142857143
Enugu,2023,16,7.95,27.44,81.04285714285713
Enugu,2023,17,8.57,27.021428571428572,80.17999999999999
Enugu,2023,18,6.63,27.065714285714286,79.07714285714285
Enugu,2023,19,9.06,27.807142857142857,78.99000000000001
Enugu,2023,20,21.48,27.389999999999997,84.02428571428571
Enugu,2023,21,11.370000000000001,27.215714285714284,83.98142857142857
Enugu,2023,22,21.29,26.762857142857143,83.92857142857143
Enugu,2023,23,117.84,25.672857142857143,89.27714285714286
Enugu,2023,24,26.96,25.87285714285714,86.49285714285715
Enugu,2023,25,44.1,25.275714285714287,88.92714285714285
Enugu,2023,26,95.42999999999999,25.068571428571428,90.54142857142857
Enugu,2023,27,54.19,25.482857142857142,88.14857142857143
Enugu,2023,28,15.030000000000001,25.97714285714286,86.67
Enugu,2023,29,27.16,25.875714285714285,89.39714285714285
Enugu,2023,30,72.18,25.65142857142857,88.7957142857143
Enugu,2023,31,6.58,25.604285714285712,87.76142857142858
Enugu,2023,32,34.83,25.568571428571428,87.77285714285713
Enugu,2023,33,15.85,25.83142857142857,86.78
Enugu,2023,34,21.86,25.775714285714287,88.10428571428572
Enugu,2023,35,44.18,25.485714285714288,88.36285714285714
Enugu,2023,36,101.61,25.427142857142858,88.53285714285714
Enugu,2023,37,28.33,25.68142857142857,89.58428571428571
Enugu,2023,38,24.78,25.604285714285712,88.49
Enugu,2023,39,27.61,26.40142857142857,87.43142857142857
Enugu,2023,40,27.25,25.735714285714288,89.57000000000001
Enugu,2023,41,27.880000000000003,25.687142857142856,88.90857142857143
Enugu,2023,42,48.89,26.294285714285714,86.84571428571428
Enugu,2023,43,7.49,26.36285714285714,87.50428571428571
Enugu,2023,44,35.260000000000005,26.150000000000002,87.55571428571429
Enugu,2023,45,9.16,26.245714285714286,87.9557142857143
Enugu,2023,46,6.45,26.31714285714286,82.20857142857143
Enugu,2023,47,9.23,26.184285714285714,84.78428571428572
Enugu,2023,48,2.51,27.027142857142856,80.7042857142857
Enugu,2023,49,0.07,27.06142857142857,76.98428571428572
Enugu,2023,50,0.09,25.905714285714286,53.684285714285714
Enugu,2023,51,0.01,27.038571428571426,60.31142857142857
Enugu,2023,52,0.0,26.02,49.20428571428572
Enugu,2024,1,0.06999999999999999,27.388571428571428,60.74571428571429
Enugu,2024,2,0.04,26.66,44.73571428571429
Enugu,2024,3,0.0,25.032857142857143,37.107142857142854
Enugu,2024,4,0.37,26.12142857142857,46.674285714285716
Enugu,2024,5,0.0,27.38,41.30285714285714
Enugu,2024,6,0.0,27.07857142857143,47.08285714285715
Enugu,2024,7,0.01,29.262857142857143,63.13
Enugu,2024,8,3.15,28.849999999999998,64.43857142857142
Enugu,2024,9,2.3,28.547142857142855,73.89857142857143
Enugu,2024,10,2.06,28.657142857142855,75.65285714285713
Enugu,2024,11,2.08,29.49142857142857,73.92428571428572
Enugu,2024,12,10.96,29.424285714285713,66.54857142857144
Enugu,2024,13,4.26,28.98857142857143,76.93571428571428
Enugu,2024,14,5.9399999999999995,28.524285714285718,78.64428571428572
Enugu,2024,15,15.35,27.85571428571429,77.68857142857142
Enugu,2024,16,3.0,28.38,79.24142857142859
Enugu,2024,17,29.47,28.474285714285713,81.3442857142857
Enugu,2024,18,46.43,27.61285714285714,86.09571428571428
Enugu,2024,19,3.88,27.72714285714286,84.28571428571429
Enugu,2024,20,28.770000000000003,27.665714285714284,83.66571428571429
Enugu,2024,21,34.800000000000004,26.864285714285717,84.79142857142857
Enugu,2024,22,16.73,26.935714285714283,86.63857142857144
Enugu,2024,23,20.83,26.701428571428572,86.8157142857143
Enugu,2024,24,32.95,26.424285714285713,86.24714285714286
Enugu,2024,25,96.66999999999999,26.354285714285712,87.31142857142858
Enugu,2024,26,27.950000000000003,25.54,88.73428571428572
Enugu,2024,27,33.31,25.534285714285716,88.66
Enugu,2024,28,14.67,25.55857142857143,88.18714285714285
Enugu,2024,29,138.03,25.381428571428568,90.42857142857143
Enugu,2024,30,18.009999999999998,25.881428571428575,86.92571428571429
Enugu,2024,31,19.86,25.657142857142855,86.25428571428571
Enugu,2024,32,11.16,25.905714285714286,85.71857142857142
Enugu,2024,33,14.8,25.264285714285712,88.07571428571428
Enugu,2024,34,56.24,25.07857142857143,89.87428571428572
Enugu,2024,35,20.64,25.66,87.60428571428572
Enugu,2024,36,40.52,25.490000000000002,87.29428571428572
Enugu,2024,37,40.01,25.814285714285713,89.00857142857141
Enugu,2024,38,21.85,25.937142857142856,86.36571428571429
Enugu,2024,39,22.990000000000002,25.555714285714284,86.95285714285714
Enugu,2024,40,40.72,25.88714285714286,87.41285714285713
Enugu,2024,41,54.24,25.447142857142858,87.44142857142857
Enugu,2024,42,23.4,25.525714285714287,86.85142857142857
Enugu,2024,43,14.99,26.06857142857143,87.96000000000001
Enugu,2024,44,6.14,26.867142857142856,72.44571428571429
Enugu,2024,45,0.6799999999999999,26.46,70.24142857142857
Enugu,2024,46,0.01,27.54,59.79571428571428
Enugu,2024,47,0.0,27.154285714285717,52.97714285714285
Enugu,2024,48,0.01,26.074285714285715,46.52285714285715
Enugu,2024,49,0.0,26.59,46.49857142857143
Enugu,2024,50,0.0,26.7,49.269999999999996
Enugu,2024,51,0.0,25.388571428571428,40.42285714285715
Enugu,2024,52,0.0,27.108571428571427,42.42285714285714
Enugu,2025,1,0.01,28.389999999999997,54.67
Enugu,2025,2,0.0,26.57,38.39857142857143
Enugu,2025,3,0.36,27.805714285714284,56.10142857142858
Enugu,2025,4,0.13999999999999999,28.104285714285716,59.16857142857143
Enugu,2025,5,0.01,27.89428571428571,46.48571428571428
Enugu,2025,6,0.02,29.534285714285716,63.69
Enugu,2025,7,0.01,29.189999999999998,50.410000000000004
Enugu,2025,8,5.92,28.698571428571427,65.49857142857142
Enugu,2025,9,13.76,28.599999999999998,69.83428571428571
Enugu,2025,10,5.08,30.10571428571429,67.39285714285714
Enugu,2025,11,6.12,29.48428571428571,71.79857142857142
Enugu,2025,12,12.81,28.447142857142858,74.28142857142858
Enugu,2025,13,1.25,29.618571428571432,70.34857142857143
Enugu,2025,14,8.09,29.31714285714286,72.66428571428571
Enugu,2025,15,24.31,28.122857142857146,78.96285714285715
Enugu,2025,16,2.7,28.83285714285714,75.46428571428571
Enugu,2025,17,27.72,28.02857142857143,79.43571428571428
Enugu,2025,18,13.7,27.048571428571428,82.03714285714285
Enugu,2025,19,7.32,27.945714285714285,77.75285714285714
Enugu,2025,20,15.49,27.557142857142857,80.32142857142857
Enugu,2025,21,10.96,27.495714285714286,80.63571428571429
Enugu,2025,22,56.08,27.292857142857144,82.28857142857143
Enugu,2025,23,77.14,26.35571428571429,85.71142857142857
Enugu,2025,24,20.89,26.325714285714287,86.83428571428571
Enugu,2025,25,11.38,25.985714285714288,86.01142857142858
Enugu,2025,26,56.28,25.487142857142857,90.24571428571429
Enugu,2025,27,61.56,25.0,89.82000000000001
Enugu,2025,28,35.89,25.012857142857143,88.42999999999999
Enugu,2025,29,34.54,25.517142857142858,86.23428571428572
Enugu,2025,30,56.01,24.86285714285714,89.02142857142857
Enugu,2025,31,76.45,25.262857142857143,88.3
Enugu,2025,32,59.9,24.88,88.65142857142857
Enugu,2025,33,11.79,25.03857142857143,86.64714285714285
Enugu,2025,34,10.57,25.16857142857143,86.71571428571428
Enugu,2025,35,25.02,25.262857142857143,85.95285714285714
Enugu,2025,36,7.21,25.301428571428573,86.71142857142857
Enugu,2025,37,31.34,25.392857142857142,86.61714285714287
Enugu,2025,38,59.55,25.514285714285712,87.56142857142858
Enugu,2025,39,10.77,25.344285714285714,86.98428571428572
Enugu,2025,40,25.32,24.97,88.73
Enugu,2025,41,23.66,25.162857142857145,86.67
Enugu,2025,42,42.760000000000005,25.165714285714284,86.76714285714286
Enugu,2025,43,7.53,26.064285714285713,86.3
Enugu,2025,44,14.14,26.337142857142858,83.74285714285715
Enugu,2025,45,21.92,25.881428571428568,84.22428571428573
Enugu,2025,46,6.0,27.06142857142857,76.87
Enugu,2025,47,0.69,27.55857142857143,66.10714285714286
Enugu,2025,48,0.6799999999999999,28.525714285714287,66.89999999999999
Enugu,2025,49,11.17,27.72714285714286,75.82428571428571
Enugu,2025,50,2.61,27.747142857142858,71.14285714285714
Enugu,2025,51,0.24,27.91714285714286,64.8442857142857
Enugu,2025,52,0.1,28.675714285714285,68.80714285714285
Enugu,2026,1,0.11,28.62,68.57666666666667
FCT,2020,53,0.0,26.46666666666667,54.24666666666667
FCT,2021,1,0.01,25.714285714285715,40.692857142857136
FCT,2021,2,0.0,24.46142857142857,38.12285714285714
FCT,2021,3,0.0,25.330000000000002,34.45285714285715
FCT,2021,4,0.0,26.261428571428574,35.25857142857143
FCT,2021,5,0.24000000000000002,26.725714285714282,39.93571428571429
FCT,2021,6,0.17,26.93,33.50857142857143
FCT,2021,7,0.0,26.774285714285714,26.905714285714286
FCT,2021,8,0.0,27.575714285714287,33.70142857142857
FCT,2021,9,0.01,29.75714285714286,25.85571428571429
FCT,2021,10,17.810000000000002,28.337142857142858,63.73857142857143
FCT,2021,11,2.74,26.75,69.39428571428572
FCT,2021,12,6.44,27.94,57.77571428571429
FCT,2021,13,0.0,28.78142857142857,28.334285714285716
FCT,2021,14,17.02,29.357142857142858,60.25428571428571
FCT,2021,15,29.66,26.885714285714283,75.85571428571428
FCT,2021,16,4.2,27.511428571428574,72.25
FCT,2021,17,0.8600000000000001,28.681428571428572,67.44428571428571
FCT,2021,18,8.83,27.837142857142858,68.37428571428572
FCT,2021,19,16.04,27.79285714285714,71.49428571428572
FCT,2021,20,22.49,27.422857142857143,75.32142857142857
FCT,2021,21,15.33,27.517142857142858,76.21285714285715
FCT,2021,22,103.11,25.775714285714287,84.61857142857143
FCT,2021,23,27.1,25.85571428571429,82.24571428571429
FCT,2021,24,28.479999999999997,25.545714285714286,84.28142857142858
FCT,2021,25,74.80000000000001,24.928571428571427,85.39857142857143
FCT,2021,26,90.36,24.445714285714285,85.57571428571428
FCT,2021,27,22.15,24.004285714285714,87.46571428571428
FCT,2021,28,29.43,24.57428571428571,84.65142857142857
FCT,2021,29,83.57,23.794285714285714,89.63857142857144
FCT,2021,30,36.699999999999996,23.75857142857143,88.25142857142858
FCT,2021,31,139.9,23.592857142857145,89.47857142857143
FCT,2021,32,73.59,23.775714285714287,89.08142857142857
FCT,2021,33,44.54,23.744285714285716,88.58000000000001
FCT,2021,34,64.11,24.41,88.07428571428571
FCT,2021,35,46.9,24.084285714285716,89.32285714285715
FCT,2021,36,46.0,24.695714285714285,85.50857142857141
FCT,2021,37,89.64,24.618571428571425,87.35142857142857
FCT,2021,38,29.27,24.737142857142857,83.95
FCT,2021,39,30.619999999999997,25.148571428571426,85.96571428571428
FCT,2021,40,38.69,25.568571428571428,84.40142857142857
FCT,2021,41,22.17,25.455714285714286,85.11714285714285
FCT,2021,42,26.99,24.767142857142858,87.09714285714287
FCT,2021,43,34.51,25.33285714285714,77.22714285714287
FCT,2021,44,14.280000000000001,25.452857142857145,75.80571428571429
FCT,2021,45,12.54,25.865714285714287,72.01714285714286
FCT,2021,46,14.139999999999999,24.602857142857143,66.63
FCT,2021,47,0.56,23.752857142857142,63.777142857142856
FCT,2021,48,0.02,23.185714285714287,61.66142857142857
FCT,2021,49,0.01,23.02857142857143,62.542857142857144
FCT,2021,50,0.0,22.271428571428572,59.42
FCT,2021,51,1.33,22.49285714285714,60.199999999999996
FCT,2021,52,2.56,22.740000000000002,58.21
FCT,2022,1,1.7999999999999998,23.364285714285717,58.471428571428575
FCT,2022,2,3.51,24.689999999999998,63.271428571428565
FCT,2022,3,0.09,22.361428571428572,50.93142857142857
FCT,2022,4,23.88,22.59857142857143,45.34428571428572
FCT,2022,5,0.0,22.494285714285716,42.71142857142858
FCT,2022,6,0.0,24.091428571428573,40.75285714285714
FCT,2022,7,0.0,26.157142857142855,41.65857142857143
FCT,2022,8,0.03,25.845714285714287,36.72714285714286
FCT,2022,9,4.1899999999999995,27.56142857142857,60.892857142857146
FCT,2022,10,3.37,28.080000000000002,67.02142857142857
FCT,2022,11,0.43,27.877142857142854,44.317142857142855
FCT,2022,12,16.06,28.255714285714284,57.46714285714285
FCT,2022,13,18.52,27.79,55.220000000000006
FCT,2022,14,17.28,27.291428571428572,76.82714285714285
FCT,2022,15,35.1,26.514285714285712,76.87428571428572
FCT,2022,16,34.45,26.58142857142857,79.19714285714285
FCT,2022,17,61.44,25.642857142857142,83.17714285714285
FCT,2022,18,42.68,26.094285714285714,82.31285714285715
FCT,2022,19,56.51,26.25857142857143,84.49142857142859
FCT,2022,20,143.36,25.664285714285715,85.57571428571428
FCT,2022,21,146.6,24.762857142857143,87.2242857142857
FCT,2022,22,40.61,25.287142857142857,85.41714285714285
FCT,2022,23,99.1,24.568571428571428,86.51285714285714
FCT,2022,24,24.240000000000002,24.385714285714283,87.41142857142857
FCT,2022,25,129.13,24.34857142857143,88.79714285714286
FCT,2022,26,27.75,24.354285714285716,86.42857142857143
FCT,2022,27,18.38,24.66,85.78142857142858
FCT,2022,28,15.01,24.312857142857144,87.13571428571429
FCT,2022,29,24.990000000000002,23.881428571428568,88.07285714285715
FCT,2022,30,61.3,23.647142857142857,89.17857142857143
FCT,2022,31,43.69,23.987142857142857,86.74285714285715
FCT,2022,32,64.91,24.08142857142857,89.39142857142858
FCT,2022,33,28.55,23.745714285714286,87.3442857142857
FCT,2022,34,160.76,23.08285714285714,90.53857142857143
FCT,2022,35,66.96000000000001,23.502857142857145,88.42285714285715
FCT,2022,36,51.63,24.048571428571428,88.39999999999999
FCT,2022,37,82.47,24.080000000000002,88.97857142857143
FCT,2022,38,44.07,24.38714285714286,86.94571428571429
FCT,2022,39,53.76,23.73428571428571,89.50285714285714
FCT,2022,40,63.77,24.07,89.33857142857143
FCT,2022,41,48.050000000000004,24.439999999999998,85.60714285714286
FCT,2022,42,1.3800000000000001,24.96,76.71714285714286
FCT,2022,43,0.8899999999999999,24.22,75.51857142857143
FCT,2022,44,0.04,23.947142857142858,68.51285714285714
FCT,2022,45,0.19,25.071428571428573,66.67285714285714
FCT,2022,46,0.0,23.53857142857143,64.52428571428571
FCT,2022,47,0.0,23.018571428571427,59.354285714285716
FCT,2022,48,0.0,24.18857142857143,63.82285714285714
FCT,2022,49,0.0,22.684285714285714,57.65857142857143
FCT,2022,50,0.0,22.852857142857143,56.09428571428572
FCT,2022,51,0.0,21.502857142857145,53.52428571428572
FCT,2022,52,0.0,21.46857142857143,51.892857142857146
FCT,2023,1,0.0,22.851428571428574,53.74571428571429
FCT,2023,2,0.0,22.208571428571428,48.25714285714286
FCT,2023,3,0.0,23.97714285714286,50.894285714285715
FCT,2023,4,0.15000000000000002,25.354285714285716,57.021428571428565
FCT,2023,5,0.22,25.875714285714285,53.621428571428574
FCT,2023,6,0.0,25.12142857142857,38.402857142857144
FCT,2023,7,0.0,25.365714285714287,33.11571428571428
FCT,2023,8,1.6500000000000001,27.080000000000002,42.972857142857144
FCT,2023,9,5.140000000000001,27.81714285714286,65.9342857142857
FCT,2023,10,4.14,27.381428571428575,68.36
FCT,2023,11,2.24,27.360000000000003,60.167142857142856
FCT,2023,12,10.44,26.87,69.57571428571428
FCT,2023,13,2.17,27.98428571428571,52.294285714285714
FCT,2023,14,5.6,27.945714285714285,66.50714285714285
FCT,2023,15,3.51,28.37857142857143,65.24285714285715
FCT,2023,16,9.96,28.604285714285712,67.30999999999999
FCT,2023,17,16.11,27.09714285714286,75.29285714285713
FCT,2023,18,26.68,27.051428571428573,75.13857142857144
FCT,2023,19,12.71,27.674285714285713,74.20285714285714
FCT,2023,20,38.79,26.868571428571425,83.24857142857142
FCT,2023,21,15.93,27.178571428571427,80.74142857142856
FCT,2023,22,13.0,27.041428571428572,78.56142857142858
FCT,2023,23,109.5,25.087142857142858,88.17142857142858
FCT,2023,24,47.86,25.349999999999998,84.16428571428571
FCT,2023,25,59.22,24.592857142857145,88.02857142857144
FCT,2023,26,22.5,25.43857142857143,83.96285714285715
FCT,2023,27,35.43,25.21142857142857,84.69857142857143
FCT,2023,28,31.13,25.767142857142858,81.85285714285715
FCT,2023,29,40.29,25.49142857142857,86.04857142857144
FCT,2023,30,35.78,25.052857142857142,87.06857142857143
FCT,2023,31,21.6,24.647142857142857,88.69571428571429
FCT,2023,32,26.009999999999998,24.72714285714286,86.75571428571428
FCT,2023,33,58.89,25.424285714285713,83.32142857142857
FCT,2023,34,39.18,25.564285714285713,84.36428571428571
FCT,2023,35,37.37,24.71,86.96000000000001
FCT,2023,36,44.76,25.367142857142856,83.85571428571428
FCT,2023,37,31.939999999999998,25.00857142857143,88.0457142857143
FCT,2023,38,23.25,25.608571428571427,84.60142857142857
FCT,2023,39,25.09,26.271428571428572,82.50999999999999
FCT,2023,40,31.919999999999998,25.951428571428572,82.81857142857143
FCT,2023,41,49.18,25.744285714285716,85.09142857142857
FCT,2023,42,66.31,25.962857142857143,82.49714285714286
FCT,2023,43,0.21000000000000002,26.56714285714286,75.11285714285714
FCT,2023,44,13.7,25.857142857142858,80.38142857142857
FCT,2023,45,2.37,26.458571428571428,73.9557142857143
FCT,2023,46,0.18,26.301428571428573,61.19857142857143
FCT,2023,47,8.620000000000001,25.40142857142857,68.22714285714287
FCT,2023,48,0.0,26.314285714285713,57.41285714285714
FCT,2023,49,0.0,25.96,49.339999999999996
FCT,2023,50,0.0,24.97714285714286,41.32
FCT,2023,51,0.0,26.03142857142857,39.63285714285714
FCT,2023,52,0.0,25.155714285714286,36.48571428571429
FCT,2024,1,0.0,26.382857142857144,35.614285714285714
FCT,2024,2,0.0,25.072857142857142,26.158571428571427
FCT,2024,3,0.0,24.787142857142857,23.0
FCT,2024,4,0.0,26.178571428571427,25.075714285714287
FCT,2024,5,0.0,27.59142857142857,24.80857142857143
FCT,2024,6,0.0,27.712857142857143,24.66857142857143
FCT,2024,7,0.0,28.667142857142856,25.33857142857143
FCT,2024,8,1.6300000000000001,29.898571428571426,38.589999999999996
FCT,2024,9,0.0,30.518571428571427,48.48428571428571
FCT,2024,10,0.03,30.82428571428571,56.45142857142857
FCT,2024,11,26.68,29.892857142857142,64.02285714285715
FCT,2024,12,0.0,28.627142857142854,45.362857142857145
FCT,2024,13,0.32,30.834285714285716,53.49857142857143
FCT,2024,14,2.93,30.007142857142856,62.92142857142857
FCT,2024,15,8.98,29.608571428571427,60.80714285714286
FCT,2024,16,0.76,30.514285714285712,58.70428571428572
FCT,2024,17,27.48,29.804285714285715,67.26714285714286
FCT,2024,18,39.37,27.904285714285713,78.90714285714286
FCT,2024,19,13.580000000000002,27.97,77.99285714285715
FCT,2024,20,4.54,28.74857142857143,71.89571428571428
FCT,2024,21,39.29,27.86285714285714,76.53142857142858
FCT,2024,22,15.15,27.91142857142857,76.74142857142859
FCT,2024,23,27.36,26.404285714285717,84.10857142857142
FCT,2024,24,26.5,26.25857142857143,81.05
FCT,2024,25,24.509999999999998,26.490000000000002,80.40285714285713
FCT,2024,26,35.78,26.124285714285715,82.24571428571429
FCT,2024,27,20.92,25.55,83.77428571428571
FCT,2024,28,20.45,25.458571428571428,82.97714285714287
FCT,2024,29,382.32,24.702857142857145,88.11857142857143
FCT,2024,30,83.95,24.395714285714288,88.62
FCT,2024,31,28.08,24.367142857142856,88.11571428571429
FCT,2024,32,9.67,24.704285714285714,87.22714285714287
FCT,2024,33,19.8,24.335714285714285,86.57571428571428
FCT,2024,34,64.21000000000001,24.20285714285714,89.25142857142858
FCT,2024,35,31.56,24.34857142857143,88.61285714285714
FCT,2024,36,45.73,24.521428571428572,86.61285714285714
FCT,2024,37,23.25,25.24142857142857,85.83142857142857
FCT,2024,38,21.79,24.978571428571428,86.44428571428571
FCT,2024,39,34.27,24.852857142857143,85.75571428571428
FCT,2024,40,50.7,24.767142857142858,87.69000000000001
FCT,2024,41,28.88,25.428571428571427,82.85714285714286
FCT,2024,42,10.56,24.724285714285713,86.16142857142857
FCT,2024,43,11.909999999999998,25.554285714285715,77.90142857142857
FCT,2024,44,0.03,25.24857142857143,65.08
FCT,2024,45,0.0,24.504285714285714,62.99142857142857
FCT,2024,46,0.0,24.594285714285714,55.99142857142857
FCT,2024,47,0.0,24.357142857142858,51.94571428571429
FCT,2024,48,0.0,23.704285714285714,48.69285714285714
FCT,2024,49,0.0,24.28142857142857,46.9
FCT,2024,50,0.0,25.09857142857143,40.959999999999994
FCT,2024,51,0.0,24.06142857142857,40.74142857142857
FCT,2024,52,0.0,25.360000000000003,38.36
FCT,2025,1,0.0,26.60571428571429,35.37428571428571
FCT,2025,2,0.0,26.06714285714286,30.93142857142857
FCT,2025,3,0.0,27.462857142857143,37.19571428571429
FCT,2025,4,0.0,27.99142857142857,32.54285714285714
FCT,2025,5,0.0,27.131428571428568,23.307142857142857
FCT,2025,6,0.0,28.632857142857144,25.024285714285714
FCT,2025,7,0.0,28.924285714285713,18.611428571428572
FCT,2025,8,0.78,29.231428571428573,35.698571428571434
FCT,2025,9,3.53,29.108571428571427,39.50142857142857
FCT,2025,10,0.39,31.742857142857144,31.514285714285712
FCT,2025,11,0.73,31.900000000000002,41.0
FCT,2025,12,0.72,30.64428571428571,46.90714285714286
FCT,2025,13,0.98,32.13,41.94571428571429
FCT,2025,14,4.25,31.532857142857143,48.089999999999996
FCT,2025,15,6.32,30.33857142857143,57.93285714285714
FCT,2025,16,0.45999999999999996,31.884285714285713,51.66714285714285
FCT,2025,17,5.78,30.759999999999998,58.55142857142857
FCT,2025,18,40.38,28.065714285714286,71.00857142857143
FCT,2025,19,3.76,29.607142857142858,63.050000000000004
FCT,2025,20,12.93,28.45,68.59
FCT,2025,21,8.69,28.990000000000002,67.35714285714286
FCT,2025,22,60.68,27.51571428571429,75.47714285714287
FCT,2025,23,33.879999999999995,26.35571428571429,80.25142857142858
FCT,2025,24,44.53,26.051428571428573,80.42428571428572
FCT,2025,25,28.15,25.754285714285714,81.82571428571428
FCT,2025,26,35.69,25.662857142857145,83.36571428571428
FCT,2025,27,78.10000000000001,24.48428571428571,88.16
FCT,2025,28,20.54,24.37142857142857,86.62714285714286
FCT,2025,29,22.869999999999997,24.92142857142857,84.0657142857143
FCT,2025,30,49.64,23.897142857142857,89.77857142857144
FCT,2025,31,17.43,24.524285714285718,87.25571428571428
FCT,2025,32,76.03,24.298571428571428,86.53999999999999
FCT,2025,33,55.199999999999996,23.564285714285713,89.23428571428572
FCT,2025,34,23.39,24.315714285714286,86.16285714285713
FCT,2025,35,18.740000000000002,23.98428571428571,87.23571428571428
FCT,2025,36,28.43,24.82,84.35000000000001
FCT,2025,37,22.21,24.76142857142857,84.87
FCT,2025,38,72.5,25.23,83.75714285714285
FCT,2025,39,52.480000000000004,24.75714285714286,84.50714285714285
FCT,2025,40,46.11,24.994285714285716,83.92571428571429
FCT,2025,41,26.310000000000002,24.73,82.2757142857143
FCT,2025,42,13.579999999999998,25.48,77.6842857142857
FCT,2025,43,6.91,26.400000000000002,74.87142857142858
FCT,2025,44,1.18,26.232857142857142,67.40571428571428
FCT,2025,45,2.29,27.15142857142857,64.68142857142857
FCT,2025,46,0.09,26.96,51.28142857142858
FCT,2025,47,0.0,27.122857142857146,43.857142857142854
FCT,2025,48,0.0,27.687142857142856,41.30142857142857
FCT,2025,49,0.17,28.05,48.66571428571428
FCT,2025,50,0.05,27.485714285714288,41.89
FCT,2025,51,0.0,26.777142857142856,34.69
FCT,2025,52,0.0,28.415714285714284,35.674285714285716
FCT,2026,1,0.0,28.66,33.36
Gombe,2020,53,0.0,25.486666666666668,38.88999999999999
Gombe,2021,1,0.0,25.277142857142856,29.275714285714287
Gombe,2021,2,0.0,22.86285714285714,28.427142857142858
Gombe,2021,3,0.0,22.599999999999998,26.931428571428572
Gombe,2021,4,0.0,25.07857142857143,24.298571428571428
Gombe,2021,5,0.0,25.907142857142855,21.604285714285712
Gombe,2021,6,0.0,25.564285714285713,17.21857142857143
Gombe,2021,7,0.0,24.39428571428571,16.217142857142857
Gombe,2021,8,1.2,26.952857142857145,18.321428571428573
Gombe,2021,9,0.0,29.43857142857143,16.254285714285714
Gombe,2021,10,13.49,29.91,36.81285714285714
Gombe,2021,11,0.0,29.48,49.638571428571424
Gombe,2021,12,0.05,30.63,33.27571428571429
Gombe,2021,13,0.0,28.80857142857143,14.215714285714286
Gombe,2021,14,0.75,32.19,27.79
Gombe,2021,15,26.46,30.490000000000002,51.62285714285714
Gombe,2021,16,0.0,31.49285714285714,50.69285714285714
Gombe,2021,17,0.08,32.41571428571429,46.03285714285715
Gombe,2021,18,17.33,30.547142857142855,52.722857142857144
Gombe,2021,19,82.33,28.664285714285715,67.72857142857143
Gombe,2021,20,59.47,28.335714285714285,71.91428571428573
Gombe,2021,21,0.12,29.891428571428573,60.36285714285714
Gombe,2021,22,114.69,27.228571428571428,76.96428571428571
Gombe,2021,23,81.31,27.125714285714285,77.58142857142857
Gombe,2021,24,26.82,26.22714285714286,81.87571428571428
Gombe,2021,25,92.22999999999999,25.81857142857143,82.26714285714286
Gombe,2021,26,129.12,24.634285714285713,87.03285714285714
Gombe,2021,27,101.1,24.63,86.51285714285714
Gombe,2021,28,187.53,24.75857142857143,87.81142857142856
Gombe,2021,29,145.44,24.768571428571427,88.58857142857143
Gombe,2021,30,69.2,24.334285714285716,89.03857142857143
Gombe,2021,31,86.3,24.518571428571427,88.07285714285715
Gombe,2021,32,111.44,24.422857142857143,88.49428571428572
Gombe,2021,33,50.510000000000005,24.342857142857145,87.47714285714287
Gombe,2021,34,113.7,25.504285714285714,85.65857142857143
Gombe,2021,35,6.529999999999999,24.897142857142857,87.78999999999999
Gombe,2021,36,79.85,25.102857142857143,86.25428571428571
Gombe,2021,37,206.55999999999997,24.93,88.50857142857141
Gombe,2021,38,135.32999999999998,24.93857142857143,87.16714285714285
Gombe,2021,39,59.44,26.245714285714286,82.46857142857142
Gombe,2021,40,91.0,26.404285714285713,76.35714285714286
Gombe,2021,41,30.880000000000003,25.87142857142857,76.98285714285714
Gombe,2021,42,29.23,25.587142857142858,84.74428571428572
Gombe,2021,43,8.61,24.97714285714286,73.72142857142856
Gombe,2021,44,45.15,24.374285714285715,74.67142857142858
Gombe,2021,45,13.84,23.888571428571428,64.96142857142857
Gombe,2021,46,0.68,22.897142857142857,66.90142857142857
Gombe,2021,47,0.0,22.055714285714284,64.19428571428571
Gombe,2021,48,0.0,21.464285714285715,60.38142857142857
Gombe,2021,49,0.0,21.72142857142857,56.53142857142858
Gombe,2021,50,0.0,19.874285714285715,55.99714285714286
Gombe,2021,51,0.01,20.240000000000002,51.785714285714285
Gombe,2021,52,4.069999999999999,20.647142857142857,49.964285714285715
Gombe,2022,1,0.030000000000000002,21.412857142857142,54.107142857142854
Gombe,2022,2,0.0,22.617142857142856,42.705714285714286
Gombe,2022,3,0.0,19.542857142857144,36.86714285714286
Gombe,2022,4,0.0,20.445714285714285,31.922857142857143
Gombe,2022,5,0.0,20.13714285714286,29.03142857142857
Gombe,2022,6,0.0,22.795714285714286,26.822857142857142
Gombe,2022,7,0.0,24.791428571428572,26.88
Gombe,2022,8,0.0,24.7,22.92142857142857
Gombe,2022,9,0.0,27.57857142857143,23.59857142857143
Gombe,2022,10,0.0,29.49142857142857,31.59857142857143
Gombe,2022,11,0.0,28.75,16.96
Gombe,2022,12,0.0,30.077142857142857,20.54285714285714
Gombe,2022,13,5.0,29.080000000000002,18.755714285714287
Gombe,2022,14,188.62,29.85571428571429,60.011428571428574
Gombe,2022,15,1.24,29.52,58.79571428571428
Gombe,2022,16,16.75,30.115714285714287,56.215714285714284
Gombe,2022,17,325.71000000000004,26.777142857142856,78.51428571428572
Gombe,2022,18,4.29,26.771428571428572,79.20142857142856
Gombe,2022,19,217.91,27.16857142857143,80.22285714285714
Gombe,2022,20,345.70000000000005,26.785714285714285,78.67714285714285
Gombe,2022,21,236.04999999999998,25.95714285714286,82.64428571428572
Gombe,2022,22,77.86,26.544285714285714,80.86142857142856
Gombe,2022,23,92.81,26.22,81.43285714285715
Gombe,2022,24,44.5,25.560000000000002,83.86428571428571
Gombe,2022,25,206.01,25.574285714285715,85.3157142857143
Gombe,2022,26,56.2,25.115714285714287,85.49714285714286
Gombe,2022,27,32.78,25.552857142857142,84.62428571428572
Gombe,2022,28,75.64,25.092857142857145,87.21000000000001
Gombe,2022,29,73.35,24.891428571428573,85.94571428571429
Gombe,2022,30,31.560000000000002,24.25142857142857,88.91
Gombe,2022,31,55.67,24.36428571428571,88.21142857142857
Gombe,2022,32,81.64999999999999,24.47,88.22857142857143
Gombe,2022,33,65.05000000000001,23.915714285714284,88.95142857142856
Gombe,2022,34,38.239999999999995,23.90285714285714,88.16428571428571
Gombe,2022,35,18.28,24.59142857142857,84.76142857142858
Gombe,2022,36,121.26,24.672857142857143,86.95
Gombe,2022,37,43.68,24.912857142857142,86.21428571428571
Gombe,2022,38,21.14,25.405714285714286,84.11714285714285
Gombe,2022,39,25.75,24.62857142857143,86.54571428571428
Gombe,2022,40,15.12,24.752857142857142,85.50714285714285
Gombe,2022,41,10.27,25.58857142857143,78.28857142857143
Gombe,2022,42,3.55,24.849999999999998,71.47142857142858
Gombe,2022,43,0.0,24.07,69.30714285714285
Gombe,2022,44,0.01,23.361428571428572,63.111428571428576
Gombe,2022,45,0.0,24.12857142857143,60.56142857142857
Gombe,2022,46,0.0,22.784285714285716,56.26714285714286
Gombe,2022,47,0.0,21.557142857142857,51.63428571428572
Gombe,2022,48,0.0,22.874285714285715,52.68857142857143
Gombe,2022,49,0.0,22.201428571428572,43.65857142857143
Gombe,2022,50,0.0,22.21857142857143,41.00857142857143
Gombe,2022,51,0.0,20.02285714285714,41.14142857142857
Gombe,2022,52,0.0,20.444285714285712,37.03285714285715
Gombe,2023,1,0.0,21.96,37.63142857142857
Gombe,2023,2,0.0,21.267142857142858,34.12714285714286
Gombe,2023,3,0.0,23.357142857142858,33.41142857142857
Gombe,2023,4,0.0,26.24857142857143,32.901428571428575
Gombe,2023,5,0.0,27.275714285714287,26.32
Gombe,2023,6,0.0,25.752857142857145,19.84857142857143
Gombe,2023,7,0.0,23.824285714285715,21.577142857142857
Gombe,2023,8,0.0,26.882857142857144,20.740000000000002
Gombe,2023,9,15.169999999999998,30.175714285714285,30.812857142857144
Gombe,2023,10,7.95,29.22,30.020000000000003
Gombe,2023,11,0.0,27.827142857142857,25.562857142857144
Gombe,2023,12,0.30000000000000004,29.83285714285714,42.43857142857143
Gombe,2023,13,0.0,29.704285714285714,17.454285714285714
Gombe,2023,14,16.97,30.807142857142857,33.269999999999996
Gombe,2023,15,1.42,30.745714285714286,37.042857142857144
Gombe,2023,16,23.51,32.19,48.30571428571428
Gombe,2023,17,54.239999999999995,28.701428571428572,64.23571428571428
Gombe,2023,18,55.910000000000004,27.990000000000002,68.04714285714286
Gombe,2023,19,62.88,28.367142857142856,66.54142857142857
Gombe,2023,20,42.57,28.018571428571427,75.91571428571429
Gombe,2023,21,24.28,28.54,73.47428571428573
Gombe,2023,22,0.6000000000000001,28.037142857142857,71.55428571428571
Gombe,2023,23,92.36,26.28142857142857,82.43857142857144
Gombe,2023,24,12.35,26.400000000000002,79.62
Gombe,2023,25,5.619999999999999,26.325714285714287,78.44714285714285
Gombe,2023,26,23.39,26.888571428571428,76.5942857142857
Gombe,2023,27,6.7299999999999995,26.72142857142857,75.35428571428572
Gombe,2023,28,22.369999999999997,27.494285714285716,71.16428571428571
Gombe,2023,29,9.99,27.674285714285713,71.71714285714286
Gombe,2023,30,0.69,27.777142857142856,69.46000000000001
Gombe,2023,31,28.39,27.048571428571428,72.85714285714286
Gombe,2023,32,56.47,25.382857142857144,82.27285714285713
Gombe,2023,33,26.23,26.494285714285716,78.97285714285714
Gombe,2023,34,66.01,26.332857142857144,80.30714285714285
Gombe,2023,35,2.8600000000000003,25.89428571428571,79.2757142857143
Gombe,2023,36,54.52,26.30857142857143,78.90857142857143
Gombe,2023,37,39.8,25.705714285714286,84.44000000000001
Gombe,2023,38,51.67,26.157142857142855,81.38857142857144
Gombe,2023,39,27.0,26.592857142857145,79.16571428571429
Gombe,2023,40,14.97,27.22142857142857,73.78142857142858
Gombe,2023,41,2.61,27.490000000000002,73.29285714285713
Gombe,2023,42,11.51,27.490000000000002,65.96714285714286
Gombe,2023,43,0.0,27.66,46.19714285714286
Gombe,2023,44,0.01,29.062857142857144,49.87285714285714
Gombe,2023,45,0.0,28.56142857142857,37.861428571428576
Gombe,2023,46,0.66,27.97,38.67142857142857
Gombe,2023,47,0.0,28.437142857142856,35.41142857142857
Gombe,2023,48,0.0,28.390000000000004,28.595714285714283
Gombe,2023,49,0.0,26.385714285714283,22.12857142857143
Gombe,2023,50,0.0,24.00857142857143,26.41
Gombe,2023,51,0.0,25.478571428571428,23.372857142857146
Gombe,2023,52,0.0,23.965714285714284,22.45285714285714
Gombe,2024,1,0.0,25.37142857142857,19.582857142857144
Gombe,2024,2,0.0,23.627142857142854,14.129999999999999
Gombe,2024,3,0.0,22.775714285714287,14.608571428571429
Gombe,2024,4,0.0,23.48,18.374285714285715
Gombe,2024,5,0.0,25.08857142857143,17.29
Gombe,2024,6,0.0,25.465714285714284,16.985714285714284
Gombe,2024,7,0.0,26.77857142857143,14.774285714285714
Gombe,2024,8,2.2199999999999998,29.142857142857142,21.87857142857143
Gombe,2024,9,0.0,31.77857142857143,18.11
Gombe,2024,10,0.0,33.79857142857143,27.330000000000002
Gombe,2024,11,42.03,32.534285714285716,26.844285714285714
Gombe,2024,12,0.0,29.767142857142858,19.71142857142857
Gombe,2024,13,0.0,32.16142857142857,18.53
Gombe,2024,14,0.0,33.55428571428571,30.66
Gombe,2024,15,1.1,32.55,23.657142857142855
Gombe,2024,16,26.49,32.472857142857144,43.96857142857143
Gombe,2024,17,1.14,33.33,46.43857142857143
Gombe,2024,18,4.92,32.11142857142857,55.88285714285714
Gombe,2024,19,0.07,32.151428571428575,54.058571428571426
Gombe,2024,20,1.48,32.64714285714286,44.67714285714286
Gombe,2024,21,1.44,33.41285714285714,47.03000000000001
Gombe,2024,22,20.83,32.56857142857143,50.857142857142854
Gombe,2024,23,8.77,31.145714285714284,56.885714285714286
Gombe,2024,24,23.17,30.08857142857143,60.112857142857145
Gombe,2024,25,11.67,29.657142857142855,61.387142857142855
Gombe,2024,26,44.529999999999994,28.2,69.52714285714286
Gombe,2024,27,38.839999999999996,27.46857142857143,73.69285714285715
Gombe,2024,28,14.22,27.895714285714284,69.23142857142857
Gombe,2024,29,474.59000000000003,25.705714285714286,86.13000000000001
Gombe,2024,30,113.45,25.12,88.06000000000002
Gombe,2024,31,64.55,25.091428571428573,87.80285714285715
Gombe,2024,32,57.97,24.898571428571426,88.75571428571428
Gombe,2024,33,25.95,24.624285714285715,87.29857142857144
Gombe,2024,34,258.87,24.412857142857142,90.25714285714285
Gombe,2024,35,43.5,24.77857142857143,88.68999999999998
Gombe,2024,36,58.93,24.635714285714283,88.69571428571429
Gombe,2024,37,38.339999999999996,25.8,85.33142857142857
Gombe,2024,38,24.2,25.349999999999998,85.54857142857142
Gombe,2024,39,41.61,25.669999999999998,82.14142857142858
Gombe,2024,40,46.73,25.754285714285714,83.73428571428572
Gombe,2024,41,6.45,26.375714285714285,80.23857142857142
Gombe,2024,42,13.200000000000001,26.037142857142857,80.35142857142857
Gombe,2024,43,0.01,24.849999999999998,74.13142857142857
Gombe,2024,44,0.0,22.472857142857144,68.11999999999999
Gombe,2024,45,0.0,22.18,68.12857142857143
Gombe,2024,46,0.0,21.94142857142857,63.75714285714286
Gombe,2024,47,0.0,20.858571428571427,57.74142857142857
Gombe,2024,48,0.0,19.84714285714286,55.9
Gombe,2024,49,0.0,20.24857142857143,53.77285714285715
Gombe,2024,50,0.0,22.122857142857146,46.80142857142857
Gombe,2024,51,0.0,19.012857142857143,45.37285714285714
Gombe,2024,52,0.0,21.015714285714285,40.99571428571428
Gombe,2025,1,0.0,23.654285714285717,34.09571428571429
Gombe,2025,2,0.0,21.97142857142857,32.721428571428575
Gombe,2025,3,0.0,25.068571428571428,33.09285714285714
Gombe,2025,4,0.0,25.407142857142855,27.967142857142857
Gombe,2025,5,0.0,24.032857142857143,22.572857142857142
Gombe,2025,6,0.0,26.965714285714284,20.34
Gombe,2025,7,0.0,26.09714285714286,18.349999999999998
Gombe,2025,8,0.0,29.042857142857144,17.525714285714283
Gombe,2025,9,0.0,29.93857142857143,20.695714285714285
Gombe,2025,10,0.0,31.224285714285713,16.66
Gombe,2025,11,0.0,32.410000000000004,14.787142857142857
Gombe,2025,12,0.0,31.012857142857143,12.0
Gombe,2025,13,0.0,31.764285714285716,14.065714285714288
Gombe,2025,14,0.0,32.62571428571429,16.715714285714288
Gombe,2025,15,2.4999999999999996,33.08857142857143,23.49142857142857
Gombe,2025,16,0.0,33.59571428571429,18.512857142857143
Gombe,2025,17,0.04,33.934285714285714,26.56714285714286
Gombe,2025,18,0.09999999999999999,33.65857142857143,34.559999999999995
Gombe,2025,19,0.0,33.82,20.97
Gombe,2025,20,0.27,33.63142857142857,39.73857142857143
Gombe,2025,21,0.52,34.77285714285714,37.92857142857143
Gombe,2025,22,31.89,31.942857142857143,51.86714285714286
Gombe,2025,23,17.479999999999997,30.14428571428571,57.205714285714286
Gombe,2025,24,37.36,30.145714285714284,58.99857142857143
Gombe,2025,25,24.87,28.101428571428574,68.25285714285714
Gombe,2025,26,28.43,28.49857142857143,66.30571428571429
Gombe,2025,27,31.9,26.545714285714286,74.32000000000001
Gombe,2025,28,65.37,25.372857142857146,80.27
Gombe,2025,29,76.57000000000001,25.762857142857143,79.94571428571429
Gombe,2025,30,62.38,25.335714285714285,84.70571428571428
Gombe,2025,31,3.03,25.46142857142857,82.4742857142857
Gombe,2025,32,41.04,24.99857142857143,83.28
Gombe,2025,33,86.28,24.71857142857143,85.23571428571428
Gombe,2025,34,74.73,24.99285714285714,84.04285714285713
Gombe,2025,35,57.63,24.431428571428572,86.74142857142859
Gombe,2025,36,45.07,25.038571428571426,84.39428571428572
Gombe,2025,37,49.52,25.09857142857143,84.75571428571428
Gombe,2025,38,73.09,25.888571428571428,83.62
Gombe,2025,39,35.32,25.792857142857144,80.50571428571428
Gombe,2025,40,69.6,25.687142857142856,82.26857142857143
Gombe,2025,41,23.06,25.71,80.64857142857143
Gombe,2025,42,0.15,25.912857142857142,71.4042857142857
Gombe,2025,43,0.01,25.744285714285716,63.35
Gombe,2025,44,0.0,24.74857142857143,58.22571428571429
Gombe,2025,45,0.01,25.5,54.96
Gombe,2025,46,0.0,23.882857142857144,50.65571428571429
Gombe,2025,47,0.0,24.084285714285716,46.644285714285715
Gombe,2025,48,0.0,25.225714285714282,41.75714285714286
Gombe,2025,49,0.0,26.354285714285712,37.17142857142857
Gombe,2025,50,0.0,25.87857142857143,35.88285714285714
Gombe,2025,51,0.0,24.608571428571427,31.142857142857142
Gombe,2025,52,0.0,25.974285714285713,27.448571428571427
Gombe,2026,1,0.0,26.28333333333333,27.459999999999997
Imo,2020,53,0.5700000000000001,26.69666666666667,87.83333333333333
Imo,2021,1,38.91,26.650000000000002,87.65428571428572
Imo,2021,2,0.64,26.967142857142857,81.7757142857143
Imo,2021,3,0.02,25.618571428571432,69.94857142857143
Imo,2021,4,3.45,26.138571428571428,83.45
Imo,2021,5,0.96,26.431428571428572,81.70857142857143
Imo,2021,6,6.45,27.594285714285714,83.73142857142857
Imo,2021,7,0.58,25.66,70.11428571428571
Imo,2021,8,3.17,26.474285714285713,85.16285714285713
Imo,2021,9,2.1399999999999997,27.385714285714283,85.37714285714286
Imo,2021,10,49.43,26.639999999999997,89.11428571428571
Imo,2021,11,10.13,25.934285714285714,86.67999999999999
Imo,2021,12,26.79,26.35571428571429,85.62714285714286
Imo,2021,13,0.53,27.32857142857143,83.47285714285714
Imo,2021,14,74.38,26.815714285714286,89.26142857142858
Imo,2021,15,127.65,26.62142857142857,86.69285714285715
Imo,2021,16,42.82,26.967142857142857,87.35142857142857
Imo,2021,17,27.549999999999997,26.96857142857143,88.38285714285713
Imo,2021,18,31.3,26.052857142857142,88.17
Imo,2021,19,27.21,26.694285714285716,88.39
Imo,2021,20,47.01,26.654285714285713,88.42714285714285
Imo,2021,21,49.43,26.794285714285714,90.24714285714286
Imo,2021,22,250.79999999999998,26.301428571428573,88.72857142857143
Imo,2021,23,43.82,26.665714285714284,86.90857142857143
Imo,2021,24,108.72,25.744285714285716,90.68999999999998
Imo,2021,25,46.04,25.22,91.33000000000001
Imo,2021,26,70.53,25.232857142857142,89.98285714285714
Imo,2021,27,92.99000000000001,25.057142857142857,90.93857142857142
Imo,2021,28,98.53,25.06,91.38
Imo,2021,29,13.88,25.071428571428573,89.76714285714286
Imo,2021,30,11.85,24.8,88.16285714285713
Imo,2021,31,71.25,24.889999999999997,91.66285714285713
Imo,2021,32,171.99,25.139999999999997,90.49285714285715
Imo,2021,33,117.09,24.84857142857143,91.66
Imo,2021,34,50.33,25.407142857142855,91.53428571428572
Imo,2021,35,89.09,25.09,91.85000000000001
Imo,2021,36,53.05,25.615714285714287,90.92285714285715
Imo,2021,37,34.769999999999996,25.547142857142855,89.40857142857143
Imo,2021,38,66.05,25.150000000000002,90.07571428571428
Imo,2021,39,45.730000000000004,25.604285714285712,90.32857142857142
Imo,2021,40,160.38,26.16857142857143,89.89142857142858
Imo,2021,41,30.740000000000002,25.91142857142857,90.53142857142858
Imo,2021,42,51.36,25.698571428571427,89.37142857142858
Imo,2021,43,55.49,26.17142857142857,88.16142857142857
Imo,2021,44,58.51,25.62857142857143,90.99142857142859
Imo,2021,45,87.52,25.854285714285716,90.70857142857143
Imo,2021,46,70.61,26.24285714285714,88.33714285714287
Imo,2021,47,55.26,26.697142857142858,87.60142857142857
Imo,2021,48,6.98,26.490000000000002,85.61857142857141
Imo,2021,49,1.09,25.642857142857142,79.43142857142857
Imo,2021,50,3.62,24.617142857142856,77.41285714285713
Imo,2021,51,13.420000000000002,24.42571428571429,77.14999999999999
Imo,2021,52,15.85,25.53,77.23571428571428
Imo,2022,1,58.629999999999995,24.76571428571429,78.08285714285715
Imo,2022,2,15.159999999999998,26.304285714285715,86.06714285714285
Imo,2022,3,30.22,23.694285714285716,71.35428571428572
Imo,2022,4,10.32,22.812857142857144,70.12571428571428
Imo,2022,5,0.15000000000000002,23.542857142857144,63.93571428571429
Imo,2022,6,1.22,24.964285714285715,72.54142857142857
Imo,2022,7,0.49000000000000005,26.98857142857143,81.74571428571429
Imo,2022,8,0.9,26.915714285714284,79.46857142857142
Imo,2022,9,21.46,26.521428571428572,88.62857142857142
Imo,2022,10,26.5,26.955714285714286,87.72285714285714
Imo,2022,11,3.2,27.21857142857143,86.88
Imo,2022,12,6.0600000000000005,27.364285714285717,87.29142857142857
Imo,2022,13,6.98,27.337142857142858,85.78999999999999
Imo,2022,14,68.77000000000001,27.157142857142855,85.99285714285715
Imo,2022,15,12.870000000000001,26.557142857142857,87.61571428571428
Imo,2022,16,37.120000000000005,26.574285714285715,87.99000000000001
Imo,2022,17,71.66,26.382857142857144,88.35000000000001
Imo,2022,18,37.2,26.60571428571429,88.47857142857143
Imo,2022,19,23.51,26.861428571428572,89.03999999999999
Imo,2022,20,56.489999999999995,26.752857142857145,88.37285714285714
Imo,2022,21,42.019999999999996,25.987142857142857,87.87571428571428
Imo,2022,22,82.86,26.017142857142858,89.93857142857144
Imo,2022,23,124.39999999999999,25.634285714285713,90.23714285714286
Imo,2022,24,22.01,25.412857142857142,90.62571428571428
Imo,2022,25,20.19,24.994285714285716,91.97571428571429
Imo,2022,26,22.37,25.48428571428571,89.67857142857143
Imo,2022,27,59.1,25.222857142857144,91.40857142857143
Imo,2022,28,10.47,25.282857142857143,88.56857142857143
Imo,2022,29,23.89,25.012857142857143,87.56428571428572
Imo,2022,30,61.59,24.82,91.38428571428572
Imo,2022,31,9.7,25.042857142857144,87.12
Imo,2022,32,121.8,24.860000000000003,91.57571428571428
Imo,2022,33,8.370000000000001,25.011428571428574,88.07000000000001
Imo,2022,34,65.0,24.768571428571427,89.62428571428572
Imo,2022,35,26.439999999999998,25.474285714285713,88.26
Imo,2022,36,52.32,25.53,89.06857142857143
Imo,2022,37,60.16,25.437142857142856,89.87571428571428
Imo,2022,38,100.53,25.20285714285714,91.0842857142857
Imo,2022,39,94.98,24.615714285714287,90.92285714285715
Imo,2022,40,50.47,25.47,88.5657142857143
Imo,2022,41,43.75,26.12,86.22
Imo,2022,42,16.83,26.297142857142855,88.54857142857144
Imo,2022,43,13.44,26.611428571428572,84.10714285714286
Imo,2022,44,51.769999999999996,26.672857142857143,84.41
Imo,2022,45,9.82,26.634285714285713,84.85714285714286
Imo,2022,46,4.68,26.24285714285714,83.64571428571428
Imo,2022,47,1.3199999999999998,26.27857142857143,79.18142857142857
Imo,2022,48,3.21,26.458571428571428,82.1557142857143
Imo,2022,49,0.34,25.599999999999998,80.65285714285713
Imo,2022,50,28.71,25.73857142857143,85.61285714285714
Imo,2022,51,0.0,23.982857142857142,67.12142857142858
Imo,2022,52,0.0,24.52,67.66285714285713
Imo,2023,1,1.08,24.95,71.24714285714286
Imo,2023,2,0.03,23.905714285714286,69.98
Imo,2023,3,1.42,25.65285714285714,75.42285714285715
Imo,2023,4,5.76,26.270000000000003,86.59714285714287
Imo,2023,5,1.67,26.28142857142857,87.58142857142857
Imo,2023,6,3.0,27.228571428571428,80.26857142857143
Imo,2023,7,0.0,24.694285714285716,62.76428571428572
Imo,2023,8,23.119999999999997,26.395714285714284,80.59142857142857
Imo,2023,9,18.82,26.678571428571427,88.07285714285715
Imo,2023,10,40.99,26.62857142857143,87.88428571428572
Imo,2023,11,39.18,26.291428571428572,86.24714285714286
Imo,2023,12,37.35,26.228571428571428,85.51571428571428
Imo,2023,13,12.68,26.922857142857143,84.71285714285715
Imo,2023,14,47.44,26.78142857142857,88.21714285714286
Imo,2023,15,15.4,27.13714285714286,87.59
Imo,2023,16,19.349999999999998,27.109999999999996,87.59
Imo,2023,17,16.54,26.601428571428574,87.43571428571428
Imo,2023,18,13.55,26.737142857142857,85.64285714285714
Imo,2023,19,17.64,27.544285714285714,85.89428571428572
Imo,2023,20,48.19,27.244285714285716,89.19857142857143
Imo,2023,21,31.6,26.99285714285714,89.74857142857142
Imo,2023,22,29.98,26.414285714285715,90.18714285714286
Imo,2023,23,123.21,25.771428571428572,91.24857142857142
Imo,2023,24,43.18,26.04285714285714,88.98714285714286
Imo,2023,25,93.61,25.392857142857142,90.7757142857143
Imo,2023,26,79.22,25.19857142857143,92.11428571428571
Imo,2023,27,88.73,25.84142857142857,89.59285714285714
Imo,2023,28,31.259999999999998,26.17571428571429,89.05285714285715
Imo,2023,29,55.2,25.77285714285714,92.23285714285714
Imo,2023,30,105.82,25.75857142857143,90.62714285714286
Imo,2023,31,10.17,25.542857142857144,89.72285714285715
Imo,2023,32,34.89,25.647142857142857,89.86
Imo,2023,33,17.84,25.75,90.36714285714287
Imo,2023,34,20.82,25.747142857142855,91.08428571428571
Imo,2023,35,67.86,25.731428571428573,90.36714285714287
Imo,2023,36,99.91,25.73428571428571,90.34714285714286
Imo,2023,37,44.07,25.744285714285716,91.61
Imo,2023,38,66.63,25.888571428571428,90.27714285714286
Imo,2023,39,66.59,26.47,90.11714285714285
Imo,2023,40,57.26,26.245714285714286,90.03714285714285
Imo,2023,41,67.67,26.19142857142857,90.38428571428572
Imo,2023,42,43.9,26.287142857142857,89.9057142857143
Imo,2023,43,7.17,26.18,90.46142857142857
Imo,2023,44,60.5,26.337142857142858,89.69285714285715
Imo,2023,45,15.56,26.485714285714288,90.64285714285714
Imo,2023,46,20.3,26.737142857142857,86.91285714285713
Imo,2023,47,19.56,26.292857142857144,89.51285714285714
Imo,2023,48,11.65,26.98857142857143,86.48571428571428
Imo,2023,49,0.25,27.041428571428572,84.38857142857144
Imo,2023,50,0.01,25.66,70.50285714285714
Imo,2023,51,0.04,26.722857142857144,77.16571428571429
Imo,2023,52,0.0,25.05857142857143,68.32714285714285
Imo,2024,1,1.27,27.231428571428573,82.26142857142858
Imo,2024,2,1.24,27.297142857142855,80.27
Imo,2024,3,0.0,24.244285714285716,62.72857142857142
Imo,2024,4,11.61,25.73428571428571,68.76142857142857
Imo,2024,5,0.0,25.427142857142854,69.25714285714285
Imo,2024,6,0.0,25.76142857142857,72.27428571428571
Imo,2024,7,0.05,28.405714285714286,81.89571428571428
Imo,2024,8,8.56,27.42285714285714,83.02857142857144
Imo,2024,9,1.4700000000000002,27.512857142857143,85.91142857142857
Imo,2024,10,2.64,27.674285714285713,86.45714285714287
Imo,2024,11,2.41,28.37142857142857,85.10714285714286
Imo,2024,12,16.13,28.240000000000002,84.14857142857143
Imo,2024,13,6.64,28.02285714285714,87.02142857142857
Imo,2024,14,9.69,27.859999999999996,86.43714285714285
Imo,2024,15,27.810000000000002,27.575714285714287,85.64
Imo,2024,16,7.9,27.624285714285715,88.07142857142857
Imo,2024,17,40.260000000000005,28.104285714285712,87.41714285714285
Imo,2024,18,98.98,27.547142857142855,89.79714285714286
Imo,2024,19,4.92,27.704285714285714,87.91428571428571
Imo,2024,20,126.55,27.385714285714283,88.52285714285713
Imo,2024,21,56.79,26.928571428571427,87.74571428571429
Imo,2024,22,35.41,27.087142857142858,89.70142857142856
Imo,2024,23,35.58,26.648571428571426,89.96000000000001
Imo,2024,24,82.96000000000001,26.618571428571432,88.50714285714285
Imo,2024,25,78.4,26.798571428571428,88.28
Imo,2024,26,45.72,25.814285714285713,90.25428571428571
Imo,2024,27,77.96000000000001,25.625714285714285,91.45
Imo,2024,28,31.39,25.502857142857142,90.82142857142857
Imo,2024,29,102.04,25.44142857142857,91.42285714285715
Imo,2024,30,17.5,25.90285714285714,88.35857142857142
Imo,2024,31,24.34,25.521428571428572,88.48857142857142
Imo,2024,32,7.84,25.804285714285715,87.5
Imo,2024,33,14.12,25.43,90.0
Imo,2024,34,57.24,25.375714285714285,90.87
Imo,2024,35,29.71,25.818571428571428,88.90714285714286
Imo,2024,36,55.910000000000004,25.83857142857143,88.67714285714285
Imo,2024,37,77.81,25.877142857142854,91.10428571428572
Imo,2024,38,117.93,26.111428571428572,89.48571428571428
Imo,2024,39,54.43,25.90857142857143,88.75142857142858
Imo,2024,40,61.81,26.00857142857143,89.91142857142857
Imo,2024,41,49.339999999999996,25.687142857142856,89.96000000000001
Imo,2024,42,28.75,26.035714285714285,88.08571428571427
Imo,2024,43,56.14,26.648571428571426,88.72
Imo,2024,44,50.82,27.205714285714286,82.84857142857143
Imo,2024,45,7.289999999999999,26.157142857142855,83.98285714285714
Imo,2024,46,0.33,27.147142857142857,82.07285714285715
Imo,2024,47,0.55,26.172857142857143,79.02285714285713
Imo,2024,48,0.4,25.708571428571428,71.82857142857144
Imo,2024,49,0.01,25.58857142857143,72.70714285714286
Imo,2024,50,0.01,25.584285714285716,72.97142857142858
Imo,2024,51,0.0,24.254285714285714,62.800000000000004
Imo,2024,52,0.0,25.527142857142856,71.39571428571428
Imo,2025,1,0.25,26.777142857142856,82.19714285714285
Imo,2025,2,0.0,25.245714285714286,67.64857142857143
Imo,2025,3,0.2,26.064285714285713,80.66142857142857
Imo,2025,4,0.14,26.22142857142857,85.06142857142858
Imo,2025,5,0.27,26.485714285714288,79.98285714285714
Imo,2025,6,0.22,27.57714285714286,83.63857142857144
Imo,2025,7,0.01,27.425714285714285,78.84857142857143
Imo,2025,8,21.41,27.118571428571425,84.66857142857144
Imo,2025,9,11.98,27.50714285714286,83.57714285714285
Imo,2025,10,22.96,28.18142857142857,83.37857142857142
Imo,2025,11,18.85,27.867142857142856,85.71714285714286
Imo,2025,12,21.06,27.138571428571428,86.35571428571428
Imo,2025,13,1.15,27.99857142857143,84.17142857142858
Imo,2025,14,18.83,27.55142857142857,86.51142857142858
Imo,2025,15,54.379999999999995,27.327142857142857,88.16285714285713
Imo,2025,16,9.950000000000001,27.544285714285714,87.62714285714286
Imo,2025,17,37.36,27.03857142857143,88.03571428571429
Imo,2025,18,24.1,26.53,89.15857142857143
Imo,2025,19,28.45,27.07857142857143,86.50428571428571
Imo,2025,20,16.78,27.024285714285714,87.92428571428572
Imo,2025,21,22.47,26.818571428571428,88.56285714285715
Imo,2025,22,94.51,26.844285714285714,88.48285714285714
Imo,2025,23,151.7,26.725714285714282,87.0442857142857
Imo,2025,24,39.769999999999996,26.645714285714288,88.27857142857142
Imo,2025,25,65.98,26.108571428571427,88.19857142857143
Imo,2025,26,114.97,25.947142857142858,90.72857142857143
Imo,2025,27,126.34,25.24857142857143,91.21285714285715
Imo,2025,28,54.62,25.037142857142857,90.81714285714285
Imo,2025,29,49.86,25.42142857142857,88.42999999999999
Imo,2025,30,71.1,24.854285714285716,91.2957142857143
Imo,2025,31,37.769999999999996,25.265714285714285,89.70428571428572
Imo,2025,32,104.86,24.86285714285714,90.64999999999999
Imo,2025,33,16.58,25.075714285714287,88.30285714285715
Imo,2025,34,7.19,25.205714285714286,88.57285714285715
Imo,2025,35,14.290000000000001,25.034285714285716,88.65857142857143
Imo,2025,36,8.98,25.295714285714286,89.11714285714287
Imo,2025,37,66.89,25.535714285714285,89.12428571428572
Imo,2025,38,76.60000000000001,25.664285714285715,89.42142857142858
Imo,2025,39,23.47,25.435714285714287,89.70714285714287
Imo,2025,40,51.44,25.150000000000002,90.96571428571428
Imo,2025,41,40.97,25.77285714285714,87.46285714285715
Imo,2025,42,98.7,25.742857142857144,88.75
Imo,2025,43,18.81,26.064285714285713,89.3457142857143
Imo,2025,44,83.43,26.22142857142857,88.92999999999999
Imo,2025,45,55.71,26.092857142857145,87.80285714285715
Imo,2025,46,30.09,26.51571428571429,86.8
Imo,2025,47,2.04,26.74285714285714,83.97857142857143
Imo,2025,48,2.98,27.187142857142856,84.68285714285715
Imo,2025,49,45.620000000000005,26.74285714285714,88.01285714285714
Imo,2025,50,8.34,26.35571428571429,86.75999999999999
Imo,2025,51,1.1400000000000001,26.582857142857144,85.54714285714286
Imo,2025,52,0.14,27.01571428571429,85.53857142857143
Imo,2026,1,0.06,26.94333333333333,85.35000000000001
Jigawa,2020,53,0.0,23.8,30.496666666666666
Jigawa,2021,1,0.0,24.15857142857143,26.208571428571428
Jigawa,2021,2,0.0,21.01571428571429,24.31
Jigawa,2021,3,0.0,20.41857142857143,25.24142857142857
Jigawa,2021,4,0.0,22.752857142857145,22.189999999999998
Jigawa,2021,5,0.0,23.23857142857143,22.414285714285715
Jigawa,2021,6,0.0,22.985714285714288,18.948571428571427
Jigawa,2021,7,0.0,21.324285714285715,18.455714285714286
Jigawa,2021,8,0.0,24.115714285714287,19.197142857142858
Jigawa,2021,9,0.0,26.565714285714286,17.83857142857143
Jigawa,2021,10,0.01,29.744285714285716,26.185714285714287
Jigawa,2021,11,0.0,30.021428571428572,29.032857142857143
Jigawa,2021,12,0.0,29.435714285714287,18.215714285714284
Jigawa,2021,13,0.0,26.415714285714284,13.37142857142857
Jigawa,2021,14,0.0,31.005714285714284,14.778571428571428
Jigawa,2021,15,0.1,30.507142857142856,20.805714285714284
Jigawa,2021,16,0.02,32.02428571428572,26.307142857142857
Jigawa,2021,17,0.0,32.152857142857144,20.374285714285715
Jigawa,2021,18,0.14,32.25857142857143,25.861428571428572
Jigawa,2021,19,1.28,33.32714285714285,38.68571428571429
Jigawa,2021,20,0.48,32.72571428571428,43.94285714285714
Jigawa,2021,21,0.12,32.36142857142857,31.275714285714287
Jigawa,2021,22,26.419999999999998,31.548571428571428,47.31714285714286
Jigawa,2021,23,8.48,31.744285714285716,49.137142857142855
Jigawa,2021,24,41.8,30.485714285714288,55.325714285714284
Jigawa,2021,25,112.66000000000001,27.398571428571426,71.27571428571429
Jigawa,2021,26,27.700000000000003,28.162857142857145,66.39285714285714
Jigawa,2021,27,40.71,26.97142857142857,73.14285714285714
Jigawa,2021,28,282.49,26.87,75.59714285714287
Jigawa,2021,29,239.12,25.62142857142857,85.50428571428571
Jigawa,2021,30,70.47,24.798571428571428,87.89571428571428
Jigawa,2021,31,102.7,25.51571428571429,84.68857142857142
Jigawa,2021,32,257.02,25.041428571428572,85.26714285714286
Jigawa,2021,33,24.56,24.919999999999998,85.83142857142856
Jigawa,2021,34,86.54,26.085714285714285,82.13857142857144
Jigawa,2021,35,22.84,25.914285714285715,83.99285714285715
Jigawa,2021,36,128.17000000000002,25.728571428571428,83.98142857142857
Jigawa,2021,37,67.51,25.732857142857142,85.6557142857143
Jigawa,2021,38,42.68,25.494285714285716,81.76857142857143
Jigawa,2021,39,64.13,25.84,76.94428571428571
Jigawa,2021,40,3.47,25.88,68.89857142857143
Jigawa,2021,41,14.81,25.018571428571427,69.52142857142857
Jigawa,2021,42,27.19,25.747142857142855,81.72285714285714
Jigawa,2021,43,0.060000000000000005,23.99857142857143,62.832857142857144
Jigawa,2021,44,0.0,23.344285714285714,66.02285714285713
Jigawa,2021,45,0.0,24.181428571428572,54.81857142857143
Jigawa,2021,46,0.0,23.06714285714286,56.78285714285715
Jigawa,2021,47,0.0,21.701428571428572,56.472857142857144
Jigawa,2021,48,0.05,19.707142857142856,61.37428571428571
Jigawa,2021,49,0.0,19.124285714285715,59.85
Jigawa,2021,50,0.0,17.208571428571428,57.17428571428571
Jigawa,2021,51,0.0,17.538571428571426,51.53857142857142
Jigawa,2021,52,0.0,17.919999999999998,48.56
Jigawa,2022,1,21.61,19.451428571428572,57.824285714285715
Jigawa,2022,2,0.0,20.09,43.16857142857143
Jigawa,2022,3,0.0,16.220000000000002,41.30714285714286
Jigawa,2022,4,0.0,17.28,36.67142857142857
Jigawa,2022,5,0.0,17.11857142857143,32.87571428571429
Jigawa,2022,6,0.0,19.61285714285714,29.169999999999998
Jigawa,2022,7,0.0,22.75857142857143,27.118571428571432
Jigawa,2022,8,0.0,22.07857142857143,23.662857142857142
Jigawa,2022,9,0.0,26.3,21.454285714285714
Jigawa,2022,10,0.0,28.178571428571427,26.202857142857145
Jigawa,2022,11,0.0,26.624285714285715,17.56142857142857
Jigawa,2022,12,0.0,28.62,18.618571428571432
Jigawa,2022,13,0.0,27.56142857142857,14.572857142857144
Jigawa,2022,14,0.26,31.064285714285713,33.94285714285714
Jigawa,2022,15,0.62,31.79,47.57285714285714
Jigawa,2022,16,0.15,32.03857142857142,33.792857142857144
Jigawa,2022,17,23.59,31.162857142857142,51.902857142857144
Jigawa,2022,18,0.13,31.51285714285714,51.75
Jigawa,2022,19,34.26,30.445714285714285,54.57285714285714
Jigawa,2022,20,9.71,30.388571428571428,51.660000000000004
Jigawa,2022,21,0.49,30.525714285714287,51.12714285714286
Jigawa,2022,22,69.31,30.87,54.11
Jigawa,2022,23,129.37,28.551428571428573,64.77571428571429
Jigawa,2022,24,7.83,27.990000000000002,67.06714285714285
Jigawa,2022,25,54.13999999999999,27.172857142857143,73.37857142857142
Jigawa,2022,26,23.08,27.417142857142856,70.92
Jigawa,2022,27,18.29,27.87142857142857,67.77285714285715
Jigawa,2022,28,63.879999999999995,27.360000000000003,71.08714285714287
Jigawa,2022,29,6.239999999999999,26.84,72.23
Jigawa,2022,30,18.69,26.555714285714288,74.22571428571429
Jigawa,2022,31,12.07,26.608571428571427,73.53428571428572
Jigawa,2022,32,21.85,26.66714285714286,74.97571428571429
Jigawa,2022,33,62.220000000000006,24.974285714285713,81.94571428571429
Jigawa,2022,34,63.8,24.68857142857143,84.61857142857141
Jigawa,2022,35,24.839999999999996,25.867142857142856,77.3157142857143
Jigawa,2022,36,33.05,25.864285714285717,80.13142857142859
Jigawa,2022,37,37.44,26.417142857142856,77.72142857142856
Jigawa,2022,38,8.73,26.482857142857142,77.14999999999999
Jigawa,2022,39,7.57,26.638571428571428,73.88
Jigawa,2022,40,7.05,26.967142857142854,72.10714285714286
Jigawa,2022,41,1.6400000000000001,26.46857142857143,61.51
Jigawa,2022,42,2.97,25.08285714285714,51.13857142857143
Jigawa,2022,43,0.01,24.99142857142857,50.370000000000005
Jigawa,2022,44,0.0,23.958571428571428,44.83142857142857
Jigawa,2022,45,0.0,24.95,41.792857142857144
Jigawa,2022,46,0.0,22.687142857142856,40.62428571428571
Jigawa,2022,47,0.0,21.390000000000004,33.167142857142856
Jigawa,2022,48,0.0,22.907142857142855,36.778571428571425
Jigawa,2022,49,0.0,21.611428571428572,30.124285714285715
Jigawa,2022,50,0.0,21.83285714285714,28.035714285714285
Jigawa,2022,51,0.0,19.797142857142855,32.794285714285714
Jigawa,2022,52,0.0,18.697142857142858,31.162857142857145
Jigawa,2023,1,0.0,19.845714285714283,33.09571428571429
Jigawa,2023,2,0.0,19.83142857142857,27.81142857142857
Jigawa,2023,3,0.0,21.852857142857143,27.247142857142855
Jigawa,2023,4,0.0,25.33285714285714,24.155714285714286
Jigawa,2023,5,0.03,26.22714285714286,23.54
Jigawa,2023,6,0.0,24.05,18.77857142857143
Jigawa,2023,7,0.0,21.42142857142857,20.53857142857143
Jigawa,2023,8,0.0,24.592857142857145,19.048571428571428
Jigawa,2023,9,0.0,28.72714285714286,17.73857142857143
Jigawa,2023,10,0.0,29.66142857142857,15.465714285714286
Jigawa,2023,11,0.0,26.874285714285715,15.17
Jigawa,2023,12,0.060000000000000005,29.518571428571427,23.74285714285714
Jigawa,2023,13,0.0,27.954285714285714,14.007142857142856
Jigawa,2023,14,0.0,30.421428571428574,23.43
Jigawa,2023,15,0.0,30.785714285714285,18.572857142857142
Jigawa,2023,16,8.94,32.89142857142857,30.77285714285714
Jigawa,2023,17,71.49,31.05857142857143,43.72428571428571
Jigawa,2023,18,0.8799999999999999,31.958571428571428,39.13285714285714
Jigawa,2023,19,0.31,31.774285714285718,40.184285714285714
Jigawa,2023,20,0.4,33.042857142857144,48.17
Jigawa,2023,21,0.07,33.924285714285716,41.94428571428572
Jigawa,2023,22,2.6100000000000003,32.46714285714286,47.95285714285715
Jigawa,2023,23,26.630000000000003,30.09142857142857,56.91142857142857
Jigawa,2023,24,5.74,31.0,51.59571428571429
Jigawa,2023,25,7.73,30.222857142857144,54.80142857142857
Jigawa,2023,26,1.56,31.43285714285714,46.36857142857143
Jigawa,2023,27,25.83,31.072857142857142,50.74
Jigawa,2023,28,9.3,31.104285714285716,50.550000000000004
Jigawa,2023,29,28.450000000000003,31.015714285714285,53.66285714285714
Jigawa,2023,30,6.58,30.392857142857142,56.67142857142857
Jigawa,2023,31,20.78,29.099999999999998,63.910000000000004
Jigawa,2023,32,30.19,27.148571428571426,71.86857142857143
Jigawa,2023,33,13.03,29.407142857142855,59.01
Jigawa,2023,34,11.46,29.48428571428571,60.199999999999996
Jigawa,2023,35,6.4,29.747142857142858,57.73142857142857
Jigawa,2023,36,107.52,28.262857142857143,65.38142857142857
Jigawa,2023,37,12.73,29.025714285714287,65.79285714285714
Jigawa,2023,38,6.529999999999999,29.72714285714286,57.30571428571428
Jigawa,2023,39,9.46,29.63,59.51
Jigawa,2023,40,9.24,28.41857142857143,56.135714285714286
Jigawa,2023,41,0.0,29.38,42.208571428571425
Jigawa,2023,42,0.02,28.47714285714286,40.41571428571428
Jigawa,2023,43,0.0,27.428571428571427,28.024285714285718
Jigawa,2023,44,0.0,28.232857142857142,32.808571428571426
Jigawa,2023,45,0.0,27.554285714285715,28.06714285714286
Jigawa,2023,46,0.02,27.18285714285714,28.890000000000004
Jigawa,2023,47,0.0,27.45,30.398571428571426
Jigawa,2023,48,0.0,27.54714285714286,26.349999999999998
Jigawa,2023,49,0.0,23.852857142857143,20.824285714285715
Jigawa,2023,50,0.0,21.134285714285713,28.91
Jigawa,2023,51,0.0,22.48857142857143,26.157142857142855
Jigawa,2023,52,0.0,20.22142857142857,25.080000000000002
Jigawa,2024,1,0.0,22.32,21.955714285714286
Jigawa,2024,2,0.0,20.617142857142856,17.175714285714285
Jigawa,2024,3,0.0,19.43285714285714,18.622857142857146
Jigawa,2024,4,0.0,20.375714285714285,21.684285714285714
Jigawa,2024,5,0.0,22.044285714285714,19.15142857142857
Jigawa,2024,6,0.0,22.228571428571428,18.032857142857143
Jigawa,2024,7,0.0,24.28142857142857,15.679999999999998
Jigawa,2024,8,6.38,27.002857142857145,23.884285714285713
Jigawa,2024,9,0.0,29.274285714285714,17.472857142857144
Jigawa,2024,10,0.0,32.24,17.435714285714287
Jigawa,2024,11,0.6699999999999999,32.041428571428575,20.27285714285714
Jigawa,2024,12,0.0,28.98,12.022857142857143
Jigawa,2024,13,0.0,30.81714285714286,10.292857142857143
Jigawa,2024,14,0.0,32.76714285714286,15.254285714285714
Jigawa,2024,15,0.16,32.777142857142856,11.305714285714286
Jigawa,2024,16,0.0,33.285714285714285,17.318571428571428
Jigawa,2024,17,0.0,34.51428571428571,28.18
Jigawa,2024,18,0.0,34.635714285714286,29.61285714285714
Jigawa,2024,19,12.629999999999999,33.73714285714286,42.675714285714285
Jigawa,2024,20,0.02,33.145714285714284,30.07
Jigawa,2024,21,0.5,34.01714285714286,27.611428571428572
Jigawa,2024,22,12.079999999999998,34.41142857142857,39.96857142857142
Jigawa,2024,23,5.000000000000001,32.83142857142857,47.424285714285716
Jigawa,2024,24,4.05,31.697142857142858,49.151428571428575
Jigawa,2024,25,1.55,32.52571428571429,43.03142857142858
Jigawa,2024,26,24.130000000000003,31.68,49.815714285714286
Jigawa,2024,27,33.93,30.33142857142857,57.50857142857143
Jigawa,2024,28,19.95,29.86285714285714,58.34428571428571
Jigawa,2024,29,390.78999999999996,26.53857142857143,81.60285714285715
Jigawa,2024,30,53.22,26.06,82.61714285714285
Jigawa,2024,31,80.07,25.774285714285714,83.16428571428571
Jigawa,2024,32,23.11,25.834285714285716,83.66
Jigawa,2024,33,57.18,24.915714285714284,87.26428571428572
Jigawa,2024,34,20.94,25.62142857142857,85.7
Jigawa,2024,35,57.24,25.44,85.43714285714286
Jigawa,2024,36,136.92000000000002,25.175714285714285,86.2057142857143
Jigawa,2024,37,36.14,26.41714285714286,82.79571428571428
Jigawa,2024,38,18.22,26.304285714285715,81.42428571428572
Jigawa,2024,39,17.44,26.52857142857143,78.99285714285715
Jigawa,2024,40,9.6,26.00857142857143,81.55428571428571
Jigawa,2024,41,0.69,26.71,76.0657142857143
Jigawa,2024,42,2.8899999999999997,26.21142857142857,72.46285714285715
Jigawa,2024,43,0.01,24.575714285714287,66.96285714285715
Jigawa,2024,44,0.0,21.23,62.04857142857143
Jigawa,2024,45,0.0,20.40142857142857,63.09142857142857
Jigawa,2024,46,0.0,20.900000000000002,56.57857142857143
Jigawa,2024,47,0.0,19.06142857142857,52.4
Jigawa,2024,48,0.0,18.09857142857143,52.22571428571428
Jigawa,2024,49,0.0,18.384285714285713,47.31714285714286
Jigawa,2024,50,0.0,20.398571428571426,42.785714285714285
Jigawa,2024,51,0.0,17.2,44.12571428571429
Jigawa,2024,52,0.0,18.364285714285717,39.857142857142854
Jigawa,2025,1,0.0,21.185714285714287,36.03285714285714
Jigawa,2025,2,0.0,19.395714285714284,34.69857142857143
Jigawa,2025,3,0.0,22.791428571428572,31.98
Jigawa,2025,4,0.0,23.31142857142857,29.142857142857142
Jigawa,2025,5,0.0,21.25142857142857,25.888571428571428
Jigawa,2025,6,0.0,23.400000000000002,23.425714285714285
Jigawa,2025,7,0.0,23.114285714285717,21.41
Jigawa,2025,8,0.0,26.617142857142856,19.794285714285714
Jigawa,2025,9,0.26,27.207142857142856,23.365714285714287
Jigawa,2025,10,0.0,28.732857142857142,19.767142857142858
Jigawa,2025,11,0.0,30.694285714285716,17.83142857142857
Jigawa,2025,12,0.0,28.815714285714286,12.342857142857143
Jigawa,2025,13,0.0,29.957142857142856,14.114285714285714
Jigawa,2025,14,0.0,29.83142857142857,12.654285714285715
Jigawa,2025,15,0.03,31.624285714285715,16.914285714285715
Jigawa,2025,16,0.0,31.39428571428571,13.225714285714286
Jigawa,2025,17,0.0,32.52142857142857,14.655714285714286
Jigawa,2025,18,0.0,32.79,22.084285714285716
Jigawa,2025,19,0.0,31.978571428571428,13.59142857142857
Jigawa,2025,20,2.1300000000000003,33.49142857142857,29.57
Jigawa,2025,21,0.31000000000000005,33.98285714285714,25.195714285714285
Jigawa,2025,22,0.99,34.16285714285714,32.91857142857143
Jigawa,2025,23,7.8999999999999995,31.09857142857143,43.15571428571429
Jigawa,2025,24,3.3899999999999997,32.92142857142857,40.07857142857143
Jigawa,2025,25,0.15,32.63142857142857,42.61714285714286
Jigawa,2025,26,3.2699999999999996,33.037142857142854,39.357142857142854
Jigawa,2025,27,15.11,29.33857142857143,54.85142857142857
Jigawa,2025,28,19.67,29.867142857142856,52.82714285714286
Jigawa,2025,29,8.99,30.165714285714284,52.46
Jigawa,2025,30,26.93,28.857142857142858,60.721428571428575
Jigawa,2025,31,7.64,29.345714285714287,56.43714285714286
Jigawa,2025,32,10.860000000000001,29.235714285714288,55.34285714285714
Jigawa,2025,33,56.73,27.638571428571428,65.50714285714285
Jigawa,2025,34,13.549999999999999,28.27857142857143,63.72571428571428
Jigawa,2025,35,19.099999999999998,27.47714285714286,65.33
Jigawa,2025,36,5.41,27.794285714285714,66.14142857142858
Jigawa,2025,37,20.85,28.047142857142855,65.32285714285715
Jigawa,2025,38,5.1499999999999995,29.365714285714287,58.25857142857143
Jigawa,2025,39,26.45,28.334285714285716,62.36857142857143
Jigawa,2025,40,7.66,29.698571428571427,52.80142857142857
Jigawa,2025,41,15.72,28.782857142857143,56.51285714285715
Jigawa,2025,42,0.22,28.044285714285714,44.17
Jigawa,2025,43,0.0,27.32,33.45857142857143
Jigawa,2025,44,0.0,26.087142857142858,30.165714285714284
Jigawa,2025,45,0.0,26.555714285714284,29.997142857142858
Jigawa,2025,46,0.0,25.361428571428572,29.47
Jigawa,2025,47,0.0,24.488571428571426,27.388571428571428
Jigawa,2025,48,0.0,25.49285714285714,26.474285714285713
Jigawa,2025,49,0.0,25.744285714285716,25.07857142857143
Jigawa,2025,50,0.0,24.75714285714286,28.285714285714285
Jigawa,2025,51,0.0,22.66142857142857,24.967142857142857
Jigawa,2025,52,0.0,25.201428571428572,22.018571428571427
Jigawa,2026,1,0.0,25.763333333333332,20.400000000000002
Kaduna,2020,53,0.0,22.47666666666667,58.56333333333333
Kaduna,2021,1,0.0,21.407142857142855,49.23285714285714
Kaduna,2021,2,0.0,19.458571428571428,46.029999999999994
Kaduna,2021,3,0.0,19.324285714285715,43.38285714285714
Kaduna,2021,4,0.0,21.462857142857143,41.230000000000004
Kaduna,2021,5,0.0,22.18,40.715714285714284
Kaduna,2021,6,0.0,22.705714285714286,34.808571428571426
Kaduna,2021,7,0.0,21.16,29.457142857142856
Kaduna,2021,8,0.0,23.312857142857144,31.774285714285718
Kaduna,2021,9,0.0,25.864285714285717,27.0
Kaduna,2021,10,209.10000000000002,25.44142857142857,64.06428571428572
Kaduna,2021,11,0.88,24.368571428571425,73.35142857142857
Kaduna,2021,12,1.08,25.292857142857144,55.23285714285714
Kaduna,2021,13,0.0,24.51571428571429,30.302857142857142
Kaduna,2021,14,4.8500000000000005,27.49142857142857,50.10857142857143
Kaduna,2021,15,24.01,26.360000000000003,68.73428571428572
Kaduna,2021,16,2.48,26.297142857142855,71.44857142857143
Kaduna,2021,17,0.84,27.924285714285713,62.24
Kaduna,2021,18,5.74,27.439999999999998,64.53714285714285
Kaduna,2021,19,386.54,26.462857142857143,75.06428571428572
Kaduna,2021,20,244.33,25.192857142857143,84.57428571428571
Kaduna,2021,21,13.23,26.06,79.77285714285713
Kaduna,2021,22,501.73,24.857142857142858,86.22571428571428
Kaduna,2021,23,171.64,24.830000000000002,84.76714285714286
Kaduna,2021,24,85.3,24.360000000000003,87.09
Kaduna,2021,25,245.95000000000002,23.714285714285715,88.37857142857142
Kaduna,2021,26,442.58000000000004,23.419999999999998,89.17571428571429
Kaduna,2021,27,127.04,22.99142857142857,91.07571428571428
Kaduna,2021,28,481.92999999999995,23.41,90.02428571428572
Kaduna,2021,29,382.74,22.997142857142858,92.67142857142858
Kaduna,2021,30,153.85,22.618571428571425,92.74142857142856
Kaduna,2021,31,243.49,23.117142857142856,90.1657142857143
Kaduna,2021,32,281.94,22.84857142857143,91.88714285714286
Kaduna,2021,33,144.06,23.24142857142857,89.15714285714286
Kaduna,2021,34,369.75,23.995714285714286,89.26571428571428
Kaduna,2021,35,60.15,23.65285714285714,89.38857142857144
Kaduna,2021,36,245.29,23.854285714285712,87.21857142857142
Kaduna,2021,37,434.63,23.93857142857143,88.36
Kaduna,2021,38,132.32000000000002,24.041428571428572,85.23142857142857
Kaduna,2021,39,95.11999999999999,24.56142857142857,84.30714285714285
Kaduna,2021,40,143.12,24.424285714285713,82.43857142857142
Kaduna,2021,41,147.48,24.674285714285713,75.83285714285715
Kaduna,2021,42,69.64,24.01142857142857,87.01714285714286
Kaduna,2021,43,79.14,23.055714285714284,76.90714285714286
Kaduna,2021,44,174.65,22.67285714285714,74.8442857142857
Kaduna,2021,45,15.73,23.148571428571426,68.61999999999999
Kaduna,2021,46,3.33,21.84714285714286,67.66571428571429
Kaduna,2021,47,0.0,20.48857142857143,68.78
Kaduna,2021,48,232.41,19.631428571428568,68.66428571428571
Kaduna,2021,49,0.01,19.412857142857142,68.56714285714285
Kaduna,2021,50,0.0,17.827142857142857,65.17857142857143
Kaduna,2021,51,2.6,18.00857142857143,64.04142857142857
Kaduna,2021,52,0.0,17.684285714285714,62.73142857142857
Kaduna,2022,1,18.619999999999997,19.328571428571426,66.78
Kaduna,2022,2,0.01,21.14428571428571,61.53285714285715
Kaduna,2022,3,0.0,16.857142857142858,56.08142857142857
Kaduna,2022,4,0.0,17.114285714285714,52.667142857142856
Kaduna,2022,5,0.0,17.444285714285716,48.28142857142858
Kaduna,2022,6,0.0,19.669999999999998,45.348571428571425
Kaduna,2022,7,0.0,21.33857142857143,45.43857142857143
Kaduna,2022,8,0.0,21.024285714285714,41.49285714285714
Kaduna,2022,9,85.69,24.445714285714285,56.13285714285714
Kaduna,2022,10,0.13,25.391428571428573,58.36857142857143
Kaduna,2022,11,0.04,24.041428571428572,41.798571428571435
Kaduna,2022,12,79.88,25.054285714285715,50.43571428571429
Kaduna,2022,13,170.9,24.43,51.32714285714285
Kaduna,2022,14,339.43999999999994,25.725714285714282,80.83142857142857
Kaduna,2022,15,13.36,24.917142857142856,80.85428571428572
Kaduna,2022,16,176.7,25.478571428571428,79.6542857142857
Kaduna,2022,17,852.09,24.625714285714285,83.87714285714286
Kaduna,2022,18,44.58,25.13714285714286,82.9357142857143
Kaduna,2022,19,217.29,25.208571428571425,86.35857142857142
Kaduna,2022,20,461.03,24.91,85.20142857142856
Kaduna,2022,21,500.03999999999996,24.027142857142856,88.53999999999999
Kaduna,2022,22,101.88,24.349999999999998,87.33285714285715
Kaduna,2022,23,273.12,23.545714285714286,87.39142857142858
Kaduna,2022,24,53.5,23.867142857142856,87.86857142857141
Kaduna,2022,25,519.0600000000001,23.645714285714288,90.16571428571429
Kaduna,2022,26,39.2,23.412857142857142,88.98428571428572
Kaduna,2022,27,37.97,23.975714285714282,86.30142857142857
Kaduna,2022,28,47.84,23.181428571428572,90.69714285714285
Kaduna,2022,29,29.68,23.235714285714288,88.08285714285714
Kaduna,2022,30,57.69,22.792857142857144,90.69714285714285
Kaduna,2022,31,30.189999999999998,23.147142857142857,88.70285714285714
Kaduna,2022,32,41.01,23.407142857142855,88.5
Kaduna,2022,33,121.66000000000001,22.607142857142858,89.92285714285715
Kaduna,2022,34,172.89999999999998,22.428571428571427,91.38142857142859
Kaduna,2022,35,82.52,23.148571428571426,87.65142857142857
Kaduna,2022,36,222.79000000000002,23.594285714285714,87.25142857142858
Kaduna,2022,37,32.38,23.50142857142857,89.00999999999999
Kaduna,2022,38,22.77,23.73,87.05142857142857
Kaduna,2022,39,44.31,23.63714285714286,86.58142857142857
Kaduna,2022,40,45.83,23.50142857142857,87.76857142857143
Kaduna,2022,41,17.49,23.464285714285715,81.84857142857142
Kaduna,2022,42,0.18,22.50857142857143,73.95142857142856
Kaduna,2022,43,0.33,22.03857142857143,75.28285714285714
Kaduna,2022,44,0.0,21.301428571428573,69.71428571428571
Kaduna,2022,45,0.01,22.572857142857142,66.96142857142857
Kaduna,2022,46,0.0,20.285714285714285,65.99285714285715
Kaduna,2022,47,0.0,19.357142857142858,60.16428571428571
Kaduna,2022,48,0.0,20.78857142857143,63.41285714285714
Kaduna,2022,49,0.0,19.424285714285713,55.93714285714286
Kaduna,2022,50,0.0,19.092857142857145,56.354285714285716
Kaduna,2022,51,0.0,17.768571428571427,52.777142857142856
Kaduna,2022,52,0.0,17.805714285714284,49.12285714285714
Kaduna,2023,1,0.0,19.245714285714286,50.35285714285714
Kaduna,2023,2,0.0,18.849999999999998,46.44714285714286
Kaduna,2023,3,0.0,20.775714285714287,47.012857142857136
Kaduna,2023,4,0.0,23.395714285714284,47.93
Kaduna,2023,5,0.0,24.467142857142857,41.41142857142857
Kaduna,2023,6,0.0,23.322857142857142,29.830000000000002
Kaduna,2023,7,0.0,21.557142857142857,29.23
Kaduna,2023,8,0.0,24.34142857142857,30.75142857142857
Kaduna,2023,9,121.46000000000001,26.571428571428573,48.917142857142856
Kaduna,2023,10,174.45,25.068571428571428,64.96428571428571
Kaduna,2023,11,31.46,24.062857142857144,49.64142857142857
Kaduna,2023,12,11.94,25.872857142857146,63.142857142857146
Kaduna,2023,13,0.33,24.611428571428572,37.635714285714286
Kaduna,2023,14,198.0,25.21,64.4057142857143
Kaduna,2023,15,31.2,25.23,64.40142857142857
Kaduna,2023,16,53.18,26.015714285714285,76.36
Kaduna,2023,17,182.27,24.702857142857145,82.46285714285715
Kaduna,2023,18,168.59,25.444285714285716,78.74
Kaduna,2023,19,501.23999999999995,25.61285714285714,80.03571428571429
Kaduna,2023,20,180.66,25.232857142857142,88.77
Kaduna,2023,21,79.83,25.898571428571426,85.06857142857143
Kaduna,2023,22,33.11,25.485714285714288,85.84857142857143
Kaduna,2023,23,51.129999999999995,24.274285714285718,89.84857142857143
Kaduna,2023,24,25.97,24.56714285714286,85.14428571428572
Kaduna,2023,25,31.95,23.82857142857143,89.11714285714285
Kaduna,2023,26,15.219999999999999,25.014285714285712,82.02142857142857
Kaduna,2023,27,41.58,24.648571428571426,85.02714285714286
Kaduna,2023,28,47.16,25.00857142857143,82.63
Kaduna,2023,29,41.76,24.885714285714283,85.22
Kaduna,2023,30,20.58,24.315714285714286,87.87285714285714
Kaduna,2023,31,36.09,23.900000000000002,90.04142857142857
Kaduna,2023,32,25.520000000000003,23.47,88.65285714285713
Kaduna,2023,33,39.6,24.315714285714286,84.52714285714286
Kaduna,2023,34,71.36,24.965714285714284,83.3157142857143
Kaduna,2023,35,43.92,23.801428571428573,88.14285714285714
Kaduna,2023,36,78.08,24.405714285714286,84.17428571428572
Kaduna,2023,37,35.97,24.41857142857143,88.17714285714285
Kaduna,2023,38,23.97,24.86285714285714,83.35142857142857
Kaduna,2023,39,27.89,25.00714285714286,83.40142857142858
Kaduna,2023,40,14.02,25.114285714285717,79.35571428571428
Kaduna,2023,41,9.52,25.407142857142855,76.87142857142858
Kaduna,2023,42,14.35,24.87142857142857,73.2057142857143
Kaduna,2023,43,0.0,24.627142857142854,60.15
Kaduna,2023,44,0.33,24.66142857142857,66.73714285714286
Kaduna,2023,45,0.01,24.334285714285716,60.25
Kaduna,2023,46,0.22,23.178571428571427,59.970000000000006
Kaduna,2023,47,1.49,23.27,68.16714285714286
Kaduna,2023,48,0.0,23.384285714285713,54.79571428571428
Kaduna,2023,49,0.0,21.48,47.11142857142857
Kaduna,2023,50,0.0,19.951428571428572,46.55857142857143
Kaduna,2023,51,0.0,21.434285714285714,43.41142857142857
Kaduna,2023,52,0.0,20.46142857142857,40.82285714285714
Kaduna,2024,1,0.0,22.08142857142857,38.019999999999996
Kaduna,2024,2,0.0,20.62857142857143,29.645714285714288
Kaduna,2024,3,0.0,20.122857142857146,27.09714285714286
Kaduna,2024,4,0.0,21.035714285714285,29.815714285714286
Kaduna,2024,5,0.0,22.792857142857144,27.065714285714286
Kaduna,2024,6,0.0,23.165714285714284,27.798571428571428
Kaduna,2024,7,0.0,24.86285714285714,23.824285714285715
Kaduna,2024,8,7.39,26.842857142857145,37.36714285714286
Kaduna,2024,9,0.0,28.47142857142857,35.18
Kaduna,2024,10,0.0,29.707142857142856,44.27571428571429
Kaduna,2024,11,241.54999999999998,28.264285714285712,55.202857142857134
Kaduna,2024,12,0.0,25.361428571428572,40.50714285714286
Kaduna,2024,13,0.0,28.27857142857143,41.027142857142856
Kaduna,2024,14,2.45,28.34,57.978571428571435
Kaduna,2024,15,7.720000000000001,28.29,55.05142857142857
Kaduna,2024,16,193.27,28.232857142857142,57.18714285714286
Kaduna,2024,17,11.790000000000001,26.84142857142857,79.63857142857144
Kaduna,2024,18,9.4,27.571428571428573,74.64285714285714
Kaduna,2024,19,40.4,26.78,79.61
Kaduna,2024,20,0.94,27.71,69.29714285714286
Kaduna,2024,21,24.96,27.882857142857144,71.78428571428572
Kaduna,2024,22,47.53,27.267142857142858,76.47
Kaduna,2024,23,39.8,25.365714285714287,86.17571428571429
Kaduna,2024,24,51.300000000000004,25.557142857142857,81.55999999999999
Kaduna,2024,25,12.950000000000001,25.59,80.27714285714286
Kaduna,2024,26,60.75,25.34142857142857,82.08428571428571
Kaduna,2024,27,25.54,24.635714285714283,84.63
Kaduna,2024,28,84.64,24.655714285714286,83.85571428571428
Kaduna,2024,29,496.16,23.814285714285713,89.46000000000001
Kaduna,2024,30,104.41,23.49857142857143,89.77428571428571
Kaduna,2024,31,88.46,23.545714285714286,89.13142857142857
Kaduna,2024,32,19.75,23.574285714285715,89.05285714285715
Kaduna,2024,33,56.510000000000005,23.085714285714285,89.65428571428572
Kaduna,2024,34,43.99,23.681428571428572,89.47714285714285
Kaduna,2024,35,46.03,23.237142857142857,90.92
Kaduna,2024,36,28.630000000000003,23.617142857142856,87.77857142857144
Kaduna,2024,37,43.980000000000004,24.754285714285714,84.82000000000001
Kaduna,2024,38,57.31,24.490000000000002,85.33
Kaduna,2024,39,23.7,24.365714285714287,83.11142857142856
Kaduna,2024,40,28.39,24.41857142857143,85.09285714285714
Kaduna,2024,41,10.51,24.681428571428572,81.45714285714287
Kaduna,2024,42,9.27,24.344285714285714,79.46285714285715
Kaduna,2024,43,5.609999999999999,23.93,75.06857142857143
Kaduna,2024,44,0.0,21.77285714285714,68.99571428571429
Kaduna,2024,45,0.0,20.86285714285714,67.97714285714287
Kaduna,2024,46,0.0,20.90285714285714,63.08428571428572
Kaduna,2024,47,0.0,19.69142857142857,59.13142857142857
Kaduna,2024,48,0.0,18.704285714285714,57.93142857142857
Kaduna,2024,49,0.0,18.995714285714286,56.135714285714286
Kaduna,2024,50,0.0,20.12142857142857,51.73142857142857
Kaduna,2024,51,0.0,18.102857142857143,48.730000000000004
Kaduna,2024,52,0.0,19.842857142857145,45.58857142857143
Kaduna,2025,1,0.0,21.988571428571426,42.60857142857143
Kaduna,2025,2,0.0,20.382857142857144,39.17142857142857
Kaduna,2025,3,0.0,23.825714285714287,40.66571428571428
Kaduna,2025,4,0.0,23.678571428571427,36.49857142857143
Kaduna,2025,5,0.0,22.57857142857143,29.62
Kaduna,2025,6,0.0,24.764285714285712,27.16
Kaduna,2025,7,0.0,24.247142857142855,23.665714285714284
Kaduna,2025,8,0.03,26.521428571428572,30.87
Kaduna,2025,9,0.27,27.011428571428574,30.03
Kaduna,2025,10,0.0,28.851428571428574,23.635714285714283
Kaduna,2025,11,0.39,29.89428571428571,26.734285714285715
Kaduna,2025,12,0.01,28.47714285714286,22.405714285714286
Kaduna,2025,13,0.21,29.851428571428574,28.81142857142857
Kaduna,2025,14,1.8800000000000001,30.312857142857144,29.33142857142857
Kaduna,2025,15,3.2399999999999998,29.81142857142857,38.17285714285714
Kaduna,2025,16,0.15,30.80857142857143,29.382857142857144
Kaduna,2025,17,1.12,30.988571428571426,37.09285714285714
Kaduna,2025,18,12.309999999999999,29.19142857142857,52.542857142857144
Kaduna,2025,19,0.62,30.53,38.79
Kaduna,2025,20,9.48,29.474285714285713,55.42857142857143
Kaduna,2025,21,13.58,29.32,60.424285714285716
Kaduna,2025,22,75.45,27.198571428571427,72.73428571428572
Kaduna,2025,23,21.27,26.365714285714287,73.31142857142858
Kaduna,2025,24,47.01,25.657142857142855,78.67857142857143
Kaduna,2025,25,28.779999999999998,25.84714285714286,75.18714285714285
Kaduna,2025,26,30.11,25.77,77.14571428571428
Kaduna,2025,27,45.83,24.428571428571427,82.5942857142857
Kaduna,2025,28,42.42,23.91857142857143,84.30857142857143
Kaduna,2025,29,14.43,24.618571428571425,80.31142857142858
Kaduna,2025,30,99.42,23.874285714285715,86.73428571428572
Kaduna,2025,31,33.06,24.145714285714288,84.83857142857143
Kaduna,2025,32,55.68,24.037142857142857,83.75428571428571
Kaduna,2025,33,149.22,23.41857142857143,86.36
Kaduna,2025,34,30.46,23.49857142857143,85.80142857142857
Kaduna,2025,35,47.3,23.335714285714285,87.32428571428571
Kaduna,2025,36,15.120000000000001,23.98428571428571,84.73857142857143
Kaduna,2025,37,85.18,24.145714285714288,84.00857142857141
Kaduna,2025,38,67.89,24.704285714285714,81.54714285714286
Kaduna,2025,39,90.7,24.254285714285714,83.12142857142858
Kaduna,2025,40,97.05,24.58285714285714,81.60571428571428
Kaduna,2025,41,45.38,24.217142857142857,81.01
Kaduna,2025,42,13.28,24.302857142857142,73.47428571428573
Kaduna,2025,43,5.04,24.731428571428573,63.06428571428571
Kaduna,2025,44,0.04,23.928571428571427,55.43857142857143
Kaduna,2025,45,0.030000000000000002,24.22714285714286,57.029999999999994
Kaduna,2025,46,0.0,22.7,53.71142857142858
Kaduna,2025,47,0.0,22.434285714285714,49.01571428571429
Kaduna,2025,48,0.0,23.17142857142857,46.76428571428572
Kaduna,2025,49,0.0,23.675714285714285,47.56571428571429
Kaduna,2025,50,0.0,23.43285714285714,45.99571428571428
Kaduna,2025,51,0.0,22.445714285714285,39.708571428571425
Kaduna,2025,52,0.0,24.462857142857143,38.94857142857143
Kaduna,2026,1,0.0,24.49666666666667,33.663333333333334
Kano,2020,53,0.0,22.88,36.03666666666667
Kano,2021,1,0.0,22.972857142857144,31.575714285714287
Kano,2021,2,0.0,19.867142857142856,29.518571428571427
Kano,2021,3,0.0,19.24142857142857,30.330000000000002
Kano,2021,4,0.0,21.68285714285714,26.928571428571427
Kano,2021,5,0.0,22.244285714285716,27.035714285714285
Kano,2021,6,0.0,21.97714285714286,23.431428571428572
Kano,2021,7,0.0,20.419999999999998,22.055714285714284
Kano,2021,8,0.0,22.94857142857143,23.372857142857146
Kano,2021,9,0.0,25.518571428571427,21.33857142857143
Kano,2021,10,0.1,29.00857142857143,31.48428571428571
Kano,2021,11,0.0,29.729999999999997,34.50714285714285
Kano,2021,12,0.0,28.53,21.187142857142856
Kano,2021,13,0.0,25.544285714285714,16.344285714285714
Kano,2021,14,0.0,29.931428571428572,18.72714285714286
Kano,2021,15,0.59,29.604285714285712,26.134285714285713
Kano,2021,16,0.0,31.34857142857143,33.82857142857143
Kano,2021,17,0.0,31.192857142857143,23.517142857142858
Kano,2021,18,0.14,31.337142857142858,29.21857142857143
Kano,2021,19,2.5700000000000003,32.26142857142857,43.10285714285715
Kano,2021,20,1.67,31.634285714285713,49.34142857142857
Kano,2021,21,0.14,31.545714285714286,36.957142857142856
Kano,2021,22,13.57,30.8,50.45857142857143
Kano,2021,23,23.339999999999996,30.541428571428575,54.81285714285714
Kano,2021,24,49.82,29.66857142857143,59.09571428571429
Kano,2021,25,109.14999999999999,26.93142857142857,72.39857142857143
Kano,2021,26,44.62,27.382857142857144,69.73571428571428
Kano,2021,27,49.72,26.39428571428571,75.42428571428572
Kano,2021,28,309.08000000000004,26.56,76.17999999999999
Kano,2021,29,267.26,25.304285714285715,86.01571428571428
Kano,2021,30,74.47,24.611428571428572,87.81714285714285
Kano,2021,31,136.82,25.34142857142857,84.34142857142857
Kano,2021,32,234.66,24.81142857142857,84.95
Kano,2021,33,27.270000000000003,24.76571428571429,85.15714285714286
Kano,2021,34,97.51,25.851428571428574,82.07857142857142
Kano,2021,35,23.83,25.892857142857142,83.19428571428571
Kano,2021,36,140.19,25.72142857142857,83.08142857142857
Kano,2021,37,79.33999999999999,25.754285714285714,84.60285714285715
Kano,2021,38,53.36,25.610000000000003,80.6842857142857
Kano,2021,39,59.65,25.755714285714284,76.62714285714286
Kano,2021,40,1.91,25.81,69.11428571428571
Kano,2021,41,15.29,24.907142857142855,68.38571428571429
Kano,2021,42,29.4,25.777142857142856,81.01285714285714
Kano,2021,43,0.1,24.04,62.32
Kano,2021,44,0.0,23.305714285714284,64.92142857142856
Kano,2021,45,0.0,24.505714285714284,54.23428571428571
Kano,2021,46,0.0,23.027142857142856,57.39714285714286
Kano,2021,47,0.0,21.557142857142857,55.83142857142857
Kano,2021,48,0.14,19.075714285714287,64.55571428571429
Kano,2021,49,0.0,17.972857142857144,67.38
Kano,2021,50,0.0,15.928571428571429,66.39142857142858
Kano,2021,51,0.0,15.874285714285715,63.06285714285714
Kano,2021,52,0.0,16.294285714285714,59.91285714285714
Kano,2022,1,19.990000000000002,18.217142857142857,65.86285714285714
Kano,2022,2,0.0,19.057142857142857,52.222857142857144
Kano,2022,3,0.0,14.63142857142857,52.31857142857143
Kano,2022,4,0.0,15.624285714285715,47.84428571428571
Kano,2022,5,0.0,15.43142857142857,44.61285714285714
Kano,2022,6,0.0,17.787142857142857,41.082857142857144
Kano,2022,7,0.0,20.997142857142855,38.019999999999996
Kano,2022,8,0.0,20.22,33.74285714285714
Kano,2022,9,0.0,24.972857142857144,30.282857142857146
Kano,2022,10,0.0,26.897142857142857,34.354285714285716
Kano,2022,11,0.0,25.165714285714284,25.419999999999998
Kano,2022,12,0.01,27.532857142857143,24.65142857142857
Kano,2022,13,0.0,26.77285714285714,21.834285714285716
Kano,2022,14,3.15,30.204285714285714,45.41285714285714
Kano,2022,15,0.47,30.178571428571427,54.84571428571429
Kano,2022,16,0.84,30.84,41.824285714285715
Kano,2022,17,21.79,30.02,56.65714285714286
Kano,2022,18,0.4,30.428571428571427,56.284285714285716
Kano,2022,19,37.36,29.428571428571427,59.114285714285714
Kano,2022,20,12.16,29.552857142857142,55.699999999999996
Kano,2022,21,1.81,29.697142857142858,53.18142857142857
Kano,2022,22,39.57,30.068571428571428,58.17142857142857
Kano,2022,23,137.59,27.84714285714286,67.78142857142856
Kano,2022,24,7.6899999999999995,27.455714285714286,69.10142857142857
Kano,2022,25,64.6,27.00857142857143,73.70285714285716
Kano,2022,26,22.19,27.072857142857142,71.55142857142857
Kano,2022,27,19.32,27.58142857142857,68.76857142857143
Kano,2022,28,61.97,26.747142857142855,73.5657142857143
Kano,2022,29,5.48,26.58857142857143,72.52571428571429
Kano,2022,30,19.37,26.051428571428573,75.74285714285715
Kano,2022,31,13.069999999999999,26.325714285714287,74.56000000000002
Kano,2022,32,25.77,26.244285714285716,76.20714285714287
Kano,2022,33,63.730000000000004,24.608571428571427,83.17571428571429
Kano,2022,34,72.6,24.164285714285715,86.42
Kano,2022,35,29.13,25.59857142857143,78.27571428571427
Kano,2022,36,36.21,25.66714285714286,80.42857142857143
Kano,2022,37,31.93,26.345714285714283,77.45714285714287
Kano,2022,38,8.49,26.29714285714286,77.22
Kano,2022,39,7.9,26.601428571428574,73.96000000000001
Kano,2022,40,7.829999999999999,26.572857142857142,73.60285714285715
Kano,2022,41,2.15,25.919999999999998,63.72714285714286
Kano,2022,42,6.45,24.15857142857143,55.61714285714286
Kano,2022,43,0.02,24.018571428571427,55.25
Kano,2022,44,0.0,22.88,50.99
Kano,2022,45,0.0,23.845714285714283,47.94714285714286
Kano,2022,46,0.0,21.502857142857145,46.521428571428565
Kano,2022,47,0.0,20.181428571428572,40.332857142857144
Kano,2022,48,0.0,21.90857142857143,42.03142857142858
Kano,2022,49,0.0,20.565714285714286,35.25714285714286
Kano,2022,50,0.0,20.475714285714282,34.424285714285716
Kano,2022,51,0.0,18.832857142857144,37.30142857142857
Kano,2022,52,0.0,17.87857142857143,35.271428571428565
Kano,2023,1,0.0,18.965714285714284,37.24857142857143
Kano,2023,2,0.0,19.012857142857143,32.23714285714286
Kano,2023,3,0.0,20.827142857142857,32.29857142857143
Kano,2023,4,0.0,24.43,29.034285714285716
Kano,2023,5,0.0,25.322857142857142,27.384285714285713
Kano,2023,6,0.0,23.20285714285714,22.205714285714286
Kano,2023,7,0.0,20.677142857142858,23.427142857142858
Kano,2023,8,0.0,23.735714285714288,22.475714285714286
Kano,2023,9,0.0,27.74142857142857,20.91714285714286
Kano,2023,10,0.0,28.889999999999997,20.064285714285713
Kano,2023,11,0.0,25.84142857142857,19.779999999999998
Kano,2023,12,0.16,28.895714285714284,28.975714285714282
Kano,2023,13,0.0,27.035714285714285,16.908571428571427
Kano,2023,14,0.2,29.56,27.587142857142858
Kano,2023,15,0.0,29.948571428571427,22.407142857142855
Kano,2023,16,4.16,32.011428571428574,36.31142857142857
Kano,2023,17,58.49,30.335714285714285,48.99
Kano,2023,18,0.36,31.125714285714285,41.05714285714286
Kano,2023,19,1.6500000000000001,31.042857142857144,44.730000000000004
Kano,2023,20,0.72,31.922857142857143,53.75142857142857
Kano,2023,21,0.28,33.191428571428574,46.885714285714286
Kano,2023,22,3.0,31.475714285714286,53.11714285714286
Kano,2023,23,25.950000000000003,29.714285714285715,59.675714285714285
Kano,2023,24,5.64,30.36285714285714,54.63857142857143
Kano,2023,25,8.350000000000001,29.37285714285714,58.89857142857143
Kano,2023,26,1.77,30.924285714285713,48.13142857142857
Kano,2023,27,28.25,30.462857142857143,54.152857142857144
Kano,2023,28,11.48,30.374285714285715,54.52428571428572
Kano,2023,29,40.64,30.224285714285713,57.92142857142857
Kano,2023,30,5.62,29.762857142857143,59.887142857142855
Kano,2023,31,21.69,28.24857142857143,68.40857142857143
Kano,2023,32,32.910000000000004,26.698571428571427,73.81714285714285
Kano,2023,33,13.56,28.91857142857143,61.25428571428571
Kano,2023,34,13.190000000000001,28.917142857142856,63.55571428571428
Kano,2023,35,7.210000000000001,29.05142857142857,62.15857142857143
Kano,2023,36,79.44,27.864285714285717,67.14571428571428
Kano,2023,37,14.09,28.50714285714286,68.87142857142858
Kano,2023,38,4.83,29.25142857142857,58.60142857142858
Kano,2023,39,10.27,29.057142857142857,62.51142857142857
Kano,2023,40,10.14,27.672857142857143,59.45428571428572
Kano,2023,41,0.0,28.47714285714286,45.25285714285714
Kano,2023,42,0.02,27.79,42.13428571428572
Kano,2023,43,0.0,26.88714285714286,30.40285714285714
Kano,2023,44,0.0,27.37,35.19285714285714
Kano,2023,45,0.0,26.692857142857143,31.284285714285716
Kano,2023,46,0.01,26.554285714285715,30.78142857142857
Kano,2023,47,0.0,26.997142857142858,35.54571428571428
Kano,2023,48,0.0,26.69,29.737142857142857
Kano,2023,49,0.0,23.01571428571429,22.872857142857146
Kano,2023,50,0.0,20.482857142857142,30.77857142857143
Kano,2023,51,0.0,22.017142857142858,27.858571428571427
Kano,2023,52,0.0,19.62285714285714,27.00857142857143
Kano,2024,1,0.0,21.724285714285713,23.58142857142857
Kano,2024,2,0.0,19.994285714285716,19.004285714285714
Kano,2024,3,0.0,18.782857142857143,20.419999999999998
Kano,2024,4,0.0,19.81714285714286,23.24142857142857
Kano,2024,5,0.0,21.511428571428574,20.81714285714286
Kano,2024,6,0.0,21.845714285714283,19.669999999999998
Kano,2024,7,0.0,23.66857142857143,17.665714285714287
Kano,2024,8,7.1899999999999995,26.185714285714287,26.487142857142857
Kano,2024,9,0.0,28.64428571428571,18.972857142857144
Kano,2024,10,0.0,31.22,19.017142857142858
Kano,2024,11,0.79,31.474285714285713,23.107142857142858
Kano,2024,12,0.0,28.172857142857143,13.934285714285716
Kano,2024,13,0.0,30.138571428571428,12.312857142857142
Kano,2024,14,0.0,31.75,22.407142857142855
Kano,2024,15,0.18,31.81857142857143,16.532857142857143
Kano,2024,16,0.04,32.582857142857144,22.201428571428572
Kano,2024,17,0.01,33.73428571428571,32.96714285714286
Kano,2024,18,0.01,33.808571428571426,32.98285714285714
Kano,2024,19,11.24,33.28285714285714,44.642857142857146
Kano,2024,20,0.0,32.82,31.56142857142857
Kano,2024,21,0.9700000000000001,33.39857142857143,32.91285714285714
Kano,2024,22,21.330000000000002,33.61714285714286,43.464285714285715
Kano,2024,23,5.779999999999999,31.891428571428573,51.81285714285714
Kano,2024,24,3.53,31.044285714285714,52.01428571428572
Kano,2024,25,1.6,31.82857142857143,46.582857142857144
Kano,2024,26,30.13,31.148571428571426,53.041428571428575
Kano,2024,27,33.55,29.88714285714286,58.99142857142857
Kano,2024,28,21.36,29.62142857142857,59.75285714285714
Kano,2024,29,383.83,26.08857142857143,82.74714285714286
Kano,2024,30,57.76,25.740000000000002,83.00428571428571
Kano,2024,31,73.69,25.7,81.48571428571428
Kano,2024,32,22.04,25.804285714285715,81.33714285714287
Kano,2024,33,53.98,24.775714285714287,85.62428571428572
Kano,2024,34,15.55,25.75,82.82714285714285
Kano,2024,35,53.49,25.102857142857143,84.85000000000001
Kano,2024,36,127.25000000000001,25.201428571428572,85.10714285714286
Kano,2024,37,36.35,26.349999999999998,81.91142857142857
Kano,2024,38,17.07,26.38,79.44000000000001
Kano,2024,39,17.25,26.521428571428572,77.33285714285715
Kano,2024,40,9.82,26.22,78.55714285714285
Kano,2024,41,0.51,26.881428571428575,73.51714285714286
Kano,2024,42,3.31,26.267142857142858,70.01285714285714
Kano,2024,43,0.01,24.632857142857144,64.71142857142857
Kano,2024,44,0.0,21.304285714285715,59.902857142857144
Kano,2024,45,0.0,20.24142857142857,62.67857142857143
Kano,2024,46,0.0,20.63714285714286,57.21142857142858
Kano,2024,47,0.0,18.592857142857145,54.22571428571428
Kano,2024,48,0.0,17.54285714285714,54.59142857142857
Kano,2024,49,0.0,17.694285714285716,50.370000000000005
Kano,2024,50,0.0,19.64428571428571,46.215714285714284
Kano,2024,51,0.0,16.622857142857143,46.43571428571429
Kano,2024,52,0.0,17.775714285714287,43.044285714285714
Kano,2025,1,0.0,20.41857142857143,39.902857142857144
Kano,2025,2,0.0,18.84857142857143,37.582857142857144
Kano,2025,3,0.0,22.021428571428572,35.785714285714285
Kano,2025,4,0.0,22.47,32.75142857142857
Kano,2025,5,0.0,20.57,29.041428571428572
Kano,2025,6,0.0,22.335714285714285,27.244285714285716
Kano,2025,7,0.0,22.375714285714285,24.631428571428575
Kano,2025,8,0.0,25.672857142857143,23.614285714285717
Kano,2025,9,0.12000000000000001,26.27285714285714,26.595714285714283
Kano,2025,10,0.0,27.86285714285714,22.717142857142857
Kano,2025,11,0.0,29.964285714285715,20.184285714285714
Kano,2025,12,0.0,27.834285714285716,14.827142857142858
Kano,2025,13,0.0,29.117142857142856,17.052857142857142
Kano,2025,14,0.0,28.99857142857143,15.645714285714286
Kano,2025,15,0.02,30.60571428571429,20.45285714285714
Kano,2025,16,0.0,30.472857142857144,15.948571428571428
Kano,2025,17,0.0,31.552857142857142,17.48714285714286
Kano,2025,18,0.0,32.184285714285714,27.264285714285712
Kano,2025,19,0.0,31.082857142857144,16.537142857142857
Kano,2025,20,2.38,32.67714285714286,32.220000000000006
Kano,2025,21,0.3,33.160000000000004,27.65142857142857
Kano,2025,22,1.2200000000000002,33.357142857142854,37.79714285714285
Kano,2025,23,9.16,30.868571428571425,43.651428571428575
Kano,2025,24,3.27,32.01142857142857,45.262857142857136
Kano,2025,25,0.09,32.074285714285715,44.167142857142856
Kano,2025,26,6.2,32.38142857142857,42.21142857142858
Kano,2025,27,13.83,28.75714285714286,58.36571428571428
Kano,2025,28,19.84,29.177142857142858,56.13
Kano,2025,29,7.739999999999999,29.544285714285714,55.191428571428574
Kano,2025,30,26.33,28.268571428571427,63.65714285714286
Kano,2025,31,11.02,28.694285714285716,60.4
Kano,2025,32,12.05,28.810000000000002,57.675714285714285
Kano,2025,33,61.64,27.150000000000002,68.07857142857144
Kano,2025,34,16.02,27.822857142857142,65.99285714285715
Kano,2025,35,14.61,26.948571428571427,67.92
Kano,2025,36,5.36,27.555714285714284,66.98
Kano,2025,37,21.65,27.794285714285714,65.88142857142857
Kano,2025,38,5.2700000000000005,29.125714285714285,58.364285714285714
Kano,2025,39,30.47,28.01571428571429,63.77571428571429
Kano,2025,40,6.76,29.458571428571428,52.75428571428571
Kano,2025,41,16.39,28.454285714285714,57.348571428571425
Kano,2025,42,0.19,27.740000000000002,44.56
Kano,2025,43,0.0,26.895714285714288,33.027142857142856
Kano,2025,44,0.0,25.52,30.669999999999998
Kano,2025,45,0.0,26.06142857142857,29.91714285714286
Kano,2025,46,0.0,24.915714285714284,30.325714285714287
Kano,2025,47,0.0,23.97142857142857,28.482857142857142
Kano,2025,48,0.0,24.804285714285715,27.615714285714287
Kano,2025,49,0.0,25.145714285714288,26.551428571428573
Kano,2025,50,0.0,24.087142857142858,29.877142857142854
Kano,2025,51,0.0,22.07857142857143,26.18285714285714
Kano,2025,52,0.0,24.65285714285714,23.62142857142857
Kano,2026,1,0.0,25.176666666666666,22.02333333333333
Katsina,2020,53,0.0,23.423333333333332,32.77
Katsina,2021,1,0.0,23.032857142857143,30.537142857142857
Katsina,2021,2,0.0,20.247142857142855,26.324285714285715
Katsina,2021,3,0.0,19.18285714285714,28.04
Katsina,2021,4,0.0,21.77285714285714,23.132857142857144
Katsina,2021,5,0.0,22.65285714285714,22.74857142857143
Katsina,2021,6,0.0,22.919999999999998,17.825714285714287
Katsina,2021,7,0.0,21.07,18.344285714285714
Katsina,2021,8,0.0,23.624285714285715,18.31
Katsina,2021,9,0.0,26.541428571428572,17.225714285714286
Katsina,2021,10,0.0,30.00714285714286,24.208571428571428
Katsina,2021,11,0.0,30.30857142857143,28.517142857142858
Katsina,2021,12,0.0,28.904285714285713,16.265714285714285
Katsina,2021,13,0.0,26.21,12.987142857142857
Katsina,2021,14,0.0,31.148571428571426,12.855714285714285
Katsina,2021,15,0.0,30.377142857142854,16.889999999999997
Katsina,2021,16,0.06999999999999999,32.67142857142857,29.40142857142857
Katsina,2021,17,0.0,32.22428571428571,13.469999999999999
Katsina,2021,18,1.07,32.38,21.90285714285714
Katsina,2021,19,2.35,33.582857142857144,31.892857142857142
Katsina,2021,20,0.48,32.86714285714286,37.91142857142857
Katsina,2021,21,0.92,32.44285714285714,23.947142857142858
Katsina,2021,22,17.94,31.415714285714284,42.85142857142858
Katsina,2021,23,37.83,30.951428571428572,50.74857142857143
Katsina,2021,24,17.36,30.052857142857142,55.924285714285716
Katsina,2021,25,55.09,27.497142857142855,65.9042857142857
Katsina,2021,26,55.59,27.072857142857142,69.17285714285715
Katsina,2021,27,216.36999999999998,26.135714285714283,76.18857142857142
Katsina,2021,28,149.76,25.717142857142857,80.87
Katsina,2021,29,82.14,25.307142857142857,84.78857142857143
Katsina,2021,30,246.73999999999998,24.48,88.40714285714286
Katsina,2021,31,57.150000000000006,25.075714285714287,85.25571428571428
Katsina,2021,32,124.33,24.58142857142857,86.57571428571428
Katsina,2021,33,55.790000000000006,24.527142857142856,86.24142857142859
Katsina,2021,34,121.46000000000001,25.231428571428573,84.97571428571429
Katsina,2021,35,52.81,24.85571428571429,88.36
Katsina,2021,36,271.98,25.09,87.24142857142859
Katsina,2021,37,121.00999999999999,24.685714285714287,90.05285714285715
Katsina,2021,38,37.61,25.282857142857146,84.06714285714285
Katsina,2021,39,10.29,25.174285714285713,77.78857142857143
Katsina,2021,40,11.36,25.38,70.4057142857143
Katsina,2021,41,22.92,25.09,60.269999999999996
Katsina,2021,42,14.069999999999999,25.325714285714287,81.9342857142857
Katsina,2021,43,0.0,23.684285714285714,62.46714285714285
Katsina,2021,44,0.0,23.004285714285714,64.98
Katsina,2021,45,0.0,24.138571428571428,51.80714285714286
Katsina,2021,46,0.0,22.774285714285718,55.25857142857143
Katsina,2021,47,0.0,21.307142857142857,54.23571428571428
Katsina,2021,48,0.0,19.777142857142856,52.05428571428571
Katsina,2021,49,0.0,19.267142857142858,48.182857142857145
Katsina,2021,50,0.0,17.982857142857142,42.60857142857143
Katsina,2021,51,0.0,17.875714285714285,39.58571428571429
Katsina,2021,52,0.0,18.41857142857143,36.65428571428571
Katsina,2022,1,7.79,20.051428571428573,46.13285714285714
Katsina,2022,2,0.0,20.95285714285714,29.66714285714286
Katsina,2022,3,0.0,16.451428571428572,30.407142857142855
Katsina,2022,4,0.0,18.02285714285714,26.687142857142856
Katsina,2022,5,0.0,17.832857142857144,23.437142857142856
Katsina,2022,6,0.0,20.75857142857143,20.03
Katsina,2022,7,0.0,23.997142857142858,20.22714285714286
Katsina,2022,8,0.0,22.815714285714286,16.875714285714285
Katsina,2022,9,0.0,27.46142857142857,17.181428571428572
Katsina,2022,10,1.83,29.131428571428568,20.381428571428568
Katsina,2022,11,0.0,27.26571428571429,15.227142857142857
Katsina,2022,12,0.0,29.395714285714288,15.661428571428571
Katsina,2022,13,0.0,28.435714285714287,13.780000000000001
Katsina,2022,14,0.0,31.884285714285713,35.02428571428571
Katsina,2022,15,23.71,30.457142857142856,49.871428571428574
Katsina,2022,16,0.0,32.35285714285714,29.978571428571428
Katsina,2022,17,0.0,31.694285714285712,39.925714285714285
Katsina,2022,18,0.89,32.11571428571428,43.660000000000004
Katsina,2022,19,67.66,30.451428571428572,50.37
Katsina,2022,20,52.019999999999996,29.388571428571428,46.72428571428571
Katsina,2022,21,0.060000000000000005,29.334285714285716,53.37714285714286
Katsina,2022,22,28.99,30.048571428571428,52.55285714285714
Katsina,2022,23,34.34,28.155714285714286,63.131428571428565
Katsina,2022,24,31.41,27.03142857142857,70.75857142857143
Katsina,2022,25,138.70000000000002,26.608571428571427,75.66
Katsina,2022,26,42.730000000000004,25.937142857142856,78.00428571428571
Katsina,2022,27,25.21,26.464285714285715,75.84142857142857
Katsina,2022,28,92.23999999999998,26.271428571428572,77.07428571428571
Katsina,2022,29,46.64,25.65285714285714,78.21142857142857
Katsina,2022,30,39.18,24.759999999999998,84.15857142857143
Katsina,2022,31,31.64,25.06,83.75
Katsina,2022,32,74.18,25.12,83.52142857142857
Katsina,2022,33,94.38,24.12142857142857,86.77714285714286
Katsina,2022,34,129.89,23.881428571428568,88.20714285714287
Katsina,2022,35,41.519999999999996,24.792857142857144,83.9557142857143
Katsina,2022,36,111.16000000000001,25.325714285714287,83.81857142857143
Katsina,2022,37,154.45,25.22,85.21857142857142
Katsina,2022,38,20.810000000000002,25.077142857142857,84.19285714285715
Katsina,2022,39,15.17,25.22142857142857,83.8
Katsina,2022,40,18.59,25.178571428571427,83.57000000000001
Katsina,2022,41,0.15,24.33857142857143,71.94
Katsina,2022,42,0.11,22.551428571428573,64.97571428571429
Katsina,2022,43,0.0,21.98,68.14857142857143
Katsina,2022,44,0.0,20.715714285714284,62.06714285714286
Katsina,2022,45,0.0,21.951428571428572,57.60285714285715
Katsina,2022,46,0.0,19.642857142857142,53.84428571428572
Katsina,2022,47,0.0,18.681428571428572,46.75714285714286
Katsina,2022,48,0.0,20.64428571428571,46.42
Katsina,2022,49,0.0,19.425714285714285,38.76285714285715
Katsina,2022,50,0.0,20.082857142857144,35.30285714285714
Katsina,2022,51,0.0,18.521428571428572,38.93571428571429
Katsina,2022,52,0.0,17.574285714285715,34.97714285714286
Katsina,2023,1,0.0,18.785714285714285,35.84142857142857
Katsina,2023,2,0.0,19.080000000000002,29.712857142857143
Katsina,2023,3,0.0,21.247142857142855,28.88
Katsina,2023,4,0.0,24.95285714285714,22.32
Katsina,2023,5,0.03,25.454285714285714,24.15285714285714
Katsina,2023,6,0.0,23.618571428571432,20.541428571428572
Katsina,2023,7,0.0,21.06,20.93285714285714
Katsina,2023,8,0.0,24.512857142857143,18.074285714285715
Katsina,2023,9,0.0,29.084285714285716,15.022857142857143
Katsina,2023,10,0.0,29.205714285714286,16.09
Katsina,2023,11,0.12,26.875714285714285,16.222857142857144
Katsina,2023,12,0.26,29.40857142857143,27.36428571428571
Katsina,2023,13,0.0,28.22714285714286,13.971428571428572
Katsina,2023,14,0.28,30.81857142857143,18.42571428571429
Katsina,2023,15,0.0,30.79714285714286,19.312857142857144
Katsina,2023,16,7.73,33.05285714285714,30.351428571428567
Katsina,2023,17,3.25,32.527142857142856,33.73857142857143
Katsina,2023,18,0.0,32.32142857142857,24.93857142857143
Katsina,2023,19,0.44,32.40714285714286,33.48428571428571
Katsina,2023,20,24.26,33.15857142857143,44.62428571428571
Katsina,2023,21,7.38,33.03285714285714,45.784285714285716
Katsina,2023,22,48.59,30.542857142857144,57.71
Katsina,2023,23,89.14,28.939999999999998,64.13285714285715
Katsina,2023,24,32.86,28.514285714285712,66.90285714285714
Katsina,2023,25,28.17,27.397142857142857,69.93428571428572
Katsina,2023,26,2.67,29.14428571428571,57.778571428571425
Katsina,2023,27,124.91999999999999,27.674285714285713,70.94571428571429
Katsina,2023,28,51.629999999999995,27.79714285714286,70.53
Katsina,2023,29,48.43,27.204285714285714,75.5442857142857
Katsina,2023,30,57.56,26.747142857142855,78.62142857142858
Katsina,2023,31,55.29,25.95,82.69571428571429
Katsina,2023,32,87.18,25.34142857142857,83.22142857142856
Katsina,2023,33,21.24,26.48428571428571,76.49000000000001
Katsina,2023,34,15.48,26.771428571428572,76.64857142857143
Katsina,2023,35,53.02,26.03857142857143,80.67571428571429
Katsina,2023,36,122.51,26.01571428571429,80.98571428571428
Katsina,2023,37,51.42,25.99285714285714,84.52142857142857
Katsina,2023,38,27.27,26.68,74.32714285714285
Katsina,2023,39,10.22,26.367142857142856,78.91285714285713
Katsina,2023,40,11.28,25.389999999999997,72.59428571428572
Katsina,2023,41,0.0,25.904285714285713,58.43142857142857
Katsina,2023,42,0.06,25.21,55.808571428571426
Katsina,2023,43,0.0,25.40142857142857,39.07
Katsina,2023,44,0.0,25.631428571428575,43.042857142857144
Katsina,2023,45,0.0,25.525714285714287,35.941428571428574
Katsina,2023,46,0.11,25.157142857142855,34.318571428571424
Katsina,2023,47,0.1,25.93285714285714,42.60857142857143
Katsina,2023,48,0.0,26.11285714285714,31.315714285714282
Katsina,2023,49,0.0,22.805714285714284,22.755714285714284
Katsina,2023,50,0.0,19.782857142857143,30.444285714285716
Katsina,2023,51,0.0,21.75142857142857,27.825714285714287
Katsina,2023,52,0.0,19.547142857142855,25.738571428571426
Katsina,2024,1,0.0,21.884285714285713,20.57857142857143
Katsina,2024,2,0.0,20.942857142857143,16.782857142857143
Katsina,2024,3,0.0,19.46142857142857,18.59142857142857
Katsina,2024,4,0.0,19.832857142857144,23.19142857142857
Katsina,2024,5,0.0,21.674285714285713,20.125714285714285
Katsina,2024,6,0.0,22.00714285714286,17.35571428571429
Katsina,2024,7,0.0,24.117142857142856,15.982857142857142
Katsina,2024,8,1.25,26.881428571428568,23.064285714285713
Katsina,2024,9,0.0,29.481428571428573,14.175714285714287
Katsina,2024,10,0.0,31.824285714285715,16.38
Katsina,2024,11,1.04,32.35285714285714,20.238571428571426
Katsina,2024,12,0.0,28.66714285714286,12.121428571428572
Katsina,2024,13,0.0,31.287142857142857,9.941428571428572
Katsina,2024,14,0.25,33.787142857142854,22.964285714285715
Katsina,2024,15,0.95,32.715714285714284,15.438571428571427
Katsina,2024,16,0.2,33.44571428571429,19.26571428571429
Katsina,2024,17,0.38,34.41428571428571,32.68285714285714
Katsina,2024,18,0.0,34.385714285714286,26.25142857142857
Katsina,2024,19,59.14,32.58571428571428,47.67285714285715
Katsina,2024,20,0.060000000000000005,33.175714285714285,31.525714285714287
Katsina,2024,21,10.51,33.494285714285716,34.32714285714286
Katsina,2024,22,99.86,32.15,51.53857142857142
Katsina,2024,23,26.5,28.689999999999998,69.47428571428571
Katsina,2024,24,31.53,28.88,65.82285714285715
Katsina,2024,25,0.41,29.995714285714286,58.31428571428571
Katsina,2024,26,79.04,29.23428571428571,65.57000000000001
Katsina,2024,27,119.27000000000001,26.75714285714286,77.67857142857143
Katsina,2024,28,114.94,26.548571428571428,79.55857142857143
Katsina,2024,29,108.82000000000001,25.592857142857145,84.86285714285714
Katsina,2024,30,44.84,25.475714285714282,84.65857142857143
Katsina,2024,31,90.69,25.11285714285714,85.89857142857143
Katsina,2024,32,42.06,24.882857142857144,87.51714285714286
Katsina,2024,33,93.31,24.385714285714283,88.47714285714287
Katsina,2024,34,68.5,25.38714285714286,87.14714285714285
Katsina,2024,35,82.17,24.527142857142856,89.08714285714287
Katsina,2024,36,71.86,24.678571428571427,87.92285714285715
Katsina,2024,37,38.19,25.844285714285714,84.45142857142856
Katsina,2024,38,64.10000000000001,25.81142857142857,82.69571428571429
Katsina,2024,39,22.09,26.095714285714287,80.14857142857143
Katsina,2024,40,20.97,25.49285714285714,82.76428571428572
Katsina,2024,41,0.21,26.124285714285715,76.84857142857142
Katsina,2024,42,1.79,25.38,70.10142857142857
Katsina,2024,43,0.0,23.24285714285714,70.19285714285715
Katsina,2024,44,0.0,19.982857142857142,62.74857142857143
Katsina,2024,45,0.0,19.25857142857143,62.778571428571425
Katsina,2024,46,0.0,20.042857142857144,56.05428571428571
Katsina,2024,47,0.0,18.06142857142857,52.449999999999996
Katsina,2024,48,0.0,17.185714285714287,52.49
Katsina,2024,49,0.0,17.525714285714287,46.019999999999996
Katsina,2024,50,0.0,20.125714285714285,41.01857142857143
Katsina,2024,51,0.0,16.768571428571427,41.86142857142857
Katsina,2024,52,0.0,18.157142857142855,36.17857142857143
Katsina,2025,1,0.0,21.11285714285714,33.354285714285716
Katsina,2025,2,0.0,19.187142857142856,33.308571428571426
Katsina,2025,3,0.0,22.805714285714288,29.755714285714284
Katsina,2025,4,0.0,23.34857142857143,27.33285714285714
Katsina,2025,5,0.0,21.72714285714286,23.962857142857143
Katsina,2025,6,0.0,23.31714285714286,21.37714285714286
Katsina,2025,7,0.0,23.467142857142857,18.90285714285714
Katsina,2025,8,0.0,26.990000000000002,18.467142857142857
Katsina,2025,9,0.01,27.47142857142857,21.09857142857143
Katsina,2025,10,0.0,29.225714285714282,18.295714285714286
Katsina,2025,11,0.0,31.34714285714286,17.237142857142857
Katsina,2025,12,0.0,29.205714285714286,11.292857142857143
Katsina,2025,13,0.0,30.48428571428571,13.427142857142858
Katsina,2025,14,0.0,30.060000000000002,10.018571428571429
Katsina,2025,15,0.0,32.058571428571426,15.84
Katsina,2025,16,0.0,31.61285714285714,10.865714285714287
Katsina,2025,17,0.0,32.86857142857143,11.527142857142858
Katsina,2025,18,0.09,32.957142857142856,22.685714285714287
Katsina,2025,19,0.0,32.434285714285714,12.241428571428571
Katsina,2025,20,0.26,34.08428571428571,23.954285714285714
Katsina,2025,21,0.75,34.205714285714286,19.367142857142856
Katsina,2025,22,14.35,33.26,40.145714285714284
Katsina,2025,23,12.3,31.632857142857144,40.49714285714286
Katsina,2025,24,26.85,30.768571428571427,52.34142857142857
Katsina,2025,25,6.24,31.677142857142858,45.23857142857143
Katsina,2025,26,21.32,31.689999999999998,45.66571428571428
Katsina,2025,27,84.56,27.595714285714287,66.34
Katsina,2025,28,61.629999999999995,27.10571428571429,69.42
Katsina,2025,29,20.9,27.374285714285715,68.24428571428571
Katsina,2025,30,41.230000000000004,27.16857142857143,70.68571428571428
Katsina,2025,31,38.47,26.344285714285714,75.48
Katsina,2025,32,38.44,26.787142857142857,72.49285714285715
Katsina,2025,33,109.77000000000001,25.527142857142856,78.80571428571429
Katsina,2025,34,45.44,25.431428571428572,81.0842857142857
Katsina,2025,35,57.79,25.141428571428573,80.89857142857143
Katsina,2025,36,24.81,25.577142857142857,80.56285714285715
Katsina,2025,37,47.230000000000004,26.237142857142857,76.71857142857142
Katsina,2025,38,11.59,26.854285714285712,72.75428571428571
Katsina,2025,39,20.7,26.59857142857143,72.9342857142857
Katsina,2025,40,2.4,27.092857142857145,64.83285714285714
Katsina,2025,41,38.459999999999994,26.737142857142857,64.26
Katsina,2025,42,0.0,25.981428571428573,47.222857142857144
Katsina,2025,43,0.0,25.914285714285715,33.49142857142857
Katsina,2025,44,0.0,25.307142857142857,30.131428571428568
Katsina,2025,45,0.0,26.025714285714287,27.48
Katsina,2025,46,0.0,24.857142857142858,27.69857142857143
Katsina,2025,47,0.0,24.22,25.73428571428571
Katsina,2025,48,0.0,25.09714285714286,23.768571428571427
Katsina,2025,49,0.0,25.437142857142856,24.37857142857143
Katsina,2025,50,0.0,24.36285714285714,28.165714285714284
Katsina,2025,51,0.0,22.388571428571428,24.08285714285714
Katsina,2025,52,0.0,25.81,22.830000000000002
Katsina,2026,1,0.0,26.040000000000003,20.256666666666664
Kebbi,2020,53,0.0,26.006666666666664,42.06333333333333
Kebbi,2021,1,0.0,24.851428571428574,35.48142857142857
Kebbi,2021,2,0.0,22.02,30.08142857142857
Kebbi,2021,3,0.0,21.16142857142857,31.337142857142858
Kebbi,2021,4,0.0,23.417142857142856,27.404285714285717
Kebbi,2021,5,0.0,24.834285714285716,27.24142857142857
Kebbi,2021,6,0.0,24.91714285714286,21.05857142857143
Kebbi,2021,7,0.0,23.641428571428573,19.695714285714285
Kebbi,2021,8,0.0,25.487142857142857,19.767142857142858
Kebbi,2021,9,0.0,28.61285714285714,20.845714285714283
Kebbi,2021,10,0.67,30.93857142857143,29.990000000000002
Kebbi,2021,11,0.08,31.32,34.16428571428572
Kebbi,2021,12,1.53,30.529999999999998,29.294285714285714
Kebbi,2021,13,0.0,28.665714285714284,14.745714285714286
Kebbi,2021,14,0.0,33.07142857142857,23.111428571428572
Kebbi,2021,15,0.02,32.44857142857143,37.77428571428572
Kebbi,2021,16,2.64,33.88857142857143,41.56714285714286
Kebbi,2021,17,0.01,33.92142857142857,34.598571428571425
Kebbi,2021,18,0.49,34.07,38.31428571428571
Kebbi,2021,19,5.4799999999999995,34.48142857142857,40.93142857142857
Kebbi,2021,20,1.69,33.98142857142857,45.93
Kebbi,2021,21,0.8899999999999999,34.14,43.56428571428571
Kebbi,2021,22,21.630000000000003,32.85,50.25142857142857
Kebbi,2021,23,22.310000000000002,31.027142857142856,56.73142857142857
Kebbi,2021,24,22.53,30.861428571428572,58.06142857142857
Kebbi,2021,25,19.62,29.142857142857142,63.777142857142856
Kebbi,2021,26,20.02,29.21142857142857,61.972857142857144
Kebbi,2021,27,17.87,28.788571428571426,65.31714285714285
Kebbi,2021,28,61.45,28.50714285714286,69.82000000000001
Kebbi,2021,29,24.080000000000002,28.43285714285714,70.71714285714286
Kebbi,2021,30,90.78,25.82,83.98571428571428
Kebbi,2021,31,47.34,26.754285714285714,80.7042857142857
Kebbi,2021,32,61.269999999999996,26.147142857142857,83.66428571428571
Kebbi,2021,33,67.33,26.084285714285716,83.49571428571429
Kebbi,2021,34,110.74,26.407142857142855,83.30285714285715
Kebbi,2021,35,35.38,25.93285714285714,85.96000000000001
Kebbi,2021,36,155.06,26.057142857142857,85.23428571428572
Kebbi,2021,37,51.42,26.124285714285715,86.05571428571429
Kebbi,2021,38,8.870000000000001,27.085714285714285,79.58285714285715
Kebbi,2021,39,54.0,27.28857142857143,79.10571428571428
Kebbi,2021,40,8.23,27.34714285714286,76.93714285714285
Kebbi,2021,41,1.76,26.337142857142855,66.39285714285714
Kebbi,2021,42,8.49,27.018571428571427,80.82857142857142
Kebbi,2021,43,1.58,25.400000000000002,70.87142857142858
Kebbi,2021,44,0.0,24.232857142857142,70.21142857142857
Kebbi,2021,45,0.0,25.305714285714284,58.879999999999995
Kebbi,2021,46,0.0,24.74285714285714,59.52285714285714
Kebbi,2021,47,0.0,23.41857142857143,56.81428571428571
Kebbi,2021,48,0.0,21.965714285714284,56.83857142857143
Kebbi,2021,49,0.0,22.087142857142858,51.65
Kebbi,2021,50,0.0,20.625714285714285,46.80428571428571
Kebbi,2021,51,0.0,20.287142857142857,44.582857142857144
Kebbi,2021,52,0.0,20.74142857142857,38.97714285714285
Kebbi,2022,1,0.03,22.375714285714285,44.785714285714285
Kebbi,2022,2,0.0,23.318571428571428,30.30857142857143
Kebbi,2022,3,0.0,19.397142857142857,32.387142857142855
Kebbi,2022,4,0.0,20.65142857142857,29.458571428571425
Kebbi,2022,5,0.0,20.512857142857143,25.975714285714286
Kebbi,2022,6,0.0,23.36285714285714,25.214285714285715
Kebbi,2022,7,0.0,26.37142857142857,26.018571428571427
Kebbi,2022,8,0.0,24.888571428571428,20.571428571428573
Kebbi,2022,9,0.0,29.737142857142857,30.664285714285715
Kebbi,2022,10,0.0,30.63,24.52857142857143
Kebbi,2022,11,0.0,29.482857142857142,24.041428571428575
Kebbi,2022,12,0.0,32.18714285714286,28.919999999999998
Kebbi,2022,13,0.0,30.784285714285716,29.36285714285714
Kebbi,2022,14,2.59,33.67714285714286,46.20285714285715
Kebbi,2022,15,0.8600000000000001,33.08857142857143,43.26571428571429
Kebbi,2022,16,0.86,33.92142857142857,35.85285714285714
Kebbi,2022,17,0.01,33.105714285714285,37.145714285714284
Kebbi,2022,18,0.0,34.11714285714286,40.61571428571428
Kebbi,2022,19,1.74,33.691428571428574,47.300000000000004
Kebbi,2022,20,70.36,31.889999999999997,51.605714285714285
Kebbi,2022,21,8.6,30.81714285714286,55.104285714285716
Kebbi,2022,22,16.98,31.80142857142857,55.79571428571428
Kebbi,2022,23,58.76,29.655714285714286,64.18428571428572
Kebbi,2022,24,33.96,27.81142857142857,72.60857142857142
Kebbi,2022,25,79.99000000000001,28.368571428571432,71.38142857142857
Kebbi,2022,26,21.47,27.488571428571426,74.46571428571428
Kebbi,2022,27,12.34,28.377142857142854,68.98428571428572
Kebbi,2022,28,45.59,27.70285714285714,75.22142857142856
Kebbi,2022,29,40.33,26.881428571428575,76.96714285714286
Kebbi,2022,30,36.22,26.917142857142856,78.35857142857142
Kebbi,2022,31,48.96,26.245714285714286,81.97
Kebbi,2022,32,54.2,26.381428571428568,82.35285714285715
Kebbi,2022,33,70.53999999999999,25.495714285714286,85.9542857142857
Kebbi,2022,34,124.80000000000001,25.231428571428573,86.62142857142858
Kebbi,2022,35,34.410000000000004,25.704285714285714,85.39142857142858
Kebbi,2022,36,60.54,26.08285714285714,85.83142857142857
Kebbi,2022,37,52.52,26.571428571428573,83.18571428571428
Kebbi,2022,38,53.33,26.09142857142857,84.28999999999999
Kebbi,2022,39,28.47,25.891428571428573,86.19142857142857
Kebbi,2022,40,15.22,26.334285714285716,83.96000000000001
Kebbi,2022,41,6.45,26.787142857142857,76.52714285714286
Kebbi,2022,42,0.02,24.034285714285716,70.93428571428572
Kebbi,2022,43,0.0,23.84857142857143,71.36285714285715
Kebbi,2022,44,0.0,23.391428571428573,64.41
Kebbi,2022,45,0.0,24.54,57.19142857142857
Kebbi,2022,46,0.0,22.504285714285714,55.70285714285715
Kebbi,2022,47,0.0,21.514285714285712,48.605714285714285
Kebbi,2022,48,0.0,23.318571428571428,45.705714285714286
Kebbi,2022,49,0.0,22.512857142857143,41.18
Kebbi,2022,50,0.0,21.717142857142857,40.23285714285714
Kebbi,2022,51,0.0,20.631428571428568,39.135714285714286
Kebbi,2022,52,0.0,20.222857142857144,35.83142857142857
Kebbi,2023,1,0.0,21.76571428571429,38.10285714285715
Kebbi,2023,2,0.0,21.487142857142857,32.08571428571428
Kebbi,2023,3,0.0,23.511428571428574,32.505714285714284
Kebbi,2023,4,0.0,26.24142857142857,23.08285714285714
Kebbi,2023,5,0.0,26.952857142857145,22.06714285714286
Kebbi,2023,6,0.0,26.16857142857143,21.365714285714287
Kebbi,2023,7,0.0,23.631428571428575,21.35571428571429
Kebbi,2023,8,0.0,26.607142857142858,20.174285714285713
Kebbi,2023,9,0.0,30.76142857142857,20.985714285714288
Kebbi,2023,10,0.1,31.5,34.68714285714286
Kebbi,2023,11,0.12,28.764285714285712,17.827142857142857
Kebbi,2023,12,1.28,30.812857142857144,40.08
Kebbi,2023,13,0.0,30.055714285714284,17.715714285714288
Kebbi,2023,14,0.67,32.54142857142857,28.412857142857142
Kebbi,2023,15,0.04,32.638571428571424,29.529999999999998
Kebbi,2023,16,1.1,34.49142857142857,34.25
Kebbi,2023,17,4.5200000000000005,33.03285714285715,42.347142857142856
Kebbi,2023,18,0.0,34.432857142857145,38.93857142857143
Kebbi,2023,19,32.519999999999996,33.43571428571429,44.99857142857143
Kebbi,2023,20,7.21,33.4,48.06714285714286
Kebbi,2023,21,4.83,33.59285714285714,50.527142857142856
Kebbi,2023,22,6.82,31.927142857142858,55.769999999999996
Kebbi,2023,23,16.05,30.555714285714284,60.34428571428571
Kebbi,2023,24,66.31,29.09,70.11857142857143
Kebbi,2023,25,28.86,28.625714285714285,70.08285714285714
Kebbi,2023,26,16.490000000000002,29.795714285714286,63.52571428571429
Kebbi,2023,27,102.37,28.617142857142856,72.87714285714286
Kebbi,2023,28,23.619999999999997,28.312857142857144,73.05142857142857
Kebbi,2023,29,27.8,27.944285714285716,76.79571428571428
Kebbi,2023,30,26.810000000000002,28.464285714285715,74.25571428571428
Kebbi,2023,31,45.85,27.53142857142857,81.56714285714285
Kebbi,2023,32,67.21000000000001,26.448571428571427,83.55999999999999
Kebbi,2023,33,33.66,27.46142857142857,79.40857142857143
Kebbi,2023,34,20.97,27.684285714285714,78.57142857142857
Kebbi,2023,35,51.52,27.074285714285715,80.2242857142857
Kebbi,2023,36,38.769999999999996,27.50857142857143,79.02714285714286
Kebbi,2023,37,33.37,27.005714285714284,84.46285714285715
Kebbi,2023,38,5.3,28.201428571428572,75.96428571428571
Kebbi,2023,39,40.34,28.082857142857144,76.28999999999999
Kebbi,2023,40,16.9,27.414285714285715,75.86428571428571
Kebbi,2023,41,0.17,28.094285714285714,64.8442857142857
Kebbi,2023,42,7.08,27.31714285714286,63.71999999999999
Kebbi,2023,43,0.0,27.045714285714286,44.324285714285715
Kebbi,2023,44,0.0,28.01571428571429,45.18
Kebbi,2023,45,0.0,27.49285714285714,41.32142857142857
Kebbi,2023,46,0.01,27.222857142857144,36.792857142857144
Kebbi,2023,47,1.55,27.454285714285714,49.462857142857146
Kebbi,2023,48,0.0,27.49142857142857,36.07
Kebbi,2023,49,0.0,24.64428571428571,24.327142857142857
Kebbi,2023,50,0.0,22.381428571428568,28.457142857142856
Kebbi,2023,51,0.0,24.042857142857144,25.415714285714284
Kebbi,2023,52,0.0,22.15285714285714,25.155714285714286
Kebbi,2024,1,0.0,24.774285714285714,21.40142857142857
Kebbi,2024,2,0.0,23.787142857142857,16.03
Kebbi,2024,3,0.0,22.358571428571427,16.96
Kebbi,2024,4,0.0,22.822857142857142,20.448571428571427
Kebbi,2024,5,0.0,24.814285714285713,19.495714285714286
Kebbi,2024,6,0.0,24.810000000000002,16.59
Kebbi,2024,7,0.0,27.03,15.117142857142857
Kebbi,2024,8,0.0,29.025714285714287,17.568571428571428
Kebbi,2024,9,0.0,31.37857142857143,15.694285714285714
Kebbi,2024,10,0.0,32.87,14.95142857142857
Kebbi,2024,11,42.8,33.24285714285714,27.517142857142858
Kebbi,2024,12,0.0,30.240000000000002,19.29
Kebbi,2024,13,0.0,32.10857142857143,22.122857142857146
Kebbi,2024,14,2.92,34.33142857142857,32.86571428571428
Kebbi,2024,15,2.16,33.40714285714286,39.87714285714286
Kebbi,2024,16,48.96,34.371428571428574,26.330000000000002
Kebbi,2024,17,1.8,33.1,55.19714285714286
Kebbi,2024,18,0.06,34.89,44.644285714285715
Kebbi,2024,19,114.02,32.18857142857143,60.04
Kebbi,2024,20,0.56,32.738571428571426,52.83142857142857
Kebbi,2024,21,4.59,34.05142857142857,50.61142857142857
Kebbi,2024,22,60.480000000000004,31.925714285714285,61.800000000000004
Kebbi,2024,23,67.24,28.437142857142856,79.12
Kebbi,2024,24,96.97,27.892857142857142,79.55857142857143
Kebbi,2024,25,0.79,28.965714285714284,72.36999999999999
Kebbi,2024,26,30.310000000000002,28.094285714285714,78.74428571428572
Kebbi,2024,27,32.86,27.821428571428573,77.03428571428572
Kebbi,2024,28,971.74,27.18285714285714,82.28571428571429
Kebbi,2024,29,73.06,26.672857142857143,85.80142857142857
Kebbi,2024,30,44.7,26.572857142857142,86.10428571428572
Kebbi,2024,31,126.37,26.125714285714285,86.78
Kebbi,2024,32,42.24,26.035714285714285,89.36142857142856
Kebbi,2024,33,50.28,25.68857142857143,89.89
Kebbi,2024,34,66.18,26.244285714285716,88.46428571428571
Kebbi,2024,35,70.18,25.701428571428572,91.08571428571429
Kebbi,2024,36,80.78999999999999,25.947142857142858,88.78571428571429
Kebbi,2024,37,68.48,27.384285714285713,83.55857142857143
Kebbi,2024,38,37.15,27.18,82.75142857142858
Kebbi,2024,39,27.55,27.428571428571427,81.47714285714287
Kebbi,2024,40,20.75,26.794285714285714,83.80714285714285
Kebbi,2024,41,4.5,27.774285714285714,76.2057142857143
Kebbi,2024,42,2.73,27.138571428571428,74.49714285714286
Kebbi,2024,43,35.379999999999995,25.084285714285716,75.66285714285713
Kebbi,2024,44,0.0,21.205714285714286,74.57285714285715
Kebbi,2024,45,0.0,20.48,73.88285714285715
Kebbi,2024,46,0.0,21.310000000000002,67.66428571428571
Kebbi,2024,47,0.0,19.487142857142857,62.51857142857143
Kebbi,2024,48,0.0,18.81714285714286,60.68571428571429
Kebbi,2024,49,0.0,18.90285714285714,53.73142857142857
Kebbi,2024,50,0.0,21.502857142857145,50.42142857142857
Kebbi,2024,51,0.0,17.97857142857143,47.81857142857143
Kebbi,2024,52,0.0,19.768571428571427,43.214285714285715
Kebbi,2025,1,0.0,23.25142857142857,40.77571428571429
Kebbi,2025,2,0.0,21.615714285714287,36.15857142857143
Kebbi,2025,3,0.0,24.35571428571429,32.410000000000004
Kebbi,2025,4,0.0,25.107142857142858,31.322857142857142
Kebbi,2025,5,0.0,23.822857142857142,27.335714285714285
Kebbi,2025,6,0.0,25.50714285714286,24.30857142857143
Kebbi,2025,7,0.0,26.18,20.604285714285712
Kebbi,2025,8,0.0,28.551428571428573,20.208571428571428
Kebbi,2025,9,0.0,28.94142857142857,20.488571428571426
Kebbi,2025,10,0.0,31.447142857142858,19.895714285714284
Kebbi,2025,11,0.0,32.64142857142857,28.87142857142857
Kebbi,2025,12,0.0,31.524285714285714,15.074285714285713
Kebbi,2025,13,0.0,32.65571428571429,18.65142857142857
Kebbi,2025,14,0.0,31.91142857142857,11.6
Kebbi,2025,15,0.0,33.86571428571428,21.15
Kebbi,2025,16,0.0,33.597142857142856,17.068571428571428
Kebbi,2025,17,0.1,34.65714285714286,22.172857142857143
Kebbi,2025,18,1.1400000000000001,33.82,34.88142857142857
Kebbi,2025,19,0.0,34.47,25.41
Kebbi,2025,20,24.93,33.69714285714286,41.558571428571426
Kebbi,2025,21,0.43,34.722857142857144,40.35
Kebbi,2025,22,40.99999999999999,32.95428571428572,51.76
Kebbi,2025,23,14.649999999999999,31.814285714285713,54.06714285714286
Kebbi,2025,24,19.66,30.852857142857143,58.449999999999996
Kebbi,2025,25,9.92,31.954285714285714,52.82857142857143
Kebbi,2025,26,46.89,30.774285714285718,60.40714285714286
Kebbi,2025,27,149.6,27.391428571428573,76.65142857142857
Kebbi,2025,28,83.33,27.09714285714286,78.83142857142857
Kebbi,2025,29,14.07,27.724285714285713,75.46285714285715
Kebbi,2025,30,37.56,27.217142857142857,80.16428571428571
Kebbi,2025,31,116.00000000000001,26.798571428571428,82.36285714285714
Kebbi,2025,32,34.35,26.907142857142855,80.64
Kebbi,2025,33,71.14,25.965714285714284,85.10000000000001
Kebbi,2025,34,28.51,26.434285714285714,82.75857142857141
Kebbi,2025,35,62.09,26.19142857142857,82.80999999999999
Kebbi,2025,36,69.8,26.24142857142857,84.39285714285714
Kebbi,2025,37,40.95,26.5,82.72714285714287
Kebbi,2025,38,40.46,27.359999999999996,80.06714285714285
Kebbi,2025,39,39.56,26.482857142857142,84.53142857142858
Kebbi,2025,40,28.38,27.358571428571427,78.2242857142857
Kebbi,2025,41,14.66,27.29,76.14714285714285
Kebbi,2025,42,0.01,26.181428571428572,67.77571428571429
Kebbi,2025,43,0.0,25.388571428571428,54.73571428571428
Kebbi,2025,44,0.0,24.237142857142857,54.720000000000006
Kebbi,2025,45,0.0,25.072857142857142,48.86142857142857
Kebbi,2025,46,0.0,23.481428571428573,48.25285714285714
Kebbi,2025,47,0.0,23.391428571428573,45.16285714285714
Kebbi,2025,48,0.0,24.50714285714286,39.78142857142858
Kebbi,2025,49,0.0,24.98,36.83142857142857
Kebbi,2025,50,0.0,25.392857142857142,36.30571428571428
Kebbi,2025,51,0.0,24.357142857142858,31.897142857142857
Kebbi,2025,52,0.0,26.10571428571429,28.77857142857143
Kebbi,2026,1,0.0,26.213333333333335,27.55666666666667
Kogi,2020,53,0.11,26.349999999999998,77.99
Kogi,2021,1,2.17,26.49285714285714,74.50142857142858
Kogi,2021,2,0.02,26.175714285714285,56.78285714285715
Kogi,2021,3,0.0,25.264285714285712,51.98285714285714
Kogi,2021,4,0.22,25.882857142857144,62.07714285714285
Kogi,2021,5,1.92,26.755714285714284,63.93428571428571
Kogi,2021,6,3.38,27.532857142857146,67.7
Kogi,2021,7,0.33,26.812857142857144,50.82
Kogi,2021,8,0.45,26.928571428571427,70.30428571428571
Kogi,2021,9,0.2,28.650000000000002,64.34428571428572
Kogi,2021,10,13.2,27.805714285714284,77.98857142857142
Kogi,2021,11,10.21,26.485714285714288,80.18571428571428
Kogi,2021,12,11.17,27.58857142857143,73.45
Kogi,2021,13,0.060000000000000005,28.560000000000002,62.44
Kogi,2021,14,45.87,27.984285714285715,78.01857142857143
Kogi,2021,15,72.05,26.84142857142857,82.29142857142857
Kogi,2021,16,27.25,27.0,82.34
Kogi,2021,17,6.75,27.59,80.56714285714285
Kogi,2021,18,23.509999999999998,26.62857142857143,80.78571428571429
Kogi,2021,19,21.58,27.267142857142858,80.7042857142857
Kogi,2021,20,33.2,26.59,84.70857142857143
Kogi,2021,21,32.49,26.764285714285712,86.41857142857144
Kogi,2021,22,102.23,26.134285714285713,86.42571428571429
Kogi,2021,23,38.8,26.462857142857143,84.34857142857143
Kogi,2021,24,42.17,25.84,87.48571428571428
Kogi,2021,25,38.879999999999995,25.392857142857142,86.91285714285713
Kogi,2021,26,47.39,25.057142857142857,86.98285714285714
Kogi,2021,27,29.61,24.895714285714288,88.14142857142858
Kogi,2021,28,50.35,25.125714285714285,87.28571428571429
Kogi,2021,29,29.16,25.205714285714286,86.60285714285715
Kogi,2021,30,26.23,24.875714285714285,86.17571428571429
Kogi,2021,31,124.71,24.591428571428573,89.32714285714285
Kogi,2021,32,91.31,24.818571428571428,88.5657142857143
Kogi,2021,33,170.49,24.34,90.0942857142857
Kogi,2021,34,38.68,25.09,88.89571428571428
Kogi,2021,35,91.31,25.05,88.84142857142857
Kogi,2021,36,55.86,25.17142857142857,87.99857142857142
Kogi,2021,37,33.05,25.407142857142855,88.19857142857143
Kogi,2021,38,75.91,24.937142857142856,88.65428571428572
Kogi,2021,39,40.81,25.34,89.36428571428571
Kogi,2021,40,75.86,25.881428571428568,88.93571428571428
Kogi,2021,41,28.25,26.004285714285714,88.79857142857144
Kogi,2021,42,36.54,25.400000000000002,88.59285714285714
Kogi,2021,43,69.84,25.924285714285713,87.34142857142857
Kogi,2021,44,45.19,25.804285714285715,86.73714285714286
Kogi,2021,45,92.55,26.614285714285717,84.53285714285714
Kogi,2021,46,154.29,26.28142857142857,81.67142857142858
Kogi,2021,47,7.960000000000001,26.15142857142857,76.39571428571428
Kogi,2021,48,5.67,25.321428571428573,71.85285714285715
Kogi,2021,49,4.14,24.451428571428572,72.97428571428571
Kogi,2021,50,0.8200000000000001,23.00142857142857,70.87
Kogi,2021,51,9.66,22.66857142857143,70.81285714285714
Kogi,2021,52,274.27000000000004,23.475714285714286,70.28571428571429
Kogi,2022,1,36.64,23.70714285714286,70.57000000000001
Kogi,2022,2,27.0,25.481428571428573,75.66714285714286
Kogi,2022,3,6.7299999999999995,21.777142857142856,66.65857142857143
Kogi,2022,4,36.68,21.25,66.45142857142856
Kogi,2022,5,0.0,21.02285714285714,61.98142857142857
Kogi,2022,6,26.23,23.72714285714286,57.77285714285714
Kogi,2022,7,7.6,26.114285714285717,68.13857142857144
Kogi,2022,8,5.34,25.5,64.93714285714286
Kogi,2022,9,25.0,26.400000000000002,83.20142857142856
Kogi,2022,10,9.26,27.051428571428573,84.02714285714286
Kogi,2022,11,2.76,27.177142857142858,80.02142857142857
Kogi,2022,12,40.410000000000004,27.357142857142858,80.34571428571428
Kogi,2022,13,20.31,26.860000000000003,78.82142857142857
Kogi,2022,14,28.68,26.802857142857142,85.26428571428572
Kogi,2022,15,17.74,26.330000000000002,84.94571428571429
Kogi,2022,16,28.11,26.464285714285715,85.26714285714286
Kogi,2022,17,42.45,26.02,86.50285714285714
Kogi,2022,18,11.5,26.59857142857143,84.96857142857142
Kogi,2022,19,29.23,26.701428571428572,86.49
Kogi,2022,20,56.37,26.544285714285714,86.47428571428573
Kogi,2022,21,35.53,25.71857142857143,86.77142857142857
Kogi,2022,22,44.66,25.94142857142857,87.58428571428571
Kogi,2022,23,96.03,25.417142857142856,88.31285714285715
Kogi,2022,24,20.68,25.174285714285713,88.84142857142857
Kogi,2022,25,48.910000000000004,25.017142857142858,89.44714285714285
Kogi,2022,26,39.94,25.02857142857143,87.51714285714286
Kogi,2022,27,68.07000000000001,25.349999999999998,88.47714285714287
Kogi,2022,28,10.76,25.504285714285714,86.17571428571429
Kogi,2022,29,26.83,24.669999999999998,87.67142857142858
Kogi,2022,30,31.86,24.782857142857143,88.37428571428572
Kogi,2022,31,16.84,24.937142857142856,85.42857142857143
Kogi,2022,32,70.4,24.68,89.70714285714287
Kogi,2022,33,13.08,24.801428571428573,86.43571428571428
Kogi,2022,34,78.81,24.315714285714286,89.13428571428572
Kogi,2022,35,47.730000000000004,24.81714285714286,87.03285714285714
Kogi,2022,36,32.2,25.194285714285716,87.46428571428571
Kogi,2022,37,38.2,25.138571428571428,88.66285714285713
Kogi,2022,38,48.5,25.002857142857145,88.70714285714287
Kogi,2022,39,74.19,24.305714285714288,89.25142857142858
Kogi,2022,40,98.26,25.19,87.23428571428572
Kogi,2022,41,44.05,25.50142857142857,86.24714285714286
Kogi,2022,42,12.28,26.09714285714286,83.62571428571428
Kogi,2022,43,2.28,25.994285714285716,78.80857142857143
Kogi,2022,44,3.0700000000000003,25.495714285714286,73.36142857142856
Kogi,2022,45,3.89,26.29,74.55
Kogi,2022,46,0.12,25.25,69.99285714285715
Kogi,2022,47,0.07,24.51142857142857,65.50285714285714
Kogi,2022,48,0.96,25.732857142857142,67.7
Kogi,2022,49,0.0,23.898571428571426,65.13142857142857
Kogi,2022,50,1.52,24.832857142857144,67.75
Kogi,2022,51,0.0,21.97142857142857,64.09285714285714
Kogi,2022,52,0.0,21.62,64.03999999999999
Kogi,2023,1,0.0,23.228571428571428,63.64
Kogi,2023,2,0.0,22.27,57.784285714285716
Kogi,2023,3,0.28,25.012857142857143,56.191428571428574
Kogi,2023,4,0.73,26.557142857142857,67.46571428571428
Kogi,2023,5,17.31,26.84,73.48
Kogi,2023,6,46.190000000000005,25.91857142857143,58.135714285714286
Kogi,2023,7,0.0,23.694285714285716,52.92285714285715
Kogi,2023,8,12.15,26.684285714285714,65.78142857142858
Kogi,2023,9,8.02,27.288571428571426,79.43714285714285
Kogi,2023,10,19.58,27.194285714285716,80.85857142857142
Kogi,2023,11,10.55,26.59714285714286,78.28142857142858
Kogi,2023,12,22.57,26.398571428571426,79.39571428571428
Kogi,2023,13,8.07,27.594285714285714,75.79285714285713
Kogi,2023,14,20.25,27.482857142857142,79.17714285714285
Kogi,2023,15,15.16,27.495714285714286,80.68857142857142
Kogi,2023,16,14.47,27.665714285714284,80.09142857142857
Kogi,2023,17,19.32,26.858571428571427,81.50428571428571
Kogi,2023,18,41.17,26.755714285714284,82.61285714285714
Kogi,2023,19,25.88,27.247142857142855,82.95142857142856
Kogi,2023,20,38.88,27.274285714285714,85.49000000000001
Kogi,2023,21,22.6,26.98428571428571,85.70142857142856
Kogi,2023,22,25.95,26.922857142857143,84.03285714285714
Kogi,2023,23,124.0,25.674285714285713,89.17
Kogi,2023,24,40.69,26.048571428571428,85.5442857142857
Kogi,2023,25,38.01,25.634285714285713,87.42428571428572
Kogi,2023,26,71.05,25.712857142857143,87.34714285714286
Kogi,2023,27,73.15,25.442857142857143,87.88142857142857
Kogi,2023,28,32.33,26.298571428571428,85.03285714285714
Kogi,2023,29,70.75,25.898571428571426,89.18714285714285
Kogi,2023,30,67.71000000000001,25.755714285714284,88.01714285714286
Kogi,2023,31,15.629999999999999,25.635714285714283,87.85000000000001
Kogi,2023,32,27.32,25.61285714285714,87.67857142857143
Kogi,2023,33,44.58,25.919999999999998,86.3
Kogi,2023,34,35.21,25.812857142857144,87.92142857142858
Kogi,2023,35,76.22,25.31714285714286,88.86142857142856
Kogi,2023,36,76.83,25.78,87.25285714285714
Kogi,2023,37,41.9,25.722857142857144,89.23142857142857
Kogi,2023,38,43.02,25.962857142857143,87.26142857142858
Kogi,2023,39,39.09,26.71142857142857,86.08285714285714
Kogi,2023,40,38.269999999999996,26.177142857142858,87.70857142857143
Kogi,2023,41,52.08,26.23857142857143,87.92999999999999
Kogi,2023,42,32.22,26.232857142857142,86.07571428571428
Kogi,2023,43,1.34,26.737142857142857,85.37857142857142
Kogi,2023,44,47.81,26.228571428571428,87.03857142857143
Kogi,2023,45,8.84,26.372857142857146,86.23
Kogi,2023,46,2.1599999999999997,26.295714285714286,79.59
Kogi,2023,47,13.86,25.934285714285714,83.02428571428571
Kogi,2023,48,0.79,26.645714285714284,79.11571428571428
Kogi,2023,49,0.02,26.80857142857143,74.89
Kogi,2023,50,0.0,24.32,60.68142857142857
Kogi,2023,51,0.0,25.68142857142857,59.870000000000005
Kogi,2023,52,0.0,24.577142857142857,56.395714285714284
Kogi,2024,1,0.01,26.318571428571428,56.72571428571428
Kogi,2024,2,0.01,25.18,46.58571428571429
Kogi,2024,3,0.0,23.821428571428573,42.52285714285714
Kogi,2024,4,0.02,24.861428571428572,54.49428571428571
Kogi,2024,5,0.0,26.104285714285712,45.378571428571426
Kogi,2024,6,0.0,26.424285714285713,47.44
Kogi,2024,7,0.01,28.385714285714283,63.65571428571429
Kogi,2024,8,4.06,28.927142857142858,64.54
Kogi,2024,9,0.19,28.98428571428571,70.42142857142856
Kogi,2024,10,0.79,29.624285714285715,70.90714285714286
Kogi,2024,11,29.02,29.419999999999998,74.23428571428572
Kogi,2024,12,4.99,28.905714285714286,67.16428571428571
Kogi,2024,13,2.15,29.7,72.52142857142857
Kogi,2024,14,8.61,29.195714285714285,74.87285714285714
Kogi,2024,15,14.17,28.497142857142855,74.79285714285713
Kogi,2024,16,1.96,29.222857142857144,74.08857142857143
Kogi,2024,17,25.51,29.154285714285713,76.60714285714286
Kogi,2024,18,44.25,28.165714285714284,81.63
Kogi,2024,19,6.63,28.73428571428571,78.56285714285715
Kogi,2024,20,14.879999999999999,28.994285714285716,75.58857142857143
Kogi,2024,21,44.37,27.71,81.05714285714285
Kogi,2024,22,19.880000000000003,27.864285714285717,81.45285714285714
Kogi,2024,23,32.77,26.93285714285714,85.3442857142857
Kogi,2024,24,41.29,27.005714285714284,83.32714285714285
Kogi,2024,25,32.43,26.54,85.30714285714285
Kogi,2024,26,32.449999999999996,25.91857142857143,85.87714285714286
Kogi,2024,27,21.91,26.0,85.23714285714286
Kogi,2024,28,11.72,26.06714285714286,84.07000000000001
Kogi,2024,29,82.44,25.875714285714285,86.96285714285715
Kogi,2024,30,22.490000000000002,25.881428571428575,84.91285714285713
Kogi,2024,31,13.59,25.994285714285716,83.19285714285715
Kogi,2024,32,12.94,26.205714285714286,81.39714285714285
Kogi,2024,33,8.57,26.06,80.99142857142859
Kogi,2024,34,41.9,25.564285714285713,86.78142857142858
Kogi,2024,35,22.05,25.907142857142855,85.09142857142857
Kogi,2024,36,38.34,26.004285714285714,81.81857142857143
Kogi,2024,37,58.61,26.192857142857143,86.30571428571429
Kogi,2024,38,20.66,25.97,84.77142857142857
Kogi,2024,39,51.43,25.844285714285714,84.26571428571428
Kogi,2024,40,47.269999999999996,25.942857142857143,86.28285714285714
Kogi,2024,41,33.85,25.93,84.41142857142857
Kogi,2024,42,19.85,25.76571428571429,84.37857142857142
Kogi,2024,43,28.009999999999998,26.571428571428573,83.85857142857142
Kogi,2024,44,6.31,26.962857142857143,69.17571428571429
Kogi,2024,45,0.14,26.587142857142858,64.61857142857143
Kogi,2024,46,0.0,26.944285714285716,55.74
Kogi,2024,47,0.01,26.545714285714286,52.26428571428571
Kogi,2024,48,0.01,25.375714285714285,49.379999999999995
Kogi,2024,49,0.0,26.228571428571428,47.07857142857143
Kogi,2024,50,0.0,26.62142857142857,45.15857142857143
Kogi,2024,51,0.0,25.48857142857143,40.528571428571425
Kogi,2024,52,0.0,27.268571428571427,38.77571428571429
Kogi,2025,1,0.0,28.345714285714287,42.63142857142857
Kogi,2025,2,0.0,27.288571428571426,36.19142857142857
Kogi,2025,3,0.02,28.715714285714284,47.244285714285716
Kogi,2025,4,0.01,29.232857142857142,49.48714285714285
Kogi,2025,5,0.04,28.844285714285714,39.55142857142857
Kogi,2025,6,0.04,30.34714285714286,53.70285714285715
Kogi,2025,7,0.01,30.3,43.69285714285714
Kogi,2025,8,6.590000000000001,29.66857142857143,60.262857142857136
Kogi,2025,9,51.519999999999996,28.61285714285714,68.93857142857142
Kogi,2025,10,6.22,30.324285714285715,65.45
Kogi,2025,11,6.89,30.342857142857145,67.48428571428572
Kogi,2025,12,5.64,29.924285714285713,65.99571428571429
Kogi,2025,13,2.76,31.46285714285714,60.464285714285715
Kogi,2025,14,10.77,30.732857142857142,65.27142857142857
Kogi,2025,15,27.580000000000002,28.927142857142858,74.51142857142857
Kogi,2025,16,3.87,29.95285714285714,69.57571428571428
Kogi,2025,17,19.82,29.701428571428572,70.67428571428572
Kogi,2025,18,12.45,28.395714285714284,74.37428571428572
Kogi,2025,19,13.82,29.40285714285714,70.86714285714285
Kogi,2025,20,13.09,28.400000000000002,74.74000000000001
Kogi,2025,21,12.38,28.857142857142858,71.94857142857143
Kogi,2025,22,54.9,27.75142857142857,78.93714285714286
Kogi,2025,23,47.77,26.53142857142857,83.58714285714287
Kogi,2025,24,41.91,26.664285714285715,83.17285714285715
Kogi,2025,25,15.59,26.802857142857142,80.95142857142858
Kogi,2025,26,84.19,25.88,87.71000000000001
Kogi,2025,27,68.55,25.282857142857143,88.58285714285714
Kogi,2025,28,34.36,25.047142857142855,87.53
Kogi,2025,29,27.12,25.78142857142857,83.94714285714285
Kogi,2025,30,73.45,24.825714285714287,88.40142857142857
Kogi,2025,31,52.260000000000005,25.25714285714286,87.35428571428572
Kogi,2025,32,37.28,24.928571428571427,87.50142857142858
Kogi,2025,33,15.16,24.892857142857142,86.37
Kogi,2025,34,8.7,25.295714285714286,84.84
Kogi,2025,35,27.82,25.344285714285714,84.99428571428572
Kogi,2025,36,10.61,25.638571428571428,84.08142857142857
Kogi,2025,37,23.86,25.62142857142857,85.18571428571428
Kogi,2025,38,73.94,25.782857142857146,85.74000000000001
Kogi,2025,39,52.13,25.462857142857143,85.96000000000001
Kogi,2025,40,42.3,25.332857142857144,87.66142857142857
Kogi,2025,41,57.370000000000005,25.46857142857143,84.48285714285714
Kogi,2025,42,34.800000000000004,25.90285714285714,83.26571428571428
Kogi,2025,43,33.23,26.31142857142857,85.07714285714285
Kogi,2025,44,13.86,26.12857142857143,83.71000000000001
Kogi,2025,45,27.29,26.21,82.96714285714286
Kogi,2025,46,4.48,26.52857142857143,74.75
Kogi,2025,47,0.35000000000000003,26.59857142857143,66.62714285714286
Kogi,2025,48,0.41000000000000003,27.31714285714286,66.65
Kogi,2025,49,4.99,27.08857142857143,77.89428571428572
Kogi,2025,50,0.78,27.314285714285713,69.75
Kogi,2025,51,0.08,26.99857142857143,59.79
Kogi,2025,52,0.01,28.322857142857142,67.51
Kogi,2026,1,0.0,28.416666666666668,68.11
Kwara,2020,53,0.38,28.623333333333335,54.026666666666664
Kwara,2021,1,0.06,27.795714285714286,42.26285714285715
Kwara,2021,2,0.0,25.731428571428573,35.28142857142857
Kwara,2021,3,0.0,25.485714285714288,36.69428571428572
Kwara,2021,4,0.01,26.852857142857143,37.88142857142857
Kwara,2021,5,0.08,27.524285714285718,38.99857142857143
Kwara,2021,6,0.0,29.285714285714285,34.34571428571429
Kwara,2021,7,0.15,27.68285714285714,29.125714285714285
Kwara,2021,8,0.01,28.542857142857144,30.41857142857143
Kwara,2021,9,0.03,30.195714285714285,39.098571428571425
Kwara,2021,10,6.1000000000000005,29.494285714285716,62.62142857142857
Kwara,2021,11,3.54,28.349999999999998,61.30857142857143
Kwara,2021,12,7.29,28.662857142857142,60.36571428571428
Kwara,2021,13,0.05,30.245714285714286,35.87714285714286
Kwara,2021,14,9.33,30.708571428571428,57.660000000000004
Kwara,2021,15,13.13,27.997142857142855,70.15714285714286
Kwara,2021,16,10.24,28.712857142857143,68.45571428571428
Kwara,2021,17,3.58,29.94142857142857,63.70285714285715
Kwara,2021,18,13.84,28.572857142857142,66.5457142857143
Kwara,2021,19,15.43,29.094285714285714,66.04571428571428
Kwara,2021,20,5.4,29.73428571428571,64.20142857142856
Kwara,2021,21,21.74,29.231428571428573,68.62142857142858
Kwara,2021,22,71.61,26.98,80.11142857142856
Kwara,2021,23,23.91,26.865714285714287,79.32857142857144
Kwara,2021,24,26.47,26.641428571428573,80.69285714285715
Kwara,2021,25,79.91,25.342857142857145,84.62428571428572
Kwara,2021,26,23.48,25.264285714285712,82.88
Kwara,2021,27,8.11,25.732857142857142,79.22428571428573
Kwara,2021,28,48.6,25.947142857142858,80.61142857142856
Kwara,2021,29,14.580000000000002,25.697142857142858,81.15285714285713
Kwara,2021,30,35.36,24.93285714285714,83.75571428571428
Kwara,2021,31,74.23,24.792857142857144,86.03857142857143
Kwara,2021,32,60.04,24.525714285714287,88.35428571428572
Kwara,2021,33,113.41,24.34,87.65714285714286
Kwara,2021,34,55.14,24.635714285714283,88.9342857142857
Kwara,2021,35,42.42,24.974285714285713,85.32428571428571
Kwara,2021,36,66.82,25.255714285714284,84.95285714285714
Kwara,2021,37,39.79,25.16142857142857,86.76714285714286
Kwara,2021,38,46.74,25.009999999999998,85.53
Kwara,2021,39,49.14,25.494285714285716,84.86857142857143
Kwara,2021,40,40.06,26.585714285714285,82.56142857142858
Kwara,2021,41,10.76,26.66142857142857,81.06714285714285
Kwara,2021,42,21.0,25.791428571428572,84.32857142857142
Kwara,2021,43,10.67,26.555714285714284,77.69714285714285
Kwara,2021,44,3.9099999999999997,26.125714285714285,76.49
Kwara,2021,45,49.82,26.715714285714284,76.54285714285713
Kwara,2021,46,16.09,26.315714285714286,71.09
Kwara,2021,47,0.41,25.562857142857144,64.90857142857143
Kwara,2021,48,0.5,24.318571428571428,66.53142857142858
Kwara,2021,49,0.09999999999999999,24.462857142857143,65.64714285714285
Kwara,2021,50,26.77,22.990000000000002,66.24714285714286
Kwara,2021,51,0.0,23.43285714285714,63.631428571428565
Kwara,2021,52,2.06,22.72,64.76
Kwara,2022,1,23.4,23.427142857142858,65.35714285714286
Kwara,2022,2,2.5300000000000002,25.101428571428574,64.53285714285714
Kwara,2022,3,0.31000000000000005,22.282857142857143,58.73428571428571
Kwara,2022,4,0.0,22.099999999999998,55.19285714285714
Kwara,2022,5,0.0,22.29714285714286,52.27571428571429
Kwara,2022,6,0.77,25.092857142857145,47.82
Kwara,2022,7,0.02,26.79,48.75428571428571
Kwara,2022,8,1.15,26.50857142857143,47.11285714285714
Kwara,2022,9,3.04,28.595714285714287,63.11857142857143
Kwara,2022,10,3.49,29.40142857142857,64.30571428571429
Kwara,2022,11,5.1899999999999995,29.10571428571429,62.30714285714286
Kwara,2022,12,8.58,29.085714285714285,66.00714285714285
Kwara,2022,13,18.88,28.36285714285714,66.59285714285714
Kwara,2022,14,4.39,28.994285714285716,68.18142857142857
Kwara,2022,15,26.4,27.542857142857144,72.44000000000001
Kwara,2022,16,9.6,27.88,72.41
Kwara,2022,17,10.59,27.65285714285714,72.6842857142857
Kwara,2022,18,22.61,28.048571428571428,72.14285714285714
Kwara,2022,19,18.27,28.11285714285714,74.9342857142857
Kwara,2022,20,22.9,28.31142857142857,73.06714285714285
Kwara,2022,21,7.3500000000000005,27.41,72.57857142857144
Kwara,2022,22,24.94,27.547142857142855,74.08857142857143
Kwara,2022,23,46.7,26.631428571428575,77.96142857142857
Kwara,2022,24,45.8,25.65285714285714,82.38
Kwara,2022,25,61.1,25.271428571428572,84.71571428571428
Kwara,2022,26,28.419999999999998,25.147142857142857,83.97142857142856
Kwara,2022,27,11.26,25.865714285714287,81.83571428571429
Kwara,2022,28,10.5,26.055714285714284,78.9557142857143
Kwara,2022,29,16.65,25.43,79.13857142857144
Kwara,2022,30,33.39,25.214285714285715,82.22285714285714
Kwara,2022,31,10.22,25.374285714285715,79.21428571428571
Kwara,2022,32,27.79,25.521428571428572,80.67999999999999
Kwara,2022,33,49.92,24.638571428571428,84.48428571428572
Kwara,2022,34,79.82000000000001,24.247142857142855,86.72714285714287
Kwara,2022,35,62.56999999999999,24.294285714285714,87.84
Kwara,2022,36,48.260000000000005,25.214285714285715,84.98857142857142
Kwara,2022,37,51.03,24.857142857142858,87.17714285714285
Kwara,2022,38,49.17,25.12142857142857,85.84714285714287
Kwara,2022,39,75.71,24.565714285714286,86.73
Kwara,2022,40,62.730000000000004,25.139999999999997,86.19571428571429
Kwara,2022,41,47.269999999999996,25.580000000000002,82.91428571428571
Kwara,2022,42,7.96,25.964285714285715,74.29285714285713
Kwara,2022,43,3.32,25.759999999999998,73.05285714285715
Kwara,2022,44,0.08,25.647142857142857,68.63571428571429
Kwara,2022,45,1.83,26.407142857142855,67.78142857142856
Kwara,2022,46,0.01,25.215714285714284,62.98142857142857
Kwara,2022,47,0.01,24.75,59.839999999999996
Kwara,2022,48,0.93,25.907142857142855,60.205714285714286
Kwara,2022,49,0.01,25.240000000000002,57.81428571428571
Kwara,2022,50,0.0,24.610000000000003,55.95428571428572
Kwara,2022,51,0.0,22.625714285714285,53.401428571428575
Kwara,2022,52,0.0,22.622857142857146,51.83142857142857
Kwara,2023,1,0.0,24.175714285714285,53.15714285714286
Kwara,2023,2,0.0,23.594285714285714,47.47428571428571
Kwara,2023,3,0.03,25.532857142857143,48.21714285714285
Kwara,2023,4,0.3,27.935714285714287,53.77285714285714
Kwara,2023,5,1.35,28.304285714285715,47.544285714285714
Kwara,2023,6,1.6099999999999999,27.805714285714284,48.962857142857146
Kwara,2023,7,0.0,25.75142857142857,35.50857142857143
Kwara,2023,8,1.99,28.692857142857143,47.07714285714285
Kwara,2023,9,2.88,30.361428571428572,57.18
Kwara,2023,10,4.79,29.52857142857143,62.621428571428574
Kwara,2023,11,1.44,29.595714285714287,55.73142857142857
Kwara,2023,12,33.489999999999995,28.068571428571428,67.77142857142857
Kwara,2023,13,15.48,27.88,65.50428571428571
Kwara,2023,14,9.46,28.365714285714287,69.9042857142857
Kwara,2023,15,8.129999999999999,29.118571428571425,67.07142857142857
Kwara,2023,16,9.54,29.444285714285716,66.61285714285715
Kwara,2023,17,16.66,28.27857142857143,68.84142857142857
Kwara,2023,18,20.39,28.672857142857143,67.9057142857143
Kwara,2023,19,10.0,29.194285714285716,68.76142857142858
Kwara,2023,20,27.17,28.205714285714286,76.42857142857143
Kwara,2023,21,12.68,28.291428571428572,76.14428571428572
Kwara,2023,22,21.39,28.295714285714286,75.15142857142857
Kwara,2023,23,93.27,26.197142857142858,84.4542857142857
Kwara,2023,24,40.97,26.284285714285716,82.38
Kwara,2023,25,59.239999999999995,25.624285714285715,85.4057142857143
Kwara,2023,26,19.869999999999997,25.97,83.27
Kwara,2023,27,51.58,25.947142857142858,83.42571428571429
Kwara,2023,28,66.16,26.334285714285716,82.95857142857143
Kwara,2023,29,53.989999999999995,26.025714285714287,86.81428571428572
Kwara,2023,30,46.29,25.86285714285714,85.50571428571428
Kwara,2023,31,29.900000000000002,25.50857142857143,86.64999999999999
Kwara,2023,32,75.56,25.15857142857143,86.80714285714285
Kwara,2023,33,40.58,25.60571428571429,85.72
Kwara,2023,34,18.76,26.10571428571429,84.76571428571428
Kwara,2023,35,42.32,25.20285714285714,86.59285714285714
Kwara,2023,36,43.82,25.824285714285715,85.35714285714286
Kwara,2023,37,28.48,25.669999999999998,85.85000000000001
Kwara,2023,38,40.64,25.81142857142857,85.52285714285713
Kwara,2023,39,19.39,26.692857142857143,81.78285714285714
Kwara,2023,40,50.28,25.945714285714285,86.31428571428572
Kwara,2023,41,16.93,26.21857142857143,84.31428571428572
Kwara,2023,42,17.61,26.2,81.53428571428572
Kwara,2023,43,1.0,27.235714285714288,76.58571428571429
Kwara,2023,44,15.209999999999999,26.98,77.59857142857143
Kwara,2023,45,11.61,27.045714285714286,77.01285714285714
Kwara,2023,46,0.21,26.405714285714286,68.22999999999999
Kwara,2023,47,21.48,26.42142857142857,72.82714285714285
Kwara,2023,48,0.04,26.577142857142857,65.31
Kwara,2023,49,0.03,25.957142857142856,52.67714285714286
Kwara,2023,50,0.0,24.28142857142857,50.95285714285715
Kwara,2023,51,0.0,25.391428571428573,48.207142857142856
Kwara,2023,52,0.0,25.31714285714286,43.21714285714285
Kwara,2024,1,0.02,27.442857142857143,50.151428571428575
Kwara,2024,2,0.02,25.962857142857143,41.309999999999995
Kwara,2024,3,0.0,24.575714285714287,35.73857142857143
Kwara,2024,4,0.46,25.307142857142857,39.808571428571426
Kwara,2024,5,0.0,26.884285714285713,37.949999999999996
Kwara,2024,6,0.0,27.12857142857143,35.464285714285715
Kwara,2024,7,0.1,28.861428571428572,47.32
Kwara,2024,8,4.07,30.35571428571429,51.69714285714286
Kwara,2024,9,0.12,31.035714285714285,56.14714285714286
Kwara,2024,10,0.23,31.49285714285714,57.201428571428565
Kwara,2024,11,7.37,31.042857142857144,60.144285714285715
Kwara,2024,12,0.53,30.707142857142856,54.410000000000004
Kwara,2024,13,0.7000000000000001,31.804285714285715,57.612857142857145
Kwara,2024,14,11.18,30.34142857142857,65.06142857142858
Kwara,2024,15,6.93,29.43,66.69142857142857
Kwara,2024,16,7.390000000000001,30.358571428571427,63.089999999999996
Kwara,2024,17,16.150000000000002,29.277142857142856,72.71571428571428
Kwara,2024,18,17.75,29.952857142857145,68.81142857142858
Kwara,2024,19,34.26,29.342857142857145,72.07571428571428
Kwara,2024,20,22.24,29.25857142857143,71.76714285714286
Kwara,2024,21,24.669999999999998,28.60571428571429,75.15142857142857
Kwara,2024,22,17.89,28.395714285714288,75.05285714285715
Kwara,2024,23,22.91,27.211428571428574,80.64
Kwara,2024,24,42.9,27.047142857142855,80.26428571428572
Kwara,2024,25,11.42,27.33857142857143,77.75142857142858
Kwara,2024,26,35.730000000000004,26.79,80.23
Kwara,2024,27,25.66,26.33142857142857,81.29857142857144
Kwara,2024,28,19.220000000000002,26.18285714285714,80.99428571428572
Kwara,2024,29,72.83,25.625714285714285,85.17428571428572
Kwara,2024,30,17.98,25.762857142857143,83.19428571428571
Kwara,2024,31,7.84,26.24142857142857,79.33285714285715
Kwara,2024,32,2.35,27.057142857142857,73.56428571428572
Kwara,2024,33,4.95,26.919999999999998,73.05571428571429
Kwara,2024,34,28.39,26.24142857142857,80.21428571428571
Kwara,2024,35,46.879999999999995,25.514285714285712,84.54142857142857
Kwara,2024,36,52.53,25.58857142857143,81.03428571428572
Kwara,2024,37,54.4,25.692857142857143,85.98428571428572
Kwara,2024,38,79.99,25.805714285714284,84.63428571428572
Kwara,2024,39,98.45,25.687142857142856,84.89
Kwara,2024,40,77.96000000000001,25.447142857142858,87.17999999999999
Kwara,2024,41,60.93,26.237142857142857,82.98571428571428
Kwara,2024,42,12.31,25.58142857142857,82.33714285714287
Kwara,2024,43,36.419999999999995,26.68285714285714,80.24571428571429
Kwara,2024,44,5.99,26.244285714285716,72.09285714285714
Kwara,2024,45,0.07,24.979999999999997,67.23428571428572
Kwara,2024,46,0.06,25.747142857142855,60.67857142857143
Kwara,2024,47,0.02,24.381428571428568,58.83428571428571
Kwara,2024,48,0.0,23.352857142857143,57.03285714285715
Kwara,2024,49,0.0,24.07857142857143,55.25714285714286
Kwara,2024,50,0.0,24.804285714285715,52.39857142857143
Kwara,2024,51,0.0,22.858571428571427,48.35285714285715
Kwara,2024,52,0.0,24.57857142857143,49.00142857142857
Kwara,2025,1,0.0,26.962857142857143,46.36714285714286
Kwara,2025,2,0.0,25.03,41.208571428571425
Kwara,2025,3,0.0,26.610000000000003,42.75
Kwara,2025,4,0.03,27.73857142857143,43.11857142857143
Kwara,2025,5,0.4,27.175714285714285,41.62571428571429
Kwara,2025,6,0.08,28.8,42.61
Kwara,2025,7,0.0,28.861428571428572,31.428571428571427
Kwara,2025,8,2.5,29.298571428571428,50.744285714285716
Kwara,2025,9,2.56,29.681428571428572,45.471428571428575
Kwara,2025,10,2.42,31.805714285714284,52.72714285714285
Kwara,2025,11,4.13,31.104285714285712,59.720000000000006
Kwara,2025,12,3.27,30.12,60.42714285714286
Kwara,2025,13,2.83,31.389999999999997,57.199999999999996
Kwara,2025,14,2.23,32.01857142857143,52.98714285714285
Kwara,2025,15,9.03,30.295714285714286,63.5
Kwara,2025,16,3.24,31.451428571428572,58.63142857142857
Kwara,2025,17,14.05,30.740000000000002,62.401428571428575
Kwara,2025,18,11.309999999999999,29.082857142857144,66.63428571428571
Kwara,2025,19,4.37,30.745714285714286,61.34428571428572
Kwara,2025,20,24.79,29.28857142857143,68.74714285714286
Kwara,2025,21,14.64,28.851428571428574,69.95285714285714
Kwara,2025,22,26.2,28.332857142857144,72.55428571428571
Kwara,2025,23,34.88,27.29714285714286,77.55285714285715
Kwara,2025,24,36.87,26.88,79.14714285714285
Kwara,2025,25,12.46,26.78,77.31285714285715
Kwara,2025,26,22.49,26.777142857142856,78.38142857142857
Kwara,2025,27,110.88000000000001,25.537142857142857,85.54571428571428
Kwara,2025,28,44.06,25.00714285714286,86.46857142857142
Kwara,2025,29,12.76,25.537142857142857,81.46142857142857
Kwara,2025,30,16.69,25.268571428571427,82.91714285714285
Kwara,2025,31,31.36,25.735714285714288,80.97714285714287
Kwara,2025,32,23.29,25.295714285714286,82.74000000000001
Kwara,2025,33,24.68,24.90857142857143,83.01428571428572
Kwara,2025,34,13.62,25.641428571428573,80.03857142857143
Kwara,2025,35,4.8500000000000005,26.12857142857143,76.71857142857142
Kwara,2025,36,9.010000000000002,26.414285714285715,75.17714285714285
Kwara,2025,37,45.53,25.28142857142857,83.66571428571429
Kwara,2025,38,64.38,26.274285714285714,80.96857142857142
Kwara,2025,39,46.120000000000005,25.414285714285715,83.83857142857143
Kwara,2025,40,25.25,25.801428571428573,82.87428571428572
Kwara,2025,41,28.58,26.131428571428575,78.33000000000001
Kwara,2025,42,15.64,26.791428571428572,75.17285714285715
Kwara,2025,43,9.07,27.798571428571428,70.79142857142857
Kwara,2025,44,1.9,28.08285714285714,63.54
Kwara,2025,45,11.4,28.062857142857144,63.62571428571429
Kwara,2025,46,0.96,28.187142857142856,53.66285714285714
Kwara,2025,47,0.26,28.222857142857144,47.93571428571429
Kwara,2025,48,0.8400000000000001,28.76142857142857,46.105714285714285
Kwara,2025,49,0.33,28.861428571428572,51.06285714285714
Kwara,2025,50,0.31,28.532857142857143,50.151428571428575
Kwara,2025,51,0.5,28.254285714285714,46.98571428571428
Kwara,2025,52,0.0,29.264285714285712,46.63857142857143
Kwara,2026,1,0.0,29.616666666666664,46.03666666666667
Lagos,2020,53,1.78,27.30666666666667,88.44333333333333
Lagos,2021,1,4.16,27.172857142857143,86.85428571428572
Lagos,2021,2,0.31,27.19142857142857,82.35000000000001
Lagos,2021,3,0.33,26.645714285714288,76.19428571428571
Lagos,2021,4,7.359999999999999,27.057142857142857,84.49714285714286
Lagos,2021,5,5.72,27.66857142857143,84.12
Lagos,2021,6,2.28,28.321428571428573,83.37
Lagos,2021,7,6.05,27.035714285714285,72.57285714285715
Lagos,2021,8,1.25,27.574285714285715,80.67285714285715
Lagos,2021,9,1.55,28.054285714285715,85.15714285714286
Lagos,2021,10,22.54,27.41142857142857,85.74714285714286
Lagos,2021,11,8.06,27.051428571428573,84.11142857142856
Lagos,2021,12,49.12,27.268571428571427,85.37
Lagos,2021,13,1.9300000000000002,28.025714285714287,83.50571428571428
Lagos,2021,14,23.8,27.898571428571426,86.10000000000001
Lagos,2021,15,70.06,27.482857142857142,84.0657142857143
Lagos,2021,16,23.48,27.544285714285714,86.06142857142856
Lagos,2021,17,4.14,27.985714285714288,84.77142857142857
Lagos,2021,18,26.98,26.987142857142857,84.79857142857144
Lagos,2021,19,9.01,27.490000000000002,84.43571428571428
Lagos,2021,20,12.01,27.37142857142857,85.57142857142857
Lagos,2021,21,24.83,27.641428571428573,87.19571428571429
Lagos,2021,22,68.05,27.118571428571432,85.55142857142857
Lagos,2021,23,21.919999999999998,26.91,85.20285714285714
Lagos,2021,24,52.75,26.797142857142855,87.40428571428572
Lagos,2021,25,43.11,25.865714285714287,87.0
Lagos,2021,26,55.82,25.66857142857143,87.48714285714286
Lagos,2021,27,23.62,25.731428571428573,86.77
Lagos,2021,28,169.65,25.75857142857143,86.45285714285714
Lagos,2021,29,14.48,25.454285714285714,85.24714285714286
Lagos,2021,30,8.459999999999999,25.32,84.56428571428572
Lagos,2021,31,50.42,25.431428571428572,89.51285714285714
Lagos,2021,32,26.5,25.472857142857144,87.48571428571428
Lagos,2021,33,87.21,25.267142857142858,88.13428571428572
Lagos,2021,34,67.56,25.844285714285714,89.33714285714287
Lagos,2021,35,100.34,25.687142857142856,88.97714285714287
Lagos,2021,36,38.839999999999996,25.77285714285714,89.58428571428571
Lagos,2021,37,51.97,25.638571428571428,89.35857142857142
Lagos,2021,38,94.34,25.798571428571428,87.79142857142857
Lagos,2021,39,53.66,26.03142857142857,87.92285714285715
Lagos,2021,40,47.660000000000004,26.577142857142857,88.50999999999999
Lagos,2021,41,42.92,26.704285714285714,87.82285714285715
Lagos,2021,42,36.96,26.26571428571429,87.69857142857143
Lagos,2021,43,41.940000000000005,26.618571428571425,87.63714285714286
Lagos,2021,44,61.66,26.624285714285715,87.83142857142856
Lagos,2021,45,117.38000000000001,26.94142857142857,87.85857142857142
Lagos,2021,46,14.15,27.18857142857143,86.55
Lagos,2021,47,13.89,27.25,86.50571428571428
Lagos,2021,48,0.59,27.358571428571427,84.63857142857144
Lagos,2021,49,0.08,27.694285714285716,82.37857142857142
Lagos,2021,50,0.63,27.02,78.15428571428572
Lagos,2021,51,0.0,26.310000000000002,76.81142857142856
Lagos,2021,52,16.6,26.919999999999998,79.83714285714287
Lagos,2022,1,12.99,26.687142857142856,77.81285714285715
Lagos,2022,2,0.18,26.78142857142857,85.45285714285716
Lagos,2022,3,0.14,25.40285714285714,71.94571428571429
Lagos,2022,4,0.32,25.37142857142857,72.75857142857143
Lagos,2022,5,0.0,25.645714285714288,72.94428571428571
Lagos,2022,6,2.4699999999999998,27.262857142857143,80.89714285714285
Lagos,2022,7,1.61,27.768571428571427,84.42857142857143
Lagos,2022,8,1.73,27.952857142857145,84.94142857142857
Lagos,2022,9,12.77,27.564285714285713,84.87857142857142
Lagos,2022,10,16.59,27.965714285714284,84.35285714285715
Lagos,2022,11,9.1,28.04,85.14428571428572
Lagos,2022,12,5.88,27.915714285714284,86.27285714285713
Lagos,2022,13,19.0,27.888571428571428,86.55999999999999
Lagos,2022,14,17.14,27.641428571428573,85.98285714285714
Lagos,2022,15,38.86,27.07857142857143,85.80571428571429
Lagos,2022,16,69.03,27.25,84.62857142857142
Lagos,2022,17,64.94,27.027142857142856,85.73714285714286
Lagos,2022,18,26.68,27.15142857142857,86.52428571428571
Lagos,2022,19,14.27,27.635714285714283,85.37714285714286
Lagos,2022,20,33.98,27.34857142857143,86.81142857142856
Lagos,2022,21,19.91,26.722857142857144,84.7
Lagos,2022,22,31.36,26.908571428571427,86.57857142857142
Lagos,2022,23,85.37,26.50857142857143,85.94571428571429
Lagos,2022,24,124.33,25.99857142857143,88.90714285714286
Lagos,2022,25,64.24,25.675714285714285,88.88428571428572
Lagos,2022,26,48.81,25.657142857142855,88.14428571428572
Lagos,2022,27,74.35000000000001,25.664285714285715,89.90857142857143
Lagos,2022,28,22.92,25.464285714285715,87.96428571428571
Lagos,2022,29,52.94,25.12857142857143,85.38142857142857
Lagos,2022,30,42.42,24.89428571428571,89.48428571428572
Lagos,2022,31,2.93,24.344285714285714,86.30285714285715
Lagos,2022,32,38.42,24.594285714285714,89.02285714285713
Lagos,2022,33,23.63,24.639999999999997,87.65285714285713
Lagos,2022,34,57.21,24.81,88.76714285714286
Lagos,2022,35,43.21,25.108571428571427,89.32285714285715
Lagos,2022,36,40.22,25.349999999999998,88.45142857142856
Lagos,2022,37,56.349999999999994,25.358571428571427,89.35428571428572
Lagos,2022,38,95.41,25.301428571428573,90.25714285714285
Lagos,2022,39,73.65,25.165714285714284,89.90714285714286
Lagos,2022,40,35.07,25.75,89.13142857142857
Lagos,2022,41,37.28,25.888571428571428,87.55857142857143
Lagos,2022,42,93.97999999999999,26.618571428571432,87.28714285714285
Lagos,2022,43,20.07,26.845714285714283,86.91714285714286
Lagos,2022,44,12.32,27.04714285714286,85.33428571428571
Lagos,2022,45,12.11,27.127142857142854,85.7
Lagos,2022,46,4.63,26.834285714285716,84.51714285714286
Lagos,2022,47,6.35,26.84857142857143,83.27714285714286
Lagos,2022,48,51.980000000000004,26.701428571428572,85.10571428571428
Lagos,2022,49,1.6,26.78142857142857,84.1
Lagos,2022,50,0.32,26.524285714285718,86.89714285714285
Lagos,2022,51,0.0,25.665714285714284,74.5657142857143
Lagos,2022,52,0.0,24.895714285714288,66.57142857142857
Lagos,2023,1,0.0,25.812857142857144,75.74571428571429
Lagos,2023,2,0.0,25.922857142857143,78.16857142857143
Lagos,2023,3,0.84,26.798571428571428,80.49857142857142
Lagos,2023,4,3.58,27.03,86.33428571428571
Lagos,2023,5,1.6400000000000001,27.197142857142858,85.20142857142856
Lagos,2023,6,0.4,27.731428571428573,82.85571428571428
Lagos,2023,7,0.0,27.01571428571429,74.99857142857142
Lagos,2023,8,10.75,27.404285714285713,84.49857142857142
Lagos,2023,9,23.23,27.65285714285714,86.16285714285713
Lagos,2023,10,11.54,27.74142857142857,84.37857142857142
Lagos,2023,11,33.74,27.57428571428571,82.85000000000001
Lagos,2023,12,32.57,27.365714285714287,82.60571428571428
Lagos,2023,13,5.2700000000000005,27.81142857142857,82.57000000000001
Lagos,2023,14,81.02,27.685714285714287,85.14285714285714
Lagos,2023,15,31.3,27.762857142857143,86.09571428571428
Lagos,2023,16,32.1,27.775714285714287,86.14857142857143
Lagos,2023,17,34.15,27.25857142857143,84.71714285714286
Lagos,2023,18,15.9,27.708571428571428,81.20857142857143
Lagos,2023,19,31.36,28.051428571428573,85.84714285714287
Lagos,2023,20,24.23,27.827142857142857,86.81428571428572
Lagos,2023,21,20.93,27.737142857142857,86.46285714285715
Lagos,2023,22,28.82,27.412857142857142,86.80999999999999
Lagos,2023,23,139.01,26.575714285714287,88.28714285714285
Lagos,2023,24,64.33,26.68,86.62285714285714
Lagos,2023,25,72.46000000000001,26.064285714285713,88.6542857142857
Lagos,2023,26,36.9,25.76571428571429,88.08285714285715
Lagos,2023,27,59.22,26.012857142857143,89.94714285714285
Lagos,2023,28,40.33,26.27857142857143,88.83857142857143
Lagos,2023,29,69.9,26.192857142857143,90.39
Lagos,2023,30,48.84,25.74142857142857,90.40428571428572
Lagos,2023,31,29.37,25.62,88.83142857142857
Lagos,2023,32,11.59,25.61285714285714,88.05428571428571
Lagos,2023,33,32.87,25.745714285714286,89.75714285714285
Lagos,2023,34,27.58,25.881428571428568,89.86714285714285
Lagos,2023,35,82.98,25.665714285714284,90.88
Lagos,2023,36,95.74,25.85571428571429,90.9057142857143
Lagos,2023,37,48.7,26.015714285714285,90.78142857142858
Lagos,2023,38,66.71,26.141428571428573,89.75714285714285
Lagos,2023,39,42.81999999999999,26.674285714285713,89.28285714285714
Lagos,2023,40,114.86,26.677142857142858,88.03714285714285
Lagos,2023,41,39.47,26.437142857142856,88.90285714285713
Lagos,2023,42,29.41,26.852857142857143,87.71714285714286
Lagos,2023,43,13.93,27.177142857142858,86.4342857142857
Lagos,2023,44,56.21,27.232857142857142,87.28571428571429
Lagos,2023,45,25.76,27.06142857142857,87.83714285714287
Lagos,2023,46,5.6,27.427142857142858,84.91285714285713
Lagos,2023,47,41.42,27.255714285714284,87.29142857142857
Lagos,2023,48,4.75,27.18,85.98285714285714
Lagos,2023,49,1.6099999999999999,27.63,84.51
Lagos,2023,50,0.02,26.735714285714288,69.94285714285715
Lagos,2023,51,0.0,26.511428571428574,72.36285714285715
Lagos,2023,52,0.01,27.271428571428572,77.66714285714285
Lagos,2024,1,1.26,27.907142857142855,83.51428571428572
Lagos,2024,2,2.2800000000000002,27.982857142857142,82.58857142857143
Lagos,2024,3,0.18,27.327142857142857,77.45285714285714
Lagos,2024,4,1.9,26.935714285714287,69.98857142857143
Lagos,2024,5,0.0,27.092857142857145,80.12571428571428
Lagos,2024,6,0.14,26.568571428571428,76.88571428571429
Lagos,2024,7,1.97,28.415714285714284,85.73857142857142
Lagos,2024,8,57.13,28.435714285714287,84.16857142857144
Lagos,2024,9,7.8100000000000005,28.28142857142857,85.26
Lagos,2024,10,19.26,28.00142857142857,86.65142857142857
Lagos,2024,11,8.93,28.645714285714284,84.87142857142858
Lagos,2024,12,6.28,28.804285714285715,83.68142857142857
Lagos,2024,13,6.74,28.97142857142857,84.28285714285714
Lagos,2024,14,21.869999999999997,28.694285714285712,85.42999999999999
Lagos,2024,15,12.35,28.63714285714286,83.02857142857144
Lagos,2024,16,15.07,28.71857142857143,85.79714285714284
Lagos,2024,17,36.6,28.595714285714287,86.34285714285714
Lagos,2024,18,55.220000000000006,28.43857142857143,86.13
Lagos,2024,19,14.7,28.56,85.10142857142857
Lagos,2024,20,29.18,28.23428571428571,84.52428571428571
Lagos,2024,21,91.42999999999999,27.897142857142857,86.40714285714286
Lagos,2024,22,21.259999999999998,27.91714285714286,86.9557142857143
Lagos,2024,23,51.08,27.282857142857143,88.34714285714287
Lagos,2024,24,55.65,26.98428571428571,88.0942857142857
Lagos,2024,25,29.34,26.97714285714286,87.30857142857143
Lagos,2024,26,132.4,26.61285714285714,87.91285714285713
Lagos,2024,27,76.83,26.231428571428573,88.93571428571428
Lagos,2024,28,20.47,25.75714285714286,89.16
Lagos,2024,29,13.9,25.535714285714285,88.96428571428571
Lagos,2024,30,3.44,25.481428571428573,87.89428571428572
Lagos,2024,31,8.14,25.424285714285713,87.03857142857143
Lagos,2024,32,0.81,25.395714285714284,85.65714285714286
Lagos,2024,33,1.53,25.50714285714286,87.50285714285714
Lagos,2024,34,60.54,25.34857142857143,90.58285714285715
Lagos,2024,35,21.46,25.335714285714285,90.05428571428571
Lagos,2024,36,17.41,25.43285714285714,87.80428571428571
Lagos,2024,37,73.37,25.722857142857144,90.60428571428572
Lagos,2024,38,26.139999999999997,25.98,89.6557142857143
Lagos,2024,39,26.009999999999998,26.064285714285713,88.19714285714285
Lagos,2024,40,73.88,26.25,89.67857142857143
Lagos,2024,41,73.0,26.247142857142855,88.14857142857143
Lagos,2024,42,69.59,26.13,89.1857142857143
Lagos,2024,43,55.4,26.805714285714284,88.34285714285714
Lagos,2024,44,39.42,27.178571428571427,87.42857142857143
Lagos,2024,45,26.310000000000002,27.167142857142856,82.74
Lagos,2024,46,10.22,27.55142857142857,84.57000000000001
Lagos,2024,47,3.48,27.154285714285713,79.23857142857142
Lagos,2024,48,0.51,26.307142857142857,73.37285714285714
Lagos,2024,49,0.16,26.62714285714286,76.09857142857143
Lagos,2024,50,0.52,26.900000000000002,76.45714285714287
Lagos,2024,51,0.08,25.40857142857143,64.56285714285714
Lagos,2024,52,0.0,26.464285714285715,75.47285714285714
Lagos,2025,1,0.13,27.602857142857143,83.71571428571428
Lagos,2025,2,0.0,26.419999999999998,77.21285714285715
Lagos,2025,3,0.0,26.844285714285714,83.09857142857143
Lagos,2025,4,1.8599999999999999,27.141428571428573,84.16285714285713
Lagos,2025,5,9.67,27.327142857142857,82.44857142857143
Lagos,2025,6,6.43,28.027142857142856,83.28857142857143
Lagos,2025,7,0.42,27.99285714285714,85.43714285714285
Lagos,2025,8,17.4,27.485714285714288,86.92428571428572
Lagos,2025,9,54.220000000000006,27.618571428571425,83.86428571428571
Lagos,2025,10,69.07,28.24142857142857,85.07857142857142
Lagos,2025,11,49.239999999999995,28.25142857142857,87.69000000000001
Lagos,2025,12,27.26,27.877142857142854,85.46428571428571
Lagos,2025,13,15.88,28.21,85.20142857142856
Lagos,2025,14,31.82,28.192857142857143,86.06142857142856
Lagos,2025,15,40.18,27.889999999999997,87.18571428571428
Lagos,2025,16,22.72,28.274285714285714,85.52714285714286
Lagos,2025,17,40.24,28.037142857142857,86.24285714285715
Lagos,2025,18,21.27,27.46,85.82571428571428
Lagos,2025,19,15.11,28.051428571428573,83.91
Lagos,2025,20,18.91,27.63714285714286,85.09857142857143
Lagos,2025,21,35.02,27.374285714285715,85.81142857142856
Lagos,2025,22,61.93,27.20285714285714,85.54285714285713
Lagos,2025,23,60.519999999999996,27.005714285714284,86.38857142857144
Lagos,2025,24,58.35000000000001,27.051428571428573,86.19285714285715
Lagos,2025,25,61.38,26.534285714285716,87.34142857142857
Lagos,2025,26,72.10000000000001,26.38,88.28857142857143
Lagos,2025,27,52.56,25.919999999999998,87.63142857142857
Lagos,2025,28,43.379999999999995,25.15142857142857,88.71857142857142
Lagos,2025,29,3.06,25.075714285714287,84.44428571428571
Lagos,2025,30,8.39,25.075714285714287,86.49428571428572
Lagos,2025,31,20.16,25.005714285714284,88.70285714285714
Lagos,2025,32,52.65,24.65142857142857,90.00571428571428
Lagos,2025,33,21.1,24.731428571428573,87.60714285714286
Lagos,2025,34,7.08,24.708571428571428,87.11857142857143
Lagos,2025,35,15.8,24.818571428571428,86.85142857142857
Lagos,2025,36,1.27,25.33857142857143,85.44857142857143
Lagos,2025,37,67.39,25.462857142857143,88.44142857142857
Lagos,2025,38,71.31,25.474285714285713,89.61428571428571
Lagos,2025,39,49.57,25.722857142857144,89.12142857142858
Lagos,2025,40,43.76,25.84714285714286,88.90857142857143
Lagos,2025,41,41.64,25.787142857142857,86.92714285714285
Lagos,2025,42,33.129999999999995,26.145714285714288,86.65285714285714
Lagos,2025,43,52.14,26.812857142857144,87.83571428571429
Lagos,2025,44,65.07,26.761428571428574,87.11
Lagos,2025,45,54.19,26.55857142857143,87.49000000000001
Lagos,2025,46,18.02,27.04,85.97428571428573
Lagos,2025,47,7.99,27.422857142857143,83.31857142857143
Lagos,2025,48,10.99,27.562857142857144,83.86285714285714
Lagos,2025,49,16.15,27.11285714285714,87.50714285714285
Lagos,2025,50,12.38,26.805714285714284,85.9557142857143
Lagos,2025,51,22.7,27.228571428571428,84.63142857142857
Lagos,2025,52,0.7100000000000001,27.397142857142857,85.33428571428571
Lagos,2026,1,0.44,27.42,84.7
Nasarawa,2020,53,0.0,28.483333333333334,47.63666666666666
Nasarawa,2021,1,0.02,27.785714285714285,33.30714285714286
Nasarawa,2021,2,0.0,26.97714285714286,28.75
Nasarawa,2021,3,0.0,27.692857142857143,25.055714285714284
Nasarawa,2021,4,0.0,28.647142857142857,26.104285714285716
Nasarawa,2021,5,0.81,29.262857142857143,30.875714285714285
Nasarawa,2021,6,0.68,29.228571428571428,24.07
Nasarawa,2021,7,0.0,28.93285714285714,21.67142857142857
Nasarawa,2021,8,0.0,29.397142857142857,28.81714285714286
Nasarawa,2021,9,0.02,31.419999999999998,21.62
Nasarawa,2021,10,33.33,29.265714285714285,64.54857142857144
Nasarawa,2021,11,4.1499999999999995,27.52857142857143,71.0942857142857
Nasarawa,2021,12,10.45,28.860000000000003,59.28142857142858
Nasarawa,2021,13,0.0,29.931428571428572,28.752857142857142
Nasarawa,2021,14,32.07,30.231428571428573,60.449999999999996
Nasarawa,2021,15,53.29,27.44,78.78999999999999
Nasarawa,2021,16,4.01,28.360000000000003,72.32000000000001
Nasarawa,2021,17,0.89,29.805714285714284,66.16
Nasarawa,2021,18,6.6,28.707142857142856,67.29142857142857
Nasarawa,2021,19,24.75,28.860000000000003,69.53857142857143
Nasarawa,2021,20,19.55,28.271428571428572,74.39999999999999
Nasarawa,2021,21,12.379999999999999,28.382857142857144,75.13285714285715
Nasarawa,2021,22,77.36,26.931428571428572,82.42142857142858
Nasarawa,2021,23,34.59,26.835714285714285,80.96857142857142
Nasarawa,2021,24,33.33,26.41,83.91714285714286
Nasarawa,2021,25,86.35,25.701428571428572,85.4342857142857
Nasarawa,2021,26,112.82,25.117142857142856,86.64285714285714
Nasarawa,2021,27,21.9,24.841428571428573,87.18714285714285
Nasarawa,2021,28,31.669999999999998,25.147142857142857,85.85285714285715
Nasarawa,2021,29,151.76,24.77,88.96714285714286
Nasarawa,2021,30,15.47,24.692857142857143,87.3157142857143
Nasarawa,2021,31,141.91000000000003,24.388571428571428,89.11
Nasarawa,2021,32,50.57,24.885714285714283,87.83571428571429
Nasarawa,2021,33,22.63,24.71142857142857,88.28142857142858
Nasarawa,2021,34,26.04,25.237142857142857,86.54714285714286
Nasarawa,2021,35,36.18,25.094285714285714,88.03857142857143
Nasarawa,2021,36,34.25,25.504285714285714,85.26857142857143
Nasarawa,2021,37,104.48,25.714285714285715,86.29857142857142
Nasarawa,2021,38,22.88,25.42142857142857,84.92142857142858
Nasarawa,2021,39,25.55,25.83285714285714,86.40142857142858
Nasarawa,2021,40,29.29,26.324285714285715,84.72285714285715
Nasarawa,2021,41,30.580000000000002,26.189999999999998,86.55571428571429
Nasarawa,2021,42,28.6,25.632857142857144,86.61428571428571
Nasarawa,2021,43,37.53,26.54,78.80428571428571
Nasarawa,2021,44,31.5,26.327142857142857,78.95714285714284
Nasarawa,2021,45,26.42,27.14428571428571,73.28857142857143
Nasarawa,2021,46,56.120000000000005,25.87857142857143,66.66571428571429
Nasarawa,2021,47,4.64,24.87857142857143,64.2357142857143
Nasarawa,2021,48,4.24,24.07,62.512857142857136
Nasarawa,2021,49,0.68,23.551428571428573,65.21428571428571
Nasarawa,2021,50,0.0,22.744285714285716,61.44857142857143
Nasarawa,2021,51,8.25,22.771428571428572,60.951428571428565
Nasarawa,2021,52,15.200000000000001,23.868571428571425,58.652857142857144
Nasarawa,2022,1,5.92,24.071428571428573,58.987142857142864
Nasarawa,2022,2,7.459999999999999,25.36285714285714,61.24714285714286
Nasarawa,2022,3,1.36,22.90285714285714,51.42142857142857
Nasarawa,2022,4,58.81,23.085714285714285,47.37142857142857
Nasarawa,2022,5,0.0,22.565714285714286,44.682857142857145
Nasarawa,2022,6,1.63,24.345714285714287,43.13428571428572
Nasarawa,2022,7,0.01,26.504285714285714,45.01857142857143
Nasarawa,2022,8,0.29,26.344285714285714,37.65
Nasarawa,2022,9,8.84,27.625714285714285,65.84142857142857
Nasarawa,2022,10,9.15,28.27285714285714,73.02428571428571
Nasarawa,2022,11,0.08,27.654285714285713,48.24285714285714
Nasarawa,2022,12,22.38,28.448571428571427,63.32285714285714
Nasarawa,2022,13,24.71,27.752857142857145,59.13428571428572
Nasarawa,2022,14,30.330000000000002,27.38714285714286,80.83
Nasarawa,2022,15,22.830000000000002,26.95,79.21428571428571
Nasarawa,2022,16,72.47,26.9,82.39857142857143
Nasarawa,2022,17,167.1,26.17142857142857,85.89857142857143
Nasarawa,2022,18,46.65,26.735714285714288,83.93285714285715
Nasarawa,2022,19,72.76,26.91,85.74857142857142
Nasarawa,2022,20,237.17,26.54,85.56428571428572
Nasarawa,2022,21,254.29,25.434285714285714,88.84857142857143
Nasarawa,2022,22,46.65,25.669999999999998,88.79285714285713
Nasarawa,2022,23,159.11,25.125714285714285,89.00571428571428
Nasarawa,2022,24,16.06,24.890000000000004,89.68142857142857
Nasarawa,2022,25,150.73000000000002,24.905714285714286,90.70142857142856
Nasarawa,2022,26,20.830000000000002,25.01571428571429,88.33571428571429
Nasarawa,2022,27,13.36,25.352857142857143,87.71428571428571
Nasarawa,2022,28,8.6,25.26571428571429,87.92
Nasarawa,2022,29,11.64,24.61285714285714,88.59857142857143
Nasarawa,2022,30,50.98,24.439999999999998,89.8157142857143
Nasarawa,2022,31,26.869999999999997,24.747142857142858,87.27142857142857
Nasarawa,2022,32,56.01,24.794285714285714,90.17285714285715
Nasarawa,2022,33,21.64,24.575714285714287,87.23571428571428
Nasarawa,2022,34,123.49,23.86285714285714,91.42857142857143
Nasarawa,2022,35,41.8,24.374285714285715,88.24
Nasarawa,2022,36,21.44,24.82428571428571,88.10142857142857
Nasarawa,2022,37,34.51,24.957142857142856,88.44000000000001
Nasarawa,2022,38,30.79,25.145714285714284,87.32000000000001
Nasarawa,2022,39,37.230000000000004,24.667142857142856,88.05142857142857
Nasarawa,2022,40,54.230000000000004,24.981428571428573,87.8157142857143
Nasarawa,2022,41,45.56999999999999,25.46,85.08714285714287
Nasarawa,2022,42,2.08,25.982857142857142,78.81142857142858
Nasarawa,2022,43,0.7600000000000001,25.065714285714286,77.10428571428572
Nasarawa,2022,44,0.18,24.672857142857143,70.91142857142857
Nasarawa,2022,45,0.21000000000000002,25.995714285714286,67.26714285714286
Nasarawa,2022,46,0.0,24.285714285714285,67.15142857142857
Nasarawa,2022,47,0.0,23.604285714285712,62.097142857142856
Nasarawa,2022,48,0.0,25.077142857142857,64.08857142857143
Nasarawa,2022,49,0.0,23.072857142857142,60.971428571428575
Nasarawa,2022,50,0.0,23.87857142857143,55.67142857142857
Nasarawa,2022,51,0.0,22.16142857142857,56.56857142857143
Nasarawa,2022,52,0.0,21.84142857142857,53.18142857142857
Nasarawa,2023,1,0.0,23.571428571428573,52.83571428571429
Nasarawa,2023,2,0.0,22.8,47.56
Nasarawa,2023,3,0.0,24.895714285714288,48.027142857142856
Nasarawa,2023,4,0.02,26.28,55.53285714285715
Nasarawa,2023,5,2.1100000000000003,26.844285714285714,54.598571428571425
Nasarawa,2023,6,2.89,25.9,38.23857142857143
Nasarawa,2023,7,0.0,26.217142857142854,30.824285714285715
Nasarawa,2023,8,4.91,27.917142857142856,39.544285714285714
Nasarawa,2023,9,15.07,28.59857142857143,67.20428571428572
Nasarawa,2023,10,5.0600000000000005,27.895714285714288,70.5957142857143
Nasarawa,2023,11,3.9899999999999998,27.882857142857144,64.60571428571428
Nasarawa,2023,12,11.16,27.622857142857146,69.88571428571429
Nasarawa,2023,13,1.12,28.89428571428571,59.458571428571425
Nasarawa,2023,14,3.26,28.952857142857145,66.96714285714286
Nasarawa,2023,15,5.03,29.27857142857143,65.95714285714286
Nasarawa,2023,16,10.87,29.35571428571429,67.37142857142858
Nasarawa,2023,17,15.75,28.21142857142857,72.95857142857143
Nasarawa,2023,18,13.51,28.302857142857142,71.22428571428571
Nasarawa,2023,19,18.669999999999998,28.91142857142857,72.05428571428571
Nasarawa,2023,20,42.300000000000004,27.844285714285714,81.86142857142856
Nasarawa,2023,21,12.35,27.94,79.43857142857144
Nasarawa,2023,22,12.36,27.997142857142855,76.22571428571429
Nasarawa,2023,23,51.17,26.224285714285713,84.83142857142856
Nasarawa,2023,24,23.05,26.59857142857143,80.40714285714286
Nasarawa,2023,25,35.4,25.860000000000003,84.66428571428571
Nasarawa,2023,26,35.04,26.53857142857143,82.25
Nasarawa,2023,27,28.6,26.165714285714284,82.90285714285713
Nasarawa,2023,28,27.919999999999998,27.095714285714287,79.04428571428572
Nasarawa,2023,29,19.25,26.527142857142856,83.77285714285713
Nasarawa,2023,30,14.89,26.564285714285713,81.88857142857144
Nasarawa,2023,31,10.61,26.29,82.28428571428572
Nasarawa,2023,32,21.549999999999997,26.37857142857143,80.92142857142858
Nasarawa,2023,33,52.36,26.425714285714285,81.96142857142857
Nasarawa,2023,34,51.57,26.525714285714287,83.13285714285713
Nasarawa,2023,35,26.94,25.798571428571428,84.62571428571428
Nasarawa,2023,36,46.47,26.16,83.91857142857143
Nasarawa,2023,37,23.01,26.16857142857143,85.64428571428572
Nasarawa,2023,38,16.32,26.77857142857143,81.67285714285715
Nasarawa,2023,39,16.88,27.367142857142856,79.73571428571428
Nasarawa,2023,40,19.83,27.207142857142856,79.93857142857142
Nasarawa,2023,41,83.98,26.548571428571428,84.35571428571428
Nasarawa,2023,42,75.25,26.615714285714287,83.85000000000001
Nasarawa,2023,43,0.31,27.41,78.6842857142857
Nasarawa,2023,44,16.2,27.002857142857145,79.97
Nasarawa,2023,45,2.35,27.585714285714285,75.41142857142857
Nasarawa,2023,46,0.07,27.28,61.07714285714286
Nasarawa,2023,47,6.09,26.607142857142858,65.67142857142856
Nasarawa,2023,48,0.0,27.548571428571428,56.50142857142857
Nasarawa,2023,49,0.0,27.46857142857143,45.13285714285714
Nasarawa,2023,50,0.0,26.677142857142858,35.76857142857143
Nasarawa,2023,51,0.0,27.740000000000002,34.93
Nasarawa,2023,52,0.0,27.00857142857143,32.417142857142856
Nasarawa,2024,1,0.0,27.874285714285715,29.935714285714287
Nasarawa,2024,2,0.0,26.47142857142857,22.062857142857144
Nasarawa,2024,3,0.0,26.244285714285716,18.87
Nasarawa,2024,4,0.0,27.448571428571427,19.44
Nasarawa,2024,5,0.0,29.00857142857143,19.75714285714286
Nasarawa,2024,6,0.0,29.09142857142857,20.321428571428573
Nasarawa,2024,7,0.0,30.298571428571428,21.277142857142856
Nasarawa,2024,8,1.9100000000000001,31.634285714285713,36.05714285714286
Nasarawa,2024,9,0.0,32.03,45.65
Nasarawa,2024,10,0.0,32.30571428571428,52.75571428571429
Nasarawa,2024,11,54.69,30.75857142857143,65.25571428571429
Nasarawa,2024,12,0.12,29.521428571428572,48.43142857142857
Nasarawa,2024,13,0.29,31.57428571428571,57.34571428571429
Nasarawa,2024,14,2.1100000000000003,31.125714285714285,61.50571428571429
Nasarawa,2024,15,6.52,30.965714285714284,57.92857142857143
Nasarawa,2024,16,2.55,31.875714285714285,56.42
Nasarawa,2024,17,51.44,30.91714285714286,65.89285714285714
Nasarawa,2024,18,86.74,27.842857142857145,84.32285714285715
Nasarawa,2024,19,12.52,28.34714285714286,80.70714285714287
Nasarawa,2024,20,4.96,29.054285714285715,74.79857142857144
Nasarawa,2024,21,29.169999999999998,28.585714285714285,75.56428571428572
Nasarawa,2024,22,8.23,29.004285714285714,73.26142857142858
Nasarawa,2024,23,17.830000000000002,27.685714285714287,79.94142857142857
Nasarawa,2024,24,14.11,27.812857142857144,76.30999999999999
Nasarawa,2024,25,25.2,27.707142857142856,77.40285714285713
Nasarawa,2024,26,19.53,27.054285714285715,80.12142857142858
Nasarawa,2024,27,16.75,26.701428571428572,80.55142857142857
Nasarawa,2024,28,13.03,26.74285714285714,78.68142857142857
Nasarawa,2024,29,468.02,25.71142857142857,88.16571428571429
Nasarawa,2024,30,118.86,25.264285714285712,88.63
Nasarawa,2024,31,47.57,25.327142857142857,87.78857142857143
Nasarawa,2024,32,7.6499999999999995,25.318571428571428,87.47714285714287
Nasarawa,2024,33,11.17,25.224285714285713,86.84
Nasarawa,2024,34,46.35,25.01142857142857,89.26285714285714
Nasarawa,2024,35,26.74,25.285714285714285,88.20285714285714
Nasarawa,2024,36,66.17999999999999,25.464285714285715,86.20428571428572
Nasarawa,2024,37,17.619999999999997,26.351428571428574,84.68999999999998
Nasarawa,2024,38,11.98,25.951428571428572,84.73428571428572
Nasarawa,2024,39,32.5,25.46,86.35285714285715
Nasarawa,2024,40,33.01,25.702857142857145,86.47571428571429
Nasarawa,2024,41,16.27,26.24857142857143,82.62
Nasarawa,2024,42,10.89,25.424285714285713,85.47571428571429
Nasarawa,2024,43,10.690000000000001,26.47142857142857,79.22285714285714
Nasarawa,2024,44,0.02,26.025714285714287,65.64
Nasarawa,2024,45,0.0,25.071428571428573,67.12571428571428
Nasarawa,2024,46,0.0,25.140000000000004,60.24
Nasarawa,2024,47,0.0,24.884285714285713,54.96999999999999
Nasarawa,2024,48,0.0,24.025714285714287,50.885714285714286
Nasarawa,2024,49,0.0,24.877142857142854,47.75
Nasarawa,2024,50,0.0,25.759999999999998,41.63857142857143
Nasarawa,2024,51,0.0,24.222857142857144,41.17285714285714
Nasarawa,2024,52,0.0,25.981428571428573,38.23428571428571
Nasarawa,2025,1,0.0,27.53142857142857,33.362857142857145
Nasarawa,2025,2,0.0,26.96142857142857,29.48
Nasarawa,2025,3,0.0,28.452857142857145,37.26714285714286
Nasarawa,2025,4,0.0,29.267142857142858,33.09285714285714
Nasarawa,2025,5,0.0,27.934285714285714,22.915714285714284
Nasarawa,2025,6,0.0,29.43,24.650000000000002
Nasarawa,2025,7,0.0,29.884285714285713,19.080000000000002
Nasarawa,2025,8,0.45999999999999996,30.392857142857142,35.44857142857143
Nasarawa,2025,9,7.24,30.060000000000002,44.00857142857143
Nasarawa,2025,10,0.07,32.402857142857144,29.721428571428568
Nasarawa,2025,11,0.1,32.628571428571426,41.50142857142857
Nasarawa,2025,12,0.29,31.72714285714286,47.24857142857143
Nasarawa,2025,13,1.06,33.25714285714285,40.87571428571429
Nasarawa,2025,14,5.13,32.53285714285715,48.33142857142857
Nasarawa,2025,15,7.569999999999999,30.967142857142854,59.37285714285714
Nasarawa,2025,16,0.08,32.847142857142856,51.03285714285715
Nasarawa,2025,17,6.32,32.142857142857146,55.728571428571435
Nasarawa,2025,18,13.55,29.71,65.85285714285713
Nasarawa,2025,19,1.65,32.01857142857143,54.34285714285714
Nasarawa,2025,20,8.44,30.245714285714286,62.00285714285714
Nasarawa,2025,21,4.25,31.084285714285716,59.40428571428571
Nasarawa,2025,22,41.7,29.08142857142857,70.95714285714286
Nasarawa,2025,23,36.29,27.672857142857143,77.20142857142856
Nasarawa,2025,24,38.24,27.732857142857142,75.23
Nasarawa,2025,25,31.98,26.964285714285715,79.7042857142857
Nasarawa,2025,26,53.3,26.595714285714287,82.83428571428571
Nasarawa,2025,27,76.4,25.655714285714286,85.68714285714285
Nasarawa,2025,28,23.23,25.28714285714286,85.43142857142857
Nasarawa,2025,29,26.35,26.032857142857143,81.78999999999999
Nasarawa,2025,30,45.25,24.8,88.96714285714286
Nasarawa,2025,31,28.74,25.59,85.78428571428572
Nasarawa,2025,32,39.49,25.255714285714284,85.25428571428571
Nasarawa,2025,33,42.56,24.452857142857145,88.91142857142857
Nasarawa,2025,34,22.95,25.25857142857143,85.34714285714286
Nasarawa,2025,35,18.12,24.919999999999998,85.91571428571429
Nasarawa,2025,36,42.88,25.759999999999998,83.53999999999999
Nasarawa,2025,37,21.790000000000003,25.672857142857143,84.28428571428572
Nasarawa,2025,38,38.21,26.26142857142857,82.20285714285714
Nasarawa,2025,39,36.66,25.795714285714286,82.98857142857143
Nasarawa,2025,40,52.980000000000004,25.73428571428571,83.92285714285715
Nasarawa,2025,41,15.879999999999999,25.942857142857143,80.82714285714285
Nasarawa,2025,42,5.67,26.61285714285714,76.47428571428573
Nasarawa,2025,43,1.9500000000000002,27.669999999999998,73.17285714285715
Nasarawa,2025,44,0.74,27.857142857142858,67.54714285714286
Nasarawa,2025,45,9.31,28.27857142857143,62.794285714285714
Nasarawa,2025,46,0.02,28.16,48.00571428571429
Nasarawa,2025,47,0.0,28.34142857142857,40.720000000000006
Nasarawa,2025,48,0.0,29.021428571428572,38.26142857142857
Nasarawa,2025,49,0.22,29.12714285714286,47.392857142857146
Nasarawa,2025,50,0.15,28.71857142857143,38.464285714285715
Nasarawa,2025,51,0.0,28.27285714285714,30.875714285714285
Nasarawa,2025,52,0.0,29.374285714285715,31.96142857142857
Nasarawa,2026,1,0.0,29.633333333333336,30.436666666666667
Niger,2020,53,0.04,25.496666666666666,62.35
Niger,2021,1,0.0,22.90285714285714,61.34285714285714
Niger,2021,2,0.0,21.562857142857144,53.13428571428572
Niger,2021,3,0.0,21.15285714285714,54.07
Niger,2021,4,0.0,22.759999999999998,54.24285714285714
Niger,2021,5,0.0,23.599999999999998,54.69285714285714
Niger,2021,6,0.0,24.419999999999998,47.52428571428572
Niger,2021,7,0.0,23.298571428571428,39.76142857142857
Niger,2021,8,0.0,24.981428571428573,44.61571428571428
Niger,2021,9,0.0,27.032857142857146,39.825714285714284
Niger,2021,10,28.69,28.884285714285713,59.752857142857145
Niger,2021,11,9.33,27.172857142857143,68.98285714285714
Niger,2021,12,0.8600000000000001,28.107142857142858,59.970000000000006
Niger,2021,13,0.0,27.017142857142858,38.03142857142857
Niger,2021,14,9.85,29.892857142857142,55.42
Niger,2021,15,3.65,28.91857142857143,66.40285714285714
Niger,2021,16,4.4399999999999995,29.554285714285715,65.32571428571428
Niger,2021,17,2.17,30.68285714285714,60.041428571428575
Niger,2021,18,18.99,29.857142857142858,62.112857142857145
Niger,2021,19,56.53,29.118571428571432,68.92142857142856
Niger,2021,20,28.55,28.00857142857143,78.37
Niger,2021,21,32.08,28.42142857142857,77.03142857142858
Niger,2021,22,127.76,27.13714285714286,82.95142857142856
Niger,2021,23,18.08,26.738571428571426,81.38571428571429
Niger,2021,24,42.54,26.731428571428573,82.96571428571428
Niger,2021,25,124.36,25.725714285714282,84.79285714285713
Niger,2021,26,41.03,25.482857142857142,84.89714285714285
Niger,2021,27,17.63,25.512857142857143,83.72142857142856
Niger,2021,28,69.61,25.657142857142855,85.13857142857144
Niger,2021,29,38.73,25.34857142857143,86.40857142857143
Niger,2021,30,76.01,24.801428571428573,87.17857142857143
Niger,2021,31,161.11,24.981428571428573,88.12714285714286
Niger,2021,32,81.56,24.717142857142857,89.74714285714286
Niger,2021,33,105.61,24.617142857142856,88.71571428571428
Niger,2021,34,89.38,25.18142857142857,88.64857142857143
Niger,2021,35,45.04,25.385714285714283,86.62142857142858
Niger,2021,36,120.06,25.657142857142855,85.35571428571428
Niger,2021,37,62.43,25.33857142857143,87.88714285714286
Niger,2021,38,43.19,25.835714285714285,83.58428571428571
Niger,2021,39,46.3,26.108571428571427,84.37428571428572
Niger,2021,40,67.71,26.93,81.43142857142857
Niger,2021,41,25.82,26.72,79.8157142857143
Niger,2021,42,27.87,25.990000000000002,85.91571428571429
Niger,2021,43,18.080000000000002,25.985714285714288,77.1557142857143
Niger,2021,44,56.01,25.479999999999997,73.27428571428571
Niger,2021,45,485.8,25.945714285714285,72.72428571428571
Niger,2021,46,25.73,24.795714285714286,71.18142857142857
Niger,2021,47,0.03,23.15857142857143,72.56285714285714
Niger,2021,48,0.0,22.072857142857142,72.77
Niger,2021,49,0.0,22.139999999999997,72.08
Niger,2021,50,0.0,20.791428571428575,68.47571428571429
Niger,2021,51,0.0,21.080000000000002,67.04714285714286
Niger,2021,52,0.0,19.974285714285713,68.46857142857142
Niger,2022,1,65.46000000000001,21.80857142857143,71.20428571428572
Niger,2022,2,4.54,23.617142857142856,66.74
Niger,2022,3,0.01,19.84,61.19
Niger,2022,4,0.0,19.714285714285715,59.29571428571428
Niger,2022,5,0.0,19.861428571428572,57.332857142857144
Niger,2022,6,0.0,21.465714285714284,56.52285714285715
Niger,2022,7,0.0,23.02285714285714,57.044285714285714
Niger,2022,8,0.04,22.767142857142858,53.57
Niger,2022,9,16.67,26.678571428571427,68.53142857142858
Niger,2022,10,1.0,27.645714285714288,66.48428571428572
Niger,2022,11,0.61,25.52285714285714,58.74714285714286
Niger,2022,12,24.490000000000002,26.705714285714286,70.42714285714285
Niger,2022,13,148.48,25.844285714285714,69.48571428571428
Niger,2022,14,61.43,27.715714285714284,79.86428571428571
Niger,2022,15,11.19,27.344285714285714,77.22285714285714
Niger,2022,16,83.02,27.604285714285716,78.76142857142858
Niger,2022,17,33.36,26.81714285714286,79.78857142857143
Niger,2022,18,20.23,27.707142857142856,79.05
Niger,2022,19,70.42999999999999,27.56714285714286,81.93714285714285
Niger,2022,20,157.10999999999999,27.287142857142857,82.11571428571429
Niger,2022,21,65.83,26.357142857142858,81.75285714285714
Niger,2022,22,45.11,26.768571428571427,81.68714285714285
Niger,2022,23,92.67,26.22142857142857,81.39142857142858
Niger,2022,24,36.73,25.93,83.6557142857143
Niger,2022,25,95.48,25.57428571428571,85.83428571428571
Niger,2022,26,27.55,25.325714285714287,85.7
Niger,2022,27,15.42,26.08857142857143,83.59857142857143
Niger,2022,28,24.04,25.618571428571425,84.98
Niger,2022,29,25.63,25.28857142857143,85.92857142857143
Niger,2022,30,40.370000000000005,25.31714285714286,85.18714285714285
Niger,2022,31,27.84,25.31,84.21571428571428
Niger,2022,32,40.239999999999995,25.231428571428573,86.54714285714286
Niger,2022,33,32.440000000000005,24.611428571428572,87.49714285714286
Niger,2022,34,77.81,24.490000000000002,88.34
Niger,2022,35,45.779999999999994,24.73,87.29142857142857
Niger,2022,36,58.09,25.478571428571428,86.52142857142857
Niger,2022,37,46.81,25.47142857142857,86.50714285714285
Niger,2022,38,38.43,25.625714285714285,85.38714285714286
Niger,2022,39,89.12,24.86285714285714,88.08428571428571
Niger,2022,40,75.48,25.717142857142857,86.18714285714285
Niger,2022,41,37.24,25.595714285714287,84.13285714285715
Niger,2022,42,0.06,25.16,74.52714285714285
Niger,2022,43,1.61,24.66714285714286,76.80285714285715
Niger,2022,44,0.0,23.81,73.22714285714287
Niger,2022,45,0.36000000000000004,24.714285714285715,70.23857142857143
Niger,2022,46,0.0,22.60571428571429,70.52714285714286
Niger,2022,47,0.0,21.482857142857142,68.06
Niger,2022,48,0.14,23.09714285714286,68.37142857142858
Niger,2022,49,0.0,21.365714285714287,67.44857142857143
Niger,2022,50,0.0,20.585714285714285,67.56
Niger,2022,51,0.0,19.812857142857144,62.199999999999996
Niger,2022,52,0.0,19.60571428571429,59.892857142857146
Niger,2023,1,0.0,20.978571428571428,61.92285714285714
Niger,2023,2,0.0,20.502857142857145,58.27428571428572
Niger,2023,3,0.0,22.41857142857143,57.66285714285714
Niger,2023,4,0.06,24.83857142857143,57.142857142857146
Niger,2023,5,0.0,24.99142857142857,55.220000000000006
Niger,2023,6,0.0,23.907142857142855,49.35285714285715
Niger,2023,7,0.0,22.752857142857145,44.41428571428571
Niger,2023,8,0.0,25.19142857142857,47.401428571428575
Niger,2023,9,23.560000000000002,27.83857142857143,63.17714285714286
Niger,2023,10,15.9,27.69142857142857,69.76571428571428
Niger,2023,11,68.46000000000001,26.027142857142856,60.17142857142858
Niger,2023,12,19.98,27.425714285714285,71.43857142857142
Niger,2023,13,20.860000000000003,26.532857142857143,54.37285714285714
Niger,2023,14,5.41,27.525714285714287,69.05285714285715
Niger,2023,15,3.01,28.167142857142856,69.96285714285715
Niger,2023,16,11.26,29.297142857142855,69.27571428571429
Niger,2023,17,16.150000000000002,28.564285714285713,71.27857142857142
Niger,2023,18,23.39,28.48857142857143,72.66857142857143
Niger,2023,19,21.52,29.044285714285714,71.78857142857143
Niger,2023,20,39.22,28.084285714285716,80.51714285714286
Niger,2023,21,37.41,27.997142857142858,81.02571428571427
Niger,2023,22,18.01,28.009999999999998,80.37857142857142
Niger,2023,23,65.53,26.32857142857143,85.88142857142859
Niger,2023,24,45.46,26.574285714285715,82.87714285714286
Niger,2023,25,40.18,25.93142857142857,85.29714285714284
Niger,2023,26,14.25,26.46,83.25571428571428
Niger,2023,27,47.83,26.351428571428574,84.1842857142857
Niger,2023,28,52.79,26.509999999999998,83.78285714285714
Niger,2023,29,41.2,26.352857142857143,86.2942857142857
Niger,2023,30,22.58,26.184285714285714,86.03142857142858
Niger,2023,31,39.16,25.667142857142856,88.21000000000001
Niger,2023,32,113.77,25.364285714285717,87.0257142857143
Niger,2023,33,56.33,25.987142857142857,85.08285714285715
Niger,2023,34,37.06,26.478571428571428,84.12857142857142
Niger,2023,35,52.31,25.424285714285713,87.4557142857143
Niger,2023,36,53.64,26.302857142857142,83.90714285714286
Niger,2023,37,30.15,25.93142857142857,86.71000000000001
Niger,2023,38,21.53,25.947142857142858,85.66714285714285
Niger,2023,39,22.93,26.99142857142857,82.19571428571429
Niger,2023,40,21.64,26.822857142857142,83.3
Niger,2023,41,14.57,26.482857142857142,84.46428571428571
Niger,2023,42,17.07,26.53142857142857,78.61714285714285
Niger,2023,43,0.12,27.12857142857143,70.12571428571428
Niger,2023,44,5.38,26.50142857142857,72.6542857142857
Niger,2023,45,5.550000000000001,27.142857142857142,70.6557142857143
Niger,2023,46,0.01,25.414285714285715,66.71285714285715
Niger,2023,47,6.44,25.964285714285715,69.91857142857143
Niger,2023,48,0.0,25.762857142857143,59.855714285714285
Niger,2023,49,0.0,24.139999999999997,52.784285714285716
Niger,2023,50,0.0,22.951428571428572,49.94
Niger,2023,51,0.0,24.294285714285714,48.37428571428571
Niger,2023,52,0.0,23.34714285714286,45.667142857142856
Niger,2024,1,0.0,25.037142857142857,44.470000000000006
Niger,2024,2,0.0,23.44142857142857,37.43
Niger,2024,3,0.0,23.195714285714285,32.27857142857143
Niger,2024,4,0.01,24.488571428571426,32.49
Niger,2024,5,0.0,25.77857142857143,32.63428571428572
Niger,2024,6,0.0,26.59857142857143,30.325714285714287
Niger,2024,7,0.0,27.582857142857144,30.315714285714286
Niger,2024,8,0.23,29.618571428571425,34.318571428571424
Niger,2024,9,0.0,31.565714285714286,44.55714285714286
Niger,2024,10,0.0,32.800000000000004,48.20285714285715
Niger,2024,11,64.77,31.277142857142856,57.537142857142854
Niger,2024,12,0.21,28.34714285714286,51.137142857142855
Niger,2024,13,0.07,31.054285714285715,50.40571428571428
Niger,2024,14,13.63,30.919999999999998,61.19857142857143
Niger,2024,15,4.0600000000000005,30.009999999999998,63.35285714285715
Niger,2024,16,27.72,31.572857142857142,53.441428571428574
Niger,2024,17,19.049999999999997,29.87142857142857,72.34428571428572
Niger,2024,18,49.739999999999995,29.708571428571428,74.01571428571428
Niger,2024,19,52.599999999999994,28.638571428571428,80.33142857142857
Niger,2024,20,6.63,29.357142857142858,75.19142857142857
Niger,2024,21,31.78,28.924285714285713,76.92
Niger,2024,22,125.16999999999999,28.452857142857145,79.09142857142857
Niger,2024,23,112.61,26.995714285714286,86.89428571428572
Niger,2024,24,231.7,26.677142857142858,84.4057142857143
Niger,2024,25,9.57,27.12714285714286,82.5657142857143
Niger,2024,26,53.31,26.53857142857143,85.56285714285715
Niger,2024,27,15.93,26.41857142857143,84.08285714285715
Niger,2024,28,88.63,26.035714285714285,84.33285714285715
Niger,2024,29,103.36,25.62285714285714,88.02571428571427
Niger,2024,30,24.3,25.657142857142862,86.60142857142857
Niger,2024,31,23.66,25.78857142857143,85.58285714285715
Niger,2024,32,12.37,25.98857142857143,84.36857142857143
Niger,2024,33,35.4,25.648571428571426,85.26714285714286
Niger,2024,34,58.300000000000004,25.457142857142856,88.73428571428572
Niger,2024,35,72.2,25.314285714285713,88.63857142857144
Niger,2024,36,54.0,25.542857142857144,86.2057142857143
Niger,2024,37,72.08,26.16142857142857,85.5942857142857
Niger,2024,38,55.54,25.775714285714287,86.35142857142857
Niger,2024,39,39.94,26.16,84.50999999999999
Niger,2024,40,59.61,25.908571428571427,86.74285714285715
Niger,2024,41,30.84,26.802857142857142,80.75714285714285
Niger,2024,42,13.219999999999999,25.994285714285716,82.96428571428571
Niger,2024,43,16.0,26.76142857142857,76.02
Niger,2024,44,0.02,25.41857142857143,68.24
Niger,2024,45,0.0,23.755714285714284,67.83142857142857
Niger,2024,46,0.0,23.53857142857143,65.21285714285715
Niger,2024,47,0.0,22.407142857142855,62.35
Niger,2024,48,0.0,21.46,59.84428571428571
Niger,2024,49,0.0,22.07,58.800000000000004
Niger,2024,50,0.0,22.244285714285716,57.49142857142857
Niger,2024,51,0.0,20.834285714285716,54.37428571428571
Niger,2024,52,0.0,22.392857142857142,54.107142857142854
Niger,2025,1,0.0,23.958571428571428,53.529999999999994
Niger,2025,2,0.0,22.59714285714286,47.35285714285715
Niger,2025,3,0.0,24.40285714285714,52.22571428571428
Niger,2025,4,0.0,25.494285714285716,46.07
Niger,2025,5,0.0,24.91,40.021428571428565
Niger,2025,6,0.0,26.08857142857143,39.17714285714286
Niger,2025,7,0.0,26.961428571428574,29.042857142857144
Niger,2025,8,0.66,28.455714285714286,42.93
Niger,2025,9,0.0,28.875714285714285,38.69428571428572
Niger,2025,10,10.950000000000001,30.93857142857143,37.81857142857143
Niger,2025,11,20.75,29.95285714285714,56.791428571428575
Niger,2025,12,0.4,29.591428571428573,46.784285714285716
Niger,2025,13,4.91,31.147142857142857,48.42857142857143
Niger,2025,14,0.33999999999999997,32.09285714285714,39.705714285714286
Niger,2025,15,5.39,31.46,53.19285714285714
Niger,2025,16,1.05,33.07,46.83
Niger,2025,17,9.84,32.44571428571429,52.18714285714286
Niger,2025,18,11.99,30.32857142857143,61.22857142857142
Niger,2025,19,3.36,31.87714285714286,53.72428571428571
Niger,2025,20,103.6,30.16857142857143,66.83428571428571
Niger,2025,21,12.11,28.705714285714286,74.40857142857143
Niger,2025,22,50.769999999999996,27.972857142857144,78.08714285714287
Niger,2025,23,24.259999999999998,27.072857142857142,80.74285714285713
Niger,2025,24,32.78,27.208571428571428,79.66142857142857
Niger,2025,25,21.630000000000003,26.981428571428573,79.63
Niger,2025,26,35.25,26.951428571428572,80.74285714285715
Niger,2025,27,101.74000000000001,25.825714285714287,86.05285714285715
Niger,2025,28,47.06,25.40142857142857,86.90857142857143
Niger,2025,29,25.990000000000002,26.021428571428572,83.25571428571428
Niger,2025,30,40.5,25.38714285714286,86.60285714285715
Niger,2025,31,34.53,25.62,84.97
Niger,2025,32,33.04,25.692857142857143,84.00285714285714
Niger,2025,33,54.730000000000004,24.80857142857143,87.29714285714286
Niger,2025,34,28.29,25.607142857142858,84.0657142857143
Niger,2025,35,27.11,25.444285714285716,84.43285714285715
Niger,2025,36,19.85,25.46142857142857,86.10714285714286
Niger,2025,37,32.55,25.737142857142857,83.93571428571428
Niger,2025,38,64.91,26.678571428571427,81.22142857142856
Niger,2025,39,40.91,25.832857142857144,84.46571428571428
Niger,2025,40,34.99,26.28142857142857,82.55142857142857
Niger,2025,41,33.910000000000004,26.19142857142857,80.69285714285715
Niger,2025,42,15.69,26.617142857142856,76.99142857142859
Niger,2025,43,24.52,27.05,73.90714285714286
Niger,2025,44,0.23,26.335714285714285,65.54142857142857
Niger,2025,45,9.28,26.47,60.89999999999999
Niger,2025,46,0.08,25.207142857142856,56.53000000000001
Niger,2025,47,0.01,25.487142857142857,49.94142857142857
Niger,2025,48,0.06,26.352857142857143,45.51142857142857
Niger,2025,49,0.13,27.07857142857143,46.362857142857145
Niger,2025,50,0.0,26.375714285714285,46.34428571428572
Niger,2025,51,0.0,26.165714285714284,39.978571428571435
Niger,2025,52,0.0,28.33285714285714,40.96714285714285
Niger,2026,1,0.0,27.343333333333334,37.946666666666665
Ogun,2020,53,1.71,26.626666666666665,88.66000000000001
Ogun,2021,1,2.6,26.55,86.54285714285713
Ogun,2021,2,0.15,26.655714285714286,79.88428571428572
Ogun,2021,3,0.2,25.46,71.55
Ogun,2021,4,4.51,26.187142857142856,83.80857142857143
Ogun,2021,5,3.67,27.195714285714285,83.07000000000001
Ogun,2021,6,1.52,28.11285714285714,81.09857142857143
Ogun,2021,7,4.55,25.837142857142858,71.39285714285714
Ogun,2021,8,0.88,26.754285714285714,80.28142857142858
Ogun,2021,9,1.3,27.60571428571429,83.52142857142857
Ogun,2021,10,29.82,26.714285714285715,86.16142857142857
Ogun,2021,11,8.28,26.18285714285714,85.85571428571428
Ogun,2021,12,43.11,26.53,86.83571428571429
Ogun,2021,13,1.35,27.537142857142857,83.30857142857143
Ogun,2021,14,24.439999999999998,27.21857142857143,86.98142857142857
Ogun,2021,15,64.54,26.318571428571428,87.91285714285713
Ogun,2021,16,20.41,26.631428571428575,88.52428571428571
Ogun,2021,17,5.96,27.174285714285713,86.47
Ogun,2021,18,25.53,26.041428571428572,87.77428571428571
Ogun,2021,19,13.02,26.74142857142857,86.47
Ogun,2021,20,12.26,26.66,87.25571428571428
Ogun,2021,21,23.83,26.944285714285712,88.56142857142858
Ogun,2021,22,62.56,26.389999999999997,87.99285714285715
Ogun,2021,23,25.07,26.28142857142857,87.36285714285714
Ogun,2021,24,52.97,25.889999999999997,90.30857142857143
Ogun,2021,25,44.0,24.99857142857143,90.17142857142858
Ogun,2021,26,45.14,24.87857142857143,89.58
Ogun,2021,27,21.7,25.051428571428573,88.67714285714285
Ogun,2021,28,182.67,25.184285714285714,88.53714285714285
Ogun,2021,29,18.0,24.882857142857144,87.52857142857144
Ogun,2021,30,18.14,24.7,86.91
Ogun,2021,31,58.94,24.892857142857142,90.51428571428572
Ogun,2021,32,38.36,25.051428571428573,88.64142857142858
Ogun,2021,33,103.63,24.74857142857143,89.35285714285715
Ogun,2021,34,94.7,25.46142857142857,90.06714285714285
Ogun,2021,35,123.36,25.240000000000002,89.99285714285715
Ogun,2021,36,40.6,25.414285714285715,89.76714285714286
Ogun,2021,37,48.72,25.198571428571427,90.50714285714285
Ogun,2021,38,94.45,25.29,89.63142857142857
Ogun,2021,39,53.69,25.38714285714286,89.88428571428571
Ogun,2021,40,52.34,26.087142857142858,90.23
Ogun,2021,41,36.09,26.00142857142857,90.22
Ogun,2021,42,33.31,25.52,90.23428571428572
Ogun,2021,43,33.42,25.905714285714286,90.23
Ogun,2021,44,46.84,25.795714285714286,90.32714285714285
Ogun,2021,45,98.02000000000001,26.15142857142857,90.34857142857142
Ogun,2021,46,14.12,26.342857142857145,88.98857142857142
Ogun,2021,47,9.2,26.407142857142855,88.36571428571428
Ogun,2021,48,0.42,26.494285714285716,85.55142857142857
Ogun,2021,49,0.12,26.585714285714285,81.30285714285715
Ogun,2021,50,1.3,25.58142857142857,79.72857142857143
Ogun,2021,51,0.0,24.961428571428574,78.12571428571428
Ogun,2021,52,21.75,25.497142857142855,79.81285714285715
Ogun,2022,1,10.610000000000001,25.367142857142856,76.9742857142857
Ogun,2022,2,0.23,25.728571428571428,83.1842857142857
Ogun,2022,3,0.53,23.907142857142855,72.67857142857143
Ogun,2022,4,12.35,23.547142857142855,72.11285714285714
Ogun,2022,5,0.0,24.084285714285716,71.56142857142858
Ogun,2022,6,1.5899999999999999,26.434285714285714,79.98
Ogun,2022,7,0.99,27.43285714285714,82.59142857142857
Ogun,2022,8,1.15,27.59857142857143,83.71285714285715
Ogun,2022,9,10.86,26.844285714285714,85.43571428571428
Ogun,2022,10,14.64,27.388571428571428,85.23857142857142
Ogun,2022,11,10.64,27.341428571428573,86.29142857142857
Ogun,2022,12,6.8999999999999995,27.34,86.80714285714285
Ogun,2022,13,23.8,27.262857142857143,87.33285714285715
Ogun,2022,14,14.67,26.785714285714285,87.95714285714287
Ogun,2022,15,35.25,26.135714285714283,88.34714285714287
Ogun,2022,16,61.09,26.361428571428572,87.5942857142857
Ogun,2022,17,56.92,26.18,88.55714285714285
Ogun,2022,18,23.720000000000002,26.30857142857143,88.97285714285714
Ogun,2022,19,15.120000000000001,26.892857142857142,87.30857142857143
Ogun,2022,20,35.32,26.697142857142858,88.53714285714285
Ogun,2022,21,17.23,25.872857142857146,87.61857142857143
Ogun,2022,22,33.39,26.16142857142857,88.73285714285714
Ogun,2022,23,71.76,25.61285714285714,88.74285714285715
Ogun,2022,24,105.83,25.255714285714284,90.85285714285715
Ogun,2022,25,68.2,24.975714285714286,90.62428571428572
Ogun,2022,26,40.07,25.03142857142857,89.87
Ogun,2022,27,62.239999999999995,25.24142857142857,90.73
Ogun,2022,28,28.05,25.027142857142856,89.53857142857143
Ogun,2022,29,65.02,24.45,88.04714285714286
Ogun,2022,30,51.019999999999996,24.287142857142857,91.46428571428571
Ogun,2022,31,3.7600000000000002,23.985714285714288,87.75142857142858
Ogun,2022,32,44.39,24.222857142857144,89.75999999999999
Ogun,2022,33,30.94,24.414285714285715,88.20714285714287
Ogun,2022,34,74.9,24.47,89.94857142857143
Ogun,2022,35,50.73,24.834285714285716,89.74142857142859
Ogun,2022,36,52.72,25.032857142857143,89.76142857142858
Ogun,2022,37,104.27,24.995714285714286,90.72571428571428
Ogun,2022,38,81.14,24.948571428571427,91.05428571428571
Ogun,2022,39,105.8,24.607142857142858,91.49857142857142
Ogun,2022,40,44.910000000000004,25.34714285714286,90.07142857142857
Ogun,2022,41,43.72,25.354285714285716,88.67571428571429
Ogun,2022,42,84.8,26.15142857142857,88.60000000000001
Ogun,2022,43,16.13,26.225714285714282,87.68857142857142
Ogun,2022,44,9.74,26.351428571428574,85.13428571428571
Ogun,2022,45,10.91,26.27285714285714,87.29285714285713
Ogun,2022,46,2.54,25.928571428571427,85.18285714285715
Ogun,2022,47,4.0600000000000005,25.695714285714285,82.37142857142858
Ogun,2022,48,38.86000000000001,25.93285714285714,86.25999999999999
Ogun,2022,49,0.8500000000000001,25.725714285714282,84.92285714285715
Ogun,2022,50,0.19,25.321428571428573,88.00714285714285
Ogun,2022,51,0.0,24.181428571428572,73.92857142857143
Ogun,2022,52,0.0,23.525714285714287,66.52428571428571
Ogun,2023,1,0.0,24.87142857142857,72.40285714285714
Ogun,2023,2,0.0,24.37857142857143,74.90428571428572
Ogun,2023,3,0.49,25.80857142857143,78.2
Ogun,2023,4,2.42,26.208571428571428,86.99142857142859
Ogun,2023,5,1.1099999999999999,26.44,85.47571428571429
Ogun,2023,6,0.35,27.21857142857143,82.56142857142856
Ogun,2023,7,0.0,25.988571428571426,73.16
Ogun,2023,8,9.75,26.882857142857144,82.20285714285714
Ogun,2023,9,20.6,27.05857142857143,85.71857142857142
Ogun,2023,10,12.27,26.905714285714286,86.23142857142857
Ogun,2023,11,25.26,26.728571428571428,84.12714285714286
Ogun,2023,12,25.83,26.557142857142857,84.65857142857143
Ogun,2023,13,8.14,27.062857142857144,84.13285714285713
Ogun,2023,14,87.55000000000001,26.84,87.49714285714286
Ogun,2023,15,32.91,26.924285714285713,88.16571428571429
Ogun,2023,16,28.38,26.891428571428573,88.65857142857143
Ogun,2023,17,36.800000000000004,26.184285714285714,88.07285714285715
Ogun,2023,18,23.38,26.705714285714286,84.86142857142856
Ogun,2023,19,28.25,27.095714285714283,88.62
Ogun,2023,20,23.99,26.975714285714282,89.58714285714287
Ogun,2023,21,18.54,26.851428571428574,89.17857142857143
Ogun,2023,22,28.490000000000002,26.571428571428573,89.5942857142857
Ogun,2023,23,138.07,25.648571428571426,91.61857142857143
Ogun,2023,24,96.41,25.725714285714282,90.06857142857143
Ogun,2023,25,72.59,25.321428571428573,90.98
Ogun,2023,26,35.51,25.385714285714283,89.39571428571428
Ogun,2023,27,51.07,25.68142857142857,90.36
Ogun,2023,28,61.94,25.98428571428571,89.54857142857144
Ogun,2023,29,72.74,25.824285714285715,90.85714285714286
Ogun,2023,30,52.07,25.560000000000002,90.32000000000001
Ogun,2023,31,38.46,25.214285714285715,90.53428571428572
Ogun,2023,32,24.869999999999997,25.23857142857143,89.37285714285714
Ogun,2023,33,50.040000000000006,25.695714285714285,89.33857142857143
Ogun,2023,34,30.85,25.638571428571428,89.97
Ogun,2023,35,85.14,25.222857142857144,91.68571428571428
Ogun,2023,36,94.05,25.487142857142857,91.53857142857143
Ogun,2023,37,48.85,25.59,92.01857142857143
Ogun,2023,38,61.81,25.705714285714286,90.78571428571429
Ogun,2023,39,38.77,26.315714285714286,90.18857142857144
Ogun,2023,40,90.99,26.041428571428572,90.66285714285713
Ogun,2023,41,35.32,25.632857142857144,91.95714285714287
Ogun,2023,42,28.14,26.185714285714287,90.32428571428571
Ogun,2023,43,11.879999999999999,26.447142857142858,89.19857142857143
Ogun,2023,44,52.81,26.435714285714287,90.16428571428571
Ogun,2023,45,23.17,26.145714285714288,90.59142857142857
Ogun,2023,46,3.81,26.485714285714288,87.58714285714287
Ogun,2023,47,33.73,26.364285714285717,89.89285714285714
Ogun,2023,48,2.94,26.291428571428572,88.29285714285713
Ogun,2023,49,0.97,26.71857142857143,84.70714285714287
Ogun,2023,50,0.01,25.115714285714287,69.31
Ogun,2023,51,0.0,25.02857142857143,71.18714285714286
Ogun,2023,52,0.01,25.907142857142855,73.16571428571429
Ogun,2024,1,0.8500000000000001,27.03857142857143,83.14142857142858
Ogun,2024,2,1.31,27.13,80.20857142857143
Ogun,2024,3,0.13,25.601428571428574,74.30999999999999
Ogun,2024,4,1.3,25.26142857142857,69.95142857142856
Ogun,2024,5,0.0,26.062857142857144,76.87142857142858
Ogun,2024,6,0.1,25.59142857142857,71.82714285714286
Ogun,2024,7,1.4,27.908571428571427,83.67714285714285
Ogun,2024,8,45.209999999999994,27.978571428571428,83.41285714285713
Ogun,2024,9,6.359999999999999,27.577142857142857,86.13857142857144
Ogun,2024,10,13.52,27.535714285714285,86.21000000000001
Ogun,2024,11,9.370000000000001,28.13714285714286,84.67285714285715
Ogun,2024,12,6.34,28.201428571428572,84.05428571428571
Ogun,2024,13,6.78,28.195714285714285,85.60428571428572
Ogun,2024,14,22.12,27.81857142857143,87.24857142857142
Ogun,2024,15,10.72,27.59857142857143,85.75857142857141
Ogun,2024,16,14.030000000000001,27.87142857142857,87.16428571428571
Ogun,2024,17,34.019999999999996,27.685714285714287,88.81714285714285
Ogun,2024,18,41.93,27.53142857142857,88.89714285714285
Ogun,2024,19,18.09,27.591428571428573,88.20857142857143
Ogun,2024,20,23.0,27.41,87.13714285714286
Ogun,2024,21,94.81,26.922857142857143,89.91571428571429
Ogun,2024,22,24.700000000000003,26.864285714285717,90.05571428571429
Ogun,2024,23,42.21,26.495714285714286,90.39571428571428
Ogun,2024,24,54.35,26.20285714285714,90.74857142857142
Ogun,2024,25,22.76,26.291428571428572,89.12571428571428
Ogun,2024,26,129.46,25.982857142857142,89.56857142857143
Ogun,2024,27,75.95,25.564285714285713,90.66
Ogun,2024,28,27.02,25.33142857142857,90.07714285714285
Ogun,2024,29,21.97,25.298571428571428,89.52285714285713
Ogun,2024,30,5.42,25.318571428571428,87.75142857142858
Ogun,2024,31,10.26,25.21857142857143,87.32142857142857
Ogun,2024,32,1.3900000000000001,25.14428571428571,86.26142857142857
Ogun,2024,33,2.34,25.32428571428571,87.21000000000001
Ogun,2024,34,77.57000000000001,25.094285714285714,90.42428571428572
Ogun,2024,35,27.64,25.114285714285717,89.80142857142857
Ogun,2024,36,21.86,25.154285714285717,87.73571428571428
Ogun,2024,37,77.03,25.52,90.16571428571429
Ogun,2024,38,42.23,25.66,89.5457142857143
Ogun,2024,39,38.89,25.552857142857142,89.5
Ogun,2024,40,86.96000000000001,25.782857142857143,90.7942857142857
Ogun,2024,41,82.57,25.90857142857143,89.00285714285714
Ogun,2024,42,58.480000000000004,25.681428571428572,89.58428571428571
Ogun,2024,43,48.69,26.381428571428575,89.39999999999999
Ogun,2024,44,28.87,26.73428571428571,87.88428571428572
Ogun,2024,45,13.969999999999999,26.225714285714282,82.00285714285714
Ogun,2024,46,6.67,26.8,83.67999999999999
Ogun,2024,47,2.03,25.84857142857143,77.49
Ogun,2024,48,0.19,24.57428571428571,72.71000000000001
Ogun,2024,49,0.19,25.147142857142857,73.3157142857143
Ogun,2024,50,0.48,25.422857142857143,74.71857142857142
Ogun,2024,51,0.05,23.557142857142857,64.86428571428571
Ogun,2024,52,0.0,24.952857142857145,72.67142857142856
Ogun,2025,1,0.05,26.694285714285716,82.73285714285714
Ogun,2025,2,0.0,24.948571428571427,75.30285714285715
Ogun,2025,3,0.0,25.761428571428574,79.4342857142857
Ogun,2025,4,1.0699999999999998,26.568571428571428,83.36571428571428
Ogun,2025,5,6.76,26.627142857142854,81.39571428571428
Ogun,2025,6,2.94,27.73428571428571,80.85142857142857
Ogun,2025,7,0.23000000000000004,27.677142857142858,83.19000000000001
Ogun,2025,8,9.93,26.884285714285713,86.03857142857143
Ogun,2025,9,34.36,27.054285714285715,82.60857142857142
Ogun,2025,10,47.09,27.91,83.67142857142858
Ogun,2025,11,42.4,27.54714285714286,88.54428571428572
Ogun,2025,12,21.87,27.12857142857143,86.54285714285713
Ogun,2025,13,16.28,27.655714285714286,85.44142857142857
Ogun,2025,14,26.39,27.740000000000002,86.16
Ogun,2025,15,39.15,27.095714285714287,89.04714285714286
Ogun,2025,16,19.75,27.58857142857143,86.62142857142858
Ogun,2025,17,45.06,27.204285714285714,88.53
Ogun,2025,18,18.29,26.68,87.87142857142858
Ogun,2025,19,15.39,27.254285714285714,86.19428571428571
Ogun,2025,20,18.310000000000002,26.785714285714285,87.96571428571428
Ogun,2025,21,33.09,26.63714285714286,87.75571428571428
Ogun,2025,22,45.52,26.332857142857144,88.21142857142857
Ogun,2025,23,67.35,26.110000000000003,88.98857142857142
Ogun,2025,24,55.88,26.24857142857143,89.30999999999999
Ogun,2025,25,54.870000000000005,25.785714285714285,89.62285714285714
Ogun,2025,26,56.61,25.75142857142857,90.05285714285715
Ogun,2025,27,57.050000000000004,25.187142857142856,89.93285714285715
Ogun,2025,28,51.57,24.68285714285714,89.77857142857144
Ogun,2025,29,4.67,24.641428571428573,85.69285714285715
Ogun,2025,30,12.18,24.645714285714288,87.4557142857143
Ogun,2025,31,23.29,24.93,88.35857142857142
Ogun,2025,32,50.99,24.364285714285717,90.55142857142857
Ogun,2025,33,30.03,24.48428571428571,88.35571428571428
Ogun,2025,34,11.15,24.535714285714285,87.35285714285715
Ogun,2025,35,16.71,24.701428571428572,86.87142857142858
Ogun,2025,36,2.57,25.12,85.46714285714286
Ogun,2025,37,70.13,25.114285714285717,89.21000000000001
Ogun,2025,38,80.75,25.124285714285715,90.7042857142857
Ogun,2025,39,57.580000000000005,25.46857142857143,89.53428571428572
Ogun,2025,40,48.629999999999995,25.54,89.56285714285715
Ogun,2025,41,44.25,25.428571428571427,87.61285714285714
Ogun,2025,42,31.810000000000002,25.732857142857142,88.28285714285714
Ogun,2025,43,42.44,26.352857142857143,88.71571428571428
Ogun,2025,44,44.25,26.195714285714285,88.21714285714286
Ogun,2025,45,46.69,25.98,89.01142857142858
Ogun,2025,46,12.74,26.625714285714285,85.69428571428571
Ogun,2025,47,5.25,26.858571428571427,83.12428571428572
Ogun,2025,48,7.85,26.965714285714284,83.24428571428572
Ogun,2025,49,10.82,26.462857142857143,87.7942857142857
Ogun,2025,50,8.11,26.134285714285713,86.46857142857142
Ogun,2025,51,14.43,26.528571428571432,84.89428571428572
Ogun,2025,52,0.38,26.805714285714284,84.72571428571429
Ogun,2026,1,0.27,26.96666666666667,83.79333333333334
Ondo,2020,53,0.67,25.126666666666665,84.72
Ondo,2021,1,6.53,25.264285714285712,81.92
Ondo,2021,2,0.15,24.745714285714286,71.25285714285714
Ondo,2021,3,0.02,23.669999999999998,62.96714285714285
Ondo,2021,4,1.1600000000000001,24.614285714285717,77.38857142857144
Ondo,2021,5,1.31,25.557142857142857,79.28142857142858
Ondo,2021,6,5.800000000000001,26.68857142857143,79.03428571428572
Ondo,2021,7,1.9500000000000002,24.610000000000003,61.63428571428572
Ondo,2021,8,1.03,25.464285714285715,77.97857142857143
Ondo,2021,9,0.56,26.805714285714288,78.02142857142857
Ondo,2021,10,19.439999999999998,25.46857142857143,86.71714285714286
Ondo,2021,11,16.16,24.645714285714288,87.07285714285715
Ondo,2021,12,26.12,25.544285714285714,85.05285714285715
Ondo,2021,13,0.51,26.78,79.17857142857143
Ondo,2021,14,45.92,26.05857142857143,85.67
Ondo,2021,15,87.11,24.714285714285715,88.86714285714285
Ondo,2021,16,23.81,25.05857142857143,89.18571428571428
Ondo,2021,17,8.76,25.795714285714286,87.26428571428572
Ondo,2021,18,39.77,24.714285714285715,87.23857142857143
Ondo,2021,19,21.85,25.169999999999998,88.36428571428571
Ondo,2021,20,39.269999999999996,25.268571428571427,88.75571428571428
Ondo,2021,21,38.82,25.534285714285716,89.92571428571429
Ondo,2021,22,112.62,24.934285714285714,89.80142857142857
Ondo,2021,23,38.49,24.96,88.38857142857144
Ondo,2021,24,62.2,24.404285714285717,90.97571428571429
Ondo,2021,25,51.87,24.302857142857142,88.80857142857143
Ondo,2021,26,55.78,23.647142857142857,89.98857142857143
Ondo,2021,27,29.71,23.714285714285715,90.25999999999999
Ondo,2021,28,130.27,23.99857142857143,90.03142857142858
Ondo,2021,29,43.84,23.745714285714286,89.57142857142857
Ondo,2021,30,31.869999999999997,23.405714285714286,89.67285714285715
Ondo,2021,31,114.71000000000001,23.298571428571428,92.60142857142857
Ondo,2021,32,124.81,23.509999999999998,91.52857142857144
Ondo,2021,33,103.7,22.972857142857144,92.24000000000001
Ondo,2021,34,79.74000000000001,24.12857142857143,90.88714285714286
Ondo,2021,35,114.05,23.94142857142857,90.73571428571428
Ondo,2021,36,63.61,23.94,90.9057142857143
Ondo,2021,37,43.74,23.951428571428572,91.23285714285714
Ondo,2021,38,108.88,23.88714285714286,90.98428571428572
Ondo,2021,39,67.35,24.231428571428573,90.60428571428572
Ondo,2021,40,79.59,24.872857142857146,90.85857142857142
Ondo,2021,41,47.28,24.764285714285712,90.61
Ondo,2021,42,35.74,24.40285714285714,89.21714285714286
Ondo,2021,43,66.44,25.131428571428568,88.19285714285715
Ondo,2021,44,54.29,24.759999999999998,89.28
Ondo,2021,45,188.47,25.287142857142857,87.54428571428572
Ondo,2021,46,220.56,25.22142857142857,86.11
Ondo,2021,47,16.43,25.00142857142857,84.56285714285715
Ondo,2021,48,28.55,25.057142857142857,82.45
Ondo,2021,49,15.92,24.48,76.83142857142857
Ondo,2021,50,225.07,23.29714285714286,78.50285714285714
Ondo,2021,51,0.66,22.882857142857144,78.29857142857144
Ondo,2021,52,65.8,23.49142857142857,79.67
Ondo,2022,1,21.229999999999997,23.285714285714285,73.10857142857142
Ondo,2022,2,61.63,24.374285714285715,81.89
Ondo,2022,3,4.9399999999999995,21.83857142857143,71.36571428571429
Ondo,2022,4,0.19,21.365714285714287,68.23
Ondo,2022,5,0.0,21.801428571428573,62.44714285714286
Ondo,2022,6,26.93,24.19,70.96
Ondo,2022,7,7.26,25.495714285714286,80.67142857142858
Ondo,2022,8,28.799999999999997,25.667142857142856,79.38714285714286
Ondo,2022,9,48.699999999999996,24.864285714285717,88.78
Ondo,2022,10,18.0,25.63,88.23428571428572
Ondo,2022,11,17.4,25.702857142857145,87.57285714285715
Ondo,2022,12,48.29,25.717142857142857,87.33
Ondo,2022,13,44.730000000000004,25.59857142857143,87.37571428571428
Ondo,2022,14,37.71,25.012857142857143,90.30857142857143
Ondo,2022,15,33.16,24.58857142857143,90.26857142857143
Ondo,2022,16,40.82,24.835714285714285,89.5
Ondo,2022,17,59.61,24.51571428571429,90.44428571428571
Ondo,2022,18,18.9,24.937142857142856,89.74571428571429
Ondo,2022,19,36.78,25.382857142857144,89.72428571428573
Ondo,2022,20,50.26,25.055714285714284,90.07000000000001
Ondo,2022,21,26.96,24.437142857142856,89.79428571428572
Ondo,2022,22,48.61,24.740000000000002,89.83000000000001
Ondo,2022,23,136.42000000000002,23.97,91.67428571428572
Ondo,2022,24,51.86,23.857142857142858,92.69714285714285
Ondo,2022,25,71.74,23.787142857142857,91.98571428571428
Ondo,2022,26,54.04,23.527142857142856,91.21714285714286
Ondo,2022,27,57.32,23.91,91.97714285714287
Ondo,2022,28,22.17,23.892857142857142,90.61285714285714
Ondo,2022,29,58.17,23.382857142857144,90.19857142857143
Ondo,2022,30,59.53,23.211428571428574,92.44714285714285
Ondo,2022,31,11.02,23.34714285714286,89.17999999999999
Ondo,2022,32,64.76,23.275714285714287,91.90142857142857
Ondo,2022,33,56.169999999999995,23.23,90.27714285714286
Ondo,2022,34,78.42,23.101428571428574,91.7057142857143
Ondo,2022,35,62.32,23.43285714285714,91.20285714285714
Ondo,2022,36,53.93,23.861428571428572,90.71571428571428
Ondo,2022,37,74.96,23.595714285714283,92.29428571428572
Ondo,2022,38,72.97,23.755714285714284,91.4342857142857
Ondo,2022,39,121.63,23.077142857142857,92.03714285714285
Ondo,2022,40,165.17,24.132857142857144,90.14999999999999
Ondo,2022,41,77.05,24.361428571428572,88.39142857142858
Ondo,2022,42,39.26,24.857142857142858,86.67428571428572
Ondo,2022,43,5.37,25.06,81.32857142857142
Ondo,2022,44,10.42,24.624285714285715,82.03714285714285
Ondo,2022,45,9.3,25.04714285714286,83.71000000000001
Ondo,2022,46,1.02,24.422857142857143,80.95
Ondo,2022,47,1.8,24.074285714285715,77.24285714285715
Ondo,2022,48,5.04,24.58285714285714,82.61714285714287
Ondo,2022,49,0.07,23.771428571428572,72.60714285714286
Ondo,2022,50,5.87,23.882857142857144,84.51714285714286
Ondo,2022,51,0.0,21.905714285714286,66.20571428571428
Ondo,2022,52,0.0,21.33285714285714,64.68428571428572
Ondo,2023,1,0.0,23.17571428571429,64.46142857142857
Ondo,2023,2,0.03,22.107142857142858,59.114285714285714
Ondo,2023,3,0.8200000000000001,24.06142857142857,69.41428571428571
Ondo,2023,4,2.4499999999999997,25.00714285714286,83.19000000000001
Ondo,2023,5,34.84,25.145714285714288,82.69142857142857
Ondo,2023,6,109.63000000000001,25.165714285714284,78.29714285714286
Ondo,2023,7,0.0,23.06142857142857,59.354285714285716
Ondo,2023,8,21.98,25.222857142857144,76.21285714285715
Ondo,2023,9,15.03,25.381428571428575,87.00428571428571
Ondo,2023,10,24.8,25.305714285714284,88.33
Ondo,2023,11,24.54,24.860000000000003,85.41428571428571
Ondo,2023,12,32.18,24.87,86.07857142857142
Ondo,2023,13,33.61,25.455714285714286,85.44142857142857
Ondo,2023,14,56.69,25.25142857142857,88.87714285714286
Ondo,2023,15,35.51,25.314285714285713,89.68714285714285
Ondo,2023,16,26.28,25.587142857142858,89.28999999999999
Ondo,2023,17,47.97,24.842857142857145,89.31428571428572
Ondo,2023,18,48.040000000000006,25.052857142857142,88.43857142857144
Ondo,2023,19,35.72,25.324285714285715,90.52428571428571
Ondo,2023,20,58.24,25.678571428571427,91.01285714285713
Ondo,2023,21,31.91,25.490000000000002,90.89857142857143
Ondo,2023,22,42.68,25.511428571428574,89.78142857142858
Ondo,2023,23,173.28,24.361428571428572,92.35000000000001
Ondo,2023,24,72.28999999999999,24.424285714285713,90.7242857142857
Ondo,2023,25,66.35,24.042857142857144,91.73
Ondo,2023,26,47.95,24.25857142857143,90.70714285714287
Ondo,2023,27,58.88,24.38,90.92428571428572
Ondo,2023,28,42.07,24.964285714285715,89.10714285714286
Ondo,2023,29,84.56,24.64428571428571,91.92571428571429
Ondo,2023,30,75.17,24.37,91.34142857142857
Ondo,2023,31,28.330000000000002,24.34714285714286,91.11285714285714
Ondo,2023,32,34.62,24.11285714285714,91.21000000000001
Ondo,2023,33,45.1,24.457142857142856,89.72142857142856
Ondo,2023,34,34.15,24.537142857142857,90.82714285714285
Ondo,2023,35,148.42000000000002,23.97142857142857,91.97714285714287
Ondo,2023,36,106.37,24.495714285714286,90.68142857142857
Ondo,2023,37,86.09,24.482857142857142,91.9557142857143
Ondo,2023,38,49.81,24.62142857142857,90.28285714285714
Ondo,2023,39,56.49,25.407142857142855,89.08571428571429
Ondo,2023,40,66.92,25.255714285714284,89.97857142857143
Ondo,2023,41,52.44,24.96,91.36285714285714
Ondo,2023,42,33.37,24.845714285714287,89.95285714285714
Ondo,2023,43,5.390000000000001,25.385714285714283,88.67571428571429
Ondo,2023,44,55.980000000000004,25.054285714285715,89.34142857142857
Ondo,2023,45,23.04,25.192857142857143,89.19428571428571
Ondo,2023,46,4.36,24.857142857142858,86.66714285714285
Ondo,2023,47,32.81,24.992857142857144,88.86142857142856
Ondo,2023,48,2.37,25.37,83.45857142857143
Ondo,2023,49,0.29,25.40285714285714,80.52285714285713
Ondo,2023,50,0.0,23.482857142857142,66.38285714285715
Ondo,2023,51,0.0,24.115714285714287,68.43142857142857
Ondo,2023,52,0.0,24.485714285714288,62.07857142857143
Ondo,2024,1,0.35,25.462857142857143,76.9742857142857
Ondo,2024,2,1.12,24.891428571428573,71.24571428571429
Ondo,2024,3,0.0,23.40142857142857,49.64
Ondo,2024,4,5.34,23.178571428571427,64.5942857142857
Ondo,2024,5,0.0,24.575714285714287,59.76571428571429
Ondo,2024,6,0.0,24.32857142857143,61.378571428571426
Ondo,2024,7,0.64,26.03857142857143,78.75999999999999
Ondo,2024,8,16.6,26.717142857142857,76.83714285714287
Ondo,2024,9,0.91,26.728571428571428,81.97285714285715
Ondo,2024,10,4.83,26.601428571428574,84.06285714285715
Ondo,2024,11,26.48,27.09142857142857,83.58714285714287
Ondo,2024,12,3.03,26.791428571428572,83.18285714285715
Ondo,2024,13,5.25,26.94142857142857,84.7942857142857
Ondo,2024,14,21.14,26.551428571428573,87.21428571428571
Ondo,2024,15,18.67,25.942857142857143,88.0257142857143
Ondo,2024,16,6.37,26.624285714285715,85.76428571428572
Ondo,2024,17,34.12,26.48,88.5142857142857
Ondo,2024,18,45.19,26.00857142857143,90.03428571428572
Ondo,2024,19,14.21,26.165714285714284,88.78999999999999
Ondo,2024,20,26.04,26.447142857142858,86.39
Ondo,2024,21,70.12,25.692857142857143,89.46000000000001
Ondo,2024,22,32.57,25.650000000000002,90.0457142857143
Ondo,2024,23,51.08,25.215714285714284,91.12428571428572
Ondo,2024,24,55.3,25.224285714285713,89.84714285714287
Ondo,2024,25,28.880000000000003,24.934285714285714,89.76285714285714
Ondo,2024,26,64.99,24.580000000000002,90.27
Ondo,2024,27,60.8,24.48428571428571,89.94714285714285
Ondo,2024,28,40.72,24.392857142857142,89.74857142857142
Ondo,2024,29,55.010000000000005,24.291428571428572,90.61
Ondo,2024,30,13.6,24.231428571428573,89.07857142857142
Ondo,2024,31,15.3,24.324285714285715,88.28142857142858
Ondo,2024,32,5.8100000000000005,24.37142857142857,86.84142857142857
Ondo,2024,33,7.75,24.162857142857142,87.71857142857142
Ondo,2024,34,91.88,23.844285714285714,91.43999999999998
Ondo,2024,35,32.15,24.23428571428571,89.98
Ondo,2024,36,62.43,24.165714285714284,88.28714285714285
Ondo,2024,37,75.95,24.43,90.76571428571428
Ondo,2024,38,43.17,24.52857142857143,89.11714285714285
Ondo,2024,39,83.87,24.672857142857143,87.91142857142857
Ondo,2024,40,73.65,24.462857142857143,91.14999999999999
Ondo,2024,41,52.099999999999994,24.994285714285716,87.5
Ondo,2024,42,31.73,24.494285714285716,87.31428571428572
Ondo,2024,43,58.67,25.231428571428573,87.67428571428572
Ondo,2024,44,34.12,25.795714285714286,83.22285714285715
Ondo,2024,45,6.6000000000000005,25.044285714285714,81.47428571428573
Ondo,2024,46,0.9299999999999999,25.232857142857142,75.67571428571429
Ondo,2024,47,1.1199999999999999,24.392857142857142,72.3457142857143
Ondo,2024,48,0.28,23.497142857142855,67.97857142857143
Ondo,2024,49,0.02,23.761428571428574,69.0957142857143
Ondo,2024,50,0.09,24.00714285714286,64.91285714285713
Ondo,2024,51,0.0,23.16,62.4
Ondo,2024,52,0.0,23.919999999999998,65.39714285714285
Ondo,2025,1,0.0,25.22714285714286,71.45857142857143
Ondo,2025,2,0.0,24.389999999999997,63.41142857142857
Ondo,2025,3,0.0,24.50714285714286,69.64857142857143
Ondo,2025,4,0.32,25.771428571428572,77.30428571428571
Ondo,2025,5,1.6800000000000002,25.41142857142857,74.93714285714285
Ondo,2025,6,0.68,26.57,75.49000000000001
Ondo,2025,7,0.01,26.948571428571427,75.39999999999999
Ondo,2025,8,11.620000000000001,25.77857142857143,81.25571428571428
Ondo,2025,9,15.93,26.22714285714286,80.25571428571428
Ondo,2025,10,39.459999999999994,27.624285714285715,78.05714285714285
Ondo,2025,11,27.08,26.770000000000003,84.57571428571428
Ondo,2025,12,16.21,25.844285714285714,85.4742857142857
Ondo,2025,13,10.780000000000001,27.127142857142854,80.98428571428572
Ondo,2025,14,20.73,27.255714285714284,81.67285714285715
Ondo,2025,15,44.25,26.11285714285714,87.23857142857142
Ondo,2025,16,16.57,26.697142857142858,84.65142857142857
Ondo,2025,17,38.73,26.58857142857143,84.54857142857144
Ondo,2025,18,19.82,25.672857142857143,86.94857142857143
Ondo,2025,19,20.67,26.312857142857144,85.23142857142857
Ondo,2025,20,15.99,25.895714285714288,85.50714285714285
Ondo,2025,21,29.18,25.90285714285714,85.49428571428572
Ondo,2025,22,71.03,25.259999999999998,88.34571428571428
Ondo,2025,23,67.75,25.055714285714284,89.50285714285714
Ondo,2025,24,53.03,24.944285714285712,89.41857142857144
Ondo,2025,25,33.06,24.83142857142857,87.92428571428572
Ondo,2025,26,79.45,24.66,90.52428571428571
Ondo,2025,27,93.28,23.917142857142856,91.77285714285713
Ondo,2025,28,53.34,23.54,91.09714285714287
Ondo,2025,29,27.630000000000003,23.712857142857143,88.7957142857143
Ondo,2025,30,30.150000000000002,23.434285714285714,90.61142857142856
Ondo,2025,31,45.5,23.78857142857143,90.2057142857143
Ondo,2025,32,41.98,23.51142857142857,90.61857142857143
Ondo,2025,33,27.52,23.361428571428572,90.03142857142858
Ondo,2025,34,11.58,23.70285714285714,88.25
Ondo,2025,35,19.55,23.642857142857142,88.89857142857143
Ondo,2025,36,8.94,23.995714285714286,87.68285714285715
Ondo,2025,37,42.83,23.864285714285717,90.16142857142857
Ondo,2025,38,92.25,24.518571428571427,88.6557142857143
Ondo,2025,39,67.69,24.217142857142857,89.30428571428571
Ondo,2025,40,53.14,24.255714285714284,89.67571428571429
Ondo,2025,41,58.33,24.099999999999998,87.41999999999999
Ondo,2025,42,43.2,24.587142857142858,87.44857142857143
Ondo,2025,43,56.68,25.29,86.87142857142858
Ondo,2025,44,34.67,24.8,87.46142857142857
Ondo,2025,45,53.8,24.907142857142855,87.59
Ondo,2025,46,15.67,25.25857142857143,84.07285714285715
Ondo,2025,47,2.48,24.89428571428571,80.24285714285715
Ondo,2025,48,4.2,25.255714285714284,81.52857142857144
Ondo,2025,49,12.34,25.278571428571432,86.30428571428571
Ondo,2025,50,4.0,25.06,83.69428571428571
Ondo,2025,51,4.51,24.76571428571429,82.35000000000001
Ondo,2025,52,0.16,25.442857142857143,83.51142857142857
Ondo,2026,1,0.0,25.473333333333333,83.08
Osun,2020,53,1.62,25.486666666666668,86.00999999999999
Osun,2021,1,3.27,25.75857142857143,84.37
Osun,2021,2,0.15,25.12,71.96571428571428
Osun,2021,3,0.06,24.074285714285715,66.96142857142857
Osun,2021,4,0.91,25.051428571428573,78.7057142857143
Osun,2021,5,2.21,26.327142857142857,80.43142857142857
Osun,2021,6,1.9300000000000002,27.414285714285715,78.55714285714285
Osun,2021,7,3.39,25.12142857142857,64.71714285714286
Osun,2021,8,0.69,26.045714285714286,77.96428571428571
Osun,2021,9,0.9600000000000001,27.50857142857143,78.03571428571429
Osun,2021,10,24.93,25.91142857142857,87.10000000000001
Osun,2021,11,14.33,25.255714285714284,86.82571428571428
Osun,2021,12,52.38,25.845714285714283,86.79714285714284
Osun,2021,13,0.81,27.09857142857143,81.37571428571428
Osun,2021,14,45.46,26.451428571428572,86.92857142857143
Osun,2021,15,83.94,25.175714285714285,90.32000000000001
Osun,2021,16,22.259999999999998,25.57857142857143,89.72142857142856
Osun,2021,17,11.19,26.3,87.78999999999999
Osun,2021,18,38.89,24.98428571428571,89.28999999999999
Osun,2021,19,26.27,25.439999999999998,89.90857142857143
Osun,2021,20,29.56,25.692857142857143,89.59857142857143
Osun,2021,21,41.19,25.990000000000002,90.78
Osun,2021,22,116.73,25.397142857142857,90.56142857142856
Osun,2021,23,48.25,25.381428571428568,89.59142857142857
Osun,2021,24,75.66,24.947142857142858,91.58571428571429
Osun,2021,25,67.28,24.437142857142856,91.08714285714287
Osun,2021,26,58.28,24.005714285714284,90.80428571428571
Osun,2021,27,26.11,24.28857142857143,90.06714285714285
Osun,2021,28,232.7,24.442857142857143,90.31142857142858
Osun,2021,29,37.49,24.16142857142857,89.61571428571428
Osun,2021,30,31.72,23.774285714285718,90.19571428571429
Osun,2021,31,98.17,23.852857142857143,92.96142857142857
Osun,2021,32,75.72,24.077142857142857,91.49428571428572
Osun,2021,33,130.79999999999998,23.655714285714286,92.09285714285714
Osun,2021,34,147.34,24.594285714285714,91.84571428571428
Osun,2021,35,137.99,24.424285714285713,91.30714285714285
Osun,2021,36,76.37,24.57,91.37714285714286
Osun,2021,37,58.17,24.384285714285713,92.00285714285714
Osun,2021,38,123.19,24.421428571428574,91.20428571428572
Osun,2021,39,91.77000000000001,24.755714285714284,91.01428571428572
Osun,2021,40,112.45,25.482857142857142,91.28142857142858
Osun,2021,41,51.589999999999996,25.244285714285716,91.16
Osun,2021,42,32.79,24.892857142857142,90.01857142857143
Osun,2021,43,48.050000000000004,25.445714285714285,89.76857142857143
Osun,2021,44,56.78,25.13714285714286,90.44857142857143
Osun,2021,45,175.17000000000002,25.50857142857143,90.26142857142858
Osun,2021,46,130.63,25.641428571428573,87.38428571428572
Osun,2021,47,11.53,25.648571428571426,86.43571428571428
Osun,2021,48,10.46,25.585714285714285,83.59714285714286
Osun,2021,49,10.11,24.937142857142856,78.77428571428572
Osun,2021,50,154.51,23.978571428571428,80.03285714285714
Osun,2021,51,0.12,23.514285714285712,79.43142857142857
Osun,2021,52,30.270000000000003,23.924285714285713,80.40857142857143
Osun,2022,1,12.63,23.830000000000002,74.35285714285715
Osun,2022,2,29.63,24.594285714285714,82.01857142857143
Osun,2022,3,1.18,22.504285714285714,73.13142857142857
Osun,2022,4,0.44,22.05857142857143,70.00571428571429
Osun,2022,5,0.0,22.28142857142857,66.20857142857143
Osun,2022,6,13.82,24.91857142857143,75.81285714285715
Osun,2022,7,4.89,26.172857142857143,81.34285714285714
Osun,2022,8,15.51,26.571428571428573,81.53285714285714
Osun,2022,9,25.830000000000002,25.52,88.44142857142857
Osun,2022,10,23.04,26.22,87.79857142857144
Osun,2022,11,26.38,26.337142857142858,87.88857142857144
Osun,2022,12,26.0,26.25857142857143,88.51428571428572
Osun,2022,13,50.07,26.28,88.16714285714285
Osun,2022,14,28.64,25.537142857142857,90.52857142857144
Osun,2022,15,50.67,25.08285714285714,90.55571428571429
Osun,2022,16,58.07,25.3,89.91142857142857
Osun,2022,17,65.78999999999999,25.11285714285714,90.81428571428572
Osun,2022,18,30.46,25.357142857142858,90.32571428571428
Osun,2022,19,32.12,25.884285714285713,89.96428571428571
Osun,2022,20,55.51,25.647142857142857,90.62428571428572
Osun,2022,21,25.76,24.945714285714285,89.98714285714286
Osun,2022,22,50.7,25.315714285714286,90.30999999999999
Osun,2022,23,136.51,24.544285714285714,91.57142857142857
Osun,2022,24,99.83,24.377142857142854,92.71428571428571
Osun,2022,25,101.23,24.22142857142857,92.48142857142857
Osun,2022,26,57.150000000000006,24.17142857142857,91.64428571428572
Osun,2022,27,69.8,24.44,92.08714285714287
Osun,2022,28,31.92,24.235714285714288,91.34571428571428
Osun,2022,29,92.36,23.665714285714284,90.84571428571428
Osun,2022,30,67.31,23.592857142857145,93.06142857142856
Osun,2022,31,8.65,23.587142857142858,89.32714285714285
Osun,2022,32,65.34,23.571428571428573,91.94571428571429
Osun,2022,33,108.72,23.58142857142857,90.82142857142857
Osun,2022,34,97.15,23.564285714285713,92.33142857142857
Osun,2022,35,86.45,23.90857142857143,91.75571428571428
Osun,2022,36,87.99000000000001,24.305714285714284,91.30142857142857
Osun,2022,37,116.25,24.02285714285714,92.83714285714287
Osun,2022,38,85.07,24.288571428571426,91.89571428571428
Osun,2022,39,143.42000000000002,23.68,92.28142857142858
Osun,2022,40,144.3,24.58285714285714,90.86428571428573
Osun,2022,41,88.85,24.791428571428572,89.21857142857142
Osun,2022,42,85.19,25.517142857142858,87.78999999999999
Osun,2022,43,11.61,25.548571428571428,84.63
Osun,2022,44,6.74,25.25857142857143,84.65428571428572
Osun,2022,45,13.08,25.475714285714286,85.7057142857143
Osun,2022,46,1.42,24.892857142857142,83.71428571428571
Osun,2022,47,3.0100000000000002,24.614285714285717,81.12571428571428
Osun,2022,48,12.02,25.169999999999998,84.85000000000001
Osun,2022,49,0.18,24.395714285714288,80.20857142857143
Osun,2022,50,1.52,24.34857142857143,87.03571428571429
Osun,2022,51,0.0,22.505714285714284,70.64285714285714
Osun,2022,52,0.0,21.987142857142857,66.89142857142858
Osun,2023,1,0.0,23.678571428571427,70.04714285714286
Osun,2023,2,0.01,22.655714285714286,65.73714285714286
Osun,2023,3,0.43000000000000005,24.57,73.66428571428571
Osun,2023,4,2.1,25.490000000000002,85.05142857142857
Osun,2023,5,18.09,25.638571428571428,83.55285714285715
Osun,2023,6,54.23,25.91,81.86285714285714
Osun,2023,7,0.0,23.78,65.55999999999999
Osun,2023,8,19.11,25.794285714285714,78.56285714285715
Osun,2023,9,22.4,26.025714285714287,86.68857142857144
Osun,2023,10,20.68,25.844285714285714,88.2
Osun,2023,11,23.290000000000003,25.56714285714286,85.74571428571429
Osun,2023,12,37.29,25.53142857142857,86.10285714285715
Osun,2023,13,41.19,25.951428571428572,86.23571428571428
Osun,2023,14,83.21000000000001,25.767142857142858,89.31285714285715
Osun,2023,15,47.01,25.904285714285713,89.93714285714285
Osun,2023,16,32.35,26.071428571428573,89.99285714285715
Osun,2023,17,67.77000000000001,25.352857142857143,89.78714285714285
Osun,2023,18,60.84,25.632857142857144,88.50285714285714
Osun,2023,19,35.760000000000005,25.94,91.18285714285715
Osun,2023,20,51.739999999999995,26.080000000000002,91.58571428571429
Osun,2023,21,27.98,25.928571428571427,91.41571428571429
Osun,2023,22,49.39,25.908571428571427,90.69285714285715
Osun,2023,23,184.89000000000001,24.792857142857144,93.10857142857142
Osun,2023,24,97.45,24.78142857142857,91.75142857142858
Osun,2023,25,94.08,24.49285714285714,92.48571428571428
Osun,2023,26,55.42,24.697142857142858,91.54142857142857
Osun,2023,27,64.87,24.900000000000002,91.62142857142858
Osun,2023,28,58.69,25.467142857142857,89.87285714285714
Osun,2023,29,102.9,25.012857142857143,92.80714285714285
Osun,2023,30,82.13,24.81714285714286,91.91571428571429
Osun,2023,31,48.66,24.638571428571428,92.03999999999999
Osun,2023,32,35.269999999999996,24.502857142857145,91.48428571428572
Osun,2023,33,54.09,24.945714285714285,90.11857142857143
Osun,2023,34,40.1,24.914285714285715,91.7057142857143
Osun,2023,35,173.57999999999998,24.43,92.53285714285714
Osun,2023,36,118.57,24.884285714285713,91.81285714285714
Osun,2023,37,75.57,24.904285714285717,92.66714285714286
Osun,2023,38,69.94,25.204285714285714,90.87285714285714
Osun,2023,39,52.129999999999995,25.842857142857145,90.23857142857142
Osun,2023,40,98.56,25.714285714285715,90.53428571428572
Osun,2023,41,46.77,25.23857142857143,92.50714285714285
Osun,2023,42,41.4,25.502857142857145,90.36
Osun,2023,43,10.63,25.88714285714286,89.25285714285714
Osun,2023,44,78.33,25.5,91.03
Osun,2023,45,37.32,25.564285714285713,90.86
Osun,2023,46,4.390000000000001,25.43857142857143,87.88285714285715
Osun,2023,47,43.89,25.462857142857143,89.77142857142857
Osun,2023,48,1.79,25.585714285714285,86.19285714285715
Osun,2023,49,0.51,25.66,82.63714285714286
Osun,2023,50,0.0,23.845714285714283,69.20142857142856
Osun,2023,51,0.0,24.165714285714284,72.15285714285714
Osun,2023,52,0.0,24.677142857142858,67.57142857142857
Osun,2024,1,0.37,25.98857142857143,81.23142857142857
Osun,2024,2,0.94,25.732857142857142,77.22714285714287
Osun,2024,3,0.01,23.488571428571426,59.761428571428574
Osun,2024,4,3.61,23.775714285714287,66.52142857142857
Osun,2024,5,0.0,24.801428571428573,68.89285714285714
Osun,2024,6,0.03,24.694285714285712,65.39
Osun,2024,7,1.49,26.63714285714286,81.11571428571428
Osun,2024,8,34.6,26.99285714285714,81.09857142857143
Osun,2024,9,2.31,27.032857142857143,84.33571428571429
Osun,2024,10,9.82,26.90142857142857,85.45
Osun,2024,11,22.07,27.427142857142858,84.57571428571428
Osun,2024,12,2.78,27.298571428571428,84.23285714285714
Osun,2024,13,8.41,27.512857142857143,84.99142857142856
Osun,2024,14,29.98,26.919999999999998,88.16
Osun,2024,15,16.57,26.580000000000002,87.76857142857143
Osun,2024,16,11.95,27.197142857142858,86.10428571428572
Osun,2024,17,44.519999999999996,26.784285714285716,89.90857142857143
Osun,2024,18,43.05,26.524285714285714,90.44000000000001
Osun,2024,19,20.65,26.534285714285716,90.00428571428571
Osun,2024,20,29.02,26.617142857142856,88.32714285714285
Osun,2024,21,78.44,26.10571428571429,90.76428571428572
Osun,2024,22,36.33,25.970000000000002,91.13714285714286
Osun,2024,23,51.93,25.677142857142858,91.45
Osun,2024,24,78.36,25.585714285714285,91.08285714285714
Osun,2024,25,28.03,25.464285714285715,90.38
Osun,2024,26,112.11,25.132857142857144,90.87714285714286
Osun,2024,27,93.63,24.83857142857143,90.81857142857143
Osun,2024,28,35.21,24.767142857142858,90.39714285714285
Osun,2024,29,47.39,24.62857142857143,91.01142857142858
Osun,2024,30,12.99,24.634285714285713,89.07000000000001
Osun,2024,31,17.0,24.647142857142857,88.82142857142857
Osun,2024,32,3.48,24.695714285714285,87.08857142857143
Osun,2024,33,4.91,24.63714285714286,87.94285714285715
Osun,2024,34,102.68,24.341428571428573,91.46857142857142
Osun,2024,35,38.93,24.525714285714287,90.85571428571428
Osun,2024,36,60.89,24.435714285714287,89.12285714285714
Osun,2024,37,73.03999999999999,24.79285714285714,91.41285714285713
Osun,2024,38,61.29,24.948571428571427,90.16714285714285
Osun,2024,39,93.88,25.017142857142858,89.4557142857143
Osun,2024,40,127.75999999999999,24.955714285714286,92.01285714285714
Osun,2024,41,92.58000000000001,25.485714285714288,88.90142857142857
Osun,2024,42,49.94,24.978571428571428,89.16428571428571
Osun,2024,43,82.75999999999999,25.68,89.57428571428571
Osun,2024,44,37.96,26.197142857142858,85.81857142857143
Osun,2024,45,12.1,25.447142857142858,83.67571428571429
Osun,2024,46,2.95,25.802857142857142,80.83857142857143
Osun,2024,47,1.58,24.585714285714285,77.31428571428572
Osun,2024,48,0.21,23.534285714285716,72.43428571428572
Osun,2024,49,0.18999999999999997,24.062857142857144,72.56428571428572
Osun,2024,50,0.31,23.90142857142857,71.65285714285714
Osun,2024,51,0.0,22.812857142857144,65.53428571428572
Osun,2024,52,0.0,23.912857142857142,72.34142857142857
Osun,2025,1,0.0,25.351428571428574,79.32714285714285
Osun,2025,2,0.0,24.107142857142858,69.99857142857142
Osun,2025,3,0.0,24.30142857142857,74.59714285714286
Osun,2025,4,0.6499999999999999,25.66,81.70857142857143
Osun,2025,5,3.72,25.25,80.70142857142856
Osun,2025,6,1.3800000000000001,26.505714285714284,79.88285714285713
Osun,2025,7,0.06,26.861428571428572,80.31714285714285
Osun,2025,8,12.219999999999999,25.74857142857143,85.97857142857143
Osun,2025,9,32.550000000000004,26.172857142857143,83.51285714285714
Osun,2025,10,55.900000000000006,27.349999999999998,82.76857142857143
Osun,2025,11,40.63,26.844285714285714,87.89999999999999
Osun,2025,12,26.97,25.957142857142856,88.67714285714285
Osun,2025,13,21.09,26.914285714285715,86.01714285714286
Osun,2025,14,27.27,27.044285714285714,86.61285714285714
Osun,2025,15,54.67,26.26142857142857,90.06857142857143
Osun,2025,16,26.59,26.75857142857143,88.01571428571428
Osun,2025,17,59.83,26.525714285714287,88.68571428571428
Osun,2025,18,25.97,25.83142857142857,89.98857142857142
Osun,2025,19,22.48,26.24285714285714,89.22142857142856
Osun,2025,20,25.73,25.842857142857145,89.99285714285715
Osun,2025,21,48.71,25.787142857142857,89.85857142857142
Osun,2025,22,63.769999999999996,25.427142857142858,90.31428571428572
Osun,2025,23,74.24,25.397142857142857,90.49714285714286
Osun,2025,24,73.04,25.294285714285714,90.93571428571428
Osun,2025,25,42.07,25.14428571428571,89.63857142857144
Osun,2025,26,72.23,25.094285714285714,91.36428571428571
Osun,2025,27,113.51,24.36285714285714,92.25428571428571
Osun,2025,28,74.41,24.01571428571429,91.38571428571429
Osun,2025,29,19.3,23.90285714285714,89.37714285714286
Osun,2025,30,25.14,23.78,90.91571428571429
Osun,2025,31,49.79,24.094285714285714,90.99
Osun,2025,32,53.15,23.765714285714285,91.69714285714285
Osun,2025,33,37.4,23.599999999999998,91.19428571428571
Osun,2025,34,16.75,23.91142857142857,89.44428571428571
Osun,2025,35,21.14,23.927142857142858,89.65857142857143
Osun,2025,36,12.1,24.132857142857144,89.14
Osun,2025,37,74.1,24.192857142857143,91.23571428571428
Osun,2025,38,130.22,24.835714285714285,90.56714285714285
Osun,2025,39,85.03999999999999,24.722857142857144,90.57285714285715
Osun,2025,40,65.86,24.787142857142857,90.89714285714285
Osun,2025,41,67.68,24.712857142857143,88.75
Osun,2025,42,53.84,25.201428571428572,89.10714285714286
Osun,2025,43,65.67999999999999,25.574285714285715,89.48285714285714
Osun,2025,44,45.980000000000004,25.297142857142855,89.25857142857141
Osun,2025,45,65.74,25.364285714285717,89.51
Osun,2025,46,14.89,25.678571428571427,86.42857142857143
Osun,2025,47,4.13,25.375714285714285,83.59285714285714
Osun,2025,48,7.1,25.64428571428571,83.7757142857143
Osun,2025,49,9.7,25.52,88.67428571428572
Osun,2025,50,6.319999999999999,25.298571428571428,86.47
Osun,2025,51,11.89,25.282857142857143,85.55571428571429
Osun,2025,52,0.29000000000000004,25.611428571428572,86.33714285714287
Osun,2026,1,0.02,25.74,85.71666666666665
Oyo,2020,53,1.9600000000000002,25.900000000000002,85.46999999999998
Oyo,2021,1,2.02,25.988571428571426,84.80571428571429
Oyo,2021,2,0.12000000000000001,25.465714285714284,72.8457142857143
Oyo,2021,3,0.1,24.392857142857142,67.91
Oyo,2021,4,0.76,25.301428571428573,78.85714285714286
Oyo,2021,5,2.1799999999999997,26.53857142857143,81.20857142857143
Oyo,2021,6,0.63,27.464285714285715,80.07714285714285
Oyo,2021,7,3.41,25.021428571428572,67.71142857142857
Oyo,2021,8,0.5700000000000001,26.00714285714286,78.82571428571428
Oyo,2021,9,1.1,27.154285714285717,81.71285714285715
Oyo,2021,10,27.060000000000002,26.16142857142857,86.85142857142857
Oyo,2021,11,9.34,25.574285714285715,86.23857142857142
Oyo,2021,12,59.160000000000004,26.032857142857143,86.81285714285715
Oyo,2021,13,0.79,27.185714285714287,82.27285714285713
Oyo,2021,14,40.58,26.624285714285715,87.34285714285714
Oyo,2021,15,76.91,25.59142857142857,88.84714285714286
Oyo,2021,16,18.92,26.045714285714286,88.32142857142857
Oyo,2021,17,11.54,26.65142857142857,86.79142857142857
Oyo,2021,18,31.16,25.38,88.56857142857143
Oyo,2021,19,25.17,26.00857142857143,87.99428571428572
Oyo,2021,20,21.41,26.082857142857144,88.19857142857143
Oyo,2021,21,37.92,26.337142857142855,89.45285714285714
Oyo,2021,22,99.41,25.821428571428573,88.87285714285714
Oyo,2021,23,44.800000000000004,25.807142857142857,87.99428571428572
Oyo,2021,24,71.21,25.365714285714287,90.49
Oyo,2021,25,60.949999999999996,24.65857142857143,90.27857142857144
Oyo,2021,26,49.15,24.395714285714288,89.38142857142857
Oyo,2021,27,22.24,24.65142857142857,89.20142857142856
Oyo,2021,28,232.62,24.797142857142855,89.45142857142856
Oyo,2021,29,27.38,24.49142857142857,88.87142857142858
Oyo,2021,30,35.76,24.14428571428571,89.21000000000001
Oyo,2021,31,83.67,24.3,91.64999999999999
Oyo,2021,32,56.129999999999995,24.544285714285714,90.16285714285713
Oyo,2021,33,146.57,24.197142857142858,90.34142857142857
Oyo,2021,34,167.29000000000002,25.0,90.83285714285715
Oyo,2021,35,162.0,24.81714285714286,90.53142857142858
Oyo,2021,36,71.08,24.965714285714284,90.25
Oyo,2021,37,61.95,24.75142857142857,91.12714285714286
Oyo,2021,38,111.98,24.842857142857145,90.09857142857142
Oyo,2021,39,89.05,25.05,90.03285714285714
Oyo,2021,40,109.55,25.844285714285714,90.18285714285715
Oyo,2021,41,40.54,25.622857142857146,90.44142857142857
Oyo,2021,42,28.66,25.189999999999998,89.99571428571429
Oyo,2021,43,30.21,25.655714285714286,89.61428571428571
Oyo,2021,44,42.58,25.37857142857143,89.82428571428571
Oyo,2021,45,128.41,25.771428571428572,89.93714285714286
Oyo,2021,46,28.830000000000002,25.891428571428573,87.67857142857143
Oyo,2021,47,7.02,26.102857142857143,85.65428571428572
Oyo,2021,48,0.42,25.888571428571428,83.54142857142857
Oyo,2021,49,0.27,25.545714285714286,77.59857142857143
Oyo,2021,50,3.29,24.495714285714286,78.63857142857144
Oyo,2021,51,0.0,23.994285714285716,77.58428571428571
Oyo,2021,52,31.37,24.26571428571429,78.77
Oyo,2022,1,9.39,24.364285714285717,73.05142857142857
Oyo,2022,2,0.76,24.97,79.14428571428572
Oyo,2022,3,0.15000000000000002,23.02857142857143,71.29428571428572
Oyo,2022,4,7.34,22.50857142857143,69.52142857142857
Oyo,2022,5,0.0,22.99285714285714,65.77428571428571
Oyo,2022,6,0.68,25.42142857142857,75.70714285714287
Oyo,2022,7,0.15,26.611428571428572,80.79571428571428
Oyo,2022,8,0.32,26.944285714285716,82.38857142857144
Oyo,2022,9,8.69,26.148571428571426,86.3442857142857
Oyo,2022,10,20.23,26.684285714285714,86.27
Oyo,2022,11,24.130000000000003,26.708571428571428,86.89285714285714
Oyo,2022,12,11.52,26.745714285714286,87.48
Oyo,2022,13,44.49,26.67142857142857,87.49857142857142
Oyo,2022,14,18.52,25.982857142857142,89.22
Oyo,2022,15,52.83,25.452857142857145,89.3442857142857
Oyo,2022,16,57.76,25.76142857142857,88.30714285714285
Oyo,2022,17,60.73,25.601428571428574,89.05
Oyo,2022,18,28.91,25.83857142857143,88.69714285714285
Oyo,2022,19,25.44,26.34,88.13142857142857
Oyo,2022,20,51.730000000000004,26.195714285714285,88.83857142857143
Oyo,2022,21,19.31,25.337142857142858,88.81714285714285
Oyo,2022,22,50.730000000000004,25.662857142857142,89.05714285714285
Oyo,2022,23,89.49000000000001,25.060000000000002,89.46714285714286
Oyo,2022,24,111.42,24.755714285714284,91.06285714285715
Oyo,2022,25,101.05,24.618571428571432,90.72142857142856
Oyo,2022,26,47.54,24.65285714285714,90.07285714285715
Oyo,2022,27,57.53,24.914285714285715,90.64142857142858
Oyo,2022,28,29.7,24.585714285714285,90.59142857142857
Oyo,2022,29,79.07,23.954285714285714,89.96428571428571
Oyo,2022,30,64.78,23.91142857142857,92.17999999999999
Oyo,2022,31,5.85,23.714285714285715,89.27142857142857
Oyo,2022,32,59.2,23.83857142857143,91.33571428571429
Oyo,2022,33,87.47999999999999,23.962857142857143,89.75285714285714
Oyo,2022,34,99.75999999999999,23.93,91.57857142857142
Oyo,2022,35,77.43,24.29,90.84857142857143
Oyo,2022,36,86.39,24.610000000000003,90.96142857142857
Oyo,2022,37,149.19,24.47142857142857,91.84571428571428
Oyo,2022,38,79.37,24.658571428571427,91.21428571428571
Oyo,2022,39,162.21,24.114285714285717,91.66
Oyo,2022,40,83.11000000000001,24.884285714285713,90.57571428571428
Oyo,2022,41,71.88,25.00142857142857,88.55
Oyo,2022,42,86.07000000000001,25.942857142857143,86.61285714285714
Oyo,2022,43,12.4,25.884285714285713,84.26285714285714
Oyo,2022,44,5.8100000000000005,25.78,82.91714285714285
Oyo,2022,45,13.29,25.775714285714287,84.89
Oyo,2022,46,1.18,25.222857142857144,82.73428571428572
Oyo,2022,47,2.51,24.892857142857142,79.38428571428572
Oyo,2022,48,19.3,25.47,84.23428571428572
Oyo,2022,49,0.2,25.02857142857143,80.89714285714285
Oyo,2022,50,0.07,24.684285714285714,86.03571428571429
Oyo,2022,51,0.0,23.06714285714286,71.05428571428571
Oyo,2022,52,0.0,22.642857142857142,66.39428571428572
Oyo,2023,1,0.0,24.22,70.00857142857143
Oyo,2023,2,0.0,23.358571428571427,68.11285714285714
Oyo,2023,3,0.18,24.83857142857143,75.58428571428571
Oyo,2023,4,1.47,25.641428571428573,86.11142857142856
Oyo,2023,5,0.8200000000000001,25.69142857142857,84.26857142857143
Oyo,2023,6,0.73,26.428571428571427,81.76571428571428
Oyo,2023,7,0.0,24.667142857142856,67.75285714285714
Oyo,2023,8,13.879999999999999,26.169999999999998,78.95
Oyo,2023,9,23.68,26.52857142857143,85.07428571428571
Oyo,2023,10,16.11,26.24285714285714,87.05428571428571
Oyo,2023,11,20.35,26.10571428571429,84.32285714285715
Oyo,2023,12,26.78,25.944285714285716,85.11285714285714
Oyo,2023,13,27.81,26.372857142857146,84.85142857142857
Oyo,2023,14,99.57,26.138571428571428,88.58714285714287
Oyo,2023,15,44.43,26.415714285714284,88.13142857142857
Oyo,2023,16,29.54,26.407142857142855,88.8157142857143
Oyo,2023,17,62.07,25.75857142857143,87.84857142857143
Oyo,2023,18,58.89,26.06857142857143,86.49142857142859
Oyo,2023,19,29.81,26.419999999999998,89.45142857142856
Oyo,2023,20,37.82,26.43857142857143,90.21285714285715
Oyo,2023,21,20.84,26.375714285714285,89.79857142857144
Oyo,2023,22,43.019999999999996,26.201428571428572,90.02714285714286
Oyo,2023,23,170.22,25.164285714285715,92.11428571428571
Oyo,2023,24,112.87,25.240000000000002,90.41714285714286
Oyo,2023,25,87.66,24.88,91.45142857142856
Oyo,2023,26,46.230000000000004,25.06,90.27857142857144
Oyo,2023,27,59.3,25.28,90.34142857142857
Oyo,2023,28,82.72,25.755714285714284,89.19000000000001
Oyo,2023,29,97.16,25.38,91.94714285714285
Oyo,2023,30,72.42,25.238571428571426,90.94714285714285
Oyo,2023,31,53.98,24.84,92.16142857142857
Oyo,2023,32,33.81,24.824285714285715,91.08285714285715
Oyo,2023,33,64.04,25.398571428571426,89.38285714285715
Oyo,2023,34,36.64,25.26571428571429,90.65857142857143
Oyo,2023,35,123.88000000000001,24.74857142857143,92.01
Oyo,2023,36,100.88,25.141428571428573,91.51428571428572
Oyo,2023,37,56.730000000000004,25.228571428571428,92.25142857142858
Oyo,2023,38,67.78,25.424285714285713,90.6842857142857
Oyo,2023,39,40.68,26.06142857142857,89.92714285714285
Oyo,2023,40,101.71,25.874285714285715,90.28
Oyo,2023,41,40.47,25.364285714285717,92.07000000000001
Oyo,2023,42,37.58,25.83857142857143,89.92428571428572
Oyo,2023,43,10.450000000000001,26.124285714285715,88.95285714285714
Oyo,2023,44,78.27000000000001,25.914285714285715,90.09
Oyo,2023,45,39.07,25.792857142857144,90.3157142857143
Oyo,2023,46,3.47,25.884285714285713,86.84857142857143
Oyo,2023,47,36.36,25.805714285714284,88.98571428571428
Oyo,2023,48,1.2999999999999998,25.83142857142857,86.20285714285716
Oyo,2023,49,0.45000000000000007,25.891428571428573,82.00571428571428
Oyo,2023,50,0.0,24.122857142857146,68.45714285714286
Oyo,2023,51,0.0,24.345714285714287,70.51571428571428
Oyo,2023,52,0.0,24.97714285714286,67.39714285714287
Oyo,2024,1,0.45,26.294285714285714,81.07428571428571
Oyo,2024,2,0.75,26.187142857142856,76.75714285714285
Oyo,2024,3,0.04,24.014285714285712,64.49
Oyo,2024,4,0.9199999999999999,24.134285714285713,66.59142857142857
Oyo,2024,5,0.0,25.134285714285713,72.38857142857142
Oyo,2024,6,0.05,24.97714285714286,66.47857142857143
Oyo,2024,7,1.44,26.957142857142856,82.58714285714287
Oyo,2024,8,37.53,27.327142857142857,82.59857142857143
Oyo,2024,9,2.4699999999999998,27.035714285714285,86.18714285714286
Oyo,2024,10,9.6,27.08142857142857,85.78999999999999
Oyo,2024,11,17.0,27.54714285714286,85.0442857142857
Oyo,2024,12,2.46,27.547142857142855,84.78428571428572
Oyo,2024,13,8.57,27.562857142857144,86.38142857142857
Oyo,2024,14,29.479999999999997,27.109999999999996,88.2942857142857
Oyo,2024,15,12.82,26.931428571428572,86.85857142857142
Oyo,2024,16,14.76,27.37,86.68285714285715
Oyo,2024,17,45.09,27.08285714285714,89.17571428571429
Oyo,2024,18,35.31,26.967142857142857,89.05571428571429
Oyo,2024,19,24.43,26.994285714285716,88.93142857142857
Oyo,2024,20,26.26,26.965714285714284,87.16714285714286
Oyo,2024,21,82.27,26.46857142857143,90.01142857142858
Oyo,2024,22,32.510000000000005,26.277142857142856,90.19714285714285
Oyo,2024,23,44.22,26.055714285714284,90.41857142857143
Oyo,2024,24,74.92,25.904285714285713,90.5257142857143
Oyo,2024,25,22.84,25.861428571428572,89.05571428571429
Oyo,2024,26,122.94,25.52,89.76857142857143
Oyo,2024,27,94.99000000000001,25.169999999999998,90.5457142857143
Oyo,2024,28,34.76,25.035714285714285,90.19571428571429
Oyo,2024,29,41.83,24.96857142857143,90.54857142857144
Oyo,2024,30,11.46,24.90857142857143,88.86857142857141
Oyo,2024,31,16.36,24.864285714285717,88.7242857142857
Oyo,2024,32,2.09,24.844285714285714,87.59
Oyo,2024,33,3.4499999999999997,24.898571428571426,88.21285714285715
Oyo,2024,34,98.14,24.692857142857143,90.84142857142857
Oyo,2024,35,35.16,24.797142857142855,90.42571428571429
Oyo,2024,36,38.07,24.642857142857142,88.85714285714286
Oyo,2024,37,74.16,25.110000000000003,90.57571428571428
Oyo,2024,38,71.21,25.252857142857145,89.42857142857143
Oyo,2024,39,88.91,25.157142857142855,89.47285714285714
Oyo,2024,40,140.38,25.327142857142857,91.21571428571428
Oyo,2024,41,109.96,25.69,88.60285714285715
Oyo,2024,42,54.589999999999996,25.354285714285712,88.38
Oyo,2024,43,63.61,26.084285714285716,88.7
Oyo,2024,44,29.869999999999997,26.53857142857143,85.08285714285715
Oyo,2024,45,9.969999999999999,25.55,81.88
Oyo,2024,46,4.13,26.15285714285714,79.84142857142857
Oyo,2024,47,1.44,24.807142857142857,76.10571428571428
Oyo,2024,48,0.13,23.711428571428574,71.62285714285714
Oyo,2024,49,0.27,24.247142857142855,70.81142857142858
Oyo,2024,50,0.44,24.27,71.28714285714285
Oyo,2024,51,0.01,22.714285714285715,64.97142857142858
Oyo,2024,52,0.0,24.138571428571428,71.17428571428572
Oyo,2025,1,0.0,25.68857142857143,79.92142857142858
Oyo,2025,2,0.0,24.03,70.33285714285714
Oyo,2025,3,0.0,24.685714285714287,74.92142857142858
Oyo,2025,4,0.6799999999999999,25.77,82.63285714285715
Oyo,2025,5,4.3100000000000005,25.509999999999998,80.55428571428571
Oyo,2025,6,1.23,26.801428571428573,80.78285714285714
Oyo,2025,7,0.05,26.872857142857146,82.74428571428572
Oyo,2025,8,9.660000000000002,26.06142857142857,86.41428571428571
Oyo,2025,9,31.740000000000002,26.455714285714286,82.18142857142857
Oyo,2025,10,42.59,27.415714285714284,83.64
Oyo,2025,11,38.07,27.06142857142857,87.95
Oyo,2025,12,24.86,26.435714285714287,87.16571428571429
Oyo,2025,13,21.96,27.177142857142858,85.67428571428572
Oyo,2025,14,25.55,27.352857142857143,85.96571428571428
Oyo,2025,15,53.839999999999996,26.58142857142857,89.13714285714286
Oyo,2025,16,23.5,27.07857142857143,86.88
Oyo,2025,17,62.74,26.81714285714286,88.00857142857144
Oyo,2025,18,24.14,26.2,88.45714285714287
Oyo,2025,19,20.14,26.615714285714287,87.77285714285713
Oyo,2025,20,25.189999999999998,26.198571428571427,89.13142857142857
Oyo,2025,21,45.44,26.14428571428571,88.53428571428572
Oyo,2025,22,46.67,25.861428571428572,88.46142857142857
Oyo,2025,23,71.33,25.694285714285716,89.01714285714286
Oyo,2025,24,71.51,25.714285714285715,89.27142857142857
Oyo,2025,25,44.59,25.49285714285714,89.14714285714285
Oyo,2025,26,57.11,25.490000000000002,89.91285714285713
Oyo,2025,27,102.02,24.784285714285716,91.02714285714286
Oyo,2025,28,81.2,24.365714285714287,90.67428571428572
Oyo,2025,29,11.19,24.21,88.03857142857143
Oyo,2025,30,19.330000000000002,24.111428571428572,89.98285714285714
Oyo,2025,31,38.93,24.535714285714285,89.67857142857143
Oyo,2025,32,57.96,24.017142857142858,91.22142857142856
Oyo,2025,33,36.17,24.005714285714284,90.13
Oyo,2025,34,16.75,24.187142857142856,88.98142857142857
Oyo,2025,35,17.349999999999998,24.262857142857143,88.76571428571428
Oyo,2025,36,8.61,24.45,88.18142857142857
Oyo,2025,37,78.52,24.645714285714288,89.98285714285714
Oyo,2025,38,128.25,24.955714285714286,90.46857142857142
Oyo,2025,39,84.1,25.092857142857145,89.63285714285715
Oyo,2025,40,65.22,25.189999999999998,89.85571428571428
Oyo,2025,41,62.64,25.06714285714286,87.59857142857143
Oyo,2025,42,48.54,25.52,88.17428571428572
Oyo,2025,43,53.370000000000005,25.92142857142857,88.70142857142856
Oyo,2025,44,36.72,25.731428571428573,87.88857142857144
Oyo,2025,45,59.9,25.641428571428573,88.6557142857143
Oyo,2025,46,10.41,26.017142857142858,85.42857142857143
Oyo,2025,47,3.76,25.882857142857144,82.7057142857143
Oyo,2025,48,6.83,26.03,82.33285714285714
Oyo,2025,49,6.87,25.807142857142857,87.73428571428572
Oyo,2025,50,6.05,25.571428571428573,86.16428571428571
Oyo,2025,51,12.76,25.74285714285714,84.56714285714285
Oyo,2025,52,0.23,25.990000000000002,85.28428571428572
Oyo,2026,1,0.01,26.103333333333335,85.07666666666667
Plateau,2020,53,0.0,28.116666666666664,29.386666666666667
Plateau,2021,1,0.0,27.398571428571426,20.302857142857142
Plateau,2021,2,0.0,26.382857142857144,16.012857142857143
Plateau,2021,3,0.0,26.194285714285716,17.17142857142857
Plateau,2021,4,0.0,28.04,17.288571428571426
Plateau,2021,5,0.0,27.994285714285716,18.064285714285713
Plateau,2021,6,0.0,28.21,12.01142857142857
Plateau,2021,7,0.0,26.357142857142858,13.15857142857143
Plateau,2021,8,0.0,28.575714285714287,15.758571428571429
Plateau,2021,9,0.01,30.349999999999998,14.418571428571429
Plateau,2021,10,13.16,28.875714285714285,47.23571428571429
Plateau,2021,11,0.9600000000000001,27.18857142857143,59.324285714285715
Plateau,2021,12,11.7,28.122857142857146,48.895714285714284
Plateau,2021,13,0.0,29.335714285714285,15.76142857142857
Plateau,2021,14,20.470000000000002,30.157142857142855,46.34285714285714
Plateau,2021,15,28.83,27.548571428571428,67.99
Plateau,2021,16,1.8900000000000001,27.805714285714288,65.8457142857143
Plateau,2021,17,1.04,28.802857142857142,63.13857142857143
Plateau,2021,18,5.23,27.444285714285716,65.75142857142858
Plateau,2021,19,27.28,27.602857142857143,67.76714285714286
Plateau,2021,20,15.4,27.635714285714283,68.50285714285714
Plateau,2021,21,7.93,28.957142857142856,63.18571428571429
Plateau,2021,22,71.72,26.425714285714285,76.54142857142857
Plateau,2021,23,45.05,26.54,73.27285714285715
Plateau,2021,24,28.08,25.67142857142857,79.75
Plateau,2021,25,82.55,24.55857142857143,83.91857142857143
Plateau,2021,26,111.39,23.818571428571428,87.12
Plateau,2021,27,23.86,23.37142857142857,88.34857142857143
Plateau,2021,28,29.82,23.63,87.24857142857142
Plateau,2021,29,197.35,23.314285714285713,91.21714285714286
Plateau,2021,30,32.05,22.97,89.84
Plateau,2021,31,65.33,22.87857142857143,89.73285714285714
Plateau,2021,32,55.89,23.285714285714285,89.49857142857142
Plateau,2021,33,28.75,23.358571428571427,88.06142857142856
Plateau,2021,34,17.78,23.981428571428573,86.96000000000001
Plateau,2021,35,36.72,23.96,87.02285714285713
Plateau,2021,36,36.5,23.87857142857143,86.58428571428571
Plateau,2021,37,137.45000000000002,24.187142857142856,87.32571428571428
Plateau,2021,38,58.63,23.681428571428572,87.65857142857143
Plateau,2021,39,18.43,24.437142857142856,86.50857142857141
Plateau,2021,40,19.55,24.985714285714288,83.35571428571428
Plateau,2021,41,18.97,24.728571428571428,84.51428571428572
Plateau,2021,42,21.66,24.225714285714286,86.56857142857143
Plateau,2021,43,19.5,24.68857142857143,76.34142857142857
Plateau,2021,44,13.57,24.875714285714285,72.68571428571428
Plateau,2021,45,18.97,24.76142857142857,67.16428571428571
Plateau,2021,46,7.86,24.104285714285712,60.294285714285714
Plateau,2021,47,0.5,23.631428571428568,54.75857142857143
Plateau,2021,48,3.16,23.59,46.92142857142857
Plateau,2021,49,0.0,24.110000000000003,42.61857142857143
Plateau,2021,50,0.0,22.90142857142857,38.54
Plateau,2021,51,10.6,23.027142857142856,36.48571428571428
Plateau,2021,52,0.04,23.650000000000002,35.95285714285714
Plateau,2022,1,0.1,24.042857142857144,38.924285714285716
Plateau,2022,2,0.09999999999999999,25.824285714285715,35.47571428571428
Plateau,2022,3,0.0,22.377142857142854,27.512857142857143
Plateau,2022,4,0.72,23.184285714285714,23.577142857142857
Plateau,2022,5,0.0,23.214285714285715,19.844285714285714
Plateau,2022,6,0.0,26.12142857142857,17.958571428571428
Plateau,2022,7,0.01,27.554285714285715,19.615714285714287
Plateau,2022,8,0.0,27.54714285714286,16.487142857142857
Plateau,2022,9,2.99,29.267142857142858,39.027142857142856
Plateau,2022,10,2.22,29.602857142857143,47.441428571428574
Plateau,2022,11,0.0,28.635714285714283,19.452857142857145
Plateau,2022,12,5.08,29.638571428571428,39.978571428571435
Plateau,2022,13,6.66,29.222857142857144,29.46142857142857
Plateau,2022,14,13.860000000000001,28.48,65.74571428571429
Plateau,2022,15,22.23,27.004285714285714,68.9
Plateau,2022,16,52.1,27.19142857142857,71.57714285714285
Plateau,2022,17,159.72,25.381428571428568,82.78857142857143
Plateau,2022,18,41.57,25.50857142857143,83.33142857142856
Plateau,2022,19,77.75,25.72714285714286,85.12
Plateau,2022,20,111.93,25.358571428571427,83.0657142857143
Plateau,2022,21,153.89,24.169999999999998,87.91
Plateau,2022,22,38.71,24.485714285714288,88.03999999999999
Plateau,2022,23,99.85000000000001,24.11285714285714,87.0657142857143
Plateau,2022,24,18.89,23.927142857142858,87.78285714285714
Plateau,2022,25,110.81,23.875714285714285,88.83428571428571
Plateau,2022,26,23.98,23.7,88.70142857142856
Plateau,2022,27,13.1,24.034285714285716,88.08
Plateau,2022,28,13.02,23.641428571428573,89.92142857142858
Plateau,2022,29,9.05,23.385714285714283,87.82285714285715
Plateau,2022,30,89.04,23.092857142857145,89.98571428571428
Plateau,2022,31,25.94,23.292857142857144,88.45
Plateau,2022,32,28.479999999999997,23.33857142857143,89.53142857142858
Plateau,2022,33,23.64,22.689999999999998,88.79142857142857
Plateau,2022,34,75.21000000000001,22.669999999999998,90.28142857142858
Plateau,2022,35,36.66,23.222857142857144,86.64571428571428
Plateau,2022,36,23.64,23.184285714285714,89.25714285714285
Plateau,2022,37,31.48,23.431428571428572,88.84142857142857
Plateau,2022,38,23.1,23.745714285714286,86.5657142857143
Plateau,2022,39,38.54,23.555714285714284,86.43571428571428
Plateau,2022,40,60.93000000000001,23.407142857142855,87.59571428571428
Plateau,2022,41,41.949999999999996,23.832857142857144,84.56285714285715
Plateau,2022,42,1.25,24.11285714285714,76.73285714285714
Plateau,2022,43,0.31,23.48857142857143,72.03
Plateau,2022,44,0.04,23.15285714285714,63.614285714285714
Plateau,2022,45,0.01,24.57857142857143,58.81
Plateau,2022,46,0.0,23.812857142857144,50.56142857142857
Plateau,2022,47,0.0,23.86285714285714,41.93
Plateau,2022,48,0.0,24.768571428571427,45.82714285714285
Plateau,2022,49,0.0,24.147142857142857,34.44714285714286
Plateau,2022,50,0.0,24.345714285714283,33.29
Plateau,2022,51,0.0,22.447142857142858,30.931428571428572
Plateau,2022,52,0.0,22.777142857142856,28.417142857142856
Plateau,2023,1,0.0,24.39428571428571,29.004285714285714
Plateau,2023,2,0.0,23.965714285714284,24.181428571428572
Plateau,2023,3,0.0,26.07,24.65857142857143
Plateau,2023,4,0.0,27.67142857142857,32.07285714285714
Plateau,2023,5,0.02,28.610000000000003,26.164285714285715
Plateau,2023,6,0.0,27.787142857142857,15.714285714285714
Plateau,2023,7,0.0,25.587142857142858,18.201428571428572
Plateau,2023,8,0.0,28.737142857142857,17.534285714285716
Plateau,2023,9,6.24,29.54,41.815714285714286
Plateau,2023,10,1.56,28.25142857142857,49.17857142857143
Plateau,2023,11,1.12,28.237142857142857,38.784285714285716
Plateau,2023,12,3.2700000000000005,28.04714285714286,54.73428571428571
Plateau,2023,13,0.05,29.122857142857146,27.764285714285712
Plateau,2023,14,1.24,29.361428571428572,48.00571428571429
Plateau,2023,15,1.58,29.744285714285716,46.80285714285714
Plateau,2023,16,9.09,29.81714285714286,55.81142857142857
Plateau,2023,17,14.6,27.927142857142858,63.94714285714286
Plateau,2023,18,7.220000000000001,27.99285714285714,63.42285714285715
Plateau,2023,19,12.83,28.71857142857143,62.69
Plateau,2023,20,35.9,27.599999999999998,73.63571428571429
Plateau,2023,21,9.34,28.34142857142857,69.25571428571429
Plateau,2023,22,12.55,27.602857142857143,69.78
Plateau,2023,23,49.31,25.518571428571427,80.40428571428572
Plateau,2023,24,20.82,25.93285714285714,75.49428571428572
Plateau,2023,25,23.73,25.044285714285714,79.99857142857142
Plateau,2023,26,15.620000000000001,26.212857142857143,73.94571428571429
Plateau,2023,27,18.13,25.928571428571427,74.92142857142856
Plateau,2023,28,21.810000000000002,26.627142857142854,72.18428571428572
Plateau,2023,29,9.01,26.062857142857144,76.90142857142857
Plateau,2023,30,10.02,26.46142857142857,73.66285714285713
Plateau,2023,31,11.370000000000001,25.814285714285713,76.29142857142857
Plateau,2023,32,28.36,25.177142857142858,77.71428571428571
Plateau,2023,33,26.21,25.821428571428573,75.72714285714287
Plateau,2023,34,40.74,25.664285714285715,78.02714285714286
Plateau,2023,35,15.889999999999999,24.867142857142856,80.4557142857143
Plateau,2023,36,38.370000000000005,25.44142857142857,78.81714285714285
Plateau,2023,37,21.990000000000002,24.91,83.8
Plateau,2023,38,8.79,26.21857142857143,74.97857142857143
Plateau,2023,39,12.870000000000001,26.43285714285714,74.86142857142856
Plateau,2023,40,16.71,26.755714285714284,71.84
Plateau,2023,41,47.84,26.244285714285716,75.90285714285713
Plateau,2023,42,36.11,26.25857142857143,74.94857142857143
Plateau,2023,43,0.1,27.374285714285715,63.83428571428572
Plateau,2023,44,8.56,27.215714285714284,67.39142857142858
Plateau,2023,45,0.23,27.59,56.46714285714285
Plateau,2023,46,0.12,26.737142857142857,45.92285714285714
Plateau,2023,47,2.34,26.75857142857143,49.56142857142857
Plateau,2023,48,0.0,27.38,36.57857142857143
Plateau,2023,49,0.0,26.837142857142855,27.625714285714285
Plateau,2023,50,0.0,25.47,24.448571428571427
Plateau,2023,51,0.0,27.275714285714287,20.638571428571428
Plateau,2023,52,0.0,26.22142857142857,19.005714285714284
Plateau,2024,1,0.0,27.564285714285713,17.045714285714286
Plateau,2024,2,0.0,26.134285714285713,10.305714285714286
Plateau,2024,3,0.0,25.25,10.481428571428571
Plateau,2024,4,0.0,25.554285714285715,14.538571428571428
Plateau,2024,5,0.0,26.919999999999998,15.29857142857143
Plateau,2024,6,0.0,26.96,15.86
Plateau,2024,7,0.0,29.27285714285714,12.831428571428571
Plateau,2024,8,0.13999999999999999,30.255714285714284,21.051428571428573
Plateau,2024,9,0.0,31.891428571428573,28.641428571428573
Plateau,2024,10,0.01,31.212857142857143,45.38428571428572
Plateau,2024,11,22.33,30.935714285714287,52.43571428571429
Plateau,2024,12,0.0,29.73,23.131428571428575
Plateau,2024,13,0.03,31.70285714285714,34.464285714285715
Plateau,2024,14,0.8699999999999999,31.052857142857142,52.21
Plateau,2024,15,4.53,30.439999999999998,45.934285714285714
Plateau,2024,16,1.21,31.177142857142858,50.44285714285714
Plateau,2024,17,41.86,30.351428571428574,60.69285714285714
Plateau,2024,18,71.74,27.505714285714284,78.40857142857143
Plateau,2024,19,18.810000000000002,27.315714285714286,77.45142857142856
Plateau,2024,20,3.7600000000000002,27.87857142857143,72.87428571428572
Plateau,2024,21,25.39,27.405714285714286,75.2242857142857
Plateau,2024,22,6.16,27.892857142857142,71.85714285714286
Plateau,2024,23,13.31,27.177142857142858,75.45857142857143
Plateau,2024,24,10.32,26.648571428571426,74.00571428571428
Plateau,2024,25,33.08,26.822857142857142,74.07285714285715
Plateau,2024,26,17.34,25.919999999999998,78.37285714285714
Plateau,2024,27,15.15,25.97142857142857,77.08428571428571
Plateau,2024,28,11.81,25.825714285714287,76.25714285714285
Plateau,2024,29,263.98,24.195714285714285,88.78142857142858
Plateau,2024,30,114.89999999999999,23.554285714285715,91.14999999999999
Plateau,2024,31,54.06,23.7,90.57428571428571
Plateau,2024,32,6.83,23.68142857142857,90.39285714285714
Plateau,2024,33,18.669999999999998,23.435714285714287,89.26285714285714
Plateau,2024,34,24.450000000000003,23.445714285714285,90.28857142857143
Plateau,2024,35,32.42,23.49142857142857,90.51428571428572
Plateau,2024,36,39.75,23.692857142857143,88.81285714285715
Plateau,2024,37,12.7,24.715714285714284,85.70714285714287
Plateau,2024,38,29.799999999999997,24.34142857142857,85.57857142857142
Plateau,2024,39,17.32,24.125714285714285,85.03428571428572
Plateau,2024,40,44.99,24.292857142857144,85.83285714285714
Plateau,2024,41,11.79,24.478571428571428,84.16999999999999
Plateau,2024,42,9.799999999999999,24.164285714285715,84.78999999999999
Plateau,2024,43,2.2,24.91714285714286,73.16857142857143
Plateau,2024,44,0.0,24.69857142857143,55.332857142857144
Plateau,2024,45,0.0,25.045714285714286,49.61714285714286
Plateau,2024,46,0.0,25.360000000000003,41.34285714285714
Plateau,2024,47,0.0,24.859999999999996,36.261428571428574
Plateau,2024,48,0.0,23.601428571428574,33.77428571428572
Plateau,2024,49,0.0,24.145714285714288,33.03857142857142
Plateau,2024,50,0.0,25.41714285714286,29.43142857142857
Plateau,2024,51,0.0,22.851428571428574,27.484285714285715
Plateau,2024,52,0.0,25.454285714285714,24.78857142857143
Plateau,2025,1,0.0,26.96,21.93857142857143
Plateau,2025,2,0.0,25.525714285714287,21.174285714285713
Plateau,2025,3,0.0,28.12,23.28142857142857
Plateau,2025,4,0.0,28.33142857142857,21.285714285714285
Plateau,2025,5,0.0,26.785714285714285,14.881428571428572
Plateau,2025,6,0.0,29.104285714285712,15.777142857142858
Plateau,2025,7,0.0,28.642857142857142,13.265714285714285
Plateau,2025,8,0.01,29.92142857142857,21.66857142857143
Plateau,2025,9,0.03,30.095714285714287,21.75714285714286
Plateau,2025,10,0.0,31.944285714285712,15.377142857142857
Plateau,2025,11,0.0,31.458571428571428,23.872857142857146
Plateau,2025,12,0.06,31.04714285714286,27.73857142857143
Plateau,2025,13,0.39,32.19857142857143,28.352857142857143
Plateau,2025,14,2.61,31.80857142857143,34.754285714285714
Plateau,2025,15,3.6199999999999997,30.714285714285715,42.76428571428572
Plateau,2025,16,0.12000000000000001,32.142857142857146,39.55428571428571
Plateau,2025,17,5.76,31.631428571428575,48.51714285714286
Plateau,2025,18,9.450000000000001,29.085714285714285,59.21857142857143
Plateau,2025,19,0.6900000000000001,31.97142857142857,42.83571428571429
Plateau,2025,20,5.51,30.06714285714286,54.01714285714286
Plateau,2025,21,5.24,30.362857142857145,56.19428571428572
Plateau,2025,22,35.83,28.521428571428572,65.85000000000001
Plateau,2025,23,36.55,26.404285714285713,75.0
Plateau,2025,24,28.36,27.124285714285715,70.23857142857142
Plateau,2025,25,26.72,26.47714285714286,73.28
Plateau,2025,26,36.01,25.852857142857143,78.10714285714286
Plateau,2025,27,42.58,24.642857142857142,82.39999999999999
Plateau,2025,28,29.5,24.14428571428571,83.82571428571428
Plateau,2025,29,27.880000000000003,24.881428571428575,79.55999999999999
Plateau,2025,30,49.51,23.904285714285717,87.26571428571428
Plateau,2025,31,35.67,24.06714285714286,86.55857142857143
Plateau,2025,32,29.5,23.752857142857142,86.02
Plateau,2025,33,40.65,23.125714285714285,88.1842857142857
Plateau,2025,34,31.86,23.744285714285716,86.13285714285715
Plateau,2025,35,25.2,23.068571428571428,88.93857142857144
Plateau,2025,36,28.77,23.97714285714286,86.40285714285713
Plateau,2025,37,17.06,24.080000000000002,85.55285714285715
Plateau,2025,38,46.220000000000006,24.75714285714286,82.58142857142857
Plateau,2025,39,28.47,24.15857142857143,83.03714285714285
Plateau,2025,40,57.739999999999995,24.15142857142857,83.20714285714287
Plateau,2025,41,12.350000000000001,24.284285714285716,82.0942857142857
Plateau,2025,42,2.17,25.107142857142858,72.08714285714287
Plateau,2025,43,0.05,26.517142857142858,65.89
Plateau,2025,44,0.02,26.562857142857144,53.12714285714286
Plateau,2025,45,2.55,27.205714285714286,48.47714285714285
Plateau,2025,46,0.0,26.462857142857143,39.82857142857143
Plateau,2025,47,0.0,26.52857142857143,34.79857142857143
Plateau,2025,48,0.0,27.47,32.11571428571428
Plateau,2025,49,0.0,28.104285714285712,33.167142857142856
Plateau,2025,50,0.0,27.669999999999998,28.740000000000002
Plateau,2025,51,0.0,27.150000000000002,22.15285714285714
Plateau,2025,52,0.0,28.06857142857143,20.62
Plateau,2026,1,0.0,28.55333333333333,18.766666666666666
Rivers,2020,53,0.56,26.689999999999998,89.92
Rivers,2021,1,63.209999999999994,26.667142857142856,88.94714285714285
Rivers,2021,2,1.34,27.025714285714287,84.24142857142859
Rivers,2021,3,0.02,25.875714285714285,76.22714285714287
Rivers,2021,4,5.92,26.525714285714287,85.56857142857143
Rivers,2021,5,0.95,26.884285714285713,85.00142857142858
Rivers,2021,6,15.65,27.624285714285715,85.85714285714286
Rivers,2021,7,0.48,25.74285714285714,74.5
Rivers,2021,8,6.03,26.76142857142857,86.36
Rivers,2021,9,3.74,27.444285714285716,87.12
Rivers,2021,10,60.65,26.608571428571427,89.94714285714285
Rivers,2021,11,13.91,26.009999999999998,87.81857142857143
Rivers,2021,12,28.61,26.27285714285714,87.98428571428572
Rivers,2021,13,1.03,27.382857142857144,86.39142857142858
Rivers,2021,14,111.51,26.68285714285714,90.93142857142857
Rivers,2021,15,167.56,26.62142857142857,88.16285714285713
Rivers,2021,16,38.89,26.835714285714285,89.50571428571428
Rivers,2021,17,57.37,26.93,89.71000000000001
Rivers,2021,18,43.050000000000004,26.017142857142858,89.51142857142857
Rivers,2021,19,43.54,26.84,89.10142857142857
Rivers,2021,20,63.92,26.724285714285713,88.95142857142856
Rivers,2021,21,70.07,26.892857142857142,90.95285714285714
Rivers,2021,22,119.81,26.23857142857143,90.19571428571429
Rivers,2021,23,62.13,26.698571428571427,88.30142857142857
Rivers,2021,24,167.95,25.82,91.58142857142857
Rivers,2021,25,52.43,25.3,92.31857142857143
Rivers,2021,26,57.64,25.40142857142857,90.0657142857143
Rivers,2021,27,103.39999999999999,25.047142857142855,91.26285714285714
Rivers,2021,28,129.89,25.104285714285712,91.54285714285713
Rivers,2021,29,12.129999999999999,25.132857142857144,89.57285714285715
Rivers,2021,30,16.75,24.907142857142855,87.82142857142857
Rivers,2021,31,74.99,24.84,92.14428571428572
Rivers,2021,32,156.31,25.292857142857144,90.09285714285714
Rivers,2021,33,197.70000000000002,24.842857142857145,91.87714285714286
Rivers,2021,34,73.92,25.391428571428573,91.84285714285714
Rivers,2021,35,167.26,25.077142857142857,92.36428571428571
Rivers,2021,36,46.82,25.64428571428571,91.59
Rivers,2021,37,38.79,25.587142857142858,89.55571428571429
Rivers,2021,38,80.92999999999999,25.301428571428573,90.52857142857144
Rivers,2021,39,51.17,25.650000000000002,90.66142857142857
Rivers,2021,40,148.0,26.252857142857145,90.01571428571428
Rivers,2021,41,44.65,26.021428571428572,90.20714285714284
Rivers,2021,42,42.36,25.759999999999998,89.50142857142858
Rivers,2021,43,57.34,26.041428571428572,89.31428571428572
Rivers,2021,44,55.75,25.687142857142856,91.41428571428571
Rivers,2021,45,117.84,26.07857142857143,90.56857142857143
Rivers,2021,46,199.45000000000002,25.884285714285713,90.14285714285714
Rivers,2021,47,80.84,26.56142857142857,89.2942857142857
Rivers,2021,48,13.43,26.504285714285714,88.18857142857142
Rivers,2021,49,1.32,26.118571428571425,81.86
Rivers,2021,50,4.19,25.29714285714286,79.41714285714286
Rivers,2021,51,101.81,25.009999999999998,81.19142857142857
Rivers,2021,52,19.76,25.771428571428572,81.29285714285713
Rivers,2022,1,87.69,25.17142857142857,81.92
Rivers,2022,2,22.59,26.407142857142855,88.72857142857143
Rivers,2022,3,65.5,24.082857142857144,77.91857142857144
Rivers,2022,4,12.57,23.178571428571427,74.33000000000001
Rivers,2022,5,0.38,23.93,71.35
Rivers,2022,6,1.46,25.57857142857143,77.53
Rivers,2022,7,0.7999999999999999,27.095714285714283,84.80285714285715
Rivers,2022,8,0.8200000000000001,27.240000000000002,84.22285714285714
Rivers,2022,9,16.64,26.509999999999998,89.64714285714285
Rivers,2022,10,34.65,26.821428571428573,89.12285714285714
Rivers,2022,11,3.57,27.085714285714285,88.70714285714287
Rivers,2022,12,9.3,27.364285714285717,88.23285714285714
Rivers,2022,13,14.01,27.228571428571428,87.39714285714285
Rivers,2022,14,102.75,26.825714285714287,87.99142857142859
Rivers,2022,15,15.829999999999998,26.52285714285714,88.50714285714285
Rivers,2022,16,39.89,26.502857142857145,89.50857142857144
Rivers,2022,17,71.28,26.357142857142858,88.88714285714286
Rivers,2022,18,40.730000000000004,26.564285714285713,89.33857142857143
Rivers,2022,19,26.53,26.830000000000002,89.96285714285715
Rivers,2022,20,74.88,26.60571428571429,89.69571428571429
Rivers,2022,21,62.6,25.882857142857144,88.81428571428572
Rivers,2022,22,96.28,25.947142857142858,91.32571428571428
Rivers,2022,23,123.62,25.74857142857143,90.72285714285714
Rivers,2022,24,34.8,25.35571428571429,91.55857142857143
Rivers,2022,25,28.38,25.062857142857144,92.03571428571429
Rivers,2022,26,30.919999999999998,25.40142857142857,91.30857142857143
Rivers,2022,27,101.03,25.09857142857143,92.68571428571428
Rivers,2022,28,16.87,25.009999999999998,89.78285714285714
Rivers,2022,29,61.03,24.937142857142856,88.33714285714287
Rivers,2022,30,67.71,24.825714285714287,91.98
Rivers,2022,31,13.37,24.777142857142856,88.31285714285715
Rivers,2022,32,189.19,24.815714285714286,92.42142857142858
Rivers,2022,33,7.1,24.91142857142857,89.35142857142857
Rivers,2022,34,68.12,24.83285714285714,90.07285714285715
Rivers,2022,35,40.269999999999996,25.419999999999998,89.17142857142858
Rivers,2022,36,75.5,25.479999999999997,89.60857142857142
Rivers,2022,37,71.14,25.391428571428573,90.23285714285714
Rivers,2022,38,99.05,25.212857142857143,91.83
Rivers,2022,39,79.78999999999999,24.714285714285715,91.67285714285715
Rivers,2022,40,58.2,25.505714285714284,89.33571428571429
Rivers,2022,41,61.15,25.962857142857143,88.41142857142857
Rivers,2022,42,15.77,26.22714285714286,89.37285714285714
Rivers,2022,43,17.330000000000002,26.51571428571429,86.95857142857143
Rivers,2022,44,102.44,26.55857142857143,88.01714285714286
Rivers,2022,45,13.26,26.745714285714286,86.0942857142857
Rivers,2022,46,9.09,26.31142857142857,86.26428571428572
Rivers,2022,47,1.35,26.604285714285716,83.34
Rivers,2022,48,3.87,26.66142857142857,84.09285714285714
Rivers,2022,49,0.6699999999999999,25.927142857142858,85.76285714285714
Rivers,2022,50,51.519999999999996,26.01142857142857,87.50142857142858
Rivers,2022,51,0.030000000000000002,24.48428571428571,73.14857142857143
Rivers,2022,52,0.0,25.49142857142857,70.86571428571429
Rivers,2023,1,3.2299999999999995,25.237142857142857,77.34285714285714
Rivers,2023,2,0.08,24.57,74.42285714285715
Rivers,2023,3,1.4900000000000002,26.01571428571429,80.41857142857144
Rivers,2023,4,6.49,26.335714285714285,88.40142857142858
Rivers,2023,5,1.46,26.298571428571428,88.79857142857144
Rivers,2023,6,3.22,27.400000000000002,83.46000000000001
Rivers,2023,7,0.0,24.92571428571429,70.32142857142857
Rivers,2023,8,29.94,26.504285714285714,83.51428571428572
Rivers,2023,9,25.56,26.75142857142857,89.24714285714286
Rivers,2023,10,57.05,26.535714285714285,89.49285714285715
Rivers,2023,11,66.47,26.314285714285713,87.79857142857144
Rivers,2023,12,47.74,26.35571428571429,85.87
Rivers,2023,13,14.02,26.835714285714285,86.17
Rivers,2023,14,80.61,26.66142857142857,89.89999999999999
Rivers,2023,15,20.38,27.00857142857143,88.87428571428572
Rivers,2023,16,41.11,27.07,88.90285714285714
Rivers,2023,17,20.88,26.50857142857143,89.14857142857143
Rivers,2023,18,19.4,26.664285714285715,86.91428571428571
Rivers,2023,19,29.68,27.43285714285714,87.88571428571429
Rivers,2023,20,93.64,27.10571428571429,90.60285714285715
Rivers,2023,21,40.04,26.972857142857144,90.80571428571429
Rivers,2023,22,28.5,26.445714285714285,91.10857142857142
Rivers,2023,23,83.66,25.725714285714282,91.86
Rivers,2023,24,66.97,25.93,89.80857142857143
Rivers,2023,25,92.19,25.38,91.37714285714286
Rivers,2023,26,117.81,25.24142857142857,92.82428571428571
Rivers,2023,27,76.21,25.655714285714286,91.29714285714286
Rivers,2023,28,32.29,26.072857142857142,90.63714285714286
Rivers,2023,29,54.91,25.657142857142855,93.51428571428572
Rivers,2023,30,97.04,25.71857142857143,91.4342857142857
Rivers,2023,31,8.219999999999999,25.31142857142857,90.69428571428571
Rivers,2023,32,29.509999999999998,25.57,90.5642857142857
Rivers,2023,33,20.22,25.71,90.94285714285715
Rivers,2023,34,22.17,25.657142857142855,92.20142857142856
Rivers,2023,35,66.12,25.704285714285714,91.11428571428571
Rivers,2023,36,52.98,25.827142857142857,90.68714285714285
Rivers,2023,37,50.38,25.785714285714285,91.6842857142857
Rivers,2023,38,60.129999999999995,25.859999999999996,90.89857142857143
Rivers,2023,39,43.8,26.397142857142857,90.88285714285715
Rivers,2023,40,37.56,26.29,90.49571428571429
Rivers,2023,41,55.480000000000004,26.24857142857143,90.67142857142858
Rivers,2023,42,37.69,26.27285714285714,90.31142857142856
Rivers,2023,43,14.16,26.291428571428572,90.41
Rivers,2023,44,69.12,26.40142857142857,90.21571428571428
Rivers,2023,45,16.42,26.437142857142856,91.39285714285714
Rivers,2023,46,22.41,26.678571428571427,89.00571428571428
Rivers,2023,47,11.93,26.231428571428573,90.42428571428572
Rivers,2023,48,20.2,26.802857142857142,88.28999999999999
Rivers,2023,49,0.32,27.09142857142857,85.71857142857142
Rivers,2023,50,0.07,26.157142857142855,73.61
Rivers,2023,51,0.11,27.21142857142857,79.88285714285713
Rivers,2023,52,0.0,25.527142857142856,72.06571428571428
Rivers,2024,1,1.9100000000000001,27.695714285714285,83.34285714285714
Rivers,2024,2,2.62,27.754285714285714,82.19000000000001
Rivers,2024,3,0.0,25.245714285714286,68.39857142857143
Rivers,2024,4,12.67,26.16857142857143,71.39285714285714
Rivers,2024,5,0.0,25.91,73.61428571428571
Rivers,2024,6,0.0,26.198571428571427,75.41
Rivers,2024,7,0.06,28.58142857142857,82.85571428571428
Rivers,2024,8,7.45,27.72,84.52714285714285
Rivers,2024,9,2.77,27.611428571428572,87.12428571428572
Rivers,2024,10,3.83,27.678571428571427,87.43571428571428
Rivers,2024,11,2.12,28.442857142857143,85.40142857142857
Rivers,2024,12,22.84,28.205714285714286,85.41714285714285
Rivers,2024,13,15.37,27.99285714285714,88.12428571428572
Rivers,2024,14,10.719999999999999,27.84142857142857,86.73285714285714
Rivers,2024,15,32.120000000000005,27.63714285714286,86.84714285714287
Rivers,2024,16,10.8,27.75857142857143,88.14857142857143
Rivers,2024,17,39.51,28.071428571428573,88.17285714285715
Rivers,2024,18,108.23,27.554285714285715,90.53
Rivers,2024,19,5.86,27.90142857142857,88.05571428571429
Rivers,2024,20,118.55999999999999,27.287142857142857,89.71857142857142
Rivers,2024,21,45.559999999999995,26.90142857142857,88.92142857142858
Rivers,2024,22,48.18000000000001,27.25714285714286,89.9057142857143
Rivers,2024,23,27.759999999999998,26.502857142857145,90.79142857142857
Rivers,2024,24,64.36,26.604285714285712,89.32714285714285
Rivers,2024,25,173.59999999999997,26.785714285714285,88.82714285714285
Rivers,2024,26,70.83,25.875714285714285,90.78
Rivers,2024,27,81.33,25.56142857142857,92.25428571428571
Rivers,2024,28,43.49,25.312857142857144,91.72857142857143
Rivers,2024,29,79.61,25.405714285714286,91.39285714285714
Rivers,2024,30,23.48,25.81714285714286,88.61142857142856
Rivers,2024,31,34.04,25.327142857142857,88.93285714285715
Rivers,2024,32,9.83,25.625714285714285,88.09142857142857
Rivers,2024,33,21.94,25.29,90.86714285714285
Rivers,2024,34,73.08,25.389999999999997,91.16571428571429
Rivers,2024,35,29.86,25.678571428571427,89.7057142857143
Rivers,2024,36,48.49,25.812857142857144,89.05714285714285
Rivers,2024,37,97.10000000000001,25.827142857142857,91.63285714285713
Rivers,2024,38,105.33,26.064285714285713,90.22
Rivers,2024,39,47.92,26.014285714285712,88.98
Rivers,2024,40,83.08,25.988571428571426,90.32142857142857
Rivers,2024,41,39.3,25.859999999999996,90.21857142857142
Rivers,2024,42,25.82,26.16,88.64428571428572
Rivers,2024,43,46.42,26.624285714285715,89.62428571428572
Rivers,2024,44,69.75,27.09857142857143,85.65714285714286
Rivers,2024,45,5.6499999999999995,26.34714285714286,86.30714285714285
Rivers,2024,46,0.5700000000000001,27.43285714285714,84.32285714285715
Rivers,2024,47,1.4900000000000002,26.595714285714283,82.26285714285714
Rivers,2024,48,0.8200000000000001,26.14428571428571,77.43714285714286
Rivers,2024,49,0.06999999999999999,26.16857142857143,78.72142857142856
Rivers,2024,50,0.01,26.00714285714286,76.07714285714285
Rivers,2024,51,0.0,24.602857142857143,66.53714285714285
Rivers,2024,52,0.08,26.13,77.63571428571429
Rivers,2025,1,0.54,27.148571428571426,83.64
Rivers,2025,2,0.0,25.68,74.16857142857143
Rivers,2025,3,0.49999999999999994,26.472857142857144,83.32714285714285
Rivers,2025,4,0.2,26.424285714285713,86.55999999999999
Rivers,2025,5,0.25,27.02285714285714,82.07142857142857
Rivers,2025,6,0.23,27.617142857142856,84.91285714285713
Rivers,2025,7,0.07,27.72,81.24857142857142
Rivers,2025,8,26.54,27.307142857142857,85.64285714285714
Rivers,2025,9,17.490000000000002,27.708571428571428,84.01285714285714
Rivers,2025,10,18.81,28.22714285714286,83.90428571428572
Rivers,2025,11,20.8,27.78857142857143,86.81428571428572
Rivers,2025,12,17.68,27.11285714285714,87.42142857142858
Rivers,2025,13,2.38,27.78857142857143,85.59857142857143
Rivers,2025,14,21.240000000000002,27.462857142857143,87.47428571428573
Rivers,2025,15,70.72,27.237142857142857,89.17999999999999
Rivers,2025,16,14.209999999999999,27.46,88.87571428571428
Rivers,2025,17,24.43,27.207142857142856,88.84857142857143
Rivers,2025,18,20.49,26.424285714285713,90.45142857142856
Rivers,2025,19,28.439999999999998,27.004285714285714,87.46571428571428
Rivers,2025,20,20.61,26.97,88.89285714285714
Rivers,2025,21,16.52,26.761428571428574,88.99428571428572
Rivers,2025,22,76.05,26.678571428571427,89.70857142857143
Rivers,2025,23,202.89000000000001,26.617142857142856,88.23285714285714
Rivers,2025,24,35.2,26.68,89.20285714285714
Rivers,2025,25,57.86,26.099999999999998,88.60571428571428
Rivers,2025,26,106.12,26.062857142857144,90.4057142857143
Rivers,2025,27,224.09,25.34714285714286,91.22857142857143
Rivers,2025,28,63.01,24.99285714285714,91.41
Rivers,2025,29,41.29,25.385714285714283,88.86857142857141
Rivers,2025,30,126.03999999999999,24.759999999999998,92.01428571428572
Rivers,2025,31,28.89,25.122857142857146,90.41428571428571
Rivers,2025,32,148.60999999999999,24.755714285714284,91.30999999999999
Rivers,2025,33,20.46,24.818571428571428,89.18714285714285
Rivers,2025,34,14.01,25.174285714285713,89.03714285714285
Rivers,2025,35,12.299999999999999,24.974285714285713,88.84
Rivers,2025,36,15.649999999999999,25.24142857142857,89.72714285714287
Rivers,2025,37,91.56,25.43,89.98428571428572
Rivers,2025,38,82.26,25.537142857142857,89.95285714285714
Rivers,2025,39,20.25,25.292857142857144,91.15285714285714
Rivers,2025,40,53.17,25.234285714285715,91.28999999999999
Rivers,2025,41,29.25,25.73,88.70285714285716
Rivers,2025,42,74.31,25.69,89.78999999999999
Rivers,2025,43,16.89,25.994285714285716,90.01285714285714
Rivers,2025,44,88.17,26.264285714285712,90.00714285714285
Rivers,2025,45,70.11,26.13,89.2042857142857
Rivers,2025,46,29.21,26.62142857142857,87.57285714285715
Rivers,2025,47,2.47,26.994285714285716,85.4557142857143
Rivers,2025,48,4.92,27.448571428571427,85.22428571428573
Rivers,2025,49,48.93,26.779999999999998,89.19857142857143
Rivers,2025,50,13.73,26.465714285714284,87.70428571428572
Rivers,2025,51,1.8599999999999999,26.74285714285714,86.61142857142856
Rivers,2025,52,0.25,27.17142857142857,86.18714285714285
Rivers,2026,1,0.07,27.043333333333333,86.42666666666666
Sokoto,2020,53,0.0,24.709999999999997,41.06666666666667
Sokoto,2021,1,0.0,23.761428571428574,35.044285714285714
Sokoto,2021,2,0.0,21.124285714285715,29.692857142857143
Sokoto,2021,3,0.0,20.29,28.705714285714286
Sokoto,2021,4,0.0,22.557142857142857,24.728571428571428
Sokoto,2021,5,0.0,23.987142857142857,24.881428571428568
Sokoto,2021,6,0.0,23.975714285714282,19.024285714285718
Sokoto,2021,7,0.0,22.810000000000002,17.83857142857143
Sokoto,2021,8,0.0,24.798571428571428,18.678571428571427
Sokoto,2021,9,0.0,28.2,18.13714285714286
Sokoto,2021,10,0.06,30.571428571428573,28.214285714285715
Sokoto,2021,11,0.01,31.467142857142854,29.017142857142858
Sokoto,2021,12,0.03,30.254285714285714,23.31714285714286
Sokoto,2021,13,0.0,27.95,12.91
Sokoto,2021,14,0.0,32.878571428571426,18.658571428571427
Sokoto,2021,15,0.0,31.934285714285718,29.642857142857142
Sokoto,2021,16,0.6699999999999999,33.79714285714286,40.87571428571429
Sokoto,2021,17,0.0,33.47714285714286,26.555714285714288
Sokoto,2021,18,0.03,33.792857142857144,34.081428571428575
Sokoto,2021,19,3.8499999999999996,34.754285714285714,37.16142857142857
Sokoto,2021,20,1.48,33.91571428571429,44.74285714285714
Sokoto,2021,21,1.24,33.80714285714286,39.048571428571435
Sokoto,2021,22,15.56,32.60142857142857,49.01142857142857
Sokoto,2021,23,16.57,31.292857142857144,53.96142857142858
Sokoto,2021,24,19.150000000000002,31.12857142857143,55.52285714285715
Sokoto,2021,25,35.71,28.75714285714286,65.13285714285715
Sokoto,2021,26,22.25,29.292857142857144,60.114285714285714
Sokoto,2021,27,21.22,28.52857142857143,65.87571428571428
Sokoto,2021,28,99.12,27.93285714285714,72.11142857142856
Sokoto,2021,29,37.37,27.575714285714287,75.02142857142857
Sokoto,2021,30,90.46,25.62857142857143,84.2757142857143
Sokoto,2021,31,32.21,26.747142857142855,79.02142857142857
Sokoto,2021,32,70.52000000000001,26.05,83.66571428571429
Sokoto,2021,33,102.87,26.012857142857143,83.17142857142858
Sokoto,2021,34,85.63000000000001,26.3,83.23714285714286
Sokoto,2021,35,44.480000000000004,25.861428571428572,86.41142857142857
Sokoto,2021,36,457.43000000000006,26.020000000000003,85.81857142857143
Sokoto,2021,37,56.150000000000006,25.98,86.55
Sokoto,2021,38,9.42,26.782857142857143,81.11285714285714
Sokoto,2021,39,14.44,27.080000000000002,77.95714285714287
Sokoto,2021,40,0.5700000000000001,26.66714285714286,76.70142857142856
Sokoto,2021,41,4.33,25.697142857142858,66.20285714285714
Sokoto,2021,42,5.539999999999999,26.655714285714286,82.06714285714285
Sokoto,2021,43,0.03,24.39428571428571,72.70571428571428
Sokoto,2021,44,0.0,23.374285714285715,73.08142857142857
Sokoto,2021,45,0.0,24.43285714285714,60.99857142857143
Sokoto,2021,46,0.0,23.322857142857142,64.61571428571429
Sokoto,2021,47,0.0,21.942857142857143,62.94285714285714
Sokoto,2021,48,0.0,20.164285714285715,61.364285714285714
Sokoto,2021,49,0.0,20.217142857142857,54.30571428571428
Sokoto,2021,50,0.0,19.084285714285716,48.332857142857144
Sokoto,2021,51,0.0,18.617142857142856,45.96
Sokoto,2021,52,0.0,19.14428571428571,40.93142857142857
Sokoto,2022,1,0.14,21.28142857142857,46.771428571428565
Sokoto,2022,2,0.0,21.987142857142857,32.628571428571426
Sokoto,2022,3,0.0,17.83857142857143,32.31142857142857
Sokoto,2022,4,0.0,19.291428571428575,29.155714285714286
Sokoto,2022,5,0.0,19.117142857142856,26.02285714285714
Sokoto,2022,6,0.0,21.95,24.361428571428572
Sokoto,2022,7,0.0,25.235714285714288,25.141428571428573
Sokoto,2022,8,0.0,23.928571428571427,18.791428571428572
Sokoto,2022,9,0.0,28.677142857142858,26.692857142857143
Sokoto,2022,10,0.0,30.114285714285717,22.945714285714285
Sokoto,2022,11,0.0,28.91142857142857,19.90857142857143
Sokoto,2022,12,0.0,31.34142857142857,23.41
Sokoto,2022,13,0.0,30.12,22.14428571428571
Sokoto,2022,14,35.379999999999995,32.07857142857143,52.04714285714285
Sokoto,2022,15,1.18,32.44,44.33571428571429
Sokoto,2022,16,0.59,33.720000000000006,33.17857142857143
Sokoto,2022,17,0.0,32.808571428571426,37.26
Sokoto,2022,18,0.0,33.621428571428574,40.57
Sokoto,2022,19,6.82,33.111428571428576,48.207142857142856
Sokoto,2022,20,244.59000000000003,31.25714285714286,47.96714285714285
Sokoto,2022,21,14.46,29.59,58.83142857142857
Sokoto,2022,22,12.71,30.877142857142854,58.50142857142857
Sokoto,2022,23,53.53,29.215714285714284,65.0657142857143
Sokoto,2022,24,35.300000000000004,27.634285714285713,73.10428571428572
Sokoto,2022,25,73.35000000000001,28.084285714285716,72.48571428571428
Sokoto,2022,26,21.14,27.21142857142857,75.55571428571429
Sokoto,2022,27,21.76,27.795714285714286,71.81714285714285
Sokoto,2022,28,40.11,27.551428571428573,74.62571428571428
Sokoto,2022,29,51.169999999999995,26.851428571428567,76.85428571428572
Sokoto,2022,30,47.16,26.698571428571427,78.73142857142857
Sokoto,2022,31,56.38,26.05,83.57714285714285
Sokoto,2022,32,84.75,26.127142857142854,83.93571428571428
Sokoto,2022,33,53.72,25.291428571428572,86.1842857142857
Sokoto,2022,34,80.74,25.38,86.1842857142857
Sokoto,2022,35,56.290000000000006,25.735714285714288,85.22571428571429
Sokoto,2022,36,61.76,25.925714285714285,85.89
Sokoto,2022,37,56.49,26.40142857142857,83.64714285714285
Sokoto,2022,38,15.46,25.705714285714286,85.64571428571428
Sokoto,2022,39,17.6,25.698571428571427,86.14999999999999
Sokoto,2022,40,10.040000000000001,26.23428571428571,83.74428571428572
Sokoto,2022,41,3.98,26.104285714285712,77.43142857142857
Sokoto,2022,42,0.0,23.564285714285713,70.10857142857142
Sokoto,2022,43,0.0,23.194285714285716,70.69714285714285
Sokoto,2022,44,0.0,22.867142857142856,63.77428571428572
Sokoto,2022,45,0.0,23.692857142857143,57.769999999999996
Sokoto,2022,46,0.0,21.512857142857143,55.12
Sokoto,2022,47,0.0,20.472857142857144,47.49571428571429
Sokoto,2022,48,0.0,22.15285714285714,46.31142857142857
Sokoto,2022,49,0.0,21.169999999999998,41.51
Sokoto,2022,50,0.0,20.70285714285714,39.59285714285714
Sokoto,2022,51,0.0,19.844285714285714,38.48714285714285
Sokoto,2022,52,0.0,19.04,34.892857142857146
Sokoto,2023,1,0.0,20.465714285714284,36.565714285714286
Sokoto,2023,2,0.0,20.474285714285713,30.524285714285718
Sokoto,2023,3,0.0,22.42142857142857,31.23857142857143
Sokoto,2023,4,0.0,25.345714285714287,23.292857142857144
Sokoto,2023,5,0.0,26.16142857142857,22.83857142857143
Sokoto,2023,6,0.0,25.01142857142857,21.034285714285716
Sokoto,2023,7,0.0,22.82857142857143,19.884285714285713
Sokoto,2023,8,0.0,25.935714285714287,18.995714285714286
Sokoto,2023,9,0.0,30.232857142857142,18.735714285714288
Sokoto,2023,10,0.0,30.674285714285713,30.285714285714285
Sokoto,2023,11,0.0,28.42142857142857,16.262857142857143
Sokoto,2023,12,0.35,30.58857142857143,34.855714285714285
Sokoto,2023,13,0.0,29.954285714285714,15.104285714285714
Sokoto,2023,14,0.85,32.26428571428571,23.542857142857144
Sokoto,2023,15,0.01,32.50571428571429,24.458571428571428
Sokoto,2023,16,1.65,34.36714285714286,30.102857142857143
Sokoto,2023,17,5.6000000000000005,33.33,38.36714285714286
Sokoto,2023,18,0.0,34.45,34.042857142857144
Sokoto,2023,19,66.11,32.93,43.61714285714286
Sokoto,2023,20,9.14,33.61571428571428,46.23285714285714
Sokoto,2023,21,5.87,33.604285714285716,48.91571428571428
Sokoto,2023,22,16.39,31.955714285714286,55.237142857142864
Sokoto,2023,23,12.42,30.734285714285715,58.605714285714285
Sokoto,2023,24,35.08,29.804285714285715,64.05571428571429
Sokoto,2023,25,27.38,29.271428571428572,65.07428571428571
Sokoto,2023,26,6.25,30.947142857142858,55.037142857142854
Sokoto,2023,27,83.09,28.770000000000003,70.32142857142857
Sokoto,2023,28,38.13,28.31,71.66
Sokoto,2023,29,43.87,27.92285714285714,75.88
Sokoto,2023,30,37.53,28.3,73.82000000000001
Sokoto,2023,31,32.269999999999996,27.475714285714282,80.29714285714286
Sokoto,2023,32,70.67,26.487142857142857,82.76142857142858
Sokoto,2023,33,32.980000000000004,27.801428571428573,75.86857142857141
Sokoto,2023,34,18.87,27.792857142857144,76.98142857142857
Sokoto,2023,35,61.949999999999996,27.00714285714286,79.76857142857143
Sokoto,2023,36,83.83,27.275714285714287,79.60857142857142
Sokoto,2023,37,62.15,26.812857142857144,85.2757142857143
Sokoto,2023,38,4.7,27.68,78.01142857142858
Sokoto,2023,39,9.69,27.512857142857143,78.70857142857143
Sokoto,2023,40,16.79,26.985714285714288,74.66571428571429
Sokoto,2023,41,0.0,27.35571428571429,62.895714285714284
Sokoto,2023,42,4.66,26.228571428571428,62.621428571428574
Sokoto,2023,43,0.0,26.274285714285718,42.03285714285715
Sokoto,2023,44,0.0,26.928571428571427,44.41428571428571
Sokoto,2023,45,0.0,26.455714285714286,38.191428571428574
Sokoto,2023,46,0.0,26.055714285714284,35.16857142857143
Sokoto,2023,47,1.5,26.689999999999998,47.95142857142857
Sokoto,2023,48,0.0,26.705714285714286,34.95857142857143
Sokoto,2023,49,0.0,23.617142857142856,23.48
Sokoto,2023,50,0.0,21.162857142857142,27.554285714285715
Sokoto,2023,51,0.0,23.122857142857146,25.580000000000002
Sokoto,2023,52,0.0,21.13714285714286,23.93857142857143
Sokoto,2024,1,0.0,23.487142857142857,20.305714285714284
Sokoto,2024,2,0.0,22.72142857142857,16.027142857142856
Sokoto,2024,3,0.0,21.377142857142854,16.702857142857145
Sokoto,2024,4,0.0,21.852857142857143,20.664285714285715
Sokoto,2024,5,0.0,23.957142857142856,18.792857142857144
Sokoto,2024,6,0.0,23.90857142857143,16.205714285714286
Sokoto,2024,7,0.0,26.062857142857144,15.228571428571428
Sokoto,2024,8,0.0,28.310000000000002,18.84857142857143
Sokoto,2024,9,0.0,30.7,14.430000000000001
Sokoto,2024,10,0.0,32.59428571428571,14.94
Sokoto,2024,11,7.890000000000001,33.098571428571425,24.032857142857146
Sokoto,2024,12,0.0,30.24857142857143,13.555714285714286
Sokoto,2024,13,0.0,32.354285714285716,15.017142857142858
Sokoto,2024,14,18.81,34.39,30.90857142857143
Sokoto,2024,15,0.92,33.574285714285715,34.0
Sokoto,2024,16,0.47000000000000003,34.534285714285716,22.93857142857143
Sokoto,2024,17,12.23,34.57,46.387142857142855
Sokoto,2024,18,0.030000000000000002,35.424285714285716,37.894285714285715
Sokoto,2024,19,17.25,33.910000000000004,48.957142857142856
Sokoto,2024,20,0.05,34.52,39.308571428571426
Sokoto,2024,21,1.51,35.38142857142857,41.105714285714285
Sokoto,2024,22,17.58,33.36857142857143,51.832857142857144
Sokoto,2024,23,66.49000000000001,29.39428571428571,71.11
Sokoto,2024,24,26.61,29.557142857142857,66.89
Sokoto,2024,25,0.43,31.19,57.91428571428571
Sokoto,2024,26,56.2,29.794285714285714,67.17714285714285
Sokoto,2024,27,62.81999999999999,28.225714285714282,73.71571428571428
Sokoto,2024,28,322.61,27.732857142857142,77.58714285714287
Sokoto,2024,29,65.46000000000001,26.74857142857143,84.36
Sokoto,2024,30,37.36,27.034285714285716,81.72857142857143
Sokoto,2024,31,127.79,26.352857142857143,84.48571428571428
Sokoto,2024,32,46.93,26.087142857142858,89.02428571428572
Sokoto,2024,33,64.67,25.63714285714286,89.00285714285714
Sokoto,2024,34,56.9,26.407142857142855,87.2242857142857
Sokoto,2024,35,109.19,25.57857142857143,90.58571428571429
Sokoto,2024,36,89.33,25.967142857142854,88.20142857142856
Sokoto,2024,37,65.71,27.174285714285713,83.78142857142858
Sokoto,2024,38,57.65,26.807142857142857,82.64857142857143
Sokoto,2024,39,24.34,27.135714285714283,81.38428571428572
Sokoto,2024,40,14.489999999999998,26.66,83.09571428571428
Sokoto,2024,41,0.72,27.552857142857142,75.60285714285715
Sokoto,2024,42,0.54,26.65857142857143,73.74857142857142
Sokoto,2024,43,30.85,24.15857142857143,77.66428571428571
Sokoto,2024,44,0.0,20.58142857142857,73.50428571428571
Sokoto,2024,45,0.0,19.951428571428572,73.2942857142857
Sokoto,2024,46,0.0,20.627142857142854,67.91285714285713
Sokoto,2024,47,0.0,18.55,62.855714285714285
Sokoto,2024,48,0.0,17.88285714285714,61.11857142857143
Sokoto,2024,49,0.0,17.888571428571428,53.83142857142857
Sokoto,2024,50,0.0,20.297142857142855,52.19857142857143
Sokoto,2024,51,0.0,17.017142857142858,48.424285714285716
Sokoto,2024,52,0.0,18.354285714285712,43.90428571428571
Sokoto,2025,1,0.0,21.601428571428574,42.222857142857144
Sokoto,2025,2,0.0,20.304285714285715,38.07714285714285
Sokoto,2025,3,0.0,23.048571428571428,35.26714285714286
Sokoto,2025,4,0.0,23.69142857142857,32.54714285714286
Sokoto,2025,5,0.0,22.48857142857143,28.94142857142857
Sokoto,2025,6,0.0,24.19142857142857,25.37857142857143
Sokoto,2025,7,0.0,24.942857142857143,20.988571428571426
Sokoto,2025,8,0.0,27.762857142857143,21.157142857142855
Sokoto,2025,9,0.0,28.03,21.611428571428572
Sokoto,2025,10,0.0,30.602857142857143,19.55857142857143
Sokoto,2025,11,0.0,32.13142857142857,21.554285714285715
Sokoto,2025,12,0.0,30.68857142857143,13.54142857142857
Sokoto,2025,13,0.0,31.890000000000004,15.379999999999999
Sokoto,2025,14,0.0,31.618571428571425,11.29857142857143
Sokoto,2025,15,0.0,33.59428571428571,18.251428571428573
Sokoto,2025,16,0.0,33.08428571428571,13.73
Sokoto,2025,17,0.0,34.42,17.737142857142857
Sokoto,2025,18,0.16,33.651428571428575,29.525714285714287
Sokoto,2025,19,0.0,33.93142857142857,17.972857142857144
Sokoto,2025,20,4.64,34.44571428571429,33.39857142857143
Sokoto,2025,21,0.28,35.04,34.04571428571428
Sokoto,2025,22,82.27,32.777142857142856,51.63428571428572
Sokoto,2025,23,10.5,32.08142857142857,50.300000000000004
Sokoto,2025,24,16.61,31.40857142857143,54.18857142857143
Sokoto,2025,25,3.62,32.26857142857143,49.01
Sokoto,2025,26,42.2,31.138571428571428,56.64857142857142
Sokoto,2025,27,63.95,28.28,69.17857142857143
Sokoto,2025,28,131.49,27.53,74.32285714285715
Sokoto,2025,29,9.25,28.264285714285712,69.91142857142857
Sokoto,2025,30,39.48,27.584285714285716,75.49571428571429
Sokoto,2025,31,104.9,26.81714285714286,80.36285714285714
Sokoto,2025,32,53.849999999999994,26.66,80.28428571428572
Sokoto,2025,33,84.02,25.83142857142857,85.51571428571428
Sokoto,2025,34,33.5,26.197142857142858,83.3157142857143
Sokoto,2025,35,140.05,26.009999999999998,83.54857142857144
Sokoto,2025,36,52.83,25.97,85.2942857142857
Sokoto,2025,37,37.49,26.518571428571427,81.83714285714287
Sokoto,2025,38,36.61,27.09857142857143,80.53857142857143
Sokoto,2025,39,45.34,26.385714285714283,84.22857142857143
Sokoto,2025,40,3.0,27.005714285714284,79.07428571428571
Sokoto,2025,41,6.38,26.904285714285717,76.3
Sokoto,2025,42,0.0,26.31714285714286,60.11857142857143
Sokoto,2025,43,0.0,25.405714285714286,50.43142857142857
Sokoto,2025,44,0.0,24.37142857142857,48.771428571428565
Sokoto,2025,45,0.0,25.174285714285713,43.42714285714286
Sokoto,2025,46,0.0,23.37714285714286,43.17
Sokoto,2025,47,0.0,23.139999999999997,40.620000000000005
Sokoto,2025,48,0.0,23.958571428571428,36.69571428571429
Sokoto,2025,49,0.0,24.574285714285715,34.660000000000004
Sokoto,2025,50,0.0,24.427142857142858,34.79142857142857
Sokoto,2025,51,0.0,23.172857142857143,31.12142857142857
Sokoto,2025,52,0.0,25.767142857142858,28.33142857142857
Sokoto,2026,1,0.0,26.063333333333333,26.5
Taraba,2020,53,0.0,28.316666666666666,35.63666666666666
Taraba,2021,1,0.0,27.44142857142857,28.415714285714284
Taraba,2021,2,0.0,25.240000000000002,27.17571428571429
Taraba,2021,3,0.0,25.34714285714286,27.34857142857143
Taraba,2021,4,0.0,27.154285714285717,26.957142857142856
Taraba,2021,5,0.0,27.944285714285716,24.80857142857143
Taraba,2021,6,0.0,27.414285714285715,19.189999999999998
Taraba,2021,7,0.0,26.731428571428573,17.525714285714283
Taraba,2021,8,0.01,28.685714285714287,20.948571428571427
Taraba,2021,9,0.0,30.80857142857143,17.96142857142857
Taraba,2021,10,6.539999999999999,30.208571428571428,45.464285714285715
Taraba,2021,11,0.0,29.287142857142857,58.42142857142857
Taraba,2021,12,4.18,29.865714285714287,46.89142857142857
Taraba,2021,13,0.0,29.995714285714286,17.992857142857144
Taraba,2021,14,5.88,31.79,43.651428571428575
Taraba,2021,15,6.4399999999999995,29.175714285714285,65.24428571428571
Taraba,2021,16,2.56,30.255714285714284,59.92142857142857
Taraba,2021,17,8.57,30.575714285714287,59.96142857142858
Taraba,2021,18,30.47,28.37,67.36285714285715
Taraba,2021,19,47.82,28.504285714285714,71.60857142857142
Taraba,2021,20,16.0,28.84,70.25428571428571
Taraba,2021,21,9.16,29.945714285714285,64.52571428571429
Taraba,2021,22,37.23,27.672857142857143,76.78571428571429
Taraba,2021,23,35.92,28.802857142857142,69.72428571428571
Taraba,2021,24,80.85,26.81142857142857,81.57285714285715
Taraba,2021,25,32.15,25.888571428571428,84.19857142857143
Taraba,2021,26,61.37,24.801428571428573,88.96857142857142
Taraba,2021,27,42.11,24.882857142857144,87.27142857142857
Taraba,2021,28,54.089999999999996,24.755714285714284,87.67999999999999
Taraba,2021,29,63.269999999999996,24.84142857142857,89.70142857142856
Taraba,2021,30,21.2,24.208571428571428,89.80857142857143
Taraba,2021,31,37.08,24.557142857142857,87.58142857142856
Taraba,2021,32,43.8,24.648571428571426,88.65714285714286
Taraba,2021,33,25.05,24.705714285714286,86.89
Taraba,2021,34,26.23,25.775714285714287,85.23857142857142
Taraba,2021,35,30.85,25.05,87.41428571428571
Taraba,2021,36,52.150000000000006,25.56714285714286,84.24571428571429
Taraba,2021,37,37.230000000000004,25.225714285714286,87.58285714285715
Taraba,2021,38,66.56,25.255714285714284,87.48
Taraba,2021,39,12.96,25.978571428571428,85.85714285714286
Taraba,2021,40,23.77,26.935714285714287,81.10285714285715
Taraba,2021,41,6.3100000000000005,26.761428571428574,82.08571428571429
Taraba,2021,42,12.219999999999999,25.990000000000002,84.12285714285714
Taraba,2021,43,10.24,26.98,72.87142857142858
Taraba,2021,44,17.03,27.155714285714286,70.71428571428571
Taraba,2021,45,4.65,26.922857142857143,59.40428571428571
Taraba,2021,46,6.24,26.25857142857143,58.16857142857143
Taraba,2021,47,1.9,25.80857142857143,54.135714285714286
Taraba,2021,48,0.11000000000000001,24.892857142857142,51.01142857142857
Taraba,2021,49,0.0,25.054285714285715,48.80714285714286
Taraba,2021,50,0.0,23.65285714285714,46.308571428571426
Taraba,2021,51,0.55,23.979999999999997,42.25285714285714
Taraba,2021,52,14.9,23.49142857142857,44.98142857142857
Taraba,2022,1,0.0,24.587142857142855,44.19142857142857
Taraba,2022,2,0.0,25.974285714285713,37.871428571428574
Taraba,2022,3,0.0,23.095714285714283,31.974285714285713
Taraba,2022,4,0.0,23.762857142857143,28.89428571428571
Taraba,2022,5,0.0,23.197142857142858,25.610000000000003
Taraba,2022,6,0.0,25.787142857142857,24.650000000000002
Taraba,2022,7,0.0,27.63714285714286,23.154285714285717
Taraba,2022,8,0.0,27.541428571428572,20.92571428571429
Taraba,2022,9,0.21,29.96857142857143,38.861428571428576
Taraba,2022,10,1.71,30.262857142857143,52.887142857142855
Taraba,2022,11,0.0,30.178571428571427,20.759999999999998
Taraba,2022,12,1.09,31.641428571428573,36.99
Taraba,2022,13,0.76,30.75,28.732857142857142
Taraba,2022,14,11.120000000000001,30.93285714285714,59.30142857142857
Taraba,2022,15,7.38,29.654285714285713,60.96857142857142
Taraba,2022,16,68.09,28.342857142857145,73.67142857142856
Taraba,2022,17,60.67,26.68285714285714,83.01285714285714
Taraba,2022,18,28.3,27.02857142857143,81.22571428571429
Taraba,2022,19,23.11,27.34,82.11285714285714
Taraba,2022,20,69.18,26.791428571428572,82.80857142857143
Taraba,2022,21,99.11999999999999,25.64428571428571,86.91285714285713
Taraba,2022,22,19.23,26.080000000000002,87.00714285714285
Taraba,2022,23,35.09,25.524285714285714,86.7057142857143
Taraba,2022,24,57.58,25.509999999999998,86.75285714285714
Taraba,2022,25,46.79,25.51571428571429,88.5657142857143
Taraba,2022,26,68.86999999999999,25.09714285714286,87.53
Taraba,2022,27,26.29,25.475714285714286,87.40428571428572
Taraba,2022,28,66.86,25.114285714285717,89.30714285714285
Taraba,2022,29,65.06,24.60571428571429,89.2
Taraba,2022,30,60.15,24.192857142857143,91.01714285714286
Taraba,2022,31,41.6,24.565714285714286,89.08285714285715
Taraba,2022,32,53.6,24.68,90.74857142857142
Taraba,2022,33,35.69,24.13714285714286,89.86571428571428
Taraba,2022,34,70.78999999999999,24.24142857142857,89.51428571428572
Taraba,2022,35,33.6,24.48428571428571,87.10714285714286
Taraba,2022,36,50.230000000000004,24.479999999999997,90.11571428571428
Taraba,2022,37,17.43,25.032857142857146,87.80999999999999
Taraba,2022,38,12.350000000000001,25.642857142857142,83.49428571428572
Taraba,2022,39,21.0,24.874285714285715,87.73571428571428
Taraba,2022,40,66.75,24.684285714285714,86.49142857142859
Taraba,2022,41,4.47,25.73,82.88571428571429
Taraba,2022,42,3.79,26.541428571428572,77.12142857142858
Taraba,2022,43,0.12000000000000001,25.665714285714284,73.01142857142857
Taraba,2022,44,0.0,25.134285714285713,67.54285714285714
Taraba,2022,45,0.0,25.641428571428573,63.11714285714286
Taraba,2022,46,0.0,24.571428571428573,59.528571428571425
Taraba,2022,47,0.0,23.972857142857144,53.42285714285714
Taraba,2022,48,0.0,24.92142857142857,53.21857142857142
Taraba,2022,49,0.0,23.958571428571428,46.85285714285715
Taraba,2022,50,0.0,24.52857142857143,43.614285714285714
Taraba,2022,51,0.0,21.78142857142857,45.191428571428574
Taraba,2022,52,0.0,21.73857142857143,43.92857142857143
Taraba,2023,1,0.0,23.73,44.12714285714286
Taraba,2023,2,0.0,22.707142857142856,38.60142857142857
Taraba,2023,3,0.0,24.92571428571429,37.27571428571429
Taraba,2023,4,0.0,27.448571428571427,39.12428571428571
Taraba,2023,5,0.0,28.638571428571428,34.83142857142857
Taraba,2023,6,0.0,26.851428571428574,25.24142857142857
Taraba,2023,7,0.0,25.572857142857142,24.951428571428572
Taraba,2023,8,0.0,28.255714285714284,25.408571428571427
Taraba,2023,9,1.8399999999999999,30.28,44.730000000000004
Taraba,2023,10,1.4600000000000002,29.81714285714286,51.88142857142857
Taraba,2023,11,0.02,29.565714285714286,35.12571428571429
Taraba,2023,12,2.9299999999999997,30.032857142857143,50.19
Taraba,2023,13,0.0,29.864285714285717,32.142857142857146
Taraba,2023,14,1.01,31.425714285714285,48.145714285714284
Taraba,2023,15,2.27,31.424285714285713,48.284285714285716
Taraba,2023,16,9.540000000000001,31.021428571428572,58.184285714285714
Taraba,2023,17,18.32,29.358571428571427,63.951428571428565
Taraba,2023,18,1.4,30.374285714285715,56.66571428571428
Taraba,2023,19,1.55,31.127142857142854,56.31428571428571
Taraba,2023,20,7.609999999999999,30.50142857142857,63.45857142857143
Taraba,2023,21,6.84,31.042857142857144,61.214285714285715
Taraba,2023,22,7.04,29.625714285714285,63.88857142857143
Taraba,2023,23,46.54,26.594285714285714,81.19428571428571
Taraba,2023,24,4.41,27.997142857142855,69.41
Taraba,2023,25,19.61,27.389999999999997,72.65857142857143
Taraba,2023,26,52.36,27.777142857142856,74.00857142857141
Taraba,2023,27,17.52,27.631428571428568,73.36714285714287
Taraba,2023,28,10.21,28.97142857142857,65.47857142857143
Taraba,2023,29,12.23,28.322857142857142,71.31857142857143
Taraba,2023,30,6.76,28.448571428571427,69.11
Taraba,2023,31,20.93,27.337142857142858,73.55571428571429
Taraba,2023,32,16.35,26.737142857142857,75.85285714285715
Taraba,2023,33,24.869999999999997,27.47142857142857,74.09714285714287
Taraba,2023,34,15.05,28.080000000000002,71.62285714285714
Taraba,2023,35,31.89,26.857142857142858,76.34
Taraba,2023,36,13.31,27.442857142857143,73.73285714285714
Taraba,2023,37,14.64,26.695714285714285,78.64428571428572
Taraba,2023,38,5.29,28.678571428571427,65.93714285714286
Taraba,2023,39,4.87,29.125714285714285,64.97857142857143
Taraba,2023,40,12.23,29.71,62.779999999999994
Taraba,2023,41,9.7,29.43857142857143,65.11428571428571
Taraba,2023,42,4.21,29.919999999999998,61.457142857142856
Taraba,2023,43,0.05,31.368571428571425,49.629999999999995
Taraba,2023,44,2.14,30.868571428571432,55.26285714285715
Taraba,2023,45,0.0,31.285714285714285,47.9
Taraba,2023,46,3.0999999999999996,29.898571428571426,43.15
Taraba,2023,47,0.060000000000000005,29.884285714285713,40.92428571428571
Taraba,2023,48,0.0,30.25714285714286,31.478571428571428
Taraba,2023,49,0.0,28.21,24.60571428571429
Taraba,2023,50,0.0,26.21,25.68
Taraba,2023,51,0.0,27.639999999999997,23.150000000000002
Taraba,2023,52,0.0,26.639999999999997,22.63
Taraba,2024,1,0.0,27.437142857142856,19.617142857142856
Taraba,2024,2,0.0,25.537142857142857,14.635714285714286
Taraba,2024,3,0.0,24.79,14.498571428571429
Taraba,2024,4,0.0,26.024285714285714,16.795714285714286
Taraba,2024,5,0.0,27.84714285714286,17.685714285714287
Taraba,2024,6,0.0,28.395714285714284,16.922857142857143
Taraba,2024,7,0.0,30.005714285714284,14.284285714285714
Taraba,2024,8,0.0,31.464285714285715,20.06714285714286
Taraba,2024,9,0.08,33.34285714285714,28.83857142857143
Taraba,2024,10,0.08,34.03857142857143,39.895714285714284
Taraba,2024,11,0.21,33.901428571428575,43.885714285714286
Taraba,2024,12,0.0,32.28142857142857,18.867142857142856
Taraba,2024,13,0.0,33.80428571428571,25.524285714285714
Taraba,2024,14,0.02,33.66571428571429,46.544285714285714
Taraba,2024,15,4.09,32.33142857142857,44.47428571428571
Taraba,2024,16,2.02,32.705714285714286,50.18285714285714
Taraba,2024,17,13.07,32.60142857142857,55.01285714285715
Taraba,2024,18,26.07,29.93857142857143,70.72285714285714
Taraba,2024,19,11.45,30.11285714285714,67.76428571428572
Taraba,2024,20,0.19,30.51285714285714,64.45142857142858
Taraba,2024,21,4.37,31.75142857142857,56.51142857142857
Taraba,2024,22,12.14,31.332857142857144,58.19714285714286
Taraba,2024,23,5.2,30.51142857142857,62.61142857142857
Taraba,2024,24,4.6899999999999995,30.638571428571428,58.63714285714286
Taraba,2024,25,63.57,29.224285714285713,67.37285714285714
Taraba,2024,26,33.47,27.377142857142854,78.80285714285715
Taraba,2024,27,4.66,27.64428571428571,73.49285714285715
Taraba,2024,28,1.98,28.312857142857144,67.42142857142856
Taraba,2024,29,484.79,25.391428571428573,90.54857142857144
Taraba,2024,30,143.81,24.907142857142855,90.6557142857143
Taraba,2024,31,64.47,24.965714285714284,90.54857142857144
Taraba,2024,32,2.55,25.162857142857142,89.89142857142858
Taraba,2024,33,8.68,24.778571428571432,88.89714285714285
Taraba,2024,34,31.15,24.607142857142858,90.25
Taraba,2024,35,20.9,24.98857142857143,89.12714285714286
Taraba,2024,36,59.730000000000004,25.085714285714285,88.16285714285713
Taraba,2024,37,6.01,26.065714285714286,85.06857142857143
Taraba,2024,38,26.14,25.50714285714286,85.25
Taraba,2024,39,45.76,25.585714285714285,85.39857142857143
Taraba,2024,40,37.86,25.98857142857143,84.80428571428571
Taraba,2024,41,4.0600000000000005,26.835714285714285,80.88428571428572
Taraba,2024,42,13.67,25.84,82.91285714285713
Taraba,2024,43,0.44,26.400000000000002,76.62714285714286
Taraba,2024,44,0.0,25.077142857142857,66.99
Taraba,2024,45,0.0,24.967142857142857,65.46285714285715
Taraba,2024,46,0.0,24.704285714285714,59.449999999999996
Taraba,2024,47,0.0,23.67142857142857,52.91142857142857
Taraba,2024,48,0.0,22.552857142857142,50.208571428571425
Taraba,2024,49,0.0,23.018571428571427,49.49857142857143
Taraba,2024,50,0.0,24.68,44.50714285714286
Taraba,2024,51,0.0,21.99285714285714,42.35
Taraba,2024,52,0.0,23.72142857142857,39.98571428571428
Taraba,2025,1,0.0,25.731428571428573,34.67
Taraba,2025,2,0.0,24.442857142857143,32.801428571428566
Taraba,2025,3,0.0,27.09142857142857,34.16428571428572
Taraba,2025,4,0.0,27.654285714285713,28.292857142857144
Taraba,2025,5,0.0,25.87,23.74857142857143
Taraba,2025,6,0.0,28.34857142857143,23.877142857142854
Taraba,2025,7,0.0,28.08142857142857,19.494285714285716
Taraba,2025,8,0.0,30.13,25.738571428571426
Taraba,2025,9,0.0,30.88,23.72
Taraba,2025,10,0.0,32.22714285714286,18.584285714285716
Taraba,2025,11,0.0,33.02285714285714,19.922857142857143
Taraba,2025,12,0.07,32.81428571428571,20.262857142857143
Taraba,2025,13,0.02,33.355714285714285,23.72714285714286
Taraba,2025,14,0.6599999999999999,33.18571428571429,32.519999999999996
Taraba,2025,15,0.38,33.089999999999996,36.88857142857143
Taraba,2025,16,1.28,33.86142857142857,36.215714285714284
Taraba,2025,17,3.09,33.25857142857143,46.13285714285714
Taraba,2025,18,9.41,31.490000000000002,52.309999999999995
Taraba,2025,19,1.53,33.61571428571428,41.41285714285714
Taraba,2025,20,3.04,32.88142857142857,48.034285714285716
Taraba,2025,21,8.66,32.394285714285715,51.99285714285714
Taraba,2025,22,30.39,30.332857142857144,62.36857142857143
Taraba,2025,23,29.080000000000002,28.315714285714286,71.52142857142857
Taraba,2025,24,33.17,28.34714285714286,72.43571428571428
Taraba,2025,25,42.44,27.25142857142857,77.17428571428572
Taraba,2025,26,23.189999999999998,27.298571428571428,77.30571428571429
Taraba,2025,27,26.45,26.194285714285716,78.59285714285714
Taraba,2025,28,44.28,25.24142857142857,84.59
Taraba,2025,29,29.95,25.904285714285717,81.32285714285715
Taraba,2025,30,65.53999999999999,25.09,88.53571428571429
Taraba,2025,31,7.33,25.551428571428573,84.14999999999999
Taraba,2025,32,33.71,25.192857142857143,84.05285714285715
Taraba,2025,33,51.07,24.555714285714284,88.61714285714285
Taraba,2025,34,7.71,25.29,83.99142857142859
Taraba,2025,35,6.13,24.771428571428572,84.7057142857143
Taraba,2025,36,47.33,25.684285714285718,82.54714285714284
Taraba,2025,37,38.02,25.382857142857144,85.06714285714285
Taraba,2025,38,95.53,26.157142857142855,84.02714285714286
Taraba,2025,39,21.92,26.195714285714285,80.93142857142857
Taraba,2025,40,32.16,25.912857142857142,82.82571428571428
Taraba,2025,41,12.57,26.374285714285715,78.19285714285715
Taraba,2025,42,2.69,27.84142857142857,65.15714285714286
Taraba,2025,43,1.93,28.228571428571428,66.02
Taraba,2025,44,0.05,28.50714285714286,52.21714285714285
Taraba,2025,45,0.73,29.5,45.395714285714284
Taraba,2025,46,0.0,27.92142857142857,42.50428571428571
Taraba,2025,47,0.0,27.24857142857143,40.35142857142857
Taraba,2025,48,0.0,28.307142857142857,37.55285714285714
Taraba,2025,49,0.0,29.118571428571425,34.66285714285714
Taraba,2025,50,0.0,28.19857142857143,34.357142857142854
Taraba,2025,51,0.0,26.81,30.287142857142857
Taraba,2025,52,0.0,28.03142857142857,26.212857142857143
Taraba,2026,1,0.0,29.040000000000003,24.94666666666667
Yobe,2020,53,0.0,24.66333333333333,23.723333333333333
Yobe,2021,1,0.0,24.747142857142855,22.958571428571428
Yobe,2021,2,0.0,21.81857142857143,21.81142857142857
Yobe,2021,3,0.0,20.689999999999998,23.11285714285714
Yobe,2021,4,0.0,22.934285714285714,19.762857142857143
Yobe,2021,5,0.0,23.535714285714285,19.19142857142857
Yobe,2021,6,0.0,23.75714285714286,17.062857142857144
Yobe,2021,7,0.0,21.677142857142858,17.415714285714284
Yobe,2021,8,0.0,24.815714285714286,16.935714285714287
Yobe,2021,9,0.0,27.332857142857144,15.5
Yobe,2021,10,0.0,30.648571428571426,17.485714285714288
Yobe,2021,11,0.0,31.09142857142857,19.361428571428572
Yobe,2021,12,0.0,29.97714285714286,16.122857142857143
Yobe,2021,13,0.0,26.632857142857144,12.307142857142859
Yobe,2021,14,0.0,32.18714285714286,11.955714285714285
Yobe,2021,15,0.01,31.398571428571426,12.629999999999999
Yobe,2021,16,0.0,33.32142857142857,17.224285714285717
Yobe,2021,17,0.0,32.957142857142856,13.917142857142858
Yobe,2021,18,0.42000000000000004,32.67285714285715,23.868571428571425
Yobe,2021,19,14.75,33.75714285714285,35.70285714285714
Yobe,2021,20,0.6499999999999999,34.114285714285714,33.59428571428571
Yobe,2021,21,0.05,33.167142857142856,16.64142857142857
Yobe,2021,22,35.62,32.58714285714286,43.037142857142854
Yobe,2021,23,6.549999999999999,32.964285714285715,45.019999999999996
Yobe,2021,24,17.7,31.56142857142857,51.07
Yobe,2021,25,58.32,28.51571428571429,64.69
Yobe,2021,26,24.330000000000002,29.177142857142858,61.87714285714286
Yobe,2021,27,50.18,28.122857142857146,67.84857142857143
Yobe,2021,28,195.51999999999998,27.14428571428571,75.47571428571428
Yobe,2021,29,74.62,26.31714285714286,81.61
Yobe,2021,30,185.72,25.262857142857143,86.38142857142857
Yobe,2021,31,70.99,25.662857142857145,84.26571428571428
Yobe,2021,32,124.67,25.382857142857144,85.75571428571428
Yobe,2021,33,33.910000000000004,25.34142857142857,85.34285714285714
Yobe,2021,34,28.4,26.58857142857143,80.13571428571429
Yobe,2021,35,15.040000000000001,26.014285714285712,84.57428571428571
Yobe,2021,36,55.89,25.851428571428574,83.5642857142857
Yobe,2021,37,17.490000000000002,26.054285714285715,84.6542857142857
Yobe,2021,38,84.37,25.71857142857143,80.02571428571427
Yobe,2021,39,28.14,25.717142857142854,73.57142857142857
Yobe,2021,40,0.05,25.84142857142857,62.97714285714286
Yobe,2021,41,10.26,25.26571428571429,65.49428571428572
Yobe,2021,42,3.4,26.28142857142857,74.68142857142857
Yobe,2021,43,0.02,23.98,56.48714285714285
Yobe,2021,44,0.0,24.082857142857144,55.90571428571428
Yobe,2021,45,0.0,23.681428571428572,46.11142857142857
Yobe,2021,46,0.0,22.662857142857142,49.46714285714285
Yobe,2021,47,0.0,21.617142857142856,48.01571428571429
Yobe,2021,48,0.0,20.96142857142857,44.778571428571425
Yobe,2021,49,0.0,20.252857142857145,42.05714285714286
Yobe,2021,50,0.0,18.69142857142857,41.324285714285715
Yobe,2021,51,0.0,18.518571428571427,37.714285714285715
Yobe,2021,52,0.0,19.084285714285716,36.565714285714286
Yobe,2022,1,4.18,20.72142857142857,44.76571428571429
Yobe,2022,2,0.0,20.80857142857143,29.650000000000002
Yobe,2022,3,0.0,16.857142857142858,32.559999999999995
Yobe,2022,4,0.0,18.11285714285714,28.728571428571428
Yobe,2022,5,0.0,17.875714285714285,25.72714285714286
Yobe,2022,6,0.0,20.52285714285714,21.832857142857144
Yobe,2022,7,0.0,23.448571428571427,20.641428571428573
Yobe,2022,8,0.0,22.912857142857145,18.715714285714284
Yobe,2022,9,0.0,27.49142857142857,14.344285714285714
Yobe,2022,10,0.0,29.57857142857143,18.092857142857145
Yobe,2022,11,0.0,27.16142857142857,12.998571428571427
Yobe,2022,12,0.0,29.34857142857143,14.937142857142858
Yobe,2022,13,0.0,28.74142857142857,9.297142857142857
Yobe,2022,14,0.0,32.10285714285714,16.952857142857145
Yobe,2022,15,2.38,33.91571428571429,37.667142857142856
Yobe,2022,16,0.01,33.567142857142855,22.297142857142855
Yobe,2022,17,18.38,33.212857142857146,42.075714285714284
Yobe,2022,18,0.03,33.19714285714286,44.89857142857143
Yobe,2022,19,11.059999999999999,33.03,43.01571428571429
Yobe,2022,20,2.27,32.15714285714286,40.970000000000006
Yobe,2022,21,0.02,31.97,38.12428571428571
Yobe,2022,22,45.97,32.21142857142858,43.105714285714285
Yobe,2022,23,29.39,30.208571428571428,55.63857142857143
Yobe,2022,24,24.06,29.385714285714283,60.18285714285714
Yobe,2022,25,39.03,29.124285714285715,62.88285714285714
Yobe,2022,26,33.0,28.771428571428572,64.58285714285714
Yobe,2022,27,21.13,28.924285714285713,63.51285714285715
Yobe,2022,28,142.31,27.678571428571427,70.16428571428571
Yobe,2022,29,29.59,26.868571428571425,73.68857142857142
Yobe,2022,30,9.28,26.925714285714285,73.70714285714287
Yobe,2022,31,25.29,26.647142857142857,75.66142857142857
Yobe,2022,32,61.19,26.678571428571427,77.19285714285715
Yobe,2022,33,107.06,25.077142857142857,83.39428571428572
Yobe,2022,34,167.34,25.09857142857143,84.52
Yobe,2022,35,52.93,26.09142857142857,78.0
Yobe,2022,36,39.62,26.307142857142857,78.92714285714285
Yobe,2022,37,54.06,25.99142857142857,80.58428571428571
Yobe,2022,38,10.15,26.53857142857143,78.34
Yobe,2022,39,13.81,26.18,78.80999999999999
Yobe,2022,40,11.090000000000002,26.615714285714287,75.13142857142857
Yobe,2022,41,0.21,25.954285714285714,63.604285714285716
Yobe,2022,42,0.0,24.472857142857144,55.95428571428572
Yobe,2022,43,0.0,23.692857142857143,57.535714285714285
Yobe,2022,44,0.0,22.389999999999997,51.019999999999996
Yobe,2022,45,0.0,23.599999999999998,46.67142857142857
Yobe,2022,46,0.0,21.601428571428574,44.20285714285715
Yobe,2022,47,0.0,20.09714285714286,38.37571428571429
Yobe,2022,48,0.0,21.845714285714287,40.61285714285714
Yobe,2022,49,0.0,20.71857142857143,34.72857142857143
Yobe,2022,50,0.0,21.011428571428574,32.30714285714286
Yobe,2022,51,0.0,19.114285714285717,38.63285714285714
Yobe,2022,52,0.0,18.307142857142857,35.745714285714286
Yobe,2023,1,0.0,19.497142857142855,36.720000000000006
Yobe,2023,2,0.0,19.37142857142857,30.194285714285716
Yobe,2023,3,0.0,21.44142857142857,28.874285714285715
Yobe,2023,4,0.0,25.608571428571427,22.08857142857143
Yobe,2023,5,0.0,25.705714285714286,25.03142857142857
Yobe,2023,6,0.0,23.58285714285714,20.207142857142856
Yobe,2023,7,0.0,21.177142857142858,21.96
Yobe,2023,8,0.0,24.888571428571428,18.495714285714286
Yobe,2023,9,0.0,29.415714285714284,15.375714285714285
Yobe,2023,10,0.0,30.044285714285714,14.02
Yobe,2023,11,0.0,27.72,12.450000000000001
Yobe,2023,12,0.0,29.85571428571429,21.881428571428568
Yobe,2023,13,0.0,28.75714285714286,14.051428571428572
Yobe,2023,14,0.0,32.114285714285714,18.861428571428572
Yobe,2023,15,0.0,31.830000000000002,14.332857142857142
Yobe,2023,16,0.02,34.13142857142857,18.641428571428573
Yobe,2023,17,0.15000000000000002,34.11714285714286,26.187142857142856
Yobe,2023,18,0.05,33.854285714285716,24.444285714285716
Yobe,2023,19,0.11,33.62285714285714,23.614285714285717
Yobe,2023,20,6.6,34.94428571428571,37.18142857142857
Yobe,2023,21,0.02,34.81142857142857,36.33142857142857
Yobe,2023,22,9.11,34.35857142857143,38.84142857142857
Yobe,2023,23,105.69,29.985714285714288,60.382857142857134
Yobe,2023,24,6.99,30.782857142857143,54.68
Yobe,2023,25,12.43,30.814285714285713,54.065714285714286
Yobe,2023,26,6.77,31.31714285714286,49.675714285714285
Yobe,2023,27,27.42,30.868571428571425,52.46142857142858
Yobe,2023,28,8.82,31.141428571428573,51.34428571428571
Yobe,2023,29,13.280000000000001,31.678571428571427,52.315714285714286
Yobe,2023,30,42.669999999999995,30.23428571428571,57.644285714285715
Yobe,2023,31,34.75,29.490000000000002,62.0
Yobe,2023,32,77.15,26.740000000000002,77.36
Yobe,2023,33,10.940000000000001,28.91,63.56714285714286
Yobe,2023,34,30.0,28.830000000000002,65.83857142857143
Yobe,2023,35,5.22,28.922857142857143,63.83571428571429
Yobe,2023,36,57.02,28.37142857142857,66.67285714285714
Yobe,2023,37,32.8,28.41142857142857,70.00857142857143
Yobe,2023,38,8.47,29.104285714285712,61.82
Yobe,2023,39,16.28,29.59142857142857,60.89857142857143
Yobe,2023,40,7.65,28.382857142857144,56.31857142857143
Yobe,2023,41,0.0,29.18857142857143,43.26142857142857
Yobe,2023,42,0.04,28.587142857142858,37.61857142857143
Yobe,2023,43,0.0,27.835714285714285,26.927142857142858
Yobe,2023,44,0.0,28.714285714285715,32.378571428571426
Yobe,2023,45,0.0,28.235714285714288,26.481428571428573
Yobe,2023,46,0.15,27.725714285714282,29.134285714285713
Yobe,2023,47,0.0,27.947142857142858,26.254285714285714
Yobe,2023,48,0.0,27.975714285714282,24.745714285714286
Yobe,2023,49,0.0,24.695714285714285,19.57
Yobe,2023,50,0.0,21.735714285714288,27.247142857142855
Yobe,2023,51,0.0,22.724285714285713,25.731428571428573
Yobe,2023,52,0.0,20.71857142857143,24.645714285714288
Yobe,2024,1,0.0,22.79,20.804285714285715
Yobe,2024,2,0.0,21.131428571428568,16.24857142857143
Yobe,2024,3,0.0,19.93,18.297142857142855
Yobe,2024,4,0.0,20.872857142857146,21.827142857142857
Yobe,2024,5,0.0,22.48428571428571,18.44142857142857
Yobe,2024,6,0.0,22.608571428571427,16.774285714285714
Yobe,2024,7,0.0,24.25714285714286,15.987142857142857
Yobe,2024,8,0.05,27.59142857142857,22.502857142857142
Yobe,2024,9,0.0,30.509999999999998,14.73857142857143
Yobe,2024,10,0.0,33.16285714285714,16.897142857142857
Yobe,2024,11,0.22,33.01857142857143,14.172857142857143
Yobe,2024,12,0.0,29.365714285714287,11.16
Yobe,2024,13,0.0,31.689999999999998,9.618571428571428
Yobe,2024,14,0.0,33.33857142857143,10.967142857142857
Yobe,2024,15,0.0,33.112857142857145,8.45
Yobe,2024,16,0.0,33.95,11.27
Yobe,2024,17,0.0,35.48571428571429,14.799999999999999
Yobe,2024,18,0.04,35.01142857142857,20.90142857142857
Yobe,2024,19,3.6100000000000003,35.75714285714286,32.01285714285714
Yobe,2024,20,0.060000000000000005,34.43,22.435714285714287
Yobe,2024,21,0.04,35.30714285714286,21.945714285714285
Yobe,2024,22,24.61,35.51714285714286,34.98714285714286
Yobe,2024,23,15.149999999999999,34.45,41.55142857142857
Yobe,2024,24,13.75,33.114285714285714,44.80285714285714
Yobe,2024,25,3.1,33.76571428571429,41.44
Yobe,2024,26,29.54,32.357142857142854,48.285714285714285
Yobe,2024,27,39.63,30.75,56.86571428571428
Yobe,2024,28,15.01,30.388571428571428,56.23857142857143
Yobe,2024,29,161.62,28.102857142857143,73.30285714285715
Yobe,2024,30,35.21,27.231428571428573,75.50714285714285
Yobe,2024,31,84.89,26.21,80.0457142857143
Yobe,2024,32,54.56,26.07,82.76857142857143
Yobe,2024,33,54.95,25.71,83.26142857142858
Yobe,2024,34,153.02,25.68,86.07714285714285
Yobe,2024,35,67.98,25.57,86.38428571428572
Yobe,2024,36,254.85999999999999,25.062857142857144,86.94714285714285
Yobe,2024,37,24.16,26.934285714285714,81.50428571428571
Yobe,2024,38,27.24,26.40285714285714,81.97142857142856
Yobe,2024,39,14.59,27.141428571428573,77.06857142857143
Yobe,2024,40,17.630000000000003,26.447142857142858,79.30428571428571
Yobe,2024,41,4.38,27.57428571428571,71.36571428571429
Yobe,2024,42,10.69,26.884285714285713,69.37571428571428
Yobe,2024,43,0.0,24.101428571428574,65.69285714285715
Yobe,2024,44,0.0,20.71,60.51428571428572
Yobe,2024,45,0.0,20.26142857142857,60.95428571428572
Yobe,2024,46,0.0,20.39428571428571,57.30285714285714
Yobe,2024,47,0.0,18.50142857142857,54.36571428571428
Yobe,2024,48,0.0,17.512857142857143,54.46857142857142
Yobe,2024,49,0.0,17.755714285714287,49.76142857142857
Yobe,2024,50,0.0,19.74285714285714,46.00428571428571
Yobe,2024,51,0.0,16.335714285714285,47.470000000000006
Yobe,2024,52,0.0,17.472857142857144,42.62428571428571
Yobe,2025,1,0.0,19.98428571428571,39.277142857142856
Yobe,2025,2,0.0,18.554285714285715,39.737142857142864
Yobe,2025,3,0.0,21.59,35.52428571428572
Yobe,2025,4,0.0,22.52,32.36571428571428
Yobe,2025,5,0.0,20.580000000000002,30.731428571428573
Yobe,2025,6,0.0,22.922857142857143,26.68285714285714
Yobe,2025,7,0.0,22.635714285714283,23.618571428571425
Yobe,2025,8,0.0,26.868571428571432,19.264285714285712
Yobe,2025,9,0.0,27.22,23.81142857142857
Yobe,2025,10,0.0,28.73857142857143,20.074285714285715
Yobe,2025,11,0.0,30.888571428571428,17.905714285714286
Yobe,2025,12,0.0,29.302857142857142,12.557142857142859
Yobe,2025,13,0.0,30.284285714285716,12.65
Yobe,2025,14,0.0,30.55857142857143,11.032857142857143
Yobe,2025,15,0.01,32.37285714285714,15.65
Yobe,2025,16,0.0,32.114285714285714,12.784285714285716
Yobe,2025,17,0.0,33.4,12.08
Yobe,2025,18,0.0,33.47714285714286,16.035714285714285
Yobe,2025,19,0.0,32.72571428571428,11.758571428571429
Yobe,2025,20,0.5,34.09571428571429,29.157142857142855
Yobe,2025,21,0.9,35.01714285714286,20.53142857142857
Yobe,2025,22,3.4599999999999995,35.51,28.197142857142858
Yobe,2025,23,24.68,32.551428571428566,38.5
Yobe,2025,24,4.829999999999999,34.347142857142856,34.13857142857143
Yobe,2025,25,0.42000000000000004,33.279999999999994,40.65714285714286
Yobe,2025,26,0.91,33.89142857142857,34.785714285714285
Yobe,2025,27,71.66,29.615714285714287,56.74142857142857
Yobe,2025,28,50.94,29.275714285714287,59.50428571428571
Yobe,2025,29,34.14,28.83857142857143,62.63428571428572
Yobe,2025,30,47.56,28.284285714285716,67.71571428571428
Yobe,2025,31,14.91,28.245714285714286,65.83285714285714
Yobe,2025,32,30.590000000000003,27.924285714285713,65.68428571428572
Yobe,2025,33,143.53,26.41,76.26285714285714
Yobe,2025,34,100.2,26.42571428571429,78.18714285714285
Yobe,2025,35,62.12,25.997142857142855,78.98571428571428
Yobe,2025,36,23.28,26.804285714285715,76.15714285714286
Yobe,2025,37,15.33,26.92571428571429,74.9342857142857
Yobe,2025,38,9.55,27.631428571428575,71.30999999999999
Yobe,2025,39,26.43,26.837142857142855,73.03285714285714
Yobe,2025,40,6.56,27.707142857142856,65.57428571428571
Yobe,2025,41,6.76,27.622857142857146,65.29285714285713
Yobe,2025,42,0.0,26.12142857142857,51.14
Yobe,2025,43,0.0,25.81142857142857,40.465714285714284
Yobe,2025,44,0.0,25.077142857142857,36.674285714285716
Yobe,2025,45,0.0,25.87,35.55
Yobe,2025,46,0.0,24.075714285714287,35.778571428571425
Yobe,2025,47,0.0,23.504285714285714,33.11857142857143
Yobe,2025,48,0.0,24.56714285714286,32.35
Yobe,2025,49,0.0,24.951428571428572,29.224285714285713
Yobe,2025,50,0.0,24.09,32.03142857142857
Yobe,2025,51,0.0,22.08857142857143,30.54285714285714
Yobe,2025,52,0.0,24.797142857142855,24.342857142857145
Yobe,2026,1,0.0,25.47,22.896666666666665
Zamfara,2020,53,0.0,25.516666666666666,40.443333333333335
Zamfara,2021,1,0.0,24.448571428571427,32.51
Zamfara,2021,2,0.0,21.737142857142857,28.91
Zamfara,2021,3,0.0,20.889999999999997,31.25714285714286
Zamfara,2021,4,0.0,23.412857142857142,28.89428571428571
Zamfara,2021,5,0.0,24.354285714285716,28.09714285714286
Zamfara,2021,6,0.0,24.962857142857143,20.547142857142855
Zamfara,2021,7,0.0,23.055714285714284,19.145714285714288
Zamfara,2021,8,0.0,25.282857142857146,21.572857142857142
Zamfara,2021,9,0.0,28.08857142857143,19.37
Zamfara,2021,10,0.24,30.259999999999998,33.22142857142857
Zamfara,2021,11,0.0,29.677142857142858,42.89714285714286
Zamfara,2021,12,0.0,29.65857142857143,28.807142857142857
Zamfara,2021,13,0.0,28.045714285714286,14.944285714285714
Zamfara,2021,14,0.0,31.842857142857145,23.794285714285714
Zamfara,2021,15,0.5800000000000001,30.98428571428571,37.871428571428574
Zamfara,2021,16,48.48,30.49285714285714,55.00714285714286
Zamfara,2021,17,0.03,31.361428571428572,39.785714285714285
Zamfara,2021,18,1.33,31.344285714285714,44.91428571428571
Zamfara,2021,19,15.54,32.32285714285714,46.93714285714286
Zamfara,2021,20,18.09,31.125714285714285,56.597142857142856
Zamfara,2021,21,7.5200000000000005,31.509999999999998,52.05857142857143
Zamfara,2021,22,25.549999999999997,29.825714285714287,60.84142857142857
Zamfara,2021,23,16.39,29.352857142857143,61.317142857142855
Zamfara,2021,24,19.55,28.707142857142856,65.72571428571429
Zamfara,2021,25,45.07,26.392857142857142,75.50714285714285
Zamfara,2021,26,70.56,26.03142857142857,77.07142857142857
Zamfara,2021,27,32.34,25.595714285714283,79.49714285714286
Zamfara,2021,28,67.36,26.057142857142857,79.42142857142858
Zamfara,2021,29,59.199999999999996,25.41857142857143,83.96857142857142
Zamfara,2021,30,102.92,24.571428571428573,87.03428571428572
Zamfara,2021,31,64.17,25.271428571428572,83.57857142857142
Zamfara,2021,32,81.46000000000001,24.835714285714285,85.44285714285715
Zamfara,2021,33,49.85,24.737142857142857,85.29714285714286
Zamfara,2021,34,246.12,25.564285714285713,84.48285714285714
Zamfara,2021,35,18.939999999999998,25.045714285714286,86.47428571428573
Zamfara,2021,36,108.75000000000001,25.268571428571427,85.60000000000001
Zamfara,2021,37,47.58,25.110000000000003,86.57714285714285
Zamfara,2021,38,8.6,26.068571428571428,78.64285714285714
Zamfara,2021,39,34.900000000000006,26.052857142857142,79.65142857142857
Zamfara,2021,40,3.34,26.358571428571427,71.17428571428572
Zamfara,2021,41,6.96,25.632857142857144,63.58714285714286
Zamfara,2021,42,48.529999999999994,26.117142857142856,79.60000000000001
Zamfara,2021,43,0.46,24.602857142857143,65.02571428571429
Zamfara,2021,44,0.0,24.454285714285714,62.88428571428572
Zamfara,2021,45,0.07,25.17142857142857,54.574285714285715
Zamfara,2021,46,0.0,24.43,55.32285714285714
Zamfara,2021,47,0.0,22.92142857142857,53.35285714285714
Zamfara,2021,48,0.0,21.694285714285716,53.6
Zamfara,2021,49,0.0,21.42142857142857,52.50571428571429
Zamfara,2021,50,0.0,19.639999999999997,48.24857142857143
Zamfara,2021,51,0.0,19.384285714285713,47.9
Zamfara,2021,52,0.0,19.669999999999998,44.51428571428572
Zamfara,2022,1,1.1500000000000001,21.08857142857143,54.291428571428575
Zamfara,2022,2,0.0,22.75857142857143,42.36
Zamfara,2022,3,0.0,18.205714285714286,38.96857142857143
Zamfara,2022,4,0.0,18.997142857142858,35.24428571428571
Zamfara,2022,5,0.0,18.955714285714286,33.13
Zamfara,2022,6,0.0,21.82857142857143,30.165714285714284
Zamfara,2022,7,0.0,24.467142857142854,29.34857142857143
Zamfara,2022,8,0.0,23.61285714285714,25.349999999999998
Zamfara,2022,9,0.47,28.111428571428572,33.40714285714286
Zamfara,2022,10,0.0,29.374285714285715,30.314285714285717
Zamfara,2022,11,0.0,28.087142857142858,21.525714285714287
Zamfara,2022,12,0.36,30.06857142857143,28.948571428571427
Zamfara,2022,13,1.37,28.705714285714286,29.364285714285717
Zamfara,2022,14,7.05,30.654285714285713,57.53857142857142
Zamfara,2022,15,6.99,29.851428571428567,56.184285714285714
Zamfara,2022,16,1.1700000000000002,31.26571428571429,50.38142857142857
Zamfara,2022,17,5.49,30.15285714285714,53.50714285714286
Zamfara,2022,18,4.25,30.617142857142856,55.11
Zamfara,2022,19,18.91,29.762857142857143,62.39
Zamfara,2022,20,339.83,28.562857142857144,65.34142857142857
Zamfara,2022,21,4.720000000000001,26.74857142857143,74.78714285714285
Zamfara,2022,22,151.82,27.615714285714287,73.06428571428572
Zamfara,2022,23,61.81999999999999,26.451428571428572,76.18571428571428
Zamfara,2022,24,29.09,26.118571428571432,79.42714285714285
Zamfara,2022,25,51.33,26.03142857142857,80.88
Zamfara,2022,26,27.34,25.50714285714286,81.6542857142857
Zamfara,2022,27,10.27,26.47714285714286,76.78
Zamfara,2022,28,51.839999999999996,25.774285714285718,80.25857142857141
Zamfara,2022,29,39.35,25.271428571428572,81.54428571428572
Zamfara,2022,30,33.7,24.835714285714285,84.48428571428572
Zamfara,2022,31,24.06,25.10571428571429,84.18142857142857
Zamfara,2022,32,32.81,25.31,82.9542857142857
Zamfara,2022,33,36.769999999999996,24.42142857142857,85.83714285714287
Zamfara,2022,34,47.5,24.259999999999998,86.22714285714287
Zamfara,2022,35,31.85,24.964285714285715,83.19142857142857
Zamfara,2022,36,31.36,25.447142857142858,83.02571428571427
Zamfara,2022,37,37.349999999999994,25.692857142857143,82.44285714285715
Zamfara,2022,38,38.36,25.324285714285715,83.35857142857142
Zamfara,2022,39,14.68,25.41,82.22
Zamfara,2022,40,11.31,25.827142857142857,80.56285714285715
Zamfara,2022,41,4.550000000000001,26.108571428571427,68.96571428571428
Zamfara,2022,42,0.0,25.351428571428574,54.34571428571429
Zamfara,2022,43,0.04,25.82,51.675714285714285
Zamfara,2022,44,0.0,24.744285714285716,47.10285714285715
Zamfara,2022,45,0.0,25.76142857142857,45.11
Zamfara,2022,46,0.0,23.71,42.39142857142857
Zamfara,2022,47,0.0,22.625714285714285,37.50428571428571
Zamfara,2022,48,0.0,24.044285714285714,40.48571428571428
Zamfara,2022,49,0.0,22.724285714285713,33.16428571428572
Zamfara,2022,50,0.0,22.59142857142857,32.54714285714286
Zamfara,2022,51,0.0,20.737142857142857,33.44285714285714
Zamfara,2022,52,0.0,20.204285714285714,31.72714285714286
Zamfara,2023,1,0.0,21.525714285714287,34.08428571428571
Zamfara,2023,2,0.0,21.624285714285715,29.07714285714286
Zamfara,2023,3,0.0,23.445714285714285,30.349999999999998
Zamfara,2023,4,0.0,26.26142857142857,26.547142857142855
Zamfara,2023,5,0.0,27.225714285714286,23.51571428571429
Zamfara,2023,6,0.0,25.98,18.41142857142857
Zamfara,2023,7,0.0,23.245714285714286,20.005714285714287
Zamfara,2023,8,0.0,26.38714285714286,19.625714285714285
Zamfara,2023,9,0.0,29.974285714285713,25.419999999999998
Zamfara,2023,10,0.09,29.958571428571428,34.05428571428571
Zamfara,2023,11,0.06,27.967142857142857,17.759999999999998
Zamfara,2023,12,1.1400000000000001,29.888571428571428,38.597142857142856
Zamfara,2023,13,0.0,29.415714285714284,15.228571428571428
Zamfara,2023,14,0.6900000000000001,30.791428571428572,32.95142857142857
Zamfara,2023,15,0.02,31.245714285714286,28.875714285714285
Zamfara,2023,16,4.5,32.972857142857144,39.582857142857144
Zamfara,2023,17,2.84,31.557142857142857,46.21999999999999
Zamfara,2023,18,0.18,32.46,43.03142857142858
Zamfara,2023,19,15.44,31.698571428571427,48.56142857142857
Zamfara,2023,20,10.309999999999999,30.13,61.24142857142857
Zamfara,2023,21,8.25,31.35571428571429,57.08571428571429
Zamfara,2023,22,5.75,30.369999999999997,60.29571428571428
Zamfara,2023,23,19.240000000000002,28.041428571428572,69.53285714285714
Zamfara,2023,24,26.33,28.18857142857143,69.81142857142858
Zamfara,2023,25,13.65,27.351428571428574,71.28142857142858
Zamfara,2023,26,4.37,29.337142857142858,60.472857142857144
Zamfara,2023,27,55.43,28.017142857142858,70.10142857142857
Zamfara,2023,28,19.8,28.124285714285715,70.61
Zamfara,2023,29,18.9,27.79,72.58285714285714
Zamfara,2023,30,10.379999999999999,28.325714285714287,68.24
Zamfara,2023,31,18.39,26.82857142857143,77.15142857142857
Zamfara,2023,32,31.369999999999997,26.385714285714283,76.55999999999999
Zamfara,2023,33,18.44,28.117142857142856,68.37571428571428
Zamfara,2023,34,19.14,27.967142857142857,70.14
Zamfara,2023,35,47.209999999999994,27.08857142857143,74.3457142857143
Zamfara,2023,36,75.28,26.40142857142857,79.42571428571429
Zamfara,2023,37,29.279999999999998,26.21142857142857,82.8157142857143
Zamfara,2023,38,8.629999999999999,27.80142857142857,70.9342857142857
Zamfara,2023,39,20.23,27.68285714285714,72.38285714285715
Zamfara,2023,40,3.9600000000000004,28.252857142857145,59.74285714285714
Zamfara,2023,41,0.89,29.107142857142858,50.30714285714286
Zamfara,2023,42,1.6300000000000001,28.43857142857143,46.715714285714284
Zamfara,2023,43,0.0,28.698571428571427,31.557142857142857
Zamfara,2023,44,0.0,29.554285714285715,30.882857142857144
Zamfara,2023,45,0.0,28.669999999999998,30.41142857142857
Zamfara,2023,46,0.0,28.064285714285713,27.928571428571427
Zamfara,2023,47,0.35,28.09857142857143,41.55285714285714
Zamfara,2023,48,0.0,28.08142857142857,29.455714285714286
Zamfara,2023,49,0.0,25.41,18.717142857142857
Zamfara,2023,50,0.0,22.881428571428568,26.07
Zamfara,2023,51,0.0,24.704285714285714,24.27
Zamfara,2023,52,0.0,22.997142857142858,22.187142857142856
Zamfara,2024,1,0.0,25.110000000000003,19.16714285714286
Zamfara,2024,2,0.0,23.75714285714286,13.471428571428572
Zamfara,2024,3,0.0,22.50857142857143,14.588571428571429
Zamfara,2024,4,0.0,22.585714285714285,18.97714285714286
Zamfara,2024,5,0.0,24.611428571428572,17.967142857142857
Zamfara,2024,6,0.0,24.607142857142858,17.325714285714287
Zamfara,2024,7,0.0,26.747142857142858,14.582857142857142
Zamfara,2024,8,0.67,29.18285714285714,21.755714285714284
Zamfara,2024,9,0.0,31.13714285714286,17.125714285714285
Zamfara,2024,10,0.0,32.667142857142856,18.255714285714284
Zamfara,2024,11,6.36,32.29714285714285,29.062857142857144
Zamfara,2024,12,0.0,30.335714285714285,14.411428571428571
Zamfara,2024,13,0.0,32.502857142857145,16.351428571428574
Zamfara,2024,14,3.75,33.82857142857143,30.874285714285715
Zamfara,2024,15,0.78,32.69428571428572,32.15857142857143
Zamfara,2024,16,17.5,32.78285714285714,30.43142857142857
Zamfara,2024,17,0.51,32.00142857142857,53.63285714285714
Zamfara,2024,18,0.33999999999999997,33.43,46.69571428571429
Zamfara,2024,19,11.48,31.77857142857143,55.78000000000001
Zamfara,2024,20,0.05,32.91571428571429,43.33857142857143
Zamfara,2024,21,6.289999999999999,33.49285714285714,47.029999999999994
Zamfara,2024,22,19.5,32.27428571428572,54.07142857142857
Zamfara,2024,23,29.37,27.82857142857143,76.02
Zamfara,2024,24,17.38,28.377142857142854,70.69142857142857
Zamfara,2024,25,2.78,29.342857142857145,63.45142857142857
Zamfara,2024,26,25.259999999999998,28.53857142857143,69.59714285714286
Zamfara,2024,27,20.029999999999998,27.664285714285715,71.36571428571429
Zamfara,2024,28,91.86,27.358571428571427,74.58714285714287
Zamfara,2024,29,53.04,25.782857142857143,84.06142857142856
Zamfara,2024,30,16.25,26.054285714285715,80.98
Zamfara,2024,31,61.32,26.104285714285712,80.08857142857143
Zamfara,2024,32,33.94,25.602857142857143,83.44428571428571
Zamfara,2024,33,21.25,25.012857142857143,83.44142857142857
Zamfara,2024,34,40.88,25.91857142857143,82.56857142857143
Zamfara,2024,35,24.549999999999997,25.302857142857142,84.49285714285715
Zamfara,2024,36,18.35,25.55857142857143,81.18571428571428
Zamfara,2024,37,31.69,27.48,75.34
Zamfara,2024,38,43.38,26.511428571428574,78.62571428571428
Zamfara,2024,39,23.15,27.18857142857143,74.39999999999999
Zamfara,2024,40,16.939999999999998,27.09714285714286,73.42
Zamfara,2024,41,2.66,28.29,64.35142857142857
Zamfara,2024,42,2.2199999999999998,28.21142857142857,56.755714285714284
Zamfara,2024,43,7.86,27.860000000000003,48.978571428571435
Zamfara,2024,44,0.0,25.728571428571428,40.279999999999994
Zamfara,2024,45,0.0,24.599999999999998,41.48142857142857
Zamfara,2024,46,0.0,25.27857142857143,36.94857142857143
Zamfara,2024,47,0.0,23.21857142857143,34.745714285714286
Zamfara,2024,48,0.0,21.672857142857143,36.88142857142857
Zamfara,2024,49,0.0,21.807142857142857,34.308571428571426
Zamfara,2024,50,0.0,23.61285714285714,31.511428571428574
Zamfara,2024,51,0.0,20.211428571428574,32.47571428571428
Zamfara,2024,52,0.0,22.10571428571429,28.81142857142857
Zamfara,2025,1,0.0,24.904285714285713,27.060000000000002
Zamfara,2025,2,0.0,22.472857142857144,26.24857142857143
Zamfara,2025,3,0.0,25.502857142857145,27.052857142857142
Zamfara,2025,4,0.0,25.895714285714288,24.044285714285714
Zamfara,2025,5,0.0,24.594285714285714,19.99285714285714
Zamfara,2025,6,0.0,26.175714285714285,18.322857142857142
Zamfara,2025,7,0.0,26.132857142857144,16.48857142857143
Zamfara,2025,8,0.0,29.271428571428572,18.669999999999998
Zamfara,2025,9,0.0,29.714285714285715,21.00714285714286
Zamfara,2025,10,0.0,31.23428571428571,16.782857142857143
Zamfara,2025,11,0.0,32.68142857142857,16.435714285714287
Zamfara,2025,12,0.0,30.978571428571428,10.538571428571428
Zamfara,2025,13,0.0,31.83857142857143,16.125714285714285
Zamfara,2025,14,0.0,31.669999999999998,10.98857142857143
Zamfara,2025,15,0.04,33.005714285714284,21.424285714285713
Zamfara,2025,16,0.0,32.691428571428574,14.268571428571429
Zamfara,2025,17,0.0,33.71857142857143,20.099999999999998
Zamfara,2025,18,1.9900000000000002,33.20428571428572,31.72
Zamfara,2025,19,0.0,32.90428571428571,18.592857142857145
Zamfara,2025,20,1.65,33.34285714285714,36.48285714285714
Zamfara,2025,21,0.43,33.652857142857144,38.60142857142857
Zamfara,2025,22,48.2,31.215714285714284,56.04
Zamfara,2025,23,8.120000000000001,30.768571428571427,52.028571428571425
Zamfara,2025,24,26.61,28.244285714285716,68.09857142857143
Zamfara,2025,25,3.36,30.262857142857143,56.94857142857143
Zamfara,2025,26,9.49,30.487142857142857,56.11
Zamfara,2025,27,31.78,27.55,68.52142857142857
Zamfara,2025,28,37.79,27.148571428571426,70.81714285714285
Zamfara,2025,29,8.69,27.72,67.27571428571429
Zamfara,2025,30,32.34,26.865714285714287,74.53571428571429
Zamfara,2025,31,44.36,26.495714285714286,76.67857142857143
Zamfara,2025,32,27.72,26.91142857142857,73.89857142857143
Zamfara,2025,33,30.32,25.73428571428571,77.12571428571428
Zamfara,2025,34,12.6,26.752857142857145,72.96285714285715
Zamfara,2025,35,35.97,25.821428571428573,76.19714285714285
Zamfara,2025,36,22.99,26.33857142857143,77.60285714285715
Zamfara,2025,37,48.72,26.462857142857143,77.44428571428571
Zamfara,2025,38,24.77,27.885714285714283,69.04428571428572
Zamfara,2025,39,26.39,27.782857142857143,69.86428571428571
Zamfara,2025,40,12.510000000000002,28.57857142857143,64.11142857142856
Zamfara,2025,41,22.4,27.535714285714285,66.41571428571429
Zamfara,2025,42,0.27,28.282857142857143,46.98714285714285
Zamfara,2025,43,0.0,27.93857142857143,31.075714285714287
Zamfara,2025,44,0.0,27.774285714285714,26.795714285714286
Zamfara,2025,45,0.0,27.93,27.075714285714287
Zamfara,2025,46,0.0,27.094285714285714,25.512857142857143
Zamfara,2025,47,0.0,26.422857142857143,24.638571428571428
Zamfara,2025,48,0.0,27.25,22.69142857142857
Zamfara,2025,49,0.0,27.32,24.948571428571427
Zamfara,2025,50,0.0,26.610000000000003,26.76571428571429
Zamfara,2025,51,0.0,25.31714285714286,22.415714285714284
Zamfara,2025,52,0.0,27.43,22.63714285714286
Zamfara,2026,1,0.0,27.51,20.276666666666667
