state,year,epi_week,rainfall_anomaly_mm,rainfall_zscore,heavy_rain_flag,extreme_rain_flag,rolling_4_rainfall_mm,reliefweb_flood_reports
Abia,2020,53,0.0,0,0,0,0.26,0
Abia,2021,1,14.049999999999999,0.9163261563016897,0,0,24.57,0
Abia,2021,2,-1.9919999999999995,-0.4273520130271868,0,0,24.94,0
Abia,2021,3,-5.516000000000001,-0.48046441846876264,0,0,24.95,0
Abia,2021,4,-1.408,-0.653508875311615,0,0,26.54,0
Abia,2021,5,-0.25400000000000006,-0.2860113729419652,0,0,2.69,0
Abia,2021,6,1.7100000000000002,0.7044676521083558,0,0,6.0,0
Abia,2021,7,0.15799999999999997,0.6666607322743408,0,0,6.36,0
Abia,2021,8,-3.8980000000000006,-0.812141144048729,0,0,6.38,0
Abia,2021,9,-8.862,-1.3895699193377682,0,0,7.600000000000001,0
Abia,2021,10,16.144000000000002,1.0559069542160149,0,0,43.800000000000004,0
Abia,2021,11,-4.306000000000001,-0.38073911597587806,0,0,50.02000000000001,0
Abia,2021,12,5.906000000000002,0.7136005801899533,0,0,68.72,0
Abia,2021,13,-5.798000000000001,-1.1327012564405359,0,0,67.34,0
Abia,2021,14,38.164,1.4071483839410583,1,0,102.02,0
Abia,2021,15,41.01400000000001,1.749449714160969,1,0,169.67000000000002,0
Abia,2021,16,6.490000000000002,0.3695931235635938,0,0,180.26000000000002,0
Abia,2021,17,-8.614,-0.6214498040640785,0,0,203.4,0
Abia,2021,18,-14.105999999999998,-0.44371582957012057,0,0,149.96000000000004,0
Abia,2021,19,6.524000000000001,0.7460511532617264,0,0,98.98,0
Abia,2021,20,-15.541999999999998,-0.42972701199218927,0,0,98.19000000000001,0
Abia,2021,21,0.1839999999999975,0.024851881831767775,0,0,104.24,0
Abia,2021,22,92.19,1.731686323649223,1,1,245.72,0
Abia,2021,23,-23.244,-0.8168379435865838,0,0,261.38,0
Abia,2021,24,12.823999999999998,0.4366435706085943,0,0,289.69,0
Abia,2021,25,-22.524,-0.7129918595924262,0,0,299.2,0
Abia,2021,26,8.367999999999988,0.2995305407277745,0,0,204.51,0
Abia,2021,27,-9.707999999999998,-0.4487652266821014,0,0,230.05999999999997,0
Abia,2021,28,31.656,1.4981866143215625,0,0,243.58999999999997,0
Abia,2021,29,-33.85000000000001,-1.1037679321702973,0,0,216.25,0
Abia,2021,30,-40.482,-1.1426648645700692,0,0,155.95,0
Abia,2021,31,21.972,1.4378350463953413,0,0,137.57,0
Abia,2021,32,64.46200000000002,1.1300956616317759,1,1,207.47000000000003,0
Abia,2021,33,40.54,1.7788054225645573,0,0,260.36,0
Abia,2021,34,-8.443999999999999,-0.3290784139028016,0,0,284.2,0
Abia,2021,35,17.832,0.8631326851606134,0,0,292.77000000000004,0
Abia,2021,36,-14.672000000000004,-0.3582841170250589,0,0,191.37000000000003,0
Abia,2021,37,-15.504000000000001,-1.2382631009221101,0,0,151.01000000000002,0
Abia,2021,38,-20.622000000000007,-1.0027811305591583,0,0,163.71000000000004,0
Abia,2021,39,-10.21800000000001,-0.5056456602581306,0,0,145.92000000000002,0
Abia,2021,40,80.93400000000003,1.7830074388814825,1,1,245.78000000000003,0
Abia,2021,41,-11.61,-0.5617818954497493,0,0,253.04000000000002,0
Abia,2021,42,0.012000000000000455,0.0005372006026407449,0,0,251.25000000000006,0
Abia,2021,43,11.625999999999998,1.1200934790042723,0,0,251.66000000000005,0
Abia,2021,44,11.521999999999991,0.9619802057154391,0,0,165.16000000000003,0
Abia,2021,45,29.148000000000003,1.2179447512937478,0,0,187.77000000000004,0
Abia,2021,46,28.61,1.5919457397300107,0,0,192.58000000000004,0
Abia,2021,47,23.316,1.6813990869562117,0,0,188.38000000000002,0
Abia,2021,48,0.8740000000000006,0.29417389536253097,0,0,138.51000000000002,0
Abia,2021,49,-5.4239999999999995,-0.44338076781631724,0,0,85.16000000000003,0
Abia,2021,50,-3.42,-0.49302781291236353,0,0,39.810000000000024,0
Abia,2021,51,6.676,1.78022995474747,0,0,15.320000000000029,0
Abia,2021,52,7.1419999999999995,1.7876117464452181,0,0,20.14000000000003,0
Abia,2022,1,24.590000000000003,1.6037338208867298,0,0,54.28000000000003,0
Abia,2022,2,8.328,1.786640343619685,0,0,63.15000000000003,0
Abia,2022,3,20.524,1.7877178616121978,0,0,80.61000000000004,0
Abia,2022,4,1.2720000000000002,0.5903858589462887,0,0,76.12000000000002,0
Abia,2022,5,0.08600000000000008,0.09683849635042924,0,0,42.07000000000003,0
Abia,2022,6,-1.2799999999999998,-0.527320815613272,0,0,32.070000000000036,0
Abia,2022,7,0.338,1.426147642460299,0,0,6.570000000000029,0
Abia,2022,8,-5.268000000000001,-1.09757812900172,0,0,2.5400000000000285,0
Abia,2022,9,6.138,0.9624441621411894,0,0,18.420000000000027,0
Abia,2022,10,11.534000000000002,0.7543874386724181,0,0,53.00000000000003,0
Abia,2022,11,-8.996,-0.7954317434554107,0,0,54.35000000000003,0
Abia,2022,12,-9.453999999999997,-1.1422925643609572,0,0,59.06000000000003,0
Abia,2022,13,-0.02800000000000047,-0.005470099203231379,0,0,48.45000000000003,0
Abia,2022,14,13.153999999999996,0.4850023541127942,0,0,62.730000000000025,0
Abia,2022,15,-9.365999999999996,-0.3995061691820263,0,0,84.69000000000003,0
Abia,2022,16,25.16,1.4328140198551644,0,0,129.31,0
Abia,2022,17,11.225999999999999,0.8098903529630072,0,0,166.52000000000004,0
Abia,2022,18,-4.256,-0.13387597977105015,0,0,147.94000000000003,0
Abia,2022,19,-0.16600000000000037,-0.018982907946267145,0,0,140.65000000000003,0
Abia,2022,20,-5.821999999999996,-0.16097482073211455,0,0,130.91000000000003,0
Abia,2022,21,10.084,1.3619911760410308,0,0,127.02000000000004,0
Abia,2022,22,-17.659999999999997,-0.3317234024909998,0,0,148.80000000000004,0
Abia,2022,23,1.0360000000000014,0.03640699146255816,0,0,195.43000000000004,0
Abia,2022,24,-30.156000000000002,-1.0267797500992493,0,0,171.04000000000005,0
Abia,2022,25,-27.694000000000003,-0.8766469792023021,0,0,165.48000000000002,0
Abia,2022,26,-40.86200000000001,-1.4626454296389033,0,0,131.41000000000003,0
Abia,2022,27,-20.52799999999999,-0.9489341340471957,0,0,121.86000000000004,0
Abia,2022,28,-25.983999999999995,-1.2297473144595488,0,0,120.73000000000003,0
Abia,2022,29,-22.120000000000005,-0.7212805512439283,0,0,110.29000000000003,0
Abia,2022,30,33.66799999999999,0.9503295454855264,1,0,173.37000000000003,0
Abia,2022,31,-7.298000000000002,-0.4775769237480977,0,0,136.54000000000002,0
Abia,2022,32,27.322000000000003,0.47898721211106354,1,1,226.94,0
Abia,2022,33,-13.849999999999998,-0.6077073286265199,0,0,213.71000000000004,0
Abia,2022,34,32.936,1.2835772904195495,0,0,204.78000000000003,0
Abia,2022,35,10.922000000000004,0.5286639293026145,0,0,235.71,0
Abia,2022,36,44.768,1.0932158772476714,1,1,230.89000000000001,0
Abia,2022,37,5.275999999999996,0.4213800387296857,0,0,265.70000000000005,0
Abia,2022,38,31.087999999999994,1.5117088442839248,1,1,288.73,0
Abia,2022,39,33.342,1.6499547469491656,1,0,321.41,0
Abia,2022,40,-20.656000000000006,-0.4550596987364507,0,0,260.24,0
Abia,2022,41,-10.380000000000003,-0.5022649504537813,0,0,247.95000000000005,0
Abia,2022,42,-23.048,-1.0317832908052849,0,0,171.39000000000001,0
Abia,2022,43,1.1859999999999964,0.11426379374669388,0,0,117.80000000000001,0
Abia,2022,44,8.131999999999998,0.6789466267035198,0,0,129.50000000000003,0
Abia,2022,45,-14.882,-0.6218421088497856,0,0,106.85000000000001,0
Abia,2022,46,-11.380000000000003,-0.6332171449887286,0,0,94.73000000000002,0
Abia,2022,47,-8.584,-0.619022549426665,0,0,69.07000000000001,0
Abia,2022,48,-1.9259999999999997,-0.6482596366913435,0,0,19.790000000000013,0
Abia,2022,49,-4.484,-0.36654118047351897,0,0,11.410000000000014,0
Abia,2022,50,10.9,1.5713459534341412,0,0,20.370000000000015,0
Abia,2022,51,-1.8940000000000001,-0.5050562513918078,0,0,19.210000000000015,0
Abia,2022,52,-1.8779999999999997,-0.47005528700981786,0,0,17.810000000000016,0
Abia,2023,1,-9.55,-0.622840910511113,0,0,16.870000000000015,0
Abia,2023,2,-2.2219999999999995,-0.47669486593695237,0,0,0.8700000000000142,0
Abia,2023,3,-4.916,-0.4282021539507681,0,0,1.4600000000000142,0
Abia,2023,4,0.472,0.21907399797378002,0,0,5.190000000000014,0
Abia,2023,5,1.4860000000000002,1.6732791346132294,0,0,6.680000000000014,0
Abia,2023,6,3.41,1.404815610344733,0,0,11.920000000000016,0
Abia,2023,7,-0.21200000000000002,-0.8945068053301284,0,0,11.310000000000016,0
Abia,2023,8,5.302,1.1046619665844946,0,0,18.650000000000016,0
Abia,2023,9,5.548,0.8699316082696837,0,0,32.54000000000002,0
Abia,2023,10,4.084,0.2671162042256073,0,0,54.98000000000002,0
Abia,2023,11,18.704,1.653818956157181,0,0,84.58000000000001,0
Abia,2023,12,9.946000000000002,1.2017391416473542,0,0,98.12000000000002,0
Abia,2023,13,7.6419999999999995,1.4929463611104818,0,0,95.77000000000002,0
Abia,2023,14,-1.0760000000000005,-0.03967329580548631,0,0,103.27000000000001,0
Abia,2023,15,-16.466,-0.7023562440477523,0,0,90.43,0
Abia,2023,16,1.5400000000000027,0.08770006321848,0,0,92.03000000000002,0
Abia,2023,17,-20.234,-1.4597649565164341,0,0,90.11000000000001,0
Abia,2023,18,-21.006,-0.6607610035410432,0,0,69.01000000000002,0
Abia,2023,19,-4.996000000000002,-0.5713169162623523,0,0,63.990000000000016,0
Abia,2023,20,-7.411999999999999,-0.2049373705370034,0,0,76.28000000000002,0
Abia,2023,21,-5.526,-0.7463668424040794,0,0,88.24000000000001,0
Abia,2023,22,-38.83,-0.7293782400184329,0,0,105.60000000000001,0
Abia,2023,23,28.676000000000002,1.007728655579456,1,0,184.70000000000002,0
Abia,2023,24,-7.896000000000001,-0.2688504081039817,0,0,184.16000000000003,0
Abia,2023,25,30.736000000000004,0.9729407652474167,1,1,252.64000000000001,0
Abia,2023,26,27.17799999999999,0.9728299517088271,1,0,307.78,0
Abia,2023,27,-0.2980000000000018,-0.013775446801737439,1,0,290.82000000000005,0
Abia,2023,28,0.44600000000000506,0.0211078857084731,0,0,293.86,0
Abia,2023,29,3.789999999999992,0.12358287925924422,0,0,250.89999999999998,0
Abia,2023,30,34.348,0.9695235603046474,1,0,246.62,0
Abia,2023,31,-16.908,-1.1064497981272725,0,0,179.95,0
Abia,2023,32,-53.837999999999994,-0.943844283933659,0,0,162.76,0
Abia,2023,33,-8.969999999999999,-0.39358373557977494,0,0,128.5,0
Abia,2023,34,-22.304,-0.8692284395651454,0,0,63.65,0
Abia,2023,35,15.762000000000008,0.7629372691510539,0,0,109.03,0
Abia,2023,36,40.977999999999994,1.0006656589049112,1,1,181.57999999999998,0
Abia,2023,37,-10.444000000000003,-0.8341344057037229,0,0,195.79000000000002,0
Abia,2023,38,-16.382000000000005,-0.7966036505101411,0,0,226.59,0
Abia,2023,39,-1.7080000000000055,-0.08452170559022205,0,0,219.38,0
Abia,2023,40,-25.476,-0.5612461698784766,0,0,157.18,0
Abia,2023,41,35.05,1.6959909935842992,1,0,206.04000000000002,0
Abia,2023,42,-4.007999999999996,-0.17942500128200178,0,0,195.99,0
Abia,2023,43,-11.084000000000003,-1.0678751179497126,0,0,165.18,0
Abia,2023,44,-12.568000000000001,-1.0493115106259026,0,0,161.0,0
Abia,2023,45,-17.142,-0.7162758654685543,0,0,90.66,0
Abia,2023,46,-1.9400000000000013,-0.10794738675554781,0,0,68.94,0
Abia,2023,47,2.276,0.16413039637640836,0,0,66.41,0
Abia,2023,48,4.5440000000000005,1.5294349891617163,0,0,44.3,0
Abia,2023,49,-5.863999999999999,-0.47934823423209516,0,0,36.8,0
Abia,2023,50,-5.12,-0.7381001175764039,0,0,20.3,0
Abia,2023,51,-1.834,-0.489056581337157,0,0,8.34,0
Abia,2023,52,-1.8779999999999997,-0.47005528700981786,0,0,0.47000000000000003,0
Abia,2024,1,-9.58,-0.6247974788163835,0,0,0.8799999999999999,0
Abia,2024,2,-1.7519999999999998,-0.37586381868656193,0,0,1.3699999999999999,0
Abia,2024,3,-5.526000000000001,-0.4813354562107292,0,0,1.2899999999999998,0
Abia,2024,4,2.5420000000000007,1.1798434382401461,0,0,7.090000000000001,0
Abia,2024,5,-0.714,-0.803984725514028,0,0,6.410000000000001,0
Abia,2024,6,-1.97,-0.8115796927798017,0,0,5.800000000000001,0
Abia,2024,7,-0.15200000000000002,-0.6413445019348091,0,0,5.86,0
Abia,2024,8,-0.6779999999999999,-0.1412600553271006,0,0,5.15,0
Abia,2024,9,-3.831999999999999,-0.6008611973484909,0,0,11.860000000000001,0
Abia,2024,10,-19.066000000000003,-1.2470219269748848,0,0,16.53,0
Abia,2024,11,-7.586,-0.6707586934029286,0,0,19.78,0
Abia,2024,12,-7.093999999999998,-0.8571423155888122,0,0,22.26,0
Abia,2024,13,1.451999999999999,0.283663715824708,0,0,23.1,0
Abia,2024,14,-30.096,-1.1096724075854232,0,0,24.729999999999997,0
Abia,2024,15,-12.186,-0.5197931003258781,0,0,42.459999999999994,0
Abia,2024,16,-14.999999999999998,-0.8542213949851933,0,0,44.559999999999995,0
Abia,2024,17,10.155999999999999,0.7326961005426955,0,0,79.22,0
Abia,2024,18,55.804,1.7553607084454141,1,1,163.95,0
Abia,2024,19,-11.576,-1.3237719420842649,0,0,148.07,0
Abia,2024,20,61.758,1.7075717929876224,1,1,246.07,0
Abia,2024,21,3.7840000000000025,0.5110843524533185,0,0,236.95,0
Abia,2024,22,-31.64999999999999,-0.5945099484054441,0,0,184.68,0
Abia,2024,23,-33.684,-1.1837192089042543,0,0,208.0,0
Abia,2024,24,44.203999999999986,1.505099219836424,1,0,190.39,0
Abia,2024,25,37.876000000000005,1.1989557660239183,1,1,256.7,0
Abia,2024,26,-15.082000000000008,-0.5398565505803423,0,0,262.4,0
Abia,2024,27,-5.828000000000003,-0.26940706027021927,0,0,302.27,0
Abia,2024,28,-9.753999999999994,-0.46162851390234116,0,0,243.01,0
Abia,2024,29,45.47,1.4826684749123604,1,1,234.59,0
Abia,2024,30,-32.331999999999994,-0.9126189516644303,0,0,205.89,0
Abia,2024,31,-6.288000000000004,-0.4114831044845217,0,0,155.37,0
Abia,2024,32,-66.378,-1.1636854244018802,0,0,135.84,0
Abia,2024,33,-7.299999999999997,-0.32030783386090933,0,0,61.57,0
Abia,2024,34,21.016,0.8190326796046044,0,0,106.72,0
Abia,2024,35,-18.337999999999997,-0.88762489796295,0,0,107.38,0
Abia,2024,36,-23.632000000000005,-0.5770835778037209,0,0,127.85999999999999,0
Abia,2024,37,6.0859999999999985,0.4860725768970562,0,0,156.93,0
Abia,2024,38,0.3079999999999927,0.014977043362050885,0,0,161.1,0
Abia,2024,39,-1.088000000000008,-0.05384052440407611,0,0,188.60999999999999,0
Abia,2024,40,-15.156000000000006,-0.33389256361588143,0,0,201.33999999999997,0
Abia,2024,41,2.1899999999999977,0.10596919474891903,0,0,200.81,0
Abia,2024,42,-9.747999999999998,-0.4363859562118151,0,0,168.32999999999998,0
Abia,2024,43,8.355999999999995,0.8050491235643983,0,0,156.34,0
Abia,2024,44,-13.338000000000001,-1.1135993737053063,0,0,141.07,0
Abia,2024,45,-20.032,-0.8370340763660062,0,0,100.7,0
Abia,2024,46,-18.21,-1.013258717947693,0,0,68.45,0
Abia,2024,47,-9.514,-0.6860881331832818,0,0,34.69,0
Abia,2024,48,-3.1759999999999997,-1.0689888920725374,0,0,5.63,0
Abia,2024,49,-6.084,-0.4973319674399842,0,0,0.7999999999999999,0
Abia,2024,50,-5.24,-0.7553993390821009,0,0,0.45,0
Abia,2024,51,-1.9140000000000001,-0.5103894747433579,0,0,0.2,0
Abia,2024,52,-1.8579999999999997,-0.4650493734101393,0,0,0.07,0
Abia,2025,1,-9.5,-0.6195799633356621,0,0,0.78,0
Abia,2025,2,-2.3619999999999997,-0.5067296459689836,0,0,0.78,0
Abia,2025,3,-4.566000000000001,-0.397715832981938,0,0,1.74,0
Abia,2025,4,-2.878,-1.3357944198485994,0,0,2.1,0
Abia,2025,5,-0.604,-0.6801215325076652,0,0,1.45,0
Abia,2025,6,-1.8699999999999999,-0.7703827540600148,0,0,1.55,0
Abia,2025,7,-0.132,-0.5569570674697025,0,0,0.67,0
Abia,2025,8,4.542,0.9463173617930544,0,0,10.600000000000001,0
Abia,2025,9,1.008000000000001,0.1580553462753861,0,0,22.04,0
Abia,2025,10,-12.696000000000002,-0.8303886701391555,0,0,32.98,0
Abia,2025,11,2.1839999999999993,0.19311059667703603,0,0,45.980000000000004,0
Abia,2025,12,0.6960000000000015,0.08409515811246332,0,0,51.03,0
Abia,2025,13,-3.2680000000000007,-0.6384387212914232,0,0,42.31,0
Abia,2025,14,-20.146,-0.7428050346629431,0,0,47.52,0
Abia,2025,15,-2.9959999999999987,-0.12779420060531185,0,0,64.67,0
Abia,2025,16,-18.189999999999998,-1.0358858116520444,0,0,55.79,0
Abia,2025,17,7.466000000000001,0.5386283070748096,0,0,92.48,0
Abia,2025,18,-16.436,-0.5170078955632003,0,0,95.02000000000001,0
Abia,2025,19,10.213999999999999,1.1680206130311575,0,0,91.74,0
Abia,2025,20,-32.982,-0.911932589726315,0,0,98.19,0
Abia,2025,21,-8.526,-1.1515605679220378,0,0,79.45,0
Abia,2025,22,-4.049999999999997,-0.0760747327343459,0,0,127.02000000000001,0
Abia,2025,23,27.215999999999994,0.9564215054488238,1,0,189.45,0
Abia,2025,24,-18.976000000000003,-0.6461126322417878,0,0,203.39999999999998,0
Abia,2025,25,-18.394,-0.5822576924766065,0,0,225.75,0
Abia,2025,26,20.39799999999999,0.7301414877826423,1,0,239.32999999999998,0
Abia,2025,27,36.36200000000001,1.6808818678012545,1,1,260.49,0
Abia,2025,28,3.636000000000003,0.17208132833185513,0,0,277.8,0
Abia,2025,29,6.709999999999994,0.21879712924261996,0,0,286.89,0
Abia,2025,30,4.798000000000002,0.13543071044432572,0,0,259.84000000000003,0
Abia,2025,31,8.521999999999998,0.5576747799645502,0,0,181.94,0
Abia,2025,32,28.432000000000002,0.49844683459270034,1,1,243.82999999999998,0
Abia,2025,33,-10.419999999999998,-0.45720652449735283,0,0,205.2,0
Abia,2025,34,-23.203999999999997,-0.9043031165562067,0,0,169.0,0
Abia,2025,35,-26.177999999999997,-1.267108985651331,0,0,147.01,0
Abia,2025,36,-47.44200000000001,-1.1585138413238034,0,0,48.87,0
Abia,2025,37,14.585999999999999,1.1649448909990903,0,0,89.56,0
Abia,2025,38,5.60799999999999,0.2726988934233221,0,0,143.25,0
Abia,2025,39,-20.328000000000007,-1.0059468566967382,0,0,159.35999999999999,0
Abia,2025,40,-19.646,-0.43280900665067334,0,0,191.41,0
Abia,2025,41,-15.250000000000004,-0.7379133424296882,0,0,164.94,0
Abia,2025,42,36.792,1.6470570476964614,1,0,173.7,0
Abia,2025,43,-10.084000000000003,-0.9715312783656533,0,0,162.51000000000002,0
Abia,2025,44,6.251999999999995,0.5219840519122484,0,0,171.32,0
Abia,2025,45,22.908,0.9572072993905987,0,0,191.32999999999998,0
Abia,2025,46,2.919999999999998,0.16247750996195834,0,0,133.67,0
Abia,2025,47,-7.494,-0.5404188007226732,0,0,120.37,0
Abia,2025,48,-0.31599999999999984,-0.10636035576036577,0,0,74.58,0
Abia,2025,49,21.855999999999998,1.7866021499619156,0,0,54.75,0
Abia,2025,50,2.879999999999999,0.41518131613672704,0,0,41.38999999999999,0
Abia,2025,51,-1.0340000000000003,-0.2757276472751475,0,0,40.0,0
Abia,2025,52,-1.5279999999999996,-0.38245179901544285,0,0,37.34,0
Abia,2026,1,-10.01,-0.6528416245252607,0,0,9.6,0
Adamawa,2020,53,0.0,0,0,0,0.0,0
Adamawa,2021,1,0.0,0,0,0,0.0,0
Adamawa,2021,2,0.0,0,0,0,0.0,0
Adamawa,2021,3,0.0,0,0,0,0.0,0
Adamawa,2021,4,0.0,0,0,0,0.0,0
Adamawa,2021,5,0.0,0,0,0,0.0,0
Adamawa,2021,6,0.0,0,0,0,0.0,0
Adamawa,2021,7,0.0,0,0,0,0.0,0
Adamawa,2021,8,-0.008,-0.447213595499958,0,0,0.0,0
Adamawa,2021,9,-1.3980000000000001,-0.456132143119298,0,0,0.0,0
Adamawa,2021,10,7.188,1.7879673204781736,0,0,9.09,0
Adamawa,2021,11,-1.246,-0.4033644815020517,0,0,9.28,0
Adamawa,2021,12,0.48600000000000004,1.3687154487677238,0,0,10.06,0
Adamawa,2021,13,-0.11400000000000002,-0.4571718618745076,0,0,10.06,0
Adamawa,2021,14,-4.762,-0.46061284906893063,0,0,2.42,0
Adamawa,2021,15,2.644,0.8267495108328661,0,0,8.28,0
Adamawa,2021,16,-16.262,-0.5883031797820779,0,0,8.5,0
Adamawa,2021,17,-6.960000000000001,-0.527733832619755,0,0,13.68,0
Adamawa,2021,18,1.8200000000000003,0.4312887028012867,0,0,28.71,0
Adamawa,2021,19,29.311999999999998,1.621630966172699,1,0,69.96,0
Adamawa,2021,20,3.5319999999999965,0.11179143628615258,0,0,100.63999999999999,0
Adamawa,2021,21,-14.377999999999998,-0.477381043838073,0,0,102.21999999999998,0
Adamawa,2021,22,18.154,1.4680193023462957,0,0,123.35,0
Adamawa,2021,23,0.9660000000000011,0.08384490200045806,0,0,98.05,0
Adamawa,2021,24,10.868000000000002,0.7148312128332678,0,0,100.72,0
Adamawa,2021,25,-3.109999999999996,-0.24199169296289524,0,0,124.65,0
Adamawa,2021,26,36.767999999999994,1.7359737188286393,1,1,168.64,0
Adamawa,2021,27,20.854,1.5758356383736911,1,0,194.22,0
Adamawa,2021,28,21.976,0.7155239626095171,1,1,219.26,0
Adamawa,2021,29,-50.49200000000002,-0.33767096238638694,1,0,240.46,0
Adamawa,2021,30,-57.584,-0.5735714361382216,0,0,179.89000000000001,0
Adamawa,2021,31,-9.037999999999997,-0.4973968067786421,0,0,159.31,0
Adamawa,2021,32,35.498000000000005,1.4110600338644388,1,1,173.82,0
Adamawa,2021,33,-1.8639999999999937,-0.12246558847410158,0,0,153.87,0
Adamawa,2021,34,6.725999999999999,0.34328842450921077,0,0,175.52,0
Adamawa,2021,35,-8.564000000000002,-0.7440960314028161,0,0,162.14000000000001,0
Adamawa,2021,36,-0.8019999999999996,-0.04121115418628603,1,0,138.78,0
Adamawa,2021,37,12.966000000000001,0.8837715278238919,0,0,147.23000000000002,0
Adamawa,2021,38,53.46600000000001,1.664763982748176,1,1,195.09,0
Adamawa,2021,39,-9.244,-0.7306012969264314,0,0,196.17,0
Adamawa,2021,40,-6.468,-0.45412394487350516,0,0,169.41,0
Adamawa,2021,41,-1.274,-0.25444742746637805,0,0,134.12,0
Adamawa,2021,42,4.347999999999999,0.9818508811150836,0,0,54.95,0
Adamawa,2021,43,7.3,1.749731857885935,0,0,50.099999999999994,0
Adamawa,2021,44,18.014,1.785157288841769,0,0,49.31,0
Adamawa,2021,45,53.292,1.7888401974952686,1,1,110.9,0
Adamawa,2021,46,0.848,0.9295586102147219,0,0,101.04,0
Adamawa,2021,47,0.022,1.687322975464215,0,0,91.22000000000001,0
Adamawa,2021,48,0.008,1.7888543819998317,0,0,68.24000000000001,0
Adamawa,2021,49,0.0,0,0,0,1.5500000000000143,0
Adamawa,2021,50,0.0,0,0,0,0.04000000000001421,0
Adamawa,2021,51,0.312,1.7888543819998317,0,0,0.40000000000001423,0
Adamawa,2021,52,2.568,1.788854381999832,0,0,3.6000000000000143,0
Adamawa,2022,1,0.0,0,0,0,3.6000000000000143,0
Adamawa,2022,2,0.0,0,0,0,3.6000000000000143,0
Adamawa,2022,3,0.0,0,0,0,3.210000000000014,0
Adamawa,2022,4,0.0,0,0,0,0.0,0
Adamawa,2022,5,0.0,0,0,0,0.0,0
Adamawa,2022,6,0.0,0,0,0,0.0,0
Adamawa,2022,7,0.0,0,0,0,0.0,0
Adamawa,2022,8,-0.008,-0.447213595499958,0,0,0.0,0
Adamawa,2022,9,-1.3980000000000001,-0.456132143119298,0,0,0.0,0
Adamawa,2022,10,-1.8319999999999999,-0.45569784795715274,0,0,0.07000000000001422,0
Adamawa,2022,11,-1.436,-0.4648727090184159,0,0,0.07000000000001422,0
Adamawa,2022,12,-0.174,-0.4900339261020245,0,0,0.1900000000000142,0
Adamawa,2022,13,0.44600000000000006,1.7885846525967577,0,0,0.7500000000000142,0
Adamawa,2022,14,18.148,1.7553973088834425,0,0,25.040000000000013,0
Adamawa,2022,15,4.223999999999999,1.320798008229208,0,0,32.670000000000016,0
Adamawa,2022,16,48.798,1.7653436580375008,1,1,98.61000000000001,0
Adamawa,2022,17,21.880000000000003,1.6590253243850919,0,0,132.07000000000002,0
Adamawa,2022,18,2.3299999999999983,0.5521443283115369,0,0,124.70000000000002,0
Adamawa,2022,19,1.8719999999999999,0.1035648597391953,0,0,136.93,0
Adamawa,2022,20,52.61199999999999,1.6652239654266887,1,1,151.63,0
Adamawa,2022,21,53.362,1.771735099547034,1,1,192.11,0
Adamawa,2022,22,3.6239999999999988,0.293053979932961,0,0,198.20000000000002,0
Adamawa,2022,23,7.036000000000001,0.6106964083594434,0,0,206.41,0
Adamawa,2022,24,19.098,1.2561507639574665,0,0,168.23000000000002,0
Adamawa,2022,25,17.490000000000002,1.3609114822897248,1,0,145.02,0
Adamawa,2022,26,-4.042000000000002,-0.19084001771935824,0,0,162.73000000000002,0
Adamawa,2022,27,-0.5760000000000005,-0.04352552640755955,0,0,160.81,0
Adamawa,2022,28,37.786,1.2302870609375325,1,1,193.43,0
Adamawa,2022,29,-60.60200000000002,-0.40528273117602437,0,0,183.92000000000002,0
Adamawa,2022,30,-17.114000000000004,-0.1704657814335497,1,1,204.63000000000002,0
Adamawa,2022,31,20.502000000000002,1.128305967313092,1,0,235.02,0
Adamawa,2022,32,14.338000000000001,0.56994137037434,1,0,212.56,0
Adamawa,2022,33,15.796000000000006,1.0378038817258133,1,0,220.38000000000002,0
Adamawa,2022,34,29.836000000000006,1.522800094210053,1,1,224.67000000000002,0
Adamawa,2022,35,18.166,1.5783802553086823,0,0,208.48000000000002,0
Adamawa,2022,36,32.967999999999996,1.694076472834761,1,1,240.05,0
Adamawa,2022,37,0.5560000000000009,0.03789734455268276,0,0,218.43,0
Adamawa,2022,38,-16.453999999999997,-0.51232608708597,0,0,173.26000000000002,0
Adamawa,2022,39,-8.414,-0.6650020891755727,0,0,148.44000000000003,0
Adamawa,2022,40,2.9819999999999958,0.20936883172739493,0,0,97.36000000000003,0
Adamawa,2022,41,-2.574,-0.5140876595749271,0,0,73.18000000000002,0
Adamawa,2022,42,-2.652000000000001,-0.5988658088126042,0,0,56.93000000000003,0
Adamawa,2022,43,-2.07,-0.4961568418936829,0,0,41.880000000000024,0
Adamawa,2022,44,-4.856,-0.48122148299187467,0,0,8.770000000000028,0
Adamawa,2022,45,-13.398,-0.44972755696993183,0,0,4.970000000000027,0
Adamawa,2022,46,-0.662,-0.7256695754270589,0,0,0.6000000000000284,0
Adamawa,2022,47,-0.008,-0.6135719910778964,0,0,0.12000000000002842,0
Adamawa,2022,48,-0.002,-0.4472135954999579,0,0,0.0,0
Adamawa,2022,49,0.0,0,0,0,0.0,0
Adamawa,2022,50,0.0,0,0,0,0.0,0
Adamawa,2022,51,-0.078,-0.4472135954999579,0,0,0.0,0
Adamawa,2022,52,-0.642,-0.447213595499958,0,0,0.0,0
Adamawa,2023,1,0.0,0,0,0,0.0,0
Adamawa,2023,2,0.0,0,0,0,0.0,0
Adamawa,2023,3,0.0,0,0,0,0.0,0
Adamawa,2023,4,0.0,0,0,0,0.0,0
Adamawa,2023,5,0.0,0,0,0,0.0,0
Adamawa,2023,6,0.0,0,0,0,0.0,0
Adamawa,2023,7,0.0,0,0,0,0.0,0
Adamawa,2023,8,-0.008,-0.447213595499958,0,0,0.0,0
Adamawa,2023,9,5.481999999999999,1.7886383466237419,0,0,6.880000000000028,0
Adamawa,2023,10,-1.5819999999999999,-0.39351200625994304,0,0,7.200000000000029,0
Adamawa,2023,11,-1.406,-0.4551608836210952,0,0,7.230000000000028,0
Adamawa,2023,12,0.26600000000000007,0.7491323238111411,0,0,7.7900000000000285,0
Adamawa,2023,13,-0.11400000000000002,-0.4571718618745076,0,0,0.9100000000000285,0
Adamawa,2023,14,-1.2219999999999995,-0.11820010532596242,0,0,5.5800000000000285,0
Adamawa,2023,15,-1.8059999999999996,-0.564716193859363,0,0,7.150000000000029,0
Adamawa,2023,16,-8.952,-0.323852543685227,0,0,14.90000000000003,0
Adamawa,2023,17,2.709999999999999,0.20548256988499072,0,0,29.75000000000003,0
Adamawa,2023,18,-7.380000000000001,-1.748851992677745,0,0,32.04000000000003,0
Adamawa,2023,19,-2.048,-0.11330172689416239,0,0,46.380000000000024,0
Adamawa,2023,20,-9.688000000000002,-0.3066351740487677,0,0,56.53000000000003,0
Adamawa,2023,21,-6.277999999999999,-0.20844332961576173,0,0,56.540000000000035,0
Adamawa,2023,22,-14.936,-1.2077964250217184,0,0,53.78000000000003,0
Adamawa,2023,23,14.466000000000001,1.2555904268515787,0,0,73.34000000000003,0
Adamawa,2023,24,-16.782,-1.1038183119035607,0,0,61.58000000000003,0
Adamawa,2023,25,-6.609999999999996,-0.5143296110883404,0,0,73.91000000000003,0
Adamawa,2023,26,-16.172,-0.7635489278964523,0,0,98.05000000000003,0
Adamawa,2023,27,-11.565999999999999,-0.8739865250517939,0,0,77.71000000000004,0
Adamawa,2023,28,-26.254,-0.8548128009806272,0,0,82.17000000000003,0
Adamawa,2023,29,-79.84200000000001,-0.5339524078835044,0,0,77.52000000000002,0
Adamawa,2023,30,-66.284,-0.6602286932652452,0,0,61.19000000000003,0
Adamawa,2023,31,-4.477999999999998,-0.2464420115904801,0,0,77.59000000000003,0
Adamawa,2023,32,-13.102,-0.5208098643217047,0,0,91.73000000000003,0
Adamawa,2023,33,-3.5739999999999945,-0.23481331180602996,0,0,99.42000000000002,0
Adamawa,2023,34,-13.204,-0.6739191729437437,0,0,109.84000000000003,0
Adamawa,2023,35,3.7360000000000007,0.32460798380673994,0,0,104.20000000000002,0
Adamawa,2023,36,-3.922000000000004,-0.20153384877632677,1,0,126.32000000000002,0
Adamawa,2023,37,-7.873999999999999,-0.5366972859852941,0,0,115.64000000000004,0
Adamawa,2023,38,-24.483999999999998,-0.7623551669024489,0,0,105.48000000000005,0
Adamawa,2023,39,-2.0939999999999976,-0.16549968798831086,0,0,101.41000000000003,0
Adamawa,2023,40,-15.678,-1.1007661112750176,0,0,68.56000000000003,0
Adamawa,2023,41,-1.9639999999999995,-0.39225647373937705,0,0,53.42000000000003,0
Adamawa,2023,42,-3.0820000000000003,-0.695966976908162,0,0,44.77000000000003,0
Adamawa,2023,43,-2.54,-0.608810810826065,0,0,22.930000000000028,0
Adamawa,2023,44,-3.386,-0.33554694015866715,0,0,9.950000000000028,0
Adamawa,2023,45,-13.378,-0.4490562216109679,0,0,5.560000000000028,0
Adamawa,2023,46,1.138,1.2474501160664546,0,0,3.4200000000000284,0
Adamawa,2023,47,0.002,0.1533929977694741,0,0,3.420000000000029,0
Adamawa,2023,48,-0.002,-0.4472135954999579,0,0,1.8300000000000285,0
Adamawa,2023,49,0.0,0,0,0,1.8100000000000285,0
Adamawa,2023,50,0.0,0,0,0,0.010000000000028422,0
Adamawa,2023,51,-0.078,-0.4472135954999579,0,0,0.0,0
Adamawa,2023,52,-0.642,-0.447213595499958,0,0,0.0,0
Adamawa,2024,1,0.0,0,0,0,0.0,0
Adamawa,2024,2,0.0,0,0,0,0.0,0
Adamawa,2024,3,0.0,0,0,0,0.0,0
Adamawa,2024,4,0.0,0,0,0,0.0,0
Adamawa,2024,5,0.0,0,0,0,0.0,0
Adamawa,2024,6,0.0,0,0,0,0.0,0
Adamawa,2024,7,0.0,0,0,0,0.0,0
Adamawa,2024,8,0.032,1.788854381999832,0,0,0.04000000000002842,0
Adamawa,2024,9,-1.288,-0.4202419172658482,0,0,0.15000000000002842,0
Adamawa,2024,10,-1.8719999999999999,-0.4656475826287063,0,0,0.18000000000002842,0
Adamawa,2024,11,5.524,1.7882707831599787,0,0,7.140000000000028,0
Adamawa,2024,12,-0.294,-0.8279883578965241,0,0,7.100000000000028,0
Adamawa,2024,13,-0.11400000000000002,-0.4571718618745076,0,0,6.990000000000028,0
Adamawa,2024,14,-6.202,-0.5998993888965788,0,0,6.970000000000028,0
Adamawa,2024,15,-2.5759999999999996,-0.8054866641094791,0,0,0.8400000000000285,0
Adamawa,2024,16,-6.672000000000001,-0.24136999234448556,0,0,11.430000000000028,0
Adamawa,2024,17,-7.11,-0.539107406598629,0,0,16.46000000000003,0
Adamawa,2024,18,0.4299999999999997,0.10189788033217206,0,0,31.540000000000028,0
Adamawa,2024,19,-11.777999999999999,-0.6515955758591038,0,0,36.92000000000003,0
Adamawa,2024,20,-27.668000000000003,-0.8757206849278802,0,0,26.81000000000003,0
Adamawa,2024,21,-16.278,-0.5404651990260226,0,0,26.64000000000003,0
Adamawa,2024,22,-6.776,-0.5479397814640575,0,0,24.23000000000003,0
Adamawa,2024,23,-14.303999999999998,-1.241529480553365,0,0,24.75000000000003,0
Adamawa,2024,24,-12.642,-0.8315141877657499,0,0,35.11000000000003,0
Adamawa,2024,25,-15.529999999999998,-1.2084022481394752,0,0,48.520000000000024,0
Adamawa,2024,26,-4.561999999999998,-0.21539143019191279,0,0,76.11000000000004,0
Adamawa,2024,27,-11.196,-0.8460274195469379,0,0,84.91000000000003,0
Adamawa,2024,28,-34.244,-1.1149618936840329,0,0,77.24000000000002,0
Adamawa,2024,29,266.658,1.783305543215344,1,1,428.01000000000005,0
Adamawa,2024,30,176.266,1.7557158718105683,1,1,642.6200000000001,0
Adamawa,2024,31,16.182000000000002,0.8905593192400963,1,0,679.3100000000001,0
Adamawa,2024,32,-28.842,-1.1464813087136778,0,0,685.7,0
Adamawa,2024,33,-22.603999999999996,-1.4850923615174898,0,0,327.86000000000007,0
Adamawa,2024,34,-2.9339999999999975,-0.14974847420606954,0,0,106.00000000000006,0
Adamawa,2024,35,-3.2340000000000018,-0.2809909581453419,0,0,72.73000000000006,0
Adamawa,2024,36,-11.562000000000005,-0.594118908605785,0,0,102.95000000000006,0
Adamawa,2024,37,-20.354,-1.3873427176714093,0,0,98.82000000000005,0
Adamawa,2024,38,-18.883999999999997,-0.5879886853367849,0,0,83.99000000000007,0
Adamawa,2024,39,21.806,1.7234413544761753,1,0,110.79000000000006,0
Adamawa,2024,40,-3.2880000000000003,-0.2308533597316149,0,0,97.97000000000006,0
Adamawa,2024,41,-3.0639999999999996,-0.6119520547543031,0,0,94.21000000000006,0
Adamawa,2024,42,5.2780000000000005,1.1918603842054767,0,0,88.32000000000006,0
Adamawa,2024,43,-2.34,-0.5608729517059025,0,0,42.78000000000006,0
Adamawa,2024,44,-4.976,-0.4931132824068304,0,0,15.820000000000059,0
Adamawa,2024,45,-13.398,-0.44972755696993183,0,0,12.510000000000058,0
Adamawa,2024,46,-0.662,-0.7256695754270589,0,0,0.21000000000005684,0
Adamawa,2024,47,-0.008,-0.6135719910778964,0,0,0.0,0
Adamawa,2024,48,-0.002,-0.4472135954999579,0,0,0.0,0
Adamawa,2024,49,0.0,0,0,0,0.0,0
Adamawa,2024,50,0.0,0,0,0,0.0,0
Adamawa,2024,51,-0.078,-0.4472135954999579,0,0,0.0,0
Adamawa,2024,52,-0.642,-0.447213595499958,0,0,0.0,0
Adamawa,2025,1,0.0,0,0,0,0.0,0
Adamawa,2025,2,0.0,0,0,0,0.0,0
Adamawa,2025,3,0.0,0,0,0,0.0,0
Adamawa,2025,4,0.0,0,0,0,0.0,0
Adamawa,2025,5,0.0,0,0,0,0.0,0
Adamawa,2025,6,0.0,0,0,0,0.0,0
Adamawa,2025,7,0.0,0,0,0,0.0,0
Adamawa,2025,8,-0.008,-0.447213595499958,0,0,0.0,0
Adamawa,2025,9,-1.3980000000000001,-0.456132143119298,0,0,0.0,0
Adamawa,2025,10,-1.902,-0.4731098836323715,0,0,0.0,0
Adamawa,2025,11,-1.436,-0.4648727090184159,0,0,0.0,0
Adamawa,2025,12,-0.284,-0.7998254885803158,0,0,0.010000000000056844,0
Adamawa,2025,13,-0.10400000000000002,-0.417069066973235,0,0,0.020000000000056844,0
Adamawa,2025,14,-5.962,-0.5766849655919707,0,0,0.27000000000005686,0
Adamawa,2025,15,-2.4859999999999998,-0.7773446610932317,0,0,1.1900000000000568,0
Adamawa,2025,16,-16.912,-0.6118179422257103,0,0,1.5300000000000569,0
Adamawa,2025,17,-10.52,-0.7976666550516985,0,0,3.140000000000057,0
Adamawa,2025,18,2.8000000000000007,0.6635210812327489,0,0,20.35000000000006,0
Adamawa,2025,19,-17.358,-0.9602985231586283,0,0,20.060000000000056,0
Adamawa,2025,20,-18.788000000000004,-0.594659542736194,0,0,29.070000000000057,0
Adamawa,2025,21,-16.427999999999997,-0.5454455270671764,0,0,32.16000000000006,0
Adamawa,2025,22,-0.06599999999999895,-0.005337075793480995,0,0,34.09000000000006,0
Adamawa,2025,23,-8.164,-0.7086022566581147,0,0,46.330000000000055,0
Adamawa,2025,24,-0.541999999999998,-0.03564947712142342,0,0,59.91000000000005,0
Adamawa,2025,25,7.760000000000005,0.6038120699009875,0,0,96.76000000000005,0
Adamawa,2025,26,-11.991999999999997,-0.5661933430209161,0,0,110.21000000000006,0
Adamawa,2025,27,2.4840000000000018,0.18770383263260051,0,0,126.55000000000007,0
Adamawa,2025,28,0.7359999999999971,0.023963671117610236,0,0,141.76000000000008,0
Adamawa,2025,29,-75.72200000000002,-0.5063994417694286,0,0,126.86000000000007,0
Adamawa,2025,30,-35.284000000000006,-0.3514499609735519,0,0,137.35000000000008,0
Adamawa,2025,31,-23.168,-1.2750264681840655,0,0,121.01000000000006,0
Adamawa,2025,32,-7.8919999999999995,-0.3137102312033959,0,0,113.37000000000006,0
Adamawa,2025,33,12.246000000000002,0.8045673800718096,1,0,132.76000000000005,0
Adamawa,2025,34,-20.424,-1.04242087156945,0,0,104.96000000000005,0
Adamawa,2025,35,-10.104000000000001,-0.8779012495672645,0,0,104.17000000000004,0
Adamawa,2025,36,-16.682000000000002,-0.8572125612663641,0,0,108.32000000000006,0
Adamawa,2025,37,14.706000000000003,1.0023711312801293,0,0,104.40000000000006,0
Adamawa,2025,38,6.356000000000002,0.19790595657702853,0,0,132.30000000000007,0
Adamawa,2025,39,-2.0539999999999985,-0.1623382803858599,0,0,142.11000000000007,0
Adamawa,2025,40,22.452,1.5763745841527426,1,0,160.15000000000006,0
Adamawa,2025,41,8.876000000000001,1.7727436155349858,0,0,133.27000000000007,0
Adamawa,2025,42,-3.8920000000000003,-0.8788784795997945,0,0,92.97000000000006,0
Adamawa,2025,43,-0.34999999999999964,-0.08389125346028448,0,0,73.28000000000007,0
Adamawa,2025,44,-4.796,-0.47527558328439684,0,0,20.76000000000006,0
Adamawa,2025,45,-13.118,-0.44032886194443693,0,0,5.790000000000057,0
Adamawa,2025,46,-0.662,-0.7256695754270589,0,0,2.660000000000057,0
Adamawa,2025,47,-0.008,-0.6135719910778964,0,0,0.46000000000005686,0
Adamawa,2025,48,-0.002,-0.4472135954999579,0,0,0.28000000000005687,0
Adamawa,2025,49,0.0,0,0,0,0.0,0
Adamawa,2025,50,0.0,0,0,0,0.0,0
Adamawa,2025,51,-0.078,-0.4472135954999579,0,0,0.0,0
Adamawa,2025,52,-0.642,-0.447213595499958,0,0,0.0,0
Adamawa,2026,1,0.0,0,0,0,0.0,0
Akwa Ibom,2020,53,0.0,0,0,0,0.08,0
Akwa Ibom,2021,1,10.75,1.1737534226855233,0,0,17.72,0
Akwa Ibom,2021,2,-3.6940000000000004,-0.5366093190295038,0,0,18.2,0
Akwa Ibom,2021,3,-6.6819999999999995,-0.5977396514808796,0,0,18.2,0
Akwa Ibom,2021,4,-0.3340000000000001,-0.2356745633301236,0,0,20.35,0
Akwa Ibom,2021,5,-1.9279999999999997,-0.7104979345009541,0,0,2.8,0
Akwa Ibom,2021,6,1.1960000000000006,0.14578827011944578,0,0,9.02,0
Akwa Ibom,2021,7,-0.03400000000000003,-0.04482501120661776,0,0,9.73,0
Akwa Ibom,2021,8,-2.5460000000000003,-0.5990069256619882,0,0,10.79,0
Akwa Ibom,2021,9,-14.832,-1.6563129568325272,0,0,13.52,0
Akwa Ibom,2021,10,1.2340000000000018,0.05406769352770138,0,0,45.21,0
Akwa Ibom,2021,11,-7.4719999999999995,-0.6017133526992586,0,0,52.03,0
Akwa Ibom,2021,12,6.494,1.581829821298769,0,0,71.9,0
Akwa Ibom,2021,13,-19.664,-1.7322657587697976,0,0,69.41000000000001,0
Akwa Ibom,2021,14,130.088,1.770385414408861,1,1,230.14000000000001,0
Akwa Ibom,2021,15,29.064,1.4821932253105907,0,0,299.25,0
Akwa Ibom,2021,16,-12.920000000000009,-0.30918143883668286,0,0,318.24000000000007,0
Akwa Ibom,2021,17,105.55,1.707109032922731,1,1,490.65,0
Akwa Ibom,2021,18,40.974000000000004,1.511583143896491,0,0,383.12,0
Akwa Ibom,2021,19,12.040000000000003,0.8260957144466261,0,0,345.91,0
Akwa Ibom,2021,20,-15.946000000000002,-0.7698863889993524,0,0,329.77,0
Akwa Ibom,2021,21,7.201999999999998,0.48150267314939893,0,0,205.51,0
Akwa Ibom,2021,22,-52.80200000000001,-1.1009956621647183,0,0,161.59,0
Akwa Ibom,2021,23,-58.68600000000001,-0.5263520799431143,0,0,162.07999999999998,0
Akwa Ibom,2021,24,-13.373999999999988,-0.29699449371177783,0,0,188.95000000000002,0
Akwa Ibom,2021,25,-25.88600000000001,-0.5418205816171251,0,0,217.13000000000002,0
Akwa Ibom,2021,26,-38.0,-0.6289814791241118,0,0,239.43,0
Akwa Ibom,2021,27,-46.554000000000016,-0.5481047932654443,0,0,278.39,0
Akwa Ibom,2021,28,5.5660000000000025,0.307367050130707,0,0,306.53,0
Akwa Ibom,2021,29,-57.554,-1.4820373523933794,0,0,254.75,0
Akwa Ibom,2021,30,-64.996,-1.2027263402381994,0,0,193.85999999999999,0
Akwa Ibom,2021,31,-6.033999999999999,-0.27570794244923796,0,0,146.59,0
Akwa Ibom,2021,32,26.11200000000001,0.4768914512803065,1,0,186.11,0
Akwa Ibom,2021,33,12.949999999999996,0.6390716622108209,0,0,213.59,0
Akwa Ibom,2021,34,-48.036,-0.7397197686265169,0,0,242.39999999999998,0
Akwa Ibom,2021,35,80.10400000000001,1.0293028780911417,1,1,384.0,0
Akwa Ibom,2021,36,-42.831999999999994,-0.28576412210704316,0,0,328.86,0
Akwa Ibom,2021,37,-1.6480000000000032,-0.05578151336054659,0,0,336.19,0
Akwa Ibom,2021,38,-53.29600000000001,-0.4826169445128374,0,0,347.19,0
Akwa Ibom,2021,39,-30.874000000000002,-0.3132458331755001,0,0,237.71,0
Akwa Ibom,2021,40,40.519999999999996,1.5146046507208857,0,0,270.03,0
Akwa Ibom,2021,41,41.024,1.5301979486735553,1,0,312.9,0
Akwa Ibom,2021,42,-5.977999999999994,-0.41055356796053116,0,0,299.29,0
Akwa Ibom,2021,43,-13.251999999999995,-0.47079657119578516,0,0,275.45,0
Akwa Ibom,2021,44,-13.052000000000007,-0.4515757825894756,0,0,222.1,0
Akwa Ibom,2021,45,14.083999999999996,0.476418281225803,0,0,166.05,0
Akwa Ibom,2021,46,40.87800000000001,1.557342610469788,0,0,204.81,0
Akwa Ibom,2021,47,11.654,1.6682100397563426,0,0,184.22000000000003,0
Akwa Ibom,2021,48,0.35599999999999987,0.07309070870545623,0,0,145.4,0
Akwa Ibom,2021,49,-4.598000000000001,-0.6447972690101782,0,0,99.98,0
Akwa Ibom,2021,50,-3.0900000000000007,-0.4168120383659108,0,0,30.54,0
Akwa Ibom,2021,51,38.11,1.7877093937925606,0,0,59.489999999999995,0
Akwa Ibom,2021,52,4.078,1.7332771405413092,0,0,59.629999999999995,0
Akwa Ibom,2022,1,12.82,1.3997691980305498,0,0,78.25,0
Akwa Ibom,2022,2,12.106000000000002,1.7585794304740587,0,0,89.93,0
Akwa Ibom,2022,3,19.308,1.7272010162814762,0,0,67.66999999999999,0
Akwa Ibom,2022,4,-0.04400000000000004,-0.031046948462651033,0,0,64.5,0
Akwa Ibom,2022,5,3.032,1.117339075418513,0,0,49.83999999999999,0
Akwa Ibom,2022,6,-4.044,-0.49294963575504885,0,0,35.01999999999999,0
Akwa Ibom,2022,7,1.256,1.6558886492797606,0,0,11.029999999999994,0
Akwa Ibom,2022,8,-5.256,-1.2365987436289905,0,0,9.089999999999993,0
Akwa Ibom,2022,9,3.9480000000000004,0.4408794197394025,0,0,25.639999999999993,0
Akwa Ibom,2022,10,24.444000000000003,1.07101353370432,0,0,85.78,0
Akwa Ibom,2022,11,-10.261999999999999,-0.8263895108939765,0,0,88.52,0
Akwa Ibom,2022,12,-3.766,-0.9173346330476077,0,0,100.84,0
Akwa Ibom,2022,13,8.986,0.7916059859797295,0,0,108.22,0
Akwa Ibom,2022,14,-19.582000000000008,-0.26649412078711593,0,0,96.07,0
Akwa Ibom,2022,15,-7.526000000000003,-0.3838076731932119,0,0,131.38,0
Akwa Ibom,2022,16,14.649999999999991,0.3505811206623373,0,0,188.2,0
Akwa Ibom,2022,17,-32.38000000000001,-0.5236967360117295,0,0,194.03,0
Akwa Ibom,2022,18,-24.436,-0.9014752209756102,0,0,170.76,0
Akwa Ibom,2022,19,-4.789999999999996,-0.3286543581560909,0,0,153.30999999999997,0
Akwa Ibom,2022,20,-2.3560000000000016,-0.1137496759364402,0,0,123.19,0
Akwa Ibom,2022,21,21.272,1.422177848269094,0,0,150.92999999999998,0
Akwa Ibom,2022,22,-31.992000000000004,-0.6670780126505373,0,0,193.23,0
Akwa Ibom,2022,23,-72.17600000000002,-0.6473432798618789,0,0,197.06,0
Akwa Ibom,2022,24,-19.83399999999999,-0.44045078422905665,0,0,203.88,0
Akwa Ibom,2022,25,24.843999999999994,0.5200104508110889,1,0,268.72,0
Akwa Ibom,2022,26,-63.43,-1.0499025058116425,0,0,244.78,0
Akwa Ibom,2022,27,-24.274000000000015,-0.2857906034223783,0,0,319.51,0
Akwa Ibom,2022,28,26.876000000000005,1.484153223017046,0,0,375.41999999999996,0
Akwa Ibom,2022,29,49.906000000000006,1.2850984485621155,1,0,380.37,0
Akwa Ibom,2022,30,78.174,1.4465802345033696,1,0,488.08,0
Akwa Ibom,2022,31,35.856,1.6383466994464497,0,0,460.42,0
Akwa Ibom,2022,32,77.80199999999999,1.4209217483344974,1,1,530.32,0
Akwa Ibom,2022,33,-23.910000000000004,-1.1799384898425278,0,0,413.48,0
Akwa Ibom,2022,34,84.164,1.2960649222808347,1,1,431.32,0
Akwa Ibom,2022,35,83.404,1.0717064971076795,1,1,534.3299999999999,0
Akwa Ibom,2022,36,264.668,1.7657970365574083,1,1,735.0,0
Akwa Ibom,2022,37,12.321999999999996,0.41707512598826063,0,0,793.16,0
Akwa Ibom,2022,38,194.684,1.7629427579093595,1,1,919.9399999999999,0
Akwa Ibom,2022,39,165.606,1.680228977419896,1,1,1003.6400000000001,0
Akwa Ibom,2022,40,-10.270000000000003,-0.3838842488376975,0,0,677.67,0
Akwa Ibom,2022,41,4.343999999999994,0.16203149105494138,0,0,669.89,0
Akwa Ibom,2022,42,18.962000000000003,1.3022610832498496,0,0,433.24,0
Akwa Ibom,2022,43,13.658000000000001,0.4852203116051944,0,0,239.82999999999998,0
Akwa Ibom,2022,44,30.217999999999996,1.0454885839939294,0,0,280.53999999999996,0
Akwa Ibom,2022,45,-8.286000000000001,-0.28028982378848377,0,0,238.8,0
Akwa Ibom,2022,46,-8.371999999999996,-0.3189508374884548,0,0,203.37,0
Akwa Ibom,2022,47,-4.696000000000001,-0.6722081986181385,0,0,139.51999999999998,0
Akwa Ibom,2022,48,-3.9539999999999997,-0.8117996129813877,0,0,53.120000000000005,0
Akwa Ibom,2022,49,1.0519999999999996,0.14752647390141518,0,0,35.720000000000006,0
Akwa Ibom,2022,50,9.209999999999997,1.2423426774595587,0,0,27.83,0
Akwa Ibom,2022,51,-10.110000000000001,-0.4742519541129045,0,0,24.91,0
Akwa Ibom,2022,52,-1.582,-0.6723993222992524,0,0,23.699999999999996,0
Akwa Ibom,2023,1,-5.41,-0.5906982341142959,0,0,18.439999999999998,0
Akwa Ibom,2023,2,-0.9040000000000004,-0.13131966009817855,0,0,4.8100000000000005,0
Akwa Ibom,2023,3,-6.1419999999999995,-0.5494338430702727,0,0,5.32,0
Akwa Ibom,2023,4,2.346,1.6553668430313468,0,0,10.200000000000001,0
Akwa Ibom,2023,5,2.912,1.0731172122753,0,0,13.65,0
Akwa Ibom,2023,6,13.825999999999999,1.685341657752054,0,0,29.71,0
Akwa Ibom,2023,7,-0.734,-0.9676928889899238,0,0,29.180000000000003,0
Akwa Ibom,2023,8,5.904,1.3890561229805098,0,0,36.010000000000005,0
Akwa Ibom,2023,9,9.078,1.0137546535953128,0,0,57.81,0
Akwa Ibom,2023,10,19.424,0.8510623007148056,0,0,95.06,0
Akwa Ibom,2023,11,19.638,1.5814302489705625,0,0,129.69,0
Akwa Ibom,2023,12,-0.2259999999999991,-0.05504982131406227,0,0,134.39000000000001,0
Akwa Ibom,2023,13,2.846,0.25071340263724795,0,0,130.5,0
Akwa Ibom,2023,14,-26.96200000000001,-0.36692955186713405,0,0,115.99000000000001,0
Akwa Ibom,2023,15,-4.695999999999998,-0.2394845646180337,0,0,124.23,0
Akwa Ibom,2023,16,64.75999999999999,1.549736066490988,1,0,227.62,0
Akwa Ibom,2023,17,-51.170000000000016,-0.8275961081445398,0,0,220.8,0
Akwa Ibom,2023,18,-8.725999999999999,-0.3219132746044022,0,0,220.62,0
Akwa Ibom,2023,19,-7.2599999999999945,-0.49812748229921094,0,0,197.87,0
Akwa Ibom,2023,20,35.804,1.7286474521342539,0,0,155.8,0
Akwa Ibom,2023,21,-1.1479999999999961,-0.07675160632817388,0,0,179.91,0
Akwa Ibom,2023,22,55.69800000000001,1.1613813187237318,1,1,294.19000000000005,0
Akwa Ibom,2023,23,196.594,1.7632426950948539,1,1,569.26,0
Akwa Ibom,2023,24,0.4860000000000042,0.010792532072971843,0,0,558.24,0
Akwa Ibom,2023,25,-4.396000000000001,-0.09201279752719159,0,0,616.26,0
Akwa Ibom,2023,26,95.12,1.5744399551127768,1,1,663.18,0
Akwa Ibom,2023,27,-27.464000000000013,-0.32334815573832887,0,0,465.95000000000005,0
Akwa Ibom,2023,28,-12.704,-0.7015434791341179,0,0,461.96,0
Akwa Ibom,2023,29,10.176000000000002,0.26203586367507087,0,0,456.42,0
Akwa Ibom,2023,30,13.314000000000007,0.24637052270803428,0,0,340.71999999999997,0
Akwa Ibom,2023,31,-23.444,-1.0712126288995585,0,0,256.95,0
Akwa Ibom,2023,32,-58.208,-1.0630705268123497,0,0,230.42,0
Akwa Ibom,2023,33,-11.960000000000004,-0.5902159907367894,0,0,165.26,0
Akwa Ibom,2023,34,-70.136,-1.0800438357146596,0,0,93.66,0
Akwa Ibom,2023,35,-18.525999999999996,-0.23805134724254076,0,0,154.04,0
Akwa Ibom,2023,36,-41.861999999999995,-0.2792925308097927,0,0,184.19,0
Akwa Ibom,2023,37,-28.778,-0.9740779074574069,0,0,189.3,0
Akwa Ibom,2023,38,-51.986000000000004,-0.47075436200548565,0,0,223.70999999999998,0
Akwa Ibom,2023,39,-73.774,-0.7485067725817628,0,0,169.96,0
Akwa Ibom,2023,40,-32.47,-1.2137021966660209,0,0,128.32,0
Akwa Ibom,2023,41,1.3639999999999972,0.05087729139017953,0,0,158.66,0
Akwa Ibom,2023,42,-5.227999999999994,-0.3590455090829135,0,0,144.49,0
Akwa Ibom,2023,43,41.488,1.473921532279712,0,0,218.29,0
Akwa Ibom,2023,44,-17.982000000000006,-0.6221449373677559,0,0,233.0,0
Akwa Ibom,2023,45,-20.826,-0.7044793471179052,0,0,181.7,0
Akwa Ibom,2023,46,5.508000000000003,0.20984008754018285,0,0,184.34,0
Akwa Ibom,2023,47,1.3239999999999998,0.18952377661209863,0,0,98.68,0
Akwa Ibom,2023,48,7.385999999999998,1.5164268946587072,0,0,71.82000000000001,0
Akwa Ibom,2023,49,-4.408,-0.6181527537618237,0,0,61.5,0
Akwa Ibom,2023,50,-4.92,-0.6636618863301879,0,0,25.599999999999998,0
Akwa Ibom,2023,51,-9.600000000000001,-0.45032826503302503,0,0,17.169999999999995,0
Akwa Ibom,2023,52,-1.612,-0.6851502576146618,0,0,4.59,0
Akwa Ibom,2024,1,-6.48,-0.7075276445583434,0,0,3.7199999999999998,0
Akwa Ibom,2024,2,-3.3340000000000005,-0.4843138791673973,0,0,1.79,0
Akwa Ibom,2024,3,-6.6819999999999995,-0.5977396514808796,0,0,1.25,0
Akwa Ibom,2024,4,-1.474,-1.0400727734988087,0,0,2.34,0
Akwa Ibom,2024,5,-2.018,-0.7436643318583638,0,0,1.9300000000000002,0
Akwa Ibom,2024,6,-5.504,-0.6709185942620646,0,0,1.09,0
Akwa Ibom,2024,7,-0.424,-0.5589942574001739,0,0,1.4100000000000001,0
Akwa Ibom,2024,8,0.08399999999999963,0.019762993619641313,0,0,6.24,0
Akwa Ibom,2024,9,0.1479999999999997,0.01652739466095021,0,0,24.04,0
Akwa Ibom,2024,10,-15.835999999999999,-0.6938541286099495,0,0,45.36,0
Akwa Ibom,2024,11,-6.792,-0.5469535722073562,0,0,53.25,0
Akwa Ibom,2024,12,-3.2360000000000007,-0.7882354945677268,0,0,60.76,0
Akwa Ibom,2024,13,6.065999999999999,0.5343736825008946,0,0,69.02000000000001,0
Akwa Ibom,2024,14,-47.86200000000001,-0.6513605152238249,0,0,68.87,0
Akwa Ibom,2024,15,6.954000000000001,0.35463706608897083,0,0,115.19,0
Akwa Ibom,2024,16,-23.270000000000007,-0.5568616162329417,0,0,133.56,0
Akwa Ibom,2024,17,-22.000000000000007,-0.35581618876646226,0,0,152.69,0
Akwa Ibom,2024,18,12.774000000000001,0.47124915995835837,0,0,194.91,0
Akwa Ibom,2024,19,-17.729999999999997,-1.216501413383611,0,0,150.04,0
Akwa Ibom,2024,20,-5.506,-0.26583434452718135,0,0,154.69,0
Akwa Ibom,2024,21,-10.847999999999999,-0.725262565721283,0,0,139.93,0
Akwa Ibom,2024,22,45.067999999999984,0.9397309287988997,1,0,222.07999999999998,0
Akwa Ibom,2024,23,-21.41600000000001,-0.19207913546777325,0,0,289.61,0
Akwa Ibom,2024,24,75.536,1.6774170836707696,1,0,394.95000000000005,0
Akwa Ibom,2024,25,65.204,1.3647867265611917,1,1,532.27,0
Akwa Ibom,2024,26,-2.539999999999992,-0.0420424462361905,1,0,492.1600000000001,0
Akwa Ibom,2024,27,-52.134000000000015,-0.6138010759999284,0,0,488.27,0
Akwa Ibom,2024,28,0.18600000000000705,0.010271338721579884,0,0,422.12,0
Akwa Ibom,2024,29,-9.093999999999994,-0.23417395285584638,0,0,327.71000000000004,0
Akwa Ibom,2024,30,-33.465999999999994,-0.619275643153603,0,0,262.89000000000004,0
Akwa Ibom,2024,31,0.26599999999999824,0.012154178437437326,0,0,227.5,0
Akwa Ibom,2024,32,-43.157999999999994,-0.7882077686257453,0,0,203.13000000000002,0
Akwa Ibom,2024,33,27.229999999999997,1.343777711351402,0,0,196.43000000000004,0
Akwa Ibom,2024,34,48.463999999999984,0.7463106600615269,1,0,290.21000000000004,0
Akwa Ibom,2024,35,-72.62599999999999,-0.9332137074833621,0,0,272.78000000000003,0
Akwa Ibom,2024,36,-93.962,-0.6268903726518023,0,0,235.78000000000003,0
Akwa Ibom,2024,37,-25.188000000000002,-0.8525635670664107,0,0,205.29000000000002,0
Akwa Ibom,2024,38,-70.57600000000001,-0.63909436873195,0,0,102.51000000000002,0
Akwa Ibom,2024,39,-70.344,-0.7137061893145487,0,0,106.29000000000002,0
Akwa Ibom,2024,40,-4.310000000000002,-0.16110429527658002,0,0,144.91000000000003,0
Akwa Ibom,2024,41,-17.066000000000003,-0.6365629434492711,0,0,153.23000000000002,0
Akwa Ibom,2024,42,-17.937999999999995,-1.2319354135289418,0,0,144.94000000000003,0
Akwa Ibom,2024,43,-31.151999999999997,-1.106720101561357,0,0,142.67000000000002,0
Akwa Ibom,2024,44,-30.692000000000004,-1.0618881335608474,0,0,116.51000000000002,0
Akwa Ibom,2024,45,-29.106,-0.9845662094119729,0,0,75.36000000000003,0
Akwa Ibom,2024,46,-30.451999999999998,-1.1601398594360286,0,0,54.75000000000003,0
Akwa Ibom,2024,47,-4.946000000000001,-0.7079944102140786,0,0,35.46000000000003,0
Akwa Ibom,2024,48,-4.844,-0.9945263847450284,0,0,9.080000000000028,0
Akwa Ibom,2024,49,-4.088000000000001,-0.5732777807119636,0,0,7.360000000000028,0
Akwa Ibom,2024,50,-7.69,-1.0373089239591757,0,0,4.650000000000029,0
Akwa Ibom,2024,51,-10.14,-0.4756592299411327,0,0,1.9500000000000286,0
Akwa Ibom,2024,52,-0.542,-0.2303668980317287,0,0,2.6700000000000284,0
Akwa Ibom,2025,1,-5.74,-0.626729734531619,0,0,2.220000000000028,0
Akwa Ibom,2025,2,-4.174,-0.6063365721789791,0,0,2.220000000000028,0
Akwa Ibom,2025,3,0.1980000000000004,0.01771212975055588,0,0,9.100000000000028,0
Akwa Ibom,2025,4,-0.4940000000000002,-0.3485725577397637,0,0,10.100000000000028,0
Akwa Ibom,2025,5,-1.9979999999999998,-0.7362940213344951,0,0,8.970000000000027,0
Akwa Ibom,2025,6,-5.473999999999999,-0.667261697854386,0,0,9.000000000000027,0
Akwa Ibom,2025,7,-0.06399999999999995,-0.08437649168304506,0,0,2.8000000000000282,0
Akwa Ibom,2025,8,1.814,0.4267865526908274,0,0,8.38000000000003,0
Akwa Ibom,2025,9,1.6579999999999977,0.18515148883686125,0,0,27.67000000000003,0
Akwa Ibom,2025,10,-29.266,-1.2822893993368771,0,0,35.53000000000003,0
Akwa Ibom,2025,11,4.888000000000002,0.39362618683002915,0,0,54.74000000000002,0
Akwa Ibom,2025,12,0.7339999999999982,0.1787901276306273,0,0,64.49000000000002,0
Akwa Ibom,2025,13,1.7660000000000018,0.15557268765192564,0,0,66.94000000000003,0
Akwa Ibom,2025,14,-35.68200000000001,-0.48560122653078686,0,0,92.40000000000003,0
Akwa Ibom,2025,15,-23.796,-1.213538053588316,0,0,96.29000000000002,0
Akwa Ibom,2025,16,-43.220000000000006,-1.0342741320837017,0,0,90.74000000000002,0
Akwa Ibom,2025,17,-1.4210854715202004e-14,-2.2983873472168567e-16,0,0,136.17000000000002,0
Akwa Ibom,2025,18,-20.586,-0.7594438082748367,0,0,132.85000000000002,0
Akwa Ibom,2025,19,17.740000000000006,1.2171875393922882,0,0,154.20000000000002,0
Akwa Ibom,2025,20,-11.996000000000002,-0.5791770426712801,0,0,172.31000000000003,0
Akwa Ibom,2025,21,-16.477999999999998,-1.101666349369036,0,0,129.92000000000004,0
Akwa Ibom,2025,22,-15.972000000000008,-0.3330385727073764,0,0,184.39000000000004,0
Akwa Ibom,2025,23,-44.31600000000001,-0.397468199822088,0,0,193.55000000000004,0
Akwa Ibom,2025,24,-42.81399999999999,-0.9507643378029061,0,0,187.03000000000003,0
Akwa Ibom,2025,25,-59.766000000000005,-1.2509637982279644,0,0,205.01000000000002,0
Akwa Ibom,2025,26,8.849999999999994,0.14648647605916806,1,0,237.33000000000004,0
Akwa Ibom,2025,27,150.426,1.771044628426079,1,1,458.9000000000001,0
Akwa Ibom,2025,28,-19.923999999999992,-1.1002481327352138,0,0,490.9900000000001,0
Akwa Ibom,2025,29,6.5660000000000025,0.16907699301203968,0,0,537.21,0
Akwa Ibom,2025,30,6.974000000000018,0.12905122618039916,0,0,501.44000000000005,0
Akwa Ibom,2025,31,-6.643999999999998,-0.3035803065350906,0,0,256.58000000000004,0
Akwa Ibom,2025,32,-2.548000000000002,-0.04653490417670885,0,0,292.93000000000006,0
Akwa Ibom,2025,33,-4.310000000000002,-0.21269489298290659,0,0,239.03000000000006,0
Akwa Ibom,2025,34,-14.456000000000003,-0.22261197800118518,0,0,229.45000000000005,0
Akwa Ibom,2025,35,-72.356,-0.9297443204729181,0,0,219.20000000000005,0
Akwa Ibom,2025,36,-86.012,-0.5738500109887701,0,0,149.54000000000005,0
Akwa Ibom,2025,37,43.291999999999994,1.465347861896103,1,0,219.07000000000005,0
Akwa Ibom,2025,38,-18.826000000000008,-0.1704770826590866,0,0,230.96000000000004,0
Akwa Ibom,2025,39,9.385999999999996,0.09522981765191561,1,0,314.20000000000005,0
Akwa Ibom,2025,40,6.529999999999994,0.24408609005941204,0,0,355.71000000000004,0
Akwa Ibom,2025,41,-29.666,-1.1065437876694055,0,0,282.95000000000005,0
Akwa Ibom,2025,42,10.182000000000002,0.6992734073225382,0,0,251.03000000000003,0
Akwa Ibom,2025,43,-10.741999999999997,-0.38162517112776373,0,0,189.44000000000005,0
Akwa Ibom,2025,44,31.50799999999999,1.0901202695241485,0,0,214.64000000000004,0
Akwa Ibom,2025,45,44.134,1.4929170990925587,0,0,259.33000000000004,0
Akwa Ibom,2025,46,-7.561999999999998,-0.2880920010854868,0,0,233.49000000000004,0
Akwa Ibom,2025,47,-3.336000000000001,-0.4775312075362246,0,0,195.40000000000003,0
Akwa Ibom,2025,48,1.056,0.21680839436225227,0,0,112.72000000000006,0
Akwa Ibom,2025,49,12.042,1.6887013295825497,0,0,53.89000000000006,0
Akwa Ibom,2025,50,6.489999999999999,0.8754401711957153,0,0,42.470000000000056,0
Akwa Ibom,2025,51,-8.260000000000002,-0.38746994470549867,0,0,40.040000000000056,0
Akwa Ibom,2025,52,-0.3420000000000001,-0.14536066259566646,0,0,35.06000000000005,0
Akwa Ibom,2026,1,-5.94,-0.6485670075118147,0,0,18.280000000000058,0
Anambra,2020,53,0.0,0,0,0,0.42,0
Anambra,2021,1,12.431666666666667,0.7778764044449573,0,0,22.94,0
Anambra,2021,2,-2.084,-0.42344404705441474,0,0,23.26,0
Anambra,2021,3,-3.21,-0.48259737711682155,0,0,23.27,0
Anambra,2021,4,-0.6339999999999999,-0.34281640939778496,0,0,25.09,0
Anambra,2021,5,0.05800000000000005,0.06798078379660405,0,0,3.2,0
Anambra,2021,6,3.5000000000000004,1.6723551436074084,0,0,7.940000000000001,0
Anambra,2021,7,0.37400000000000005,1.5328641277252388,0,0,8.480000000000002,0
Anambra,2021,8,-5.965999999999999,-0.8092620005647371,0,0,8.98,0
Anambra,2021,9,-8.12,-0.9697117607628642,0,0,9.59,0
Anambra,2021,10,15.704,1.0800483026517897,0,0,43.0,0
Anambra,2021,11,-4.114,-0.3853372957167972,0,0,48.730000000000004,0
Anambra,2021,12,6.694000000000003,0.7302247722025376,0,0,71.37,0
Anambra,2021,13,-3.592,-1.039072024108365,0,0,70.51,0
Anambra,2021,14,25.696000000000005,1.2215633295451078,0,0,90.35000000000001,0
Anambra,2021,15,55.864,1.5493195674469808,1,1,178.73000000000002,0
Anambra,2021,16,15.614000000000004,1.1940689787141647,0,0,186.48000000000002,0
Anambra,2021,17,-13.253999999999994,-0.8151861480748653,0,0,206.36,0
Anambra,2021,18,-0.9820000000000064,-0.04093778883645269,0,0,180.56,0
Anambra,2021,19,9.850000000000001,1.1438650639374863,0,0,113.10000000000001,0
Anambra,2021,20,-6.766000000000005,-0.28133726648905305,0,0,118.19,0
Anambra,2021,21,5.852000000000004,0.35949284830957917,0,0,139.54000000000002,0
Anambra,2021,22,94.55000000000001,1.5705936944995622,1,1,280.51000000000005,0
Anambra,2021,23,-50.361999999999995,-0.9943553891421677,0,0,288.50000000000006,0
Anambra,2021,24,39.06399999999999,1.3708894026012657,1,0,339.83000000000004,0
Anambra,2021,25,11.474000000000004,0.4030196222211077,0,0,362.59000000000003,0
Anambra,2021,26,2.1580000000000013,0.07704807101885117,0,0,250.57000000000002,0
Anambra,2021,27,-1.3319999999999936,-0.09506172069910761,0,0,294.16,0
Anambra,2021,28,32.994,1.3635858547856101,0,0,272.11,0
Anambra,2021,29,-37.589999999999996,-0.8359626372448176,0,0,220.84,0
Anambra,2021,30,-32.704,-0.898752186248935,0,0,177.37000000000003,0
Anambra,2021,31,39.764,1.3835538397187583,0,0,173.18000000000004,0
Anambra,2021,32,74.724,1.33077153604895,1,1,259.56000000000006,0
Anambra,2021,33,95.15,1.7866246855337815,1,1,378.77000000000004,0
Anambra,2021,34,4.756,0.16358943789166414,0,0,405.98,0
Anambra,2021,35,34.064,1.37818453351559,1,0,410.21000000000004,0
Anambra,2021,36,1.0139999999999958,0.026276278567602302,0,0,314.49,0
Anambra,2021,37,-12.376000000000005,-1.1172331381044718,0,0,223.19000000000003,0
Anambra,2021,38,-5.609999999999999,-0.5450799939549814,0,0,245.02,0
Anambra,2021,39,-11.232,-0.4162299406297795,0,0,203.69000000000003,0
Anambra,2021,40,74.59000000000003,1.720548515054239,1,1,295.97,0
Anambra,2021,41,-16.132,-1.2157240935590916,0,0,277.5900000000001,0
Anambra,2021,42,6.4239999999999995,0.22443385390167594,0,0,260.70000000000005,0
Anambra,2021,43,26.733999999999998,1.3801932232701242,0,0,274.31000000000006,0
Anambra,2021,44,6.141999999999996,0.4325902754219122,0,0,170.82000000000002,0
Anambra,2021,45,34.772000000000006,1.4072587963212937,0,0,208.03000000000003,0
Anambra,2021,46,22.660000000000004,1.4980018354944513,0,0,195.45000000000005,0
Anambra,2021,47,24.006,1.539857682071378,0,0,179.66000000000003,0
Anambra,2021,48,0.5399999999999996,0.1896810514036808,0,0,136.28000000000003,0
Anambra,2021,49,-5.617999999999999,-0.4090575264652871,0,0,77.23000000000005,0
Anambra,2021,50,-3.3740000000000006,-0.4443544053104162,0,0,41.31000000000003,0
Anambra,2021,51,0.42799999999999994,1.1345164607775218,0,0,6.7100000000000275,0
Anambra,2021,52,7.18,1.7887502918945202,0,0,12.140000000000027,0
Anambra,2022,1,27.061666666666667,1.693307303790424,0,0,48.50000000000003,0
Anambra,2022,2,8.796,1.7872427245156584,0,0,58.06000000000003,0
Anambra,2022,3,11.879999999999999,1.78606132091833,0,0,72.45000000000003,0
Anambra,2022,4,0.35599999999999987,0.19249628035585398,0,0,66.68000000000002,0
Anambra,2022,5,-0.5419999999999999,-0.6352687037544718,0,0,29.560000000000027,0
Anambra,2022,6,-0.8600000000000001,-0.4109215495721061,0,0,19.060000000000027,0
Anambra,2022,7,0.124,0.5082223311174588,0,0,4.260000000000028,0
Anambra,2022,8,-7.965999999999999,-1.0805533182196942,0,0,1.7700000000000284,0
Anambra,2022,9,11.030000000000001,1.3172316159131028,0,0,22.130000000000027,0
Anambra,2022,10,-3.0159999999999982,-0.20742649521127074,0,0,41.18000000000003,0
Anambra,2022,11,-8.294,-0.7768564731830618,0,0,42.98000000000003,0
Anambra,2022,12,-13.936,-1.5202289252187868,0,0,46.99000000000003,0
Anambra,2022,13,1.528,0.44201059377438245,0,0,32.10000000000003,0
Anambra,2022,14,16.686,0.7932365238476676,0,0,61.65000000000003,0
Anambra,2022,15,-28.966,-0.803336506348798,0,0,69.38000000000002,0
Anambra,2022,16,12.144000000000002,0.9287033224993477,0,0,94.29000000000002,0
Anambra,2022,17,19.716,1.2126309110792253,0,0,142.02000000000004,0
Anambra,2022,18,-4.852000000000004,-0.20227102997399926,0,0,121.36000000000003,0
Anambra,2022,19,4.27,0.4958684084277224,0,0,133.15000000000003,0
Anambra,2022,20,8.933999999999997,0.3714849451394025,0,0,157.41000000000003,0
Anambra,2022,21,-5.857999999999997,-0.3598614329113999,0,0,134.08000000000004,0
Anambra,2022,22,-4.470000000000013,-0.07425228783091552,0,0,179.90000000000003,0
Anambra,2022,23,30.418000000000006,0.6005778608261481,1,1,274.25,0
Anambra,2022,24,-30.316000000000003,-1.0638921546503168,0,0,240.5,0
Anambra,2022,25,-35.056,-1.2313278609537344,0,0,228.44000000000003,0
Anambra,2022,26,-30.881999999999998,-1.1025943138110104,0,0,182.4,0
Anambra,2022,27,12.198000000000008,0.870542694510301,1,0,158.74,0
Anambra,2022,28,-25.916,-1.0710641635637956,0,0,147.16,0
Anambra,2022,29,-26.419999999999998,-0.5875534151638223,0,0,153.59000000000003,0
Anambra,2022,30,1.0859999999999985,0.02984481636088375,0,0,176.95000000000002,0
Anambra,2022,31,-24.346,-0.8470979222863114,0,0,95.12000000000002,0
Anambra,2022,32,20.15400000000001,0.3589257740154509,1,1,185.84000000000003,0
Anambra,2022,33,-27.770000000000003,-0.5214352865714463,0,0,170.96000000000004,0
Anambra,2022,34,39.196,1.3482026088313008,1,0,198.82000000000002,0
Anambra,2022,35,-12.956000000000007,-0.5241826801382102,0,0,220.14000000000004,0
Anambra,2022,36,-9.736000000000004,-0.25229373583252185,0,0,168.24,0
Anambra,2022,37,-1.8860000000000028,-0.17025708617202942,0,0,210.35000000000002,0
Anambra,2022,38,9.320000000000007,0.9055517903138025,1,0,212.67000000000002,0
Anambra,2022,39,41.928000000000004,1.5537472356415063,1,0,271.52,0
Anambra,2022,40,-1.0300000000000011,-0.02375874742600707,0,0,298.93000000000006,0
Anambra,2022,41,-4.782000000000004,-0.360376432891122,0,0,281.41,0
Anambra,2022,42,-34.056,-1.1898068693143642,0,0,209.10999999999999,0
Anambra,2022,43,-13.046000000000003,-0.6735243805933285,0,0,129.78,0
Anambra,2022,44,-15.748000000000008,-1.1091552682097494,0,0,80.02000000000001,0
Anambra,2022,45,-18.768,-0.759560367231049,0,0,52.34000000000001,0
Anambra,2022,46,-12.63,-0.8349410053969514,0,0,44.95000000000001,0
Anambra,2022,47,-10.544,-0.6763417228926357,0,0,34.39000000000001,0
Anambra,2022,48,-0.9199999999999999,-0.3231603097988638,0,0,11.440000000000015,0
Anambra,2022,49,-6.278,-0.4571134124508851,0,0,5.270000000000015,0
Anambra,2022,50,12.995999999999999,1.7115678279235824,0,0,21.010000000000012,0
Anambra,2022,51,-0.28200000000000003,-0.7475085092038813,0,0,20.25000000000001,0
Anambra,2022,52,-1.8199999999999998,-0.45341581215153576,0,0,18.14000000000001,0
Anambra,2023,1,-9.938333333333333,-0.621863118340968,0,0,18.16000000000001,0
Anambra,2023,2,-2.394,-0.4864323649943709,0,0,0.16000000000001421,0
Anambra,2023,3,-2.3299999999999996,-0.35029653853027853,0,0,1.0500000000000143,0
Anambra,2023,4,0.976,0.5277426113126785,0,0,4.900000000000015,0
Anambra,2023,5,1.4579999999999997,1.708896254749114,0,0,6.780000000000014,0
Anambra,2023,6,0.32999999999999985,0.1576791992544127,0,0,8.660000000000014,0
Anambra,2023,7,-0.176,-0.721347824811877,0,0,7.770000000000014,0
Anambra,2023,8,7.6739999999999995,1.0409447858420706,0,0,20.30000000000001,0
Anambra,2023,9,4.280000000000001,0.5111288591213129,0,0,31.91000000000001,0
Anambra,2023,10,12.164000000000001,0.8365835171584546,0,0,64.95000000000002,0
Anambra,2023,11,17.006,1.59286486411275,0,0,92.35000000000001,0
Anambra,2023,12,9.654000000000003,1.0531206977656553,0,0,104.31000000000002,0
Anambra,2023,13,4.688000000000001,1.3561162719988908,0,0,99.33000000000001,0
Anambra,2023,14,-2.0639999999999965,-0.09812059122747112,0,0,94.95000000000002,0
Anambra,2023,15,-27.926000000000002,-0.7744933810776957,0,0,78.42,0
Anambra,2023,16,-4.485999999999999,-0.34306349676647496,0,0,63.11000000000001,0
Anambra,2023,17,-18.963999999999995,-1.1663792147345518,0,0,69.0,0
Anambra,2023,18,-22.772000000000006,-0.9493231439752492,0,0,49.17000000000001,0
Anambra,2023,19,-1.990000000000002,-0.23109558144523856,0,0,53.66000000000001,0
Anambra,2023,20,-8.216000000000001,-0.3416297637413625,0,0,77.4,0
Anambra,2023,21,-10.387999999999995,-0.6381428072863814,0,0,88.22000000000001,0
Anambra,2023,22,-52.650000000000006,-0.8745823163976938,0,0,103.78000000000002,0
Anambra,2023,23,64.37800000000001,1.2710895365989137,1,1,238.35000000000002,0
Anambra,2023,24,-14.716000000000001,-0.5164347851904626,0,0,237.35000000000002,0
Anambra,2023,25,40.604,1.4261991232931717,1,1,305.48,0
Anambra,2023,26,10.637999999999998,0.379813428868646,0,0,349.14000000000004,0
Anambra,2023,27,2.9780000000000086,0.21253288606752602,1,0,282.3,0
Anambra,2023,28,-13.166,-0.5441283677064722,0,0,267.87,0
Anambra,2023,29,-5.07,-0.11275154484786447,0,0,219.99,0
Anambra,2023,30,55.32599999999999,1.5204367495232562,1,1,256.07,0
Anambra,2023,31,-24.896,-0.8662346945387336,0,0,182.91,0
Anambra,2023,32,-35.62599999999999,-0.6344690694191943,0,0,205.1,0
Anambra,2023,33,-20.670000000000005,-0.3881190987912062,0,0,175.97,0
Anambra,2023,34,-21.284000000000002,-0.7320936913553784,0,0,89.11,0
Anambra,2023,35,17.573999999999998,0.7110208722405759,0,0,141.51000000000002,0
Anambra,2023,36,58.403999999999996,1.5134514531185908,1,1,213.53,0
Anambra,2023,37,-7.636000000000003,-0.6893335684038256,0,0,242.79,0
Anambra,2023,38,-14.990000000000002,-1.4564615168244517,0,0,281.28,0
Anambra,2023,39,7.607999999999997,0.2819335281616241,0,0,275.28,0
Anambra,2023,40,-21.339999999999996,-0.4922443398747478,0,0,214.24,0
Anambra,2023,41,9.938000000000002,0.7489378900192322,0,0,217.19,0
Anambra,2023,42,-0.8459999999999894,-0.029556513138358574,0,0,202.41,0
Anambra,2023,43,-18.446000000000005,-0.9523095756879151,0,0,152.0,0
Anambra,2023,44,14.891999999999996,1.0488659038722108,0,0,153.19,0
Anambra,2023,45,-11.978000000000002,-0.48476204596619277,0,0,117.58000000000001,0
Anambra,2023,46,-0.16999999999999993,-0.011238319154194905,0,0,89.44,0
Anambra,2023,47,7.726000000000001,0.4955819566643118,0,0,102.55000000000001,0
Anambra,2023,48,4.6,1.615801548994319,0,0,54.480000000000004,0
Anambra,2023,49,-6.257999999999999,-0.4556571734816245,0,0,41.54,0
Anambra,2023,50,-5.014,-0.6603417273937245,0,0,26.810000000000002,0
Anambra,2023,51,-0.262,-0.6944937213170812,0,0,7.8,0
Anambra,2023,52,-1.8199999999999998,-0.45341581215153576,0,0,0.16999999999999998,0
Anambra,2024,1,-9.458333333333332,-0.591828475026831,0,0,0.65,0
Anambra,2024,2,-1.914,-0.3889020662486323,0,0,1.1400000000000001,0
Anambra,2024,3,-3.2199999999999998,-0.4841007957371231,0,0,1.12,0
Anambra,2024,4,2.0960000000000005,1.133348886589523,0,0,6.090000000000001,0
Anambra,2024,5,-0.572,-0.6704311781320256,0,0,5.460000000000001,0
Anambra,2024,6,-1.56,-0.7453925782935877,0,0,4.970000000000001,0
Anambra,2024,7,-0.156,-0.6393764810832546,0,0,4.99,0
Anambra,2024,8,-1.3359999999999994,-0.1812226001935113,0,0,7.39,0
Anambra,2024,9,-8.53,-1.0186750393235509,0,0,8.219999999999999,0
Anambra,2024,10,-20.586,-1.415809625470564,0,0,10.4,0
Anambra,2024,11,-8.234,-0.771236580683546,0,0,12.540000000000001,0
Anambra,2024,12,-1.9160000000000004,-0.20900965992531545,0,0,21.94,0
Anambra,2024,13,0.5779999999999998,0.1672003424094195,0,0,25.660000000000004,0
Anambra,2024,14,-22.823999999999998,-1.085031189038665,0,0,33.269999999999996,0
Anambra,2024,15,-14.655999999999999,-0.40646619612814966,0,0,55.25,0
Anambra,2024,16,-12.575999999999997,-0.9617401995843043,0,0,43.42,0
Anambra,2024,17,0.9960000000000022,0.06125889569055138,0,0,73.38,0
Anambra,2024,18,40.27799999999999,1.6791163531106212,0,0,137.35999999999999,0
Anambra,2024,19,-13.270000000000001,-1.5410243044112124,0,0,117.3,0
Anambra,2024,20,35.444,1.473798119041973,1,0,192.79000000000002,0
Anambra,2024,21,25.562000000000005,1.570293265292115,0,0,219.60000000000002,0
Anambra,2024,22,-50.84,-0.8445159537636989,0,0,173.92000000000002,0
Anambra,2024,23,-51.09199999999999,-1.008768625988873,0,0,204.3,0
Anambra,2024,24,19.843999999999994,0.6963938486898298,0,0,194.2,0
Anambra,2024,25,-1.8759999999999977,-0.06589374335774768,0,0,183.9,0
Anambra,2024,26,-21.802,-0.7784068787548619,0,0,193.31,0
Anambra,2024,27,-23.201999999999998,-1.6558724051506795,0,0,215.76,0
Anambra,2024,28,-10.916,-0.45113969784929747,0,0,169.02,0
Anambra,2024,29,76.76,1.7070628367893643,1,1,245.45,0
Anambra,2024,30,-32.874,-0.903424026747416,0,0,225.77,0
Anambra,2024,31,-10.516000000000002,-0.36589508546631283,0,0,193.17000000000002,0
Anambra,2024,32,-72.03599999999999,-1.2829005188536768,0,0,176.7,0
Anambra,2024,33,-24.430000000000003,-0.45872034753116436,0,0,61.980000000000004,0
Anambra,2024,34,12.245999999999995,0.4212187250675606,0,0,96.85,0
Anambra,2024,35,-13.936000000000007,-0.5638321882067071,0,0,103.36,0
Anambra,2024,36,-0.18599999999999994,-0.004819909086364938,0,0,153.20000000000002,0
Anambra,2024,37,15.193999999999996,1.3716257514834624,0,0,209.04999999999998,0
Anambra,2024,38,2.719999999999999,0.26428120919029396,0,0,231.72000000000003,0
Anambra,2024,39,-8.262,-0.3061691390209436,0,0,241.35999999999999,0
Anambra,2024,40,-17.919999999999995,-0.4133560717223749,0,0,242.32999999999998,0
Anambra,2024,41,16.938000000000002,1.2764650816206233,0,0,229.45,0
Anambra,2024,42,-14.655999999999995,-0.5120334001841472,0,0,183.14999999999998,0
Anambra,2024,43,13.873999999999999,0.7162714438411649,0,0,180.93,0
Anambra,2024,44,-14.578000000000007,-1.026750412748395,0,0,149.23,0
Anambra,2024,45,-21.108,-0.8542625869305724,0,0,97.49,0
Anambra,2024,46,-14.77,-0.976411611220346,0,0,68.56,0
Anambra,2024,47,-11.114,-0.7129042022219986,0,0,30.51,0
Anambra,2024,48,-2.89,-1.0151448862159962,0,0,4.42,0
Anambra,2024,49,-6.4079999999999995,-0.4665789657510786,0,0,0.46,0
Anambra,2024,50,-5.0040000000000004,-0.659024731527363,0,0,0.34,0
Anambra,2024,51,-0.28200000000000003,-0.7475085092038813,0,0,0.15000000000000002,0
Anambra,2024,52,-1.8199999999999998,-0.45341581215153576,0,0,0.01,0
Anambra,2025,1,-10.038333333333332,-0.6281203356980798,0,0,0.060000000000000005,0
Anambra,2025,2,-2.404,-0.4884642462182404,0,0,0.05,0
Anambra,2025,3,-3.1199999999999997,-0.4690666095341069,0,0,0.1499999999999999,0
Anambra,2025,4,-2.794,-1.5107713688602702,0,0,0.2299999999999999,0
Anambra,2025,5,-0.402,-0.47117715665922083,0,0,0.34999999999999976,0
Anambra,2025,6,-1.4100000000000001,-0.6737202149961273,0,0,0.4999999999999998,0
Anambra,2025,7,-0.16599999999999998,-0.6803621529475657,0,0,0.4099999999999999,0
Anambra,2025,8,7.593999999999998,1.030093133135872,0,0,16.629999999999995,0
Anambra,2025,9,1.3399999999999999,0.16002632505199976,0,0,27.159999999999997,0
Anambra,2025,10,-4.265999999999998,-0.29339569912840885,0,0,45.50999999999999,0
Anambra,2025,11,3.6359999999999992,0.3405654854706549,0,0,59.529999999999994,0
Anambra,2025,12,-0.49599999999999866,-0.05410688482408986,0,0,61.42,0
Anambra,2025,13,-3.202,-0.9262551840743276,0,0,51.49,0
Anambra,2025,14,-17.494,-0.8316480731266389,0,0,48.11000000000001,0
Anambra,2025,15,15.683999999999997,0.4349765161076623,0,0,88.56,0
Anambra,2025,16,-10.695999999999998,-0.8179686048627323,0,0,77.19,0
Anambra,2025,17,11.506000000000007,0.7076755560396416,0,0,121.44,0
Anambra,2025,18,-11.672000000000004,-0.48658439032492135,0,0,128.14000000000001,0
Anambra,2025,19,1.139999999999997,0.1323864134912417,0,0,92.15,0
Anambra,2025,20,-29.396000000000004,-1.2223160339509604,0,0,100.92000000000002,0
Anambra,2025,21,-15.167999999999996,-0.9317818734039117,0,0,76.49,0
Anambra,2025,22,13.409999999999997,0.22275686349274587,1,1,147.01,0
Anambra,2025,23,6.658000000000001,0.1314566177059798,1,0,220.72999999999996,0
Anambra,2025,24,-13.876000000000005,-0.4869563114503167,0,0,241.75,0
Anambra,2025,25,-15.146,-0.5319971412027973,0,0,258.90999999999997,0
Anambra,2025,26,39.888,1.4241396926783751,1,1,265.76,0
Anambra,2025,27,9.358000000000004,0.6678585452719622,1,0,263.02,0
Anambra,2025,28,17.003999999999998,0.7027463743339549,0,0,277.91999999999996,0
Anambra,2025,29,-7.68,-0.17079523953285977,0,0,283.17999999999995,0
Anambra,2025,30,9.165999999999997,0.2518946471122106,0,0,243.84999999999997,0
Anambra,2025,31,19.994000000000007,0.6956738625725999,0,0,209.2,0
Anambra,2025,32,12.784000000000006,0.22767227820847097,1,0,249.63,0
Anambra,2025,33,-22.28,-0.41834995263996483,0,0,221.5,0
Anambra,2025,34,-34.914,-1.2009170804351474,0,0,167.17,0
Anambra,2025,35,-24.746000000000006,-1.0011905374112493,0,0,132.35999999999999,0
Anambra,2025,36,-49.496,-1.2826140867673066,0,0,48.069999999999986,0
Anambra,2025,37,6.704000000000001,0.605198041196863,0,0,93.27999999999999,0
Anambra,2025,38,8.560000000000002,0.8317085112753374,1,0,168.95,0
Anambra,2025,39,-30.042,-1.1132816841524074,0,0,167.62,0
Anambra,2025,40,-34.3,-0.7911893560311083,0,0,201.51999999999998,0
Anambra,2025,41,-5.962000000000003,-0.4493024451896422,0,0,174.23,0
Anambra,2025,42,43.134,1.5069629287351947,1,0,179.88,0
Anambra,2025,43,-9.116000000000003,-0.4706307108300463,0,0,176.45,0
Anambra,2025,44,9.291999999999994,0.6544495016640196,0,0,185.0,0
Anambra,2025,45,17.081999999999997,0.6913262038065205,0,0,194.34999999999997,0
Anambra,2025,46,4.909999999999998,0.32458910027704113,0,0,127.30999999999999,0
Anambra,2025,47,-10.074,-0.6461937136210557,0,0,113.28999999999998,0
Anambra,2025,48,-1.3300000000000003,-0.4671774043831402,0,0,64.88999999999999,0
Anambra,2025,49,24.561999999999998,1.7884070781488752,0,0,53.70999999999998,0
Anambra,2025,50,0.3959999999999999,0.05215303630792079,0,0,39.30999999999998,0
Anambra,2025,51,0.398,1.054994278947322,0,0,38.759999999999984,0
Anambra,2025,52,-1.7199999999999998,-0.4285028554399129,0,0,37.15999999999998,0
Anambra,2026,1,-10.058333333333334,-0.6293717791695023,0,0,6.219999999999986,0
Bauchi,2020,53,0.0,0,0,0,0.0,0
Bauchi,2021,1,-1.5883333333333332,-0.408248290463863,0,0,0.0,0
Bauchi,2021,2,0.0,0,0,0,0.0,0
Bauchi,2021,3,0.0,0,0,0,0.0,0
Bauchi,2021,4,0.0,0,0,0,0.0,0
Bauchi,2021,5,0.0,0,0,0,0.0,0
Bauchi,2021,6,0.0,0,0,0,0.0,0
Bauchi,2021,7,0.0,0,0,0,0.0,0
Bauchi,2021,8,1.4660000000000002,1.7832623369515632,0,0,1.87,0
Bauchi,2021,9,-23.312000000000005,-0.5750150340717614,0,0,1.87,0
Bauchi,2021,10,-2.3039999999999994,-0.18063004615354178,0,0,6.32,0
Bauchi,2021,11,-3.3299999999999996,-0.5499191526177061,0,0,6.32,0
Bauchi,2021,12,-0.09000000000000001,-0.4235587248015106,0,0,4.46,0
Bauchi,2021,13,-0.04,-0.44721359549995787,0,0,4.46,0
Bauchi,2021,14,-2.0219999999999994,-0.2647927062789732,0,0,4.64,0
Bauchi,2021,15,3.9919999999999995,1.4515624677916679,0,0,12.36,0
Bauchi,2021,16,-6.292,-0.6825398296553989,0,0,12.36,0
Bauchi,2021,17,-31.511999999999997,-0.5421708223425402,0,0,12.45,0
Bauchi,2021,18,-14.932000000000002,-0.4293629496718538,0,0,13.62,0
Bauchi,2021,19,52.56399999999999,0.5053360748939814,1,0,138.29,0
Bauchi,2021,20,19.204,0.4215961189679039,0,0,196.88,0
Bauchi,2021,21,-95.17,-0.4753332798600865,0,0,198.77,0
Bauchi,2021,22,189.74,1.4447194655182483,1,1,488.21000000000004,0
Bauchi,2021,23,15.420000000000016,0.2190691642050982,0,0,437.22,0
Bauchi,2021,24,1.7859999999999978,0.12613161683427443,0,0,403.59000000000003,0
Bauchi,2021,25,116.902,1.0873966360425642,1,1,608.8800000000001,0
Bauchi,2021,26,92.37,1.7381132247705882,1,0,453.08000000000004,0
Bauchi,2021,27,50.938,1.6408119073788323,0,0,458.7700000000001,0
Bauchi,2021,28,155.30399999999997,1.7711544249866622,1,1,661.6500000000001,0
Bauchi,2021,29,122.80000000000001,0.709868219586117,1,1,722.3000000000001,0
Bauchi,2021,30,171.1,1.7391252651143472,1,1,834.12,0
Bauchi,2021,31,74.82400000000001,1.5636544733082254,1,0,871.5699999999999,0
Bauchi,2021,32,38.692,1.7147243253918933,0,0,722.5600000000001,0
Bauchi,2021,33,7.1739999999999995,0.5899586668321991,0,0,497.44,0
Bauchi,2021,34,86.64,1.4684743547977654,1,1,417.31,0
Bauchi,2021,35,-3.464000000000002,-0.2840531277563026,0,0,310.32,0
Bauchi,2021,36,86.78200000000001,1.5228689173367533,1,0,390.94000000000005,0
Bauchi,2021,37,152.994,1.766370630451175,1,1,572.77,0
Bauchi,2021,38,117.38799999999998,1.7328099669099488,1,1,575.19,0
Bauchi,2021,39,53.53,1.6579676118752393,1,0,651.4200000000001,0
Bauchi,2021,40,92.79599999999998,1.7280322644735442,1,0,637.73,0
Bauchi,2021,41,65.884,1.7574022271125416,1,0,505.03999999999996,0
Bauchi,2021,42,26.704,1.2411221828815118,0,0,378.79999999999995,0
Bauchi,2021,43,4.54,1.767534091684052,0,0,291.05,0
Bauchi,2021,44,71.30599999999998,1.7888475320672597,1,0,234.5,0
Bauchi,2021,45,23.598,1.7888003203837897,0,0,172.11999999999998,0
Bauchi,2021,46,0.062,0.24875737538694434,0,0,125.02999999999999,0
Bauchi,2021,47,-0.016,-0.4472135954999579,0,0,118.99999999999999,0
Bauchi,2021,48,1.6800000000000002,1.788854381999832,0,0,31.88,0
Bauchi,2021,49,0.0,0,0,0,2.3200000000000003,0
Bauchi,2021,50,0.0,0,0,0,2.1,0
Bauchi,2021,51,4.904,1.7888543819998317,0,0,8.23,0
Bauchi,2021,52,0.576,1.7888543819998317,0,0,6.85,0
Bauchi,2022,1,7.941666666666666,2.041241452319315,0,0,16.38,0
Bauchi,2022,2,0.0,0,0,0,16.38,0
Bauchi,2022,3,0.0,0,0,0,10.249999999999998,0
Bauchi,2022,4,0.0,0,0,0,9.529999999999998,0
Bauchi,2022,5,0.0,0,0,0,0.0,0
Bauchi,2022,6,0.0,0,0,0,0.0,0
Bauchi,2022,7,0.0,0,0,0,0.0,0
Bauchi,2022,8,-0.404,-0.4914310942213039,0,0,0.0,0
Bauchi,2022,9,-0.6020000000000039,-0.014848964074777047,0,0,22.71,0
Bauchi,2022,10,-6.754,-0.5295031821705822,0,0,22.71,0
Bauchi,2022,11,-3.3299999999999996,-0.5499191526177061,0,0,22.71,0
Bauchi,2022,12,-0.09000000000000001,-0.4235587248015106,0,0,22.720000000000002,0
Bauchi,2022,13,0.16,1.7888543819998315,0,0,0.21000000000000002,0
Bauchi,2022,14,11.638,1.5240640532515781,0,0,18.5,0
Bauchi,2022,15,1.0819999999999994,0.39343451657078754,0,0,23.31,0
Bauchi,2022,16,-0.9619999999999997,-0.10435526321177585,0,0,28.639999999999997,0
Bauchi,2022,17,102.65799999999999,1.7662532457489366,1,0,162.7,0
Bauchi,2022,18,-11.022000000000002,-0.31693265679635496,0,0,154.12,0
Bauchi,2022,19,158.954,1.5281407512498653,1,1,388.09000000000003,0
Bauchi,2022,20,70.43399999999998,1.5462768716613902,1,0,492.5799999999999,0
Bauchi,2022,21,357.77,1.7869075079914167,1,1,813.24,0
Bauchi,2022,22,86.22,0.6564968499893715,1,1,995.2500000000001,0
Bauchi,2022,23,111.43,1.583065951191574,1,1,933.88,0
Bauchi,2022,24,15.075999999999997,1.0647033904778964,0,0,862.3100000000001,0
Bauchi,2022,25,118.492,1.102186465569071,1,1,616.25,0
Bauchi,2022,26,-17.440000000000005,-0.3281660132077413,0,0,454.15999999999997,0
Bauchi,2022,27,7.077999999999996,0.2279961262795431,0,0,319.98,0
Bauchi,2022,28,-24.49600000000001,-0.27936304792196787,0,0,329.77,0
Bauchi,2022,29,-117.78,-0.6808491767333293,0,0,148.25,0
Bauchi,2022,30,-46.269999999999996,-0.4703058212556449,0,0,152.51,0
Bauchi,2022,31,-19.236,-0.4019894345204349,0,0,139.76,0
Bauchi,2022,32,-2.348000000000006,-0.10405698118526248,0,0,129.51,0
Bauchi,2022,33,0.5240000000000009,0.04309148890717492,0,0,138.32,0
Bauchi,2022,34,-41.31999999999999,-0.700338877426635,0,0,147.6,0
Bauchi,2022,35,-4.084000000000003,-0.3348940455417841,0,0,134.05,0
Bauchi,2022,36,24.232,0.4252282685914614,1,0,193.16,0
Bauchi,2022,37,-47.76599999999999,-0.5514756103777325,0,0,180.88,0
Bauchi,2022,38,-43.232,-0.6381643821297827,0,0,150.64000000000001,0
Bauchi,2022,39,-22.14,-0.6857351564901513,0,0,151.82,0
Bauchi,2022,40,-35.514,-0.6613360256962959,0,0,72.37,0
Bauchi,2022,41,-14.796000000000001,-0.39467129124456873,0,0,59.76,0
Bauchi,2022,42,19.753999999999998,0.9181069353146113,0,0,87.19,0
Bauchi,2022,43,-1.46,-0.5684140471054441,0,0,69.11,0
Bauchi,2022,44,-17.913999999999994,-0.4494069880438236,0,0,51.650000000000006,0
Bauchi,2022,45,-5.952,-0.4511797401018865,0,0,40.4,0
Bauchi,2022,46,-0.158,-0.6339300856635034,0,0,0.04,0
Bauchi,2022,47,-0.016,-0.4472135954999579,0,0,0.01,0
Bauchi,2022,48,-0.42000000000000004,-0.447213595499958,0,0,0.01,0
Bauchi,2022,49,0.0,0,0,0,0.0,0
Bauchi,2022,50,0.0,0,0,0,0.0,0
Bauchi,2022,51,-1.226,-0.4472135954999579,0,0,0.0,0
Bauchi,2022,52,-0.144,-0.4472135954999579,0,0,0.0,0
Bauchi,2023,1,-1.5883333333333332,-0.408248290463863,0,0,0.0,0
Bauchi,2023,2,0.0,0,0,0,0.0,0
Bauchi,2023,3,0.0,0,0,0,0.0,0
Bauchi,2023,4,0.0,0,0,0,0.0,0
Bauchi,2023,5,0.0,0,0,0,0.0,0
Bauchi,2023,6,0.0,0,0,0,0.0,0
Bauchi,2023,7,0.0,0,0,0,0.0,0
Bauchi,2023,8,-0.404,-0.4914310942213039,0,0,0.0,0
Bauchi,2023,9,70.368,1.7357008372323994,1,0,93.68,0
Bauchi,2023,10,22.555999999999997,1.7683556080899694,0,0,122.99000000000001,0
Bauchi,2023,11,-0.6399999999999997,-0.1056901674700696,0,0,125.68,0
Bauchi,2023,12,0.38,1.7883590602730444,0,0,126.16000000000001,0
Bauchi,2023,13,-0.04,-0.44721359549995787,0,0,32.48,0
Bauchi,2023,14,3.2680000000000007,0.42796368156265324,0,0,13.09,0
Bauchi,2023,15,-2.388,-0.8683194321358976,0,0,11.74,0
Bauchi,2023,16,15.937999999999999,1.7289128742923947,0,0,33.5,0
Bauchi,2023,17,-9.741999999999997,-0.16761323150739482,0,0,55.36,0
Bauchi,2023,18,61.988,1.7824370830604654,0,0,128.16,0
Bauchi,2023,19,-55.69599999999999,-0.5354462755363972,0,0,150.95,0
Bauchi,2023,20,-16.056,-0.3524863198369436,0,0,152.04999999999998,0
Bauchi,2023,21,-73.38000000000001,-0.3665015874344137,0,0,153.96,0
Bauchi,2023,22,-102.36,-0.7793901364522393,0,0,74.38,0
Bauchi,2023,23,-7.72999999999999,-0.10981871850229605,0,0,108.5,0
Bauchi,2023,24,-14.714,-1.039138079562999,0,0,93.63,0
Bauchi,2023,25,-83.69800000000001,-0.7785403469871393,0,0,76.53,0
Bauchi,2023,26,-32.92,-0.6194509836467226,0,0,87.54,0
Bauchi,2023,27,-26.112000000000002,-0.8411182324684139,0,0,39.33,0
Bauchi,2023,28,-53.02600000000001,-0.6047315879780482,0,0,50.38,0
Bauchi,2023,29,-138.27,-0.7992954293336514,0,0,50.56,0
Bauchi,2023,30,-77.41,-0.7868245866306348,0,0,39.160000000000004,0
Bauchi,2023,31,-29.856,-0.6239237137160586,0,0,48.980000000000004,0
Bauchi,2023,32,-6.938000000000002,-0.3074733115261284,0,0,62.67,0
Bauchi,2023,33,-15.875999999999998,-1.3055734310883738,0,0,75.57,0
Bauchi,2023,34,-32.92999999999999,-0.5581355090430564,0,0,124.38,0
Bauchi,2023,35,-15.464000000000002,-1.2680708913462648,0,0,110.07000000000001,0
Bauchi,2023,36,-45.958,-0.8064807183858692,0,0,103.58000000000001,0
Bauchi,2023,37,-54.855999999999995,-0.6333322045572353,0,0,100.61000000000001,0
Bauchi,2023,38,-37.332,-0.5510721852717674,0,0,67.88,0
Bauchi,2023,39,-21.19,-0.6563111095766172,0,0,81.39,0
Bauchi,2023,40,-38.214,-0.7116149936914525,0,0,69.43,0
Bauchi,2023,41,-25.116,-0.669948915308096,0,0,53.59,0
Bauchi,2023,42,-16.006,-0.7439110866986772,0,0,39.36,0
Bauchi,2023,43,-1.49,-0.5800937877993916,0,0,20.3,0
Bauchi,2023,44,-17.643999999999995,-0.44263352110333953,0,0,5.809999999999999,0
Bauchi,2023,45,-5.962,-0.4519377705792082,0,0,4.869999999999999,0
Bauchi,2023,46,0.41200000000000003,1.6530328816035658,0,0,0.8400000000000001,0
Bauchi,2023,47,0.064,1.7888543819998317,0,0,0.92,0
Bauchi,2023,48,-0.42000000000000004,-0.447213595499958,0,0,0.65,0
Bauchi,2023,49,0.0,0,0,0,0.65,0
Bauchi,2023,50,0.0,0,0,0,0.08,0
Bauchi,2023,51,-1.226,-0.4472135954999579,0,0,0.0,0
Bauchi,2023,52,-0.144,-0.4472135954999579,0,0,0.0,0
Bauchi,2024,1,-1.5883333333333332,-0.408248290463863,0,0,0.0,0
Bauchi,2024,2,0.0,0,0,0,0.0,0
Bauchi,2024,3,0.0,0,0,0,0.0,0
Bauchi,2024,4,0.0,0,0,0,0.0,0
Bauchi,2024,5,0.0,0,0,0,0.0,0
Bauchi,2024,6,0.0,0,0,0,0.0,0
Bauchi,2024,7,0.0,0,0,0,0.0,0
Bauchi,2024,8,-0.254,-0.3089690542876514,0,0,0.15,0
Bauchi,2024,9,-23.312000000000005,-0.5750150340717614,0,0,0.15,0
Bauchi,2024,10,-6.744,-0.5287191975952631,0,0,0.16,0
Bauchi,2024,11,10.63,1.755447625323188,0,0,14.120000000000001,0
Bauchi,2024,12,-0.1,-0.4706208053350117,0,0,13.97,0
Bauchi,2024,13,-0.04,-0.44721359549995787,0,0,13.97,0
Bauchi,2024,14,-6.571999999999999,-0.8606417733261188,0,0,14.040000000000001,0
Bauchi,2024,15,0.041999999999999815,0.015271949811435318,0,0,3.85,0
Bauchi,2024,16,-2.3819999999999997,-0.2583931777239606,0,0,7.77,0
Bauchi,2024,17,-31.341999999999995,-0.5392459353217788,0,0,8.03,0
Bauchi,2024,18,-17.122000000000003,-0.4923354155023762,0,0,11.559999999999999,0
Bauchi,2024,19,-76.006,-0.7307011206984237,0,0,11.61,0
Bauchi,2024,20,-38.336,-0.8416115817930412,0,0,8.75,0
Bauchi,2024,21,-93.09,-0.4649445731026106,0,0,12.55,0
Bauchi,2024,22,-89.32,-0.6801008889010747,0,0,25.12,0
Bauchi,2024,23,-61.71999999999999,-0.8768449296198861,0,0,25.560000000000002,0
Bauchi,2024,24,-14.354000000000001,-1.0137140134597857,0,0,33.33,0
Bauchi,2024,25,-73.31800000000001,-0.6819878749839073,0,0,46.32,0
Bauchi,2024,26,-5.280000000000001,-0.0993530131729859,0,0,71.93,0
Bauchi,2024,27,-12.832,-0.41334364120077693,0,0,90.99,0
Bauchi,2024,28,-48.85600000000001,-0.557175092638621,0,0,105.85,0
Bauchi,2024,29,243.76,1.4090999772500965,1,1,477.68,0
Bauchi,2024,30,-14.120000000000005,-0.14352103298313612,0,0,501.92999999999995,0
Bauchi,2024,31,18.503999999999998,0.3866922695137308,0,0,546.8299999999999,0
Bauchi,2024,32,-9.528000000000002,-0.4222550752696672,0,0,553.76,0
Bauchi,2024,33,-7.185999999999996,-0.5909454948224395,0,0,193.32,0
Bauchi,2024,34,35.93000000000001,0.6089829590014281,1,0,247.7,0
Bauchi,2024,35,17.086,1.4010772923915078,0,0,217.58,0
Bauchi,2024,36,-14.597999999999999,-0.25616879600933284,0,0,245.04,0
Bauchi,2024,37,-29.766,-0.3436591512478246,0,0,258.47,0
Bauchi,2024,38,-36.251999999999995,-0.535129884829961,0,0,157.95999999999998,0
Bauchi,2024,39,-17.61,-0.5454289117340363,0,0,142.5,0
Bauchi,2024,40,-12.734000000000002,-0.23713051053715808,0,0,124.66000000000001,0
Bauchi,2024,41,-19.846,-0.529375942554725,0,0,89.0,0
Bauchi,2024,42,-11.446000000000002,-0.53197590268356,0,0,78.25000000000001,0
Bauchi,2024,43,-1.08,-0.42047066498210933,0,0,56.02000000000001,0
Bauchi,2024,44,-17.913999999999994,-0.4494069880438236,0,0,15.780000000000001,0
Bauchi,2024,45,-5.962,-0.4519377705792082,0,0,9.57,0
Bauchi,2024,46,-0.158,-0.6339300856635034,0,0,0.41,0
Bauchi,2024,47,-0.016,-0.4472135954999579,0,0,0.0,0
Bauchi,2024,48,-0.42000000000000004,-0.447213595499958,0,0,0.0,0
Bauchi,2024,49,0.0,0,0,0,0.0,0
Bauchi,2024,50,0.0,0,0,0,0.0,0
Bauchi,2024,51,-1.226,-0.4472135954999579,0,0,0.0,0
Bauchi,2024,52,-0.144,-0.4472135954999579,0,0,0.0,0
Bauchi,2025,1,-1.5883333333333332,-0.408248290463863,0,0,0.0,0
Bauchi,2025,2,0.0,0,0,0,0.0,0
Bauchi,2025,3,0.0,0,0,0,0.0,0
Bauchi,2025,4,0.0,0,0,0,0.0,0
Bauchi,2025,5,0.0,0,0,0,0.0,0
Bauchi,2025,6,0.0,0,0,0,0.0,0
Bauchi,2025,7,0.0,0,0,0,0.0,0
Bauchi,2025,8,-0.404,-0.4914310942213039,0,0,0.0,0
Bauchi,2025,9,-23.142000000000007,-0.5708218050141002,0,0,0.1699999999999999,0
Bauchi,2025,10,-6.754,-0.5295031821705822,0,0,0.1699999999999999,0
Bauchi,2025,11,-3.3299999999999996,-0.5499191526177061,0,0,0.1699999999999999,0
Bauchi,2025,12,-0.1,-0.4706208053350117,0,0,0.1699999999999999,0
Bauchi,2025,13,-0.04,-0.44721359549995787,0,0,0.0,0
Bauchi,2025,14,-6.311999999999999,-0.8265932552091391,0,0,0.34,0
Bauchi,2025,15,-2.728,-0.9919495020379937,0,0,1.34,0
Bauchi,2025,16,-6.302,-0.6836246037012593,0,0,1.34,0
Bauchi,2025,17,-30.061999999999998,-0.5172232565772228,0,0,2.88,0
Bauchi,2025,18,-18.912000000000003,-0.5438060610898807,0,0,4.36,0
Bauchi,2025,19,-79.81599999999999,-0.7673294299090254,0,0,3.37,0
Bauchi,2025,20,-35.246,-0.7737750889993096,0,0,7.5200000000000005,0
Bauchi,2025,21,-96.13000000000001,-0.48012806759430615,0,0,7.0,0
Bauchi,2025,22,-84.28,-0.6417252901543057,0,0,26.4,0
Bauchi,2025,23,-57.39999999999999,-0.815471467274489,0,0,34.97,0
Bauchi,2025,24,12.206,0.8620170857106133,0,0,66.21000000000001,0
Bauchi,2025,25,-78.37800000000001,-0.7290548796405888,0,0,77.18,0
Bauchi,2025,26,-36.730000000000004,-0.6911432147431386,0,0,66.30000000000001,0
Bauchi,2025,27,-19.072000000000003,-0.6143461599891847,0,0,74.8,0
Bauchi,2025,28,-28.92600000000001,-0.3298846964480259,0,0,83.03,0
Bauchi,2025,29,-110.51,-0.6388235907692328,0,0,105.65,0
Bauchi,2025,30,-33.3,-0.3384738242449314,0,0,142.17,0
Bauchi,2025,31,-44.236000000000004,-0.9244335945854626,0,0,130.57,0
Bauchi,2025,32,-19.878000000000004,-0.8809389574108358,0,0,107.22,0
Bauchi,2025,33,15.364000000000004,1.26346877017144,0,0,123.60000000000001,0
Bauchi,2025,34,-48.31999999999999,-0.8189829273295016,0,0,112.91000000000001,0
Bauchi,2025,35,5.925999999999998,0.4859407722528429,0,0,134.37,0
Bauchi,2025,36,-50.458,-0.8854476715330125,0,0,136.32,0
Bauchi,2025,37,-20.605999999999995,-0.23790366426838244,0,0,136.36,0
Bauchi,2025,38,-0.5719999999999956,-0.008443514678438029,0,0,155.78,0
Bauchi,2025,39,7.409999999999997,0.22950756592556543,0,0,176.5,0
Bauchi,2025,40,-6.334000000000003,-0.11795073454863828,0,0,200.92000000000002,0
Bauchi,2025,41,-6.126000000000001,-0.16340607800515194,0,0,169.82,0
Bauchi,2025,42,-19.006,-0.883342128813886,0,0,115.83,0
Bauchi,2025,43,-0.51,-0.19855559179710716,0,0,69.15,0
Bauchi,2025,44,-17.833999999999996,-0.44740003487627283,0,0,22.59,0
Bauchi,2025,45,-5.7219999999999995,-0.43374503912348694,0,0,2.9,0
Bauchi,2025,46,-0.158,-0.6339300856635034,0,0,1.3,0
Bauchi,2025,47,-0.016,-0.4472135954999579,0,0,0.32,0
Bauchi,2025,48,-0.42000000000000004,-0.447213595499958,0,0,0.24,0
Bauchi,2025,49,0.0,0,0,0,0.0,0
Bauchi,2025,50,0.0,0,0,0,0.0,0
Bauchi,2025,51,-1.226,-0.4472135954999579,0,0,0.0,0
Bauchi,2025,52,-0.144,-0.4472135954999579,0,0,0.0,0
Bauchi,2026,1,-1.5883333333333332,-0.408248290463863,0,0,0.0,0
Bayelsa,2020,53,0.0,0,0,0,0.74,0
Bayelsa,2021,1,49.44833333333334,1.1163338486576402,0,0,80.41,0
Bayelsa,2021,2,-2.760000000000001,-0.3016571799359227,0,0,83.35,0
Bayelsa,2021,3,-16.23,-0.4623668174561047,0,0,83.39,0
Bayelsa,2021,4,-0.3899999999999988,-0.05262520581791529,0,0,92.73,0
Bayelsa,2021,5,0.4179999999999999,0.4831256245571723,0,0,14.190000000000001,0
Bayelsa,2021,6,21.003999999999998,1.780737885318746,0,0,38.79,0
Bayelsa,2021,7,0.242,0.5007337169148726,0,0,39.34,0
Bayelsa,2021,8,-11.345999999999998,-0.5888164521912066,0,0,37.89,0
Bayelsa,2021,9,-8.834,-0.8143982416299687,0,0,42.169999999999995,0
Bayelsa,2021,10,34.24199999999999,1.2649804000576417,0,0,87.80999999999999,0
Bayelsa,2021,11,-2.5139999999999993,-0.10977662712452153,0,0,105.87999999999998,0
Bayelsa,2021,12,11.082,0.6773518879194831,0,0,136.01,0
Bayelsa,2021,13,-7.362000000000001,-1.062339100176955,0,0,132.29999999999998,0
Bayelsa,2021,14,43.138000000000005,0.7954874852251809,1,0,174.24,0
Bayelsa,2021,15,147.68200000000002,1.6843140521153495,1,1,378.6,0
Bayelsa,2021,16,17.696,1.2529306404514493,0,0,385.3,0
Bayelsa,2021,17,7.341999999999999,0.2871628491109921,0,0,439.31000000000006,0
Bayelsa,2021,18,0.06400000000000006,0.0018938397489148178,0,0,371.76000000000005,0
Bayelsa,2021,19,17.146000000000004,1.2251222693572528,0,0,192.83,0
Bayelsa,2021,20,-3.2320000000000135,-0.09790689541255289,0,0,220.41,0
Bayelsa,2021,21,27.342,1.236997199716751,0,0,241.10999999999999,0
Bayelsa,2021,22,43.42400000000001,0.9974100156524253,1,0,315.66999999999996,0
Bayelsa,2021,23,-38.894,-0.6382934758752729,0,0,333.35,0
Bayelsa,2021,24,123.91999999999999,1.7711078256279837,1,1,453.57,0
Bayelsa,2021,25,-51.322,-0.38198372279230136,0,0,432.15999999999997,0
Bayelsa,2021,26,-19.064000000000007,-0.6200701389011719,0,0,360.12,0
Bayelsa,2021,27,-18.64200000000001,-0.30625872150395805,0,0,393.9,0
Bayelsa,2021,28,56.038,1.4543666842763727,1,0,308.62,0
Bayelsa,2021,29,-33.278,-1.2094306247096716,0,0,262.86,0
Bayelsa,2021,30,-43.39,-1.0348452042700023,0,0,231.67000000000002,0
Bayelsa,2021,31,47.808,1.616598247037424,0,0,215.82,0
Bayelsa,2021,32,56.22000000000001,0.7628993757281899,1,1,261.36,0
Bayelsa,2021,33,162.45600000000002,1.7863223934661256,1,1,469.3,0
Bayelsa,2021,34,52.256,1.4414112134169916,1,0,550.6700000000001,0
Bayelsa,2021,35,143.144,1.7417042061820864,1,1,681.4,0
Bayelsa,2021,36,10.618000000000002,0.6132299297400281,0,0,580.15,0
Bayelsa,2021,37,-25.160000000000004,-1.0501576982340397,0,0,404.87,0
Bayelsa,2021,38,9.47999999999999,0.7990930009399627,0,0,392.59000000000003,0
Bayelsa,2021,39,-5.526000000000003,-0.24870630948147301,0,0,223.59,0
Bayelsa,2021,40,31.256,1.1729144163876475,0,0,269.24,0
Bayelsa,2021,41,-9.673999999999992,-0.52166899756346,0,0,263.94,0
Bayelsa,2021,42,-0.36599999999999966,-0.02394487479674144,0,0,208.45,0
Bayelsa,2021,43,23.914,1.0136069314449458,0,0,220.66,0
Bayelsa,2021,44,-20.552,-0.9185788139183273,0,0,180.03,0
Bayelsa,2021,45,66.168,1.5581678198533637,1,0,251.22000000000003,0
Bayelsa,2021,46,125.06000000000004,1.7658239070537847,1,1,391.38000000000005,0
Bayelsa,2021,47,66.75800000000001,1.775467376855696,0,0,426.0300000000001,0
Bayelsa,2021,48,5.034000000000001,0.6229011225638258,0,0,383.63000000000005,0
Bayelsa,2021,49,-10.46,-0.396001849351153,0,0,277.79,0
Bayelsa,2021,50,-10.843999999999998,-0.3624751200211566,0,0,113.27000000000001,0
Bayelsa,2021,51,123.276,1.7886820164558215,1,1,179.68,0
Bayelsa,2021,52,21.058,1.7888429657615583,0,0,191.14000000000001,0
Bayelsa,2022,1,64.19833333333334,1.4493263512906953,0,0,283.61,0
Bayelsa,2022,2,16.08,1.75748096136581,0,0,297.25,0
Bayelsa,2022,3,62.769999999999996,1.7882171985039859,0,0,221.59000000000003,0
Bayelsa,2022,4,8.71,1.1752962632667785,0,0,214.42000000000004,0
Bayelsa,2022,5,-0.6719999999999999,-0.7766995686660761,0,0,120.04000000000002,0
Bayelsa,2022,6,-4.406,-0.3735446163928012,0,0,100.39000000000001,0
Bayelsa,2022,7,0.7420000000000001,1.5353075121935351,0,0,22.44000000000003,0
Bayelsa,2022,8,-18.816,-0.9764824928987964,0,0,4.420000000000028,0
Bayelsa,2022,9,4.416,0.40710693174529566,0,0,23.040000000000028,0
Bayelsa,2022,10,0.931999999999995,0.03443028248506852,0,0,60.78000000000003,0
Bayelsa,2022,11,-17.134,-0.7481753099250408,0,0,63.73000000000002,0
Bayelsa,2022,12,-18.198000000000004,-1.1122946811368666,0,0,72.05000000000003,0
Bayelsa,2022,13,3.8279999999999994,0.5523817000105111,0,0,66.28000000000003,0
Bayelsa,2022,14,56.518,1.0422217462551988,1,1,154.91000000000003,0
Bayelsa,2022,15,-62.97800000000001,-0.7182644491144519,0,0,163.23000000000002,0
Bayelsa,2022,16,7.846,0.5555206716196921,0,0,189.36,0
Bayelsa,2022,17,39.821999999999996,1.5575318683325974,0,0,264.66,0
Bayelsa,2022,18,-7.0859999999999985,-0.20968356970016225,0,0,176.58000000000004,0
Bayelsa,2022,19,3.146000000000001,0.22478914378851728,0,0,194.31,0
Bayelsa,2022,20,17.598,0.5330957752073324,0,0,252.57000000000005,0
Bayelsa,2022,21,11.032000000000004,0.49910588498556074,0,0,224.48000000000005,0
Bayelsa,2022,22,37.98400000000001,0.8724581345463734,1,0,300.75000000000006,0
Bayelsa,2022,23,56.495999999999995,0.9271617270799973,1,1,427.82000000000005,0
Bayelsa,2022,24,-34.010000000000005,-0.48608277234996566,0,0,369.28000000000003,0
Bayelsa,2022,25,-86.612,-0.644643119880106,0,0,328.89000000000004,0
Bayelsa,2022,26,-34.77400000000001,-1.1310490458534068,0,0,246.58000000000004,0
Bayelsa,2022,27,-8.332000000000008,-0.13688164722513568,1,0,195.28000000000003,0
Bayelsa,2022,28,-40.92200000000001,-1.062057772475066,0,0,170.97000000000006,0
Bayelsa,2022,29,3.9819999999999993,0.14471881566181596,0,0,197.76000000000005,0
Bayelsa,2022,30,0.6700000000000017,0.01597940278545525,0,0,226.34000000000003,0
Bayelsa,2022,31,-24.362000000000002,-0.8237861130841225,0,0,128.01000000000002,0
Bayelsa,2022,32,69.02,0.9365940041401574,1,1,283.31,0
Bayelsa,2022,33,-48.764,-0.5361958019093302,0,0,242.77,0
Bayelsa,2022,34,1.8260000000000076,0.0503677448656506,0,0,229.65,0
Bayelsa,2022,35,-46.156000000000006,-0.5616029965666768,0,0,243.25,0
Bayelsa,2022,36,0.2779999999999987,0.01605555852964089,0,0,118.86,0
Bayelsa,2022,37,1.9399999999999977,0.08097400375890437,0,0,181.9,0
Bayelsa,2022,38,7.349999999999994,0.6195499532604143,0,0,217.92000000000002,0
Bayelsa,2022,39,35.834,1.6127654531232536,0,0,279.58000000000004,0
Bayelsa,2022,40,-12.494,-0.46885054768195766,0,0,291.82,0
Bayelsa,2022,41,31.175999999999995,1.6811611192927887,0,0,300.27,0
Bayelsa,2022,42,-22.716,-1.4861523931223475,0,0,224.55999999999997,0
Bayelsa,2022,43,-16.906,-0.7165693226983463,0,0,154.59,0
Bayelsa,2022,44,4.108000000000004,0.1836084939459173,0,0,182.37,0
Bayelsa,2022,45,-28.602,-0.673538810050869,0,0,117.94,0
Bayelsa,2022,46,-36.64000000000001,-0.5173499756472946,0,0,118.75,0
Bayelsa,2022,47,-20.202000000000005,-0.5372838004020307,0,0,107.26,0
Bayelsa,2022,48,-4.146,-0.5130210675704453,0,0,31.02,0
Bayelsa,2022,49,-12.3,-0.46566183049896576,0,0,18.11,0
Bayelsa,2022,50,52.256,1.746726288438359,0,0,78.38999999999999,0
Bayelsa,2022,51,-31.393999999999995,-0.45551350810063634,0,0,77.09,0
Bayelsa,2022,52,-5.292,-0.4495468218639076,0,0,71.38,0
Bayelsa,2023,1,-25.651666666666667,-0.5791059444096444,0,0,75.83999999999999,0
Bayelsa,2023,2,-5.700000000000001,-0.6229876542154925,0,0,4.6000000000000005,0
Bayelsa,2023,3,-14.07,-0.4008318620830187,0,0,6.7700000000000005,0
Bayelsa,2023,4,-3.0999999999999988,-0.4183029180398406,0,0,14.14,0
Bayelsa,2023,5,1.3179999999999998,1.5233482611635243,0,0,11.6,0
Bayelsa,2023,6,-3.8959999999999995,-0.33030636075042064,0,0,14.24,0
Bayelsa,2023,7,-0.348,-0.720063361513949,0,0,12.04,0
Bayelsa,2023,8,19.694000000000003,1.022047524189461,0,0,44.34,0
Bayelsa,2023,9,13.456,1.2404961217311363,0,0,70.01,0
Bayelsa,2023,10,15.361999999999995,0.5675085831927309,0,0,121.67,0
Bayelsa,2023,11,37.566,1.6403614855050825,0,0,180.41,0
Bayelsa,2023,12,21.751999999999995,1.3295215905093478,0,0,190.17000000000002,0
Bayelsa,2023,13,5.6579999999999995,0.8164513214888903,0,0,177.19,0
Bayelsa,2023,14,14.227999999999994,0.26237182854522384,0,0,209.1,0
Bayelsa,2023,15,-57.98800000000001,-0.6613534706603709,0,0,167.70999999999998,0
Bayelsa,2023,16,3.1159999999999997,0.2206222804954066,0,0,149.16,0
Bayelsa,2023,17,-20.578000000000003,-0.8048538693824568,0,0,162.23,0
Bayelsa,2023,18,-27.196,-0.8047635283044897,0,0,96.33,0
Bayelsa,2023,19,5.326000000000004,0.380555301912792,0,0,111.25,0
Bayelsa,2023,20,24.38799999999999,0.7387850759038765,1,0,181.03,0
Bayelsa,2023,21,-9.547999999999995,-0.4319672760915636,0,0,192.76000000000002,0
Bayelsa,2023,22,-55.225999999999985,-1.2684912841843408,0,0,195.93,0
Bayelsa,2023,23,-13.834000000000003,-0.22703121163311893,0,0,250.49,0
Bayelsa,2023,24,-14.630000000000003,-0.2090970584969126,0,0,204.54,0
Bayelsa,2023,25,-50.802,-0.37811342280687604,0,0,220.54,0
Bayelsa,2023,26,8.665999999999997,0.28186780443335874,0,0,274.88,0
Bayelsa,2023,27,-46.122,-0.7577118738979479,0,0,256.12,0
Bayelsa,2023,28,-22.832000000000008,-0.5925639768620964,0,0,230.52000000000004,0
Bayelsa,2023,29,0.0519999999999996,0.001889848923760516,0,0,217.57000000000002,0
Bayelsa,2023,30,35.82,0.8543018026492621,0,0,237.85999999999999,0
Bayelsa,2023,31,-24.472,-0.8275056957308368,0,0,177.20999999999998,0
Bayelsa,2023,32,-66.75999999999999,-0.9059260463111692,0,0,178.64,0
Bayelsa,2023,33,-39.654,-0.43602469709032443,0,0,151.14,0
Bayelsa,2023,34,-26.923999999999992,-0.7426621920935217,0,0,74.12,0
Bayelsa,2023,35,-6.0660000000000025,-0.07380803746367672,0,0,127.92,0
Bayelsa,2023,36,5.058,0.29211875914720864,0,0,144.09,0
Bayelsa,2023,37,-14.510000000000005,-0.6056354611039713,0,0,181.57,0
Bayelsa,2023,38,-19.700000000000003,-1.6605624597592072,0,0,219.29,0
Bayelsa,2023,39,-5.176000000000002,-0.2329540097495664,0,0,199.85,0
Bayelsa,2023,40,-31.444000000000003,-1.1799693149761068,0,0,188.35999999999999,0
Bayelsa,2023,41,2.7660000000000053,0.14915613471785552,0,0,184.85000000000002,0
Bayelsa,2023,42,4.054000000000002,0.26522547110926215,0,0,162.96,0
Bayelsa,2023,43,-20.555999999999997,-0.8712764105872002,0,0,130.35,0
Bayelsa,2023,44,36.628,1.6371012454359912,1,0,209.60000000000002,0
Bayelsa,2023,45,-20.701999999999998,-0.4875043859056391,0,0,181.48,0
Bayelsa,2023,46,-22.88000000000001,-0.3230613385046425,0,0,169.28,0
Bayelsa,2023,47,-8.792000000000003,-0.23382829289845833,0,0,172.85000000000002,0
Bayelsa,2023,48,11.534,1.427203326907264,0,0,79.77000000000001,0
Bayelsa,2023,49,-12.1,-0.45809009341768175,0,0,59.160000000000004,0
Bayelsa,2023,50,-18.973999999999997,-0.6342311810477155,0,0,34.45,0
Bayelsa,2023,51,-31.293999999999997,-0.4540625508855614,0,0,21.84,0
Bayelsa,2023,52,-5.282,-0.4486973380735374,0,0,0.46,0
Bayelsa,2024,1,-27.55166666666667,-0.6219998939013599,0,0,2.82,0
Bayelsa,2024,2,-1.9200000000000013,-0.20984847299890283,0,0,6.59,0
Bayelsa,2024,3,-16.25,-0.46293658556141104,0,0,6.4799999999999995,0
Bayelsa,2024,4,5.15,0.6949225896468323,0,0,22.089999999999996,0
Bayelsa,2024,5,-0.712,-0.8229316858485807,0,0,19.42,0
Bayelsa,2024,6,-6.536,-0.5541279193698022,0,0,15.639999999999999,0
Bayelsa,2024,7,-0.288,-0.5959145060805094,0,0,15.68,0
Bayelsa,2024,8,-11.495999999999999,-0.5966009108399534,0,0,8.540000000000001,0
Bayelsa,2024,9,-13.214,-1.2181863668664712,0,0,9.57,0
Bayelsa,2024,10,-36.328,-1.3420421696540514,0,0,12.180000000000001,0
Bayelsa,2024,11,-19.594,-0.8555939665385345,0,0,13.700000000000001,0
Bayelsa,2024,12,-3.048000000000002,-0.18629927399193155,0,0,29.85,0
Bayelsa,2024,13,5.607999999999999,0.8092363045086066,0,0,43.49,0
Bayelsa,2024,14,-60.141999999999996,-1.1090502187494278,0,0,52.72,0
Bayelsa,2024,15,-38.418000000000006,-0.4381575090679128,0,0,88.06,0
Bayelsa,2024,16,-15.524000000000001,-1.0991464320958577,0,0,75.67,0
Bayelsa,2024,17,-3.338000000000001,-0.1305570131207426,0,0,106.03,0
Bayelsa,2024,18,57.06399999999999,1.6885948661261727,1,0,198.76,0
Bayelsa,2024,19,-20.654,-1.4757771696783328,0,0,168.13,0
Bayelsa,2024,20,17.317999999999998,0.5246137421889182,0,0,249.48000000000002,0
Bayelsa,2024,21,2.5919999999999987,0.11726635731350367,0,0,256.11,0
Bayelsa,2024,22,-33.835999999999984,-0.7771823252030085,0,0,196.41000000000003,0
Bayelsa,2024,23,-72.414,-1.1883936792829746,0,0,218.37,0
Bayelsa,2024,24,-40.910000000000004,-0.5846999769725696,0,0,153.21,0
Bayelsa,2024,25,238.728,1.776824951770401,1,1,446.6,0
Bayelsa,2024,26,-1.0040000000000049,-0.03265581302228175,0,0,469.88,0
Bayelsa,2024,27,-32.75200000000001,-0.538063815400581,0,0,523.07,0
Bayelsa,2024,28,-13.062000000000005,-0.33900099271954726,0,0,533.52,0
Bayelsa,2024,29,41.80199999999999,1.5192204752122629,0,0,272.78999999999996,0
Bayelsa,2024,30,-40.379999999999995,-0.9630571410099721,0,0,226.54999999999998,0
Bayelsa,2024,31,3.6580000000000013,0.1236930301970988,0,0,180.66,0
Bayelsa,2024,32,-91.00999999999999,-1.23499594779478,0,0,148.07,0
Bayelsa,2024,33,-36.574000000000005,-0.40215784716249375,0,0,81.9,0
Bayelsa,2024,34,13.156000000000006,0.3628904991525174,0,0,121.16000000000001,0
Bayelsa,2024,35,-34.796,-0.4233802294075328,0,0,118.1,0
Bayelsa,2024,36,13.628,0.7870688907983708,0,0,167.09,0
Bayelsa,2024,37,38.06,1.588593084053559,1,0,254.06,0
Bayelsa,2024,38,-2.230000000000004,-0.18797229874431665,0,0,269.17,0
Bayelsa,2024,39,0.03399999999999892,0.0015302234025280147,0,0,283.67,0
Bayelsa,2024,40,24.206000000000003,0.9083557193204312,0,0,319.26,0
Bayelsa,2024,41,-10.143999999999991,-0.5470136769985257,0,0,250.27,0
Bayelsa,2024,42,-0.9959999999999987,-0.06516146256162422,0,0,205.86,0
Bayelsa,2024,43,27.444000000000003,1.1632277589100568,0,0,216.04000000000002,0
Bayelsa,2024,44,-7.111999999999995,-0.3178733225275953,0,0,195.9,0
Bayelsa,2024,45,-35.322,-0.8317858138807356,0,0,166.07000000000002,0
Bayelsa,2024,46,-47.080000000000005,-0.6647608311537835,0,0,134.72,0
Bayelsa,2024,47,-18.912000000000003,-0.5029755090190676,0,0,80.17,0
Bayelsa,2024,48,-8.276,-1.024062314330199,0,0,11.020000000000001,0
Bayelsa,2024,49,-12.370000000000001,-0.4683119384774152,0,0,4.76,0
Bayelsa,2024,50,-18.964,-0.6338969177500199,0,0,4.260000000000001,0
Bayelsa,2024,51,-31.423999999999996,-0.45594879526515886,0,0,1.6400000000000001,0
Bayelsa,2024,52,-5.292,-0.4495468218639076,0,0,0.06,0
Bayelsa,2025,1,-30.221666666666668,-0.6822771808186655,0,0,0.02,0
Bayelsa,2025,2,-5.700000000000001,-0.6229876542154925,0,0,0.0,0
Bayelsa,2025,3,-16.22,-0.4620819334034515,0,0,0.05,0
Bayelsa,2025,4,-10.37,-1.3992907290558545,0,0,0.15000000000000002,0
Bayelsa,2025,5,-0.352,-0.40684263120603986,0,0,0.51,0
Bayelsa,2025,6,-6.1659999999999995,-0.5227589888057222,0,0,0.88,0
Bayelsa,2025,7,-0.348,-0.720063361513949,0,0,0.83,0
Bayelsa,2025,8,21.964,1.1398523317404956,0,0,42.669999999999995,0
Bayelsa,2025,9,4.176000000000002,0.384981555020008,0,0,60.73,0
Bayelsa,2025,10,-14.208000000000002,-0.5248770960813908,0,0,85.09,0
Bayelsa,2025,11,1.676000000000002,0.07318441808301446,0,0,107.94,0
Bayelsa,2025,12,-11.588000000000005,-0.7082795233000336,0,0,82.09,0
Bayelsa,2025,13,-7.732000000000001,-1.1157302258310535,0,0,65.0,0
Bayelsa,2025,14,-53.742000000000004,-0.9910308412761757,0,0,58.51,0
Bayelsa,2025,15,11.701999999999998,0.13346137672738598,0,0,122.7,0
Bayelsa,2025,16,-13.133999999999999,-0.9299271604706901,0,0,121.24000000000001,0
Bayelsa,2025,17,-23.248,-0.9092838349403904,0,0,145.03,0
Bayelsa,2025,18,-22.846,-0.6760416078704358,0,0,151.45000000000002,0
Bayelsa,2025,19,-4.963999999999999,-0.3546895453802286,0,0,86.39,0
Bayelsa,2025,20,-56.072,-1.6985876978875751,0,0,91.96000000000001,0
Bayelsa,2025,21,-31.418,-1.4214021659242515,0,0,84.49,0
Bayelsa,2025,22,7.654000000000011,0.17580545918855178,0,0,146.19,0
Bayelsa,2025,23,68.646,1.1265566397113689,1,1,293.52,0
Bayelsa,2025,24,-34.370000000000005,-0.49122801780853625,0,0,308.28999999999996,0
Bayelsa,2025,25,-49.992000000000004,-0.37208468629111746,0,0,346.96999999999997,0
Bayelsa,2025,26,46.17599999999999,1.5019071933435004,1,0,375.94,0
Bayelsa,2025,27,105.84799999999998,1.738916058027622,1,1,426.66999999999996,0
Bayelsa,2025,28,20.77799999999999,0.5392560577803359,0,0,464.41999999999996,0
Bayelsa,2025,29,-12.558,-0.4563985150881681,0,0,438.04999999999995,0
Bayelsa,2025,30,47.279999999999994,1.1276211398452571,1,0,432.28999999999996,0
Bayelsa,2025,31,-2.6320000000000014,-0.08899946841956373,0,0,241.51,0
Bayelsa,2025,32,32.530000000000015,0.44142861423760266,1,1,298.62,0
Bayelsa,2025,33,-37.464,-0.4119440473039772,0,0,285.92,0
Bayelsa,2025,34,-40.31399999999999,-1.112007265341637,0,0,184.05,0
Bayelsa,2025,35,-56.126000000000005,-0.6829129427442001,0,0,165.95000000000002,0
Bayelsa,2025,36,-29.582,-1.7084731382152485,0,0,48.19,0
Bayelsa,2025,37,-0.3300000000000125,-0.013773928474453344,0,0,97.65999999999998,0
Bayelsa,2025,38,5.099999999999994,0.42989180430314444,0,0,173.57,0
Bayelsa,2025,39,-25.166000000000004,-1.1326353572947425,0,0,184.2,0
Bayelsa,2025,40,-11.524000000000001,-0.43245027305001443,0,0,227.26999999999998,0
Bayelsa,2025,41,-14.123999999999995,-0.7616345794486574,0,0,192.69,0
Bayelsa,2025,42,20.024,1.3100332593714512,0,0,161.97,0
Bayelsa,2025,43,-13.895999999999999,-0.5889889570694559,0,0,156.01000000000002,0
Bayelsa,2025,44,-13.072000000000003,-0.5842576029359856,0,0,165.64,0
Bayelsa,2025,45,18.458000000000006,0.4346611899838803,0,0,193.57000000000002,0
Bayelsa,2025,46,-18.460000000000008,-0.26065176174806387,0,0,169.82,0
Bayelsa,2025,47,-18.852000000000004,-0.5013797745361391,0,0,156.67,0
Bayelsa,2025,48,-4.146,-0.5130210675704453,0,0,97.61000000000001,0
Bayelsa,2025,49,47.230000000000004,1.788065711745216,0,0,97.17,0
Bayelsa,2025,50,-3.4739999999999984,-0.11612306961946679,0,0,83.54,0
Bayelsa,2025,51,-29.163999999999994,-0.4231571622044645,0,0,83.11999999999999,0
Bayelsa,2025,52,-5.192,-0.4410519839602057,0,0,77.51,0
Bayelsa,2026,1,-30.221666666666668,-0.6822771808186655,0,0,17.87,0
Benue,2020,53,0.0,0,0,0,0.0,0
Benue,2021,1,-5.596666666666667,-0.3616163999675134,0,0,0.91,0
Benue,2021,2,-5.529999999999999,-0.4472135954999579,0,0,0.91,0
Benue,2021,3,-1.426,-0.460005265439001,0,0,0.91,0
Benue,2021,4,-0.47400000000000003,-0.5250872974459886,0,0,0.91,0
Benue,2021,5,1.0020000000000002,0.16255202395591276,0,0,4.8,0
Benue,2021,6,-19.368,-0.5799722627514667,0,0,7.09,0
Benue,2021,7,0.016,1.7888543819998317,0,0,7.109999999999999,0
Benue,2021,8,-3.8900000000000006,-0.8406798121097269,0,0,7.24,0
Benue,2021,9,-11.204,-0.825129710031456,0,0,2.74,0
Benue,2021,10,15.019999999999998,0.9654862626466623,0,0,29.009999999999998,0
Benue,2021,11,-8.478000000000002,-0.3698213875800892,0,0,32.68,0
Benue,2021,12,4.446,0.40417475353609145,0,0,47.629999999999995,0
Benue,2021,13,-6.7620000000000005,-0.541886733819342,0,0,47.33,0
Benue,2021,14,37.07,1.6815969933481958,0,0,74.3,0
Benue,2021,15,52.646,1.7824195339088122,1,1,148.81,0
Benue,2021,16,-13.624,-0.40454612019185127,0,0,139.73999999999998,0
Benue,2021,17,-48.82799999999999,-0.6704703998833444,0,0,141.69,0
Benue,2021,18,-28.168,-0.6318943956442548,0,0,92.73,0
Benue,2021,19,-0.22800000000000153,-0.012476395570325566,0,0,34.18,0
Benue,2021,20,-22.816,-0.4683230932182403,0,0,44.760000000000005,0
Benue,2021,21,-24.284,-0.4529197125483909,0,0,53.07,0
Benue,2021,22,38.402,1.4722253837049053,1,0,119.61,0
Benue,2021,23,-16.87400000000001,-0.3406972450573697,0,0,143.58,0
Benue,2021,24,16.718000000000004,1.7659022486165892,0,0,163.69,0
Benue,2021,25,18.494,0.610884662498694,1,0,215.54000000000002,0
Benue,2021,26,39.99600000000001,1.5127765852013297,1,0,218.64000000000001,0
Benue,2021,27,-18.564,-0.8135644026520816,0,0,190.88,0
Benue,2021,28,8.437999999999999,0.7839224398157849,0,0,182.92000000000002,0
Benue,2021,29,-25.827999999999996,-0.33124038607172,0,0,152.52,0
Benue,2021,30,-28.052,-1.2042174022580232,0,0,84.88,0
Benue,2021,31,38.20399999999999,1.6340826196537335,1,0,140.08999999999997,0
Benue,2021,32,4.184000000000001,0.45988260934409064,0,0,140.32999999999998,0
Benue,2021,33,-4.474000000000004,-0.31179197094834876,0,0,129.26999999999998,0
Benue,2021,34,-35.214,-0.6096078616255535,0,0,141.54999999999998,0
Benue,2021,35,26.547999999999995,1.477375228559037,0,0,125.89,0
Benue,2021,36,-9.894000000000002,-0.5626770481371792,0,0,122.92,0
Benue,2021,37,13.686,1.4093856045801043,0,0,146.01,0
Benue,2021,38,7.321999999999999,0.6143185591242594,0,0,156.85,0
Benue,2021,39,-5.972000000000001,-0.31901392153945307,0,0,131.61,0
Benue,2021,40,-5.036000000000001,-0.2716888578118408,0,0,139.54,0
Benue,2021,41,-19.794000000000004,-0.8369445071450112,0,0,123.47999999999999,0
Benue,2021,42,24.144,0.8915262641105058,1,0,148.57,0
Benue,2021,43,35.024,1.7389346848217069,0,0,166.21,0
Benue,2021,44,36.769999999999996,1.4933122088914719,0,0,187.35,0
Benue,2021,45,69.602,1.7441518797501605,1,1,255.45,0
Benue,2021,46,104.732,1.7888439641688143,1,1,329.76,0
Benue,2021,47,28.866,1.7749670187508613,0,0,319.23,0
Benue,2021,48,37.61,1.7888481726296301,0,0,311.23,0
Benue,2021,49,4.332,1.736761555685673,0,0,221.21,0
Benue,2021,50,-0.11800000000000002,-0.49810760916340774,0,0,90.12,0
Benue,2021,51,0.8219999999999998,1.7887749631329688,0,0,53.87,0
Benue,2021,52,24.662,1.7888542937650889,0,0,37.62,0
Benue,2022,1,31.583333333333336,2.0406881415677125,0,0,69.95,0
Benue,2022,2,22.119999999999997,1.7888543819998317,0,0,97.6,0
Benue,2022,3,5.544,1.7884075677376026,0,0,103.54,0
Benue,2022,4,1.606,1.7790932483085606,0,0,74.79,0
Benue,2022,5,-3.788,-0.6145180306836301,0,0,36.71,0
Benue,2022,6,7.022000000000002,0.21027288460557625,0,0,37.739999999999995,0
Benue,2022,7,-0.004,-0.4472135954999579,0,0,30.77,0
Benue,2022,8,2.76,0.5964720517796518,0,0,35.47,0
Benue,2022,9,17.875999999999998,1.3164957779830688,0,0,64.84,0
Benue,2022,10,18.5,1.1891808161759823,0,0,68.19999999999999,0
Benue,2022,11,-12.108,-0.5281667092261995,0,0,68.25999999999999,0
Benue,2022,12,16.046,1.4587017758074952,0,0,88.16,0
Benue,2022,13,22.288,1.7860945760670652,0,0,87.83,0
Benue,2022,14,3.59,0.16285225805557113,0,0,77.83999999999999,0
Benue,2022,15,-9.633999999999999,-0.3261753939459312,0,0,93.69999999999999,0
Benue,2022,16,60.006,1.781796424561966,1,1,146.66,0
Benue,2022,17,123.77199999999999,1.6995466194470656,1,1,292.15999999999997,0
Benue,2022,18,2.951999999999998,0.06622238909194259,0,0,307.79999999999995,0
Benue,2022,19,30.002000000000002,1.6417404381618645,0,0,341.76,0
Benue,2022,20,85.32400000000001,1.751367444151172,1,1,386.84999999999997,0
Benue,2022,21,95.47600000000001,1.7807182702713795,1,1,342.32000000000005,0
Benue,2022,22,7.0020000000000024,0.2684371162101388,0,0,346.34000000000003,0
Benue,2022,23,83.83600000000001,1.6927044113209455,1,1,440.7900000000001,0
Benue,2022,24,-5.4719999999999995,-0.5780007838515356,0,0,330.57000000000005,0
Benue,2022,25,42.694,1.4102470953130335,1,1,286.86,0
Benue,2022,26,-18.843999999999998,-0.7127403233206783,0,0,262.52000000000004,0
Benue,2022,27,-16.514,-0.7237234726026974,0,0,136.10000000000002,0
Benue,2022,28,-11.302,-1.049998982554871,0,0,130.59,0
Benue,2022,29,-46.157999999999994,-0.5919697127264384,0,0,55.660000000000004,0
Benue,2022,30,14.238,0.6112094457917344,0,0,89.15,0
Benue,2022,31,-5.945999999999998,-0.2543256008915584,0,0,98.16000000000001,0
Benue,2022,32,11.003999999999998,1.2095000557414846,0,0,124.96,0
Benue,2022,33,-3.9440000000000026,-0.27485639995983174,0,0,134.76,0
Benue,2022,34,100.826,1.7454513050564564,1,1,240.78999999999996,0
Benue,2022,35,8.967999999999996,0.4990621157796233,0,0,251.69999999999993,0
Benue,2022,36,17.305999999999997,0.9842014347141722,0,0,269.10999999999996,0
Benue,2022,37,-7.444000000000003,-0.7665838404569852,0,0,270.53999999999996,0
Benue,2022,38,15.341999999999999,1.2871995812734753,0,0,153.35999999999996,0
Benue,2022,39,19.698,1.0522331256671376,1,0,171.36999999999998,0
Benue,2022,40,29.683999999999997,1.601432099937784,1,0,186.81999999999996,0
Benue,2022,41,15.055999999999997,0.6366088966138873,1,0,226.73999999999998,0
Benue,2022,42,-27.186000000000003,-1.0038532561343694,0,0,192.47999999999996,0
Benue,2022,43,-11.225999999999999,-0.5573686835258246,0,0,138.19999999999996,0
Benue,2022,44,-16.779999999999998,-0.6814734529561843,0,0,71.06999999999998,0
Benue,2022,45,-25.627999999999997,-0.6422103441601837,0,0,9.089999999999971,0
Benue,2022,46,-26.307999999999996,-0.4493460165885609,0,0,3.6899999999999715,0
Benue,2022,47,-8.414,-0.5173758919063862,0,0,2.1299999999999715,0
Benue,2022,48,-9.430000000000001,-0.4485200283939754,0,0,0.6399999999999715,0
Benue,2022,49,-1.428,-0.5725058867772718,0,0,0.08999999999997157,0
Benue,2022,50,-0.06800000000000002,-0.2870450629077265,0,0,0.08999999999997157,0
Benue,2022,51,-0.20799999999999996,-0.45263405393145684,0,0,0.08999999999997157,0
Benue,2022,52,-6.168,-0.44739491054833624,0,0,0.04999999999997158,0
Benue,2023,1,-6.506666666666667,-0.4204140635715224,0,0,0.04999999999997158,0
Benue,2023,2,-5.529999999999999,-0.4472135954999579,0,0,0.0,0
Benue,2023,3,-1.426,-0.460005265439001,0,0,0.0,0
Benue,2023,4,-0.24400000000000002,-0.2702981024827452,0,0,0.2299999999999716,0
Benue,2023,5,10.382,1.684246619471343,0,0,14.409999999999972,0
Benue,2023,6,55.66199999999999,1.6667914131181403,1,1,91.72999999999996,0
Benue,2023,7,-0.004,-0.4472135954999579,0,0,91.72999999999996,0
Benue,2023,8,6.810000000000001,1.4717299538476196,0,0,102.32999999999996,0
Benue,2023,9,11.276,0.8304322215561136,0,0,110.92999999999996,0
Benue,2023,10,-7.040000000000001,-0.4525315105880495,0,0,40.10999999999997,0
Benue,2023,11,-8.688,-0.3789818607331699,0,0,43.589999999999975,0
Benue,2023,12,-0.1639999999999997,-0.014908830314871543,0,0,43.229999999999976,0
Benue,2023,13,-5.102,-0.40885923039726163,0,0,22.10999999999997,0
Benue,2023,14,-12.190000000000001,-0.5529718734533182,0,0,21.879999999999974,0
Benue,2023,15,-12.024,-0.40709289358582906,0,0,31.92999999999997,0
Benue,2023,16,-11.284,-0.33506300794515925,0,0,29.809999999999974,0
Benue,2023,17,-40.757999999999996,-0.5596590595241533,0,0,38.16999999999997,0
Benue,2023,18,-28.137999999999998,-0.6312214038851902,0,0,38.49999999999997,0
Benue,2023,19,-2.1080000000000005,-0.11535193799230756,0,0,42.73999999999997,0
Benue,2023,20,-6.515999999999998,-0.1337479521129932,0,0,67.27999999999997,0
Benue,2023,21,-24.894,-0.46429679312220573,0,0,66.90999999999997,0
Benue,2023,22,-22.528,-0.8636605761185382,0,0,72.48999999999997,0
Benue,2023,23,-2.3340000000000103,-0.04712500710939339,1,0,112.87999999999997,0
Benue,2023,24,-5.491999999999999,-0.5801133598159053,0,0,94.47999999999996,0
Benue,2023,25,-28.496000000000002,-0.9412657803916289,0,0,99.94999999999996,0
Benue,2023,26,-16.323999999999998,-0.6174258670073631,0,0,107.65999999999997,0
Benue,2023,27,12.446000000000005,0.5454440075095783,0,0,96.36999999999998,0
Benue,2023,28,11.448,1.063562940390034,0,0,113.62999999999998,0
Benue,2023,29,-37.30799999999999,-0.4784697353091114,0,0,118.73999999999998,0
Benue,2023,30,-19.701999999999998,-0.8457682610611569,0,0,115.76999999999998,0
Benue,2023,31,-25.906,-1.1080657613011629,0,0,75.85999999999997,0
Benue,2023,32,-7.286000000000001,-0.8008376414151636,0,0,61.619999999999976,0
Benue,2023,33,24.305999999999997,1.6938792234847022,0,0,90.81999999999996,0
Benue,2023,34,-4.834000000000003,-0.08368388717833611,0,0,125.12999999999997,0
Benue,2023,35,-4.442,-0.24719379106747186,0,0,142.58999999999997,0
Benue,2023,36,-2.1840000000000046,-0.12420524288777055,0,0,158.79999999999995,0
Benue,2023,37,-8.224000000000004,-0.8469083159481794,0,0,131.19999999999996,0
Benue,2023,38,-7.988000000000003,-0.6701962100907656,0,0,96.34999999999998,0
Benue,2023,39,-20.722,-1.1069334363932595,0,0,87.34999999999998,0
Benue,2023,40,-18.855999999999998,-1.017268686040522,0,0,73.74999999999997,0
Benue,2023,41,34.18599999999999,1.445477666023004,1,1,133.57999999999998,0
Benue,2023,42,31.40399999999999,1.1596044896506925,1,0,181.23999999999995,0
Benue,2023,43,-11.286,-0.5603476716793565,0,0,167.31999999999994,0
Benue,2023,44,14.260000000000002,0.5791305982810007,0,0,179.76999999999995,0
Benue,2023,45,-12.437999999999997,-0.3116830131365836,0,0,111.84999999999997,0
Benue,2023,46,-25.847999999999995,-0.4414891225779657,0,0,48.31999999999997,0
Benue,2023,47,-3.7139999999999995,-0.2283734326765294,0,0,51.519999999999975,0
Benue,2023,48,-9.32,-0.4432880874477042,0,0,19.099999999999973,0
Benue,2023,49,-1.428,-0.5725058867772718,0,0,5.359999999999972,0
Benue,2023,50,-0.11800000000000002,-0.49810760916340774,0,0,4.849999999999972,0
Benue,2023,51,-0.20799999999999996,-0.45263405393145684,0,0,0.14999999999997157,0
Benue,2023,52,-6.168,-0.44739491054833624,0,0,0.0,0
Benue,2024,1,-6.506666666666667,-0.4204140635715224,0,0,0.0,0
Benue,2024,2,-5.529999999999999,-0.4472135954999579,0,0,0.0,0
Benue,2024,3,-1.426,-0.460005265439001,0,0,0.0,0
Benue,2024,4,-0.47400000000000003,-0.5250872974459886,0,0,0.0,0
Benue,2024,5,-3.7979999999999996,-0.6161403063718128,0,0,0.0,0
Benue,2024,6,-21.657999999999998,-0.6485460174861248,0,0,0.0,0
Benue,2024,7,-0.004,-0.4472135954999579,0,0,0.0,0
Benue,2024,8,-2.4000000000000004,-0.5186713493736104,0,0,1.6199999999999717,0
Benue,2024,9,-10.424000000000001,-0.7676858351809976,0,0,2.6999999999999718,0
Benue,2024,10,-13.06,-0.839497376176126,0,0,3.1799999999999717,0
Benue,2024,11,40.902,1.784198442415759,0,0,56.24999999999997,0
Benue,2024,12,-10.424,-0.9476198000135442,0,0,54.839999999999975,0
Benue,2024,13,-5.102,-0.40885923039726163,0,0,55.419999999999966,0
Benue,2024,14,-15.440000000000001,-0.7004007978768855,0,0,57.95999999999997,0
Benue,2024,15,-15.024,-0.5086629768158264,0,0,15.41999999999997,0
Benue,2024,16,-15.674,-0.4654180775019874,0,0,19.16999999999997,0
Benue,2024,17,8.062000000000012,0.11070149020765814,1,0,76.34999999999997,0
Benue,2024,18,76.332,1.7123602317636057,1,1,184.39999999999998,0
Benue,2024,19,-8.908,-0.48745496377394465,0,0,184.83999999999997,0
Benue,2024,20,-34.446,-0.7070414300927201,0,0,185.83999999999995,0
Benue,2024,21,-16.003999999999998,-0.2984898319726753,0,0,145.53999999999996,0
Benue,2024,22,-26.078,-0.999757657316195,0,0,43.09999999999995,0
Benue,2024,23,-46.54400000000001,-0.9397542120392445,0,0,46.079999999999956,0
Benue,2024,24,-3.9619999999999997,-0.41850129854162726,0,0,57.13999999999996,0
Benue,2024,25,-7.545999999999999,-0.24925574041392584,0,0,74.66999999999996,0
Benue,2024,26,-19.194,-0.7259784422530832,0,0,83.05999999999996,0
Benue,2024,27,-11.643999999999998,-0.5102964826805019,0,0,91.88999999999996,0
Benue,2024,28,-11.241999999999999,-1.0444247533075437,0,0,84.92999999999996,0
Benue,2024,29,138.78199999999998,1.7798591938905624,1,1,245.17999999999995,0
Benue,2024,30,27.507999999999996,1.1808645480291493,1,0,292.28999999999996,0
Benue,2024,31,-2.855999999999998,-0.12215841172995133,0,0,299.52,0
Benue,2024,32,-11.306,-1.2426942593796098,0,0,303.95,0
Benue,2024,33,-13.904000000000002,-0.9689663755176213,0,0,118.84999999999994,0
Benue,2024,34,-24.433999999999997,-0.42298967714428276,0,0,86.34999999999995,0
Benue,2024,35,-14.142000000000001,-0.7869911286078765,0,0,71.05999999999995,0
Benue,2024,36,17.645999999999994,1.0035374157498138,0,0,111.11999999999995,0
Benue,2024,37,6.686,0.6885249270950298,0,0,136.63999999999996,0
Benue,2024,38,-14.678000000000003,-1.231489731060623,0,0,114.69999999999995,0
Benue,2024,39,19.687999999999995,1.0516989429452024,0,0,155.80999999999995,0
Benue,2024,40,-9.805999999999997,-0.5290271921570512,0,0,131.42999999999995,0
Benue,2024,41,-17.604000000000003,-0.7443453119016256,0,0,124.55999999999993,0
Benue,2024,42,-3.616000000000003,-0.13352215751423097,0,0,143.88999999999993,0
Benue,2024,43,-0.5860000000000003,-0.029094784299495222,0,0,100.25999999999995,0
Benue,2024,44,-18.049999999999997,-0.7330510027329634,0,0,71.34999999999995,0
Benue,2024,45,-26.177999999999997,-0.6559927575084006,0,0,41.47999999999995,0
Benue,2024,46,-26.357999999999997,-0.45020002680710386,0,0,12.459999999999942,0
Benue,2024,47,-8.414,-0.5173758919063862,0,0,0.25999999999994317,0
Benue,2024,48,-9.47,-0.4504225523744376,0,0,0.0,0
Benue,2024,49,-1.428,-0.5725058867772718,0,0,0.0,0
Benue,2024,50,-0.11800000000000002,-0.49810760916340774,0,0,0.0,0
Benue,2024,51,-0.20799999999999996,-0.45263405393145684,0,0,0.0,0
Benue,2024,52,-6.168,-0.44739491054833624,0,0,0.0,0
Benue,2025,1,-6.506666666666667,-0.4204140635715224,0,0,0.0,0
Benue,2025,2,-5.529999999999999,-0.4472135954999579,0,0,0.0,0
Benue,2025,3,-1.266,-0.4083917714205998,0,0,0.15999999999994316,0
Benue,2025,4,-0.41400000000000003,-0.4586205509338382,0,0,0.21999999999994316,0
Benue,2025,5,-3.7979999999999996,-0.6161403063718128,0,0,0.21999999999994316,0
Benue,2025,6,-21.657999999999998,-0.6485460174861248,0,0,0.21999999999994316,0
Benue,2025,7,-0.004,-0.4472135954999579,0,0,0.059999999999943154,0
Benue,2025,8,-3.2800000000000002,-0.7088508441439342,0,0,0.7399999999999431,0
Benue,2025,9,-7.524000000000001,-0.5541124543267293,0,0,4.719999999999943,0
Benue,2025,10,-13.420000000000002,-0.8626381920584695,0,0,4.839999999999943,0
Benue,2025,11,-11.628,-0.5072284848763006,0,0,5.379999999999943,0
Benue,2025,12,-9.904,-0.9003478990151709,0,0,5.369999999999943,0
Benue,2025,13,-5.322000000000001,-0.4264893814532001,0,0,2.8299999999999437,0
Benue,2025,14,-13.030000000000001,-0.5910765800735633,0,0,8.139999999999944,0
Benue,2025,15,-15.963999999999999,-0.5404882695612254,0,0,17.189999999999944,0
Benue,2025,16,-19.424,-0.5767692189229682,0,0,16.669999999999945,0
Benue,2025,17,-42.24799999999999,-0.5801186502472256,0,0,23.759999999999945,0
Benue,2025,18,-22.978,-0.5154668213261037,0,0,30.089999999999947,0
Benue,2025,19,-18.758,-1.0264571408252867,0,0,21.619999999999944,0
Benue,2025,20,-21.546,-0.442254968727218,0,0,39.26999999999994,0
Benue,2025,21,-30.293999999999997,-0.5650119326281071,0,0,34.98999999999994,0
Benue,2025,22,3.201999999999998,0.12275573351968919,0,0,61.13999999999994,0
Benue,2025,23,-18.08400000000001,-0.3651279471149386,0,0,102.42999999999994,0
Benue,2025,24,-1.791999999999998,-0.18928680640752027,0,0,102.75999999999993,0
Benue,2025,25,-25.146,-0.8306102370061728,0,0,116.97999999999993,0
Benue,2025,26,14.366,0.5433680473797954,0,0,129.64999999999992,0
Benue,2025,27,34.276,1.5021403504257032,1,0,155.93999999999994,0
Benue,2025,28,2.6580000000000013,0.24693835565659605,0,0,160.70999999999995,0
Benue,2025,29,-29.487999999999996,-0.37817935978329253,0,0,170.28999999999994,0
Benue,2025,30,6.008000000000003,0.25791166949829625,0,0,162.33999999999995,0
Benue,2025,31,-3.4959999999999987,-0.1495328457310609,0,0,123.00999999999995,0
Benue,2025,32,3.404,0.3741492357091979,0,0,128.24999999999994,0
Benue,2025,33,-1.9840000000000018,-0.1382644770589012,0,0,123.33999999999995,0
Benue,2025,34,-36.344,-0.6291698791082841,0,0,100.42999999999995,0
Benue,2025,35,-16.932000000000002,-0.9422524246633125,0,0,82.98999999999994,0
Benue,2025,36,-22.874000000000002,-1.3008565594390373,0,0,67.81999999999994,0
Benue,2025,37,-4.704000000000001,-0.48441837526997017,0,0,70.02999999999994,0
Benue,2025,38,0.0019999999999988916,0.0001678007536530781,0,0,74.67999999999995,0
Benue,2025,39,-12.692,-0.6779847106796278,0,0,86.19999999999995,0
Benue,2025,40,4.014000000000003,0.2165526360716302,0,0,116.15999999999995,0
Benue,2025,41,-11.844000000000001,-0.5007967435902553,0,0,126.43999999999994,0
Benue,2025,42,-24.746000000000002,-0.9137553401125986,0,0,109.95999999999995,0
Benue,2025,43,-11.926,-0.5921235453170305,0,0,87.36999999999995,0
Benue,2025,44,-16.2,-0.6579183514833246,0,0,46.489999999999945,0
Benue,2025,45,-5.357999999999997,-0.13426576494499232,0,0,31.679999999999943,0
Benue,2025,46,-26.217999999999996,-0.4478087981951836,0,0,23.929999999999943,0
Benue,2025,47,-8.324,-0.5118418022615593,0,0,23.159999999999943,0
Benue,2025,48,-9.39,-0.4466175044135131,0,0,21.129999999999942,0
Benue,2025,49,-0.04800000000000004,-0.01924389535385789,0,0,1.689999999999943,0
Benue,2025,50,0.42200000000000004,1.7813678903979495,0,0,2.089999999999943,0
Benue,2025,51,-0.19799999999999995,-0.4308728013385983,0,0,2.009999999999943,0
Benue,2025,52,-6.158,-0.4466695621200802,0,0,1.939999999999943,0
Benue,2026,1,-6.466666666666667,-0.4178295508856319,0,0,0.5999999999999432,0
Borno,2020,53,0.0,0,0,0,0.0,0
Borno,2021,1,0.0,0,0,0,0.0,0
Borno,2021,2,0.0,0,0,0,0.0,0
Borno,2021,3,0.0,0,0,0,0.0,0
Borno,2021,4,0.0,0,0,0,0.0,0
Borno,2021,5,0.0,0,0,0,0.0,0
Borno,2021,6,0.0,0,0,0,0.0,0
Borno,2021,7,0.0,0,0,0,0.0,0
Borno,2021,8,-0.03999999999999998,-0.4472135954999579,0,0,0.0,0
Borno,2021,9,0.0,0,0,0,0.0,0
Borno,2021,10,0.0,0,0,0,0.0,0
Borno,2021,11,-0.004,-0.7302967433402214,0,0,0.0,0
Borno,2021,12,-0.27,-0.4472135954999579,0,0,0.0,0
Borno,2021,13,0.0,0,0,0,0.0,0
Borno,2021,14,-0.10200000000000001,-0.4940756481841401,0,0,0.0,0
Borno,2021,15,-0.01200000000000001,-0.03807701460831824,0,0,0.18,0
Borno,2021,16,-0.036000000000000004,-0.605919805088347,0,0,0.18,0
Borno,2021,17,-0.45599999999999996,-0.6253737973387062,0,0,0.18,0
Borno,2021,18,11.34,1.784518375840965,0,0,14.84,0
Borno,2021,19,1.22,1.1614571209333173,0,0,17.01,0
Borno,2021,20,-3.3120000000000003,-0.8422895759894491,0,0,17.72,0
Borno,2021,21,-0.15799999999999997,-1.221909244157248,0,0,17.73,0
Borno,2021,22,40.239999999999995,1.7706226903602786,1,1,57.54,0
Borno,2021,23,-7.719999999999999,-1.1996968047919134,0,0,56.169999999999995,0
Borno,2021,24,-4.272,-0.5817876228109639,0,0,58.94,0
Borno,2021,25,14.927999999999997,0.892277393839464,1,0,94.78999999999999,0
Borno,2021,26,0.3739999999999988,0.060993015483928034,0,0,48.75,0
Borno,2021,27,-5.001999999999999,-0.4438497498055104,0,0,59.97,0
Borno,2021,28,10.218000000000004,0.4545763312301744,1,0,97.44,0
Borno,2021,29,-28.900000000000006,-0.4523162190260795,1,0,94.15,0
Borno,2021,30,40.734,1.6640042840367852,1,1,153.15,0
Borno,2021,31,7.527999999999999,0.6132850362033252,1,0,175.93,0
Borno,2021,32,-9.814,-0.8269270456921582,0,0,162.73000000000002,0
Borno,2021,33,-27.418000000000003,-1.702734819163243,0,0,145.5,0
Borno,2021,34,-33.330000000000005,-1.452003523187414,0,0,91.18,0
Borno,2021,35,-15.746000000000002,-0.8605985824209638,0,0,67.09,0
Borno,2021,36,-2.846,-0.2037510109858954,0,0,63.7,0
Borno,2021,37,-6.382000000000001,-0.8383068733336108,0,0,55.379999999999995,0
Borno,2021,38,6.6540000000000035,1.1085885128827158,0,0,60.7,0
Borno,2021,39,-4.421999999999999,-1.3539552437679108,0,0,57.47,0
Borno,2021,40,-3.136,-0.5870896047245043,0,0,38.24,0
Borno,2021,41,0.752,0.5093922771978477,0,0,33.81,0
Borno,2021,42,0.8180000000000001,0.3464307680899154,0,0,18.05,0
Borno,2021,43,0.004,0.15339299776947407,0,0,10.41,0
Borno,2021,44,-0.002,-0.4472135954999579,0,0,5.279999999999999,0
Borno,2021,45,0.0,0,0,0,2.69,0
Borno,2021,46,-0.012,-0.44721359549995804,0,0,0.02,0
Borno,2021,47,0.0,0,0,0,0.0,0
Borno,2021,48,0.0,0,0,0,0.0,0
Borno,2021,49,0.0,0,0,0,0.0,0
Borno,2021,50,0.0,0,0,0,0.0,0
Borno,2021,51,0.0,0,0,0,0.0,0
Borno,2021,52,0.0,0,0,0,0.0,0
Borno,2022,1,0.0,0,0,0,0.0,0
Borno,2022,2,0.0,0,0,0,0.0,0
Borno,2022,3,0.0,0,0,0,0.0,0
Borno,2022,4,0.0,0,0,0,0.0,0
Borno,2022,5,0.0,0,0,0,0.0,0
Borno,2022,6,0.0,0,0,0,0.0,0
Borno,2022,7,0.0,0,0,0,0.0,0
Borno,2022,8,-0.03999999999999998,-0.4472135954999579,0,0,0.0,0
Borno,2022,9,0.0,0,0,0,0.0,0
Borno,2022,10,0.0,0,0,0,0.0,0
Borno,2022,11,-0.004,-0.7302967433402214,0,0,0.0,0
Borno,2022,12,-0.27,-0.4472135954999579,0,0,0.0,0
Borno,2022,13,0.0,0,0,0,0.0,0
Borno,2022,14,-0.10200000000000001,-0.4940756481841401,0,0,0.0,0
Borno,2022,15,0.548,1.738850333779865,0,0,0.74,0
Borno,2022,16,0.10400000000000001,1.7504349924774467,0,0,0.88,0
Borno,2022,17,1.2639999999999998,1.7334922803423785,0,0,2.5999999999999996,0
Borno,2022,18,-2.54,-0.39970693779859356,0,0,3.38,0
Borno,2022,19,0.8399999999999999,0.7996917881835953,0,0,4.609999999999999,0
Borno,2022,20,4.927999999999999,1.253261784564011,0,0,13.419999999999998,0
Borno,2022,21,-0.11799999999999998,-0.9125651317123751,0,0,11.75,0
Borno,2022,22,-5.380000000000001,-0.2367283815640731,0,0,19.82,0
Borno,2022,23,1.3500000000000014,0.20979153969806802,0,0,27.9,0
Borno,2022,24,-1.371999999999999,-0.18684752305632998,0,0,25.330000000000002,0
Borno,2022,25,2.8779999999999966,0.17202400451969285,0,0,49.09,0
Borno,2022,26,6.933999999999999,1.1308170303891933,0,0,55.23,0
Borno,2022,27,-3.3419999999999987,-0.29655055254898355,0,0,59.04,0
Borno,2022,28,33.488,1.4898074163472377,1,1,116.88,0
Borno,2022,29,-50.720000000000006,-0.7938227899308911,0,0,103.82,0
Borno,2022,30,-17.206000000000003,-0.7028737101963208,0,0,98.32,0
Borno,2022,31,4.137999999999995,0.33711124864630143,0,0,116.05,0
Borno,2022,32,3.386000000000003,0.28530415495350014,1,0,92.78,0
Borno,2022,33,14.951999999999998,0.928561201259348,1,1,139.74,0
Borno,2022,34,22.499999999999993,0.980200398191323,1,1,199.19,0
Borno,2022,35,3.654,0.19970959101779506,0,0,197.89000000000001,0
Borno,2022,36,-5.695999999999998,-0.40778839022335195,0,0,178.45000000000002,0
Borno,2022,37,12.437999999999999,1.6337920542969993,0,0,146.58,0
Borno,2022,38,-3.8760000000000012,-0.6457603059713564,0,0,85.54,0
Borno,2022,39,0.6580000000000013,0.2014704998641536,0,0,67.99,0
Borno,2022,40,-6.336,-1.1861606299535903,0,0,48.41,0
Borno,2022,41,-1.3579999999999999,-0.9198865856844111,0,0,23.049999999999997,0
Borno,2022,42,-1.8519999999999999,-0.7843395874113976,0,0,15.15,0
Borno,2022,43,-0.016,-0.6135719910778963,0,0,2.41,0
Borno,2022,44,-0.002,-0.4472135954999579,0,0,0.48,0
Borno,2022,45,0.0,0,0,0,0.0,0
Borno,2022,46,-0.012,-0.44721359549995804,0,0,0.0,0
Borno,2022,47,0.0,0,0,0,0.0,0
Borno,2022,48,0.0,0,0,0,0.0,0
Borno,2022,49,0.0,0,0,0,0.0,0
Borno,2022,50,0.0,0,0,0,0.0,0
Borno,2022,51,0.0,0,0,0,0.0,0
Borno,2022,52,0.0,0,0,0,0.0,0
Borno,2023,1,0.0,0,0,0,0.0,0
Borno,2023,2,0.0,0,0,0,0.0,0
Borno,2023,3,0.0,0,0,0,0.0,0
Borno,2023,4,0.0,0,0,0,0.0,0
Borno,2023,5,0.0,0,0,0,0.0,0
Borno,2023,6,0.0,0,0,0,0.0,0
Borno,2023,7,0.0,0,0,0,0.0,0
Borno,2023,8,-0.03999999999999998,-0.4472135954999579,0,0,0.0,0
Borno,2023,9,0.0,0,0,0,0.0,0
Borno,2023,10,0.0,0,0,0,0.0,0
Borno,2023,11,0.006,1.0954451150103321,0,0,0.01,0
Borno,2023,12,1.08,1.7888543819998317,0,0,1.36,0
Borno,2023,13,0.0,0,0,0,1.36,0
Borno,2023,14,0.368,1.782547436585917,0,0,1.83,0
Borno,2023,15,-0.192,-0.6092322337330913,0,0,1.82,0
Borno,2023,16,-0.006000000000000005,-0.10098663418139123,0,0,0.5,0
Borno,2023,17,-0.01599999999999996,-0.02194294025749841,0,0,0.94,0
Borno,2023,18,-2.2700000000000005,-0.3572184050404754,0,0,1.52,0
Borno,2023,19,0.039999999999999813,0.0380805613420758,0,0,2.69,0
Borno,2023,20,3.2279999999999998,0.8209271592071079,0,0,9.91,0
Borno,2023,21,0.132,1.0208355710680808,0,0,9.770000000000001,0
Borno,2023,22,-11.93,-0.5249385858846453,0,0,11.02,0
Borno,2023,23,5.130000000000001,0.7972078508526578,0,0,23.68,0
Borno,2023,24,-1.532,-0.20863732166348234,0,0,22.65,0
Borno,2023,25,16.858000000000004,1.0076374802616352,1,0,60.14,0
Borno,2023,26,-3.9860000000000007,-0.6500485553982298,0,0,61.910000000000004,0
Borno,2023,27,-3.8419999999999987,-0.34091778063829886,0,0,61.44,0
Borno,2023,28,-18.282,-0.8133259431933887,0,0,67.67,0
Borno,2023,29,-55.2,-0.8639396294200549,0,0,36.14999999999999,0
Borno,2023,30,-20.116000000000007,-0.8217486664134135,0,0,38.65999999999999,0
Borno,2023,31,5.827999999999996,0.47479080645496513,1,0,58.57999999999999,0
Borno,2023,32,-9.053999999999998,-0.76288949171559,0,0,74.64,0
Borno,2023,33,3.411999999999999,0.2118947845570422,1,1,114.54,0
Borno,2023,34,5.07,0.22087182305911154,1,1,159.47,0
Borno,2023,35,-21.966,-1.2005530586472049,0,0,130.85999999999999,0
Borno,2023,36,-1.966000000000001,-0.14074999564240007,0,0,127.59,0
Borno,2023,37,1.677999999999999,0.22041349631052928,0,0,96.5,0
Borno,2023,38,-7.805999999999999,-1.3005172725522203,0,0,48.959999999999994,0
Borno,2023,39,0.6480000000000015,0.19840863816409054,0,0,57.019999999999996,0
Borno,2023,40,-1.6059999999999999,-0.3006587707868475,0,0,38.44,0
Borno,2023,41,-1.8279999999999998,-1.2382567589330657,0,0,23.370000000000005,0
Borno,2023,42,-1.5519999999999998,-0.6572867384786658,0,0,19.7,0
Borno,2023,43,-0.016,-0.6135719910778963,0,0,6.97,0
Borno,2023,44,0.008,1.7888543819998317,0,0,0.32,0
Borno,2023,45,0.0,0,0,0,0.31,0
Borno,2023,46,0.048,1.7888543819998322,0,0,0.07,0
Borno,2023,47,0.0,0,0,0,0.07,0
Borno,2023,48,0.0,0,0,0,0.06,0
Borno,2023,49,0.0,0,0,0,0.06,0
Borno,2023,50,0.0,0,0,0,0.0,0
Borno,2023,51,0.0,0,0,0,0.0,0
Borno,2023,52,0.0,0,0,0,0.0,0
Borno,2024,1,0.0,0,0,0,0.0,0
Borno,2024,2,0.0,0,0,0,0.0,0
Borno,2024,3,0.0,0,0,0,0.0,0
Borno,2024,4,0.0,0,0,0,0.0,0
Borno,2024,5,0.0,0,0,0,0.0,0
Borno,2024,6,0.0,0,0,0,0.0,0
Borno,2024,7,0.0,0,0,0,0.0,0
Borno,2024,8,0.15999999999999992,1.7888543819998317,0,0,0.1999999999999999,0
Borno,2024,9,0.0,0,0,0,0.1999999999999999,0
Borno,2024,10,0.0,0,0,0,0.1999999999999999,0
Borno,2024,11,0.006,1.0954451150103321,0,0,0.2099999999999999,0
Borno,2024,12,-0.27,-0.4472135954999579,0,0,0.01,0
Borno,2024,13,0.0,0,0,0,0.01,0
Borno,2024,14,-0.10200000000000001,-0.4940756481841401,0,0,0.01,0
Borno,2024,15,-0.192,-0.6092322337330913,0,0,0.0,0
Borno,2024,16,-0.026000000000000002,-0.4376087481193617,0,0,0.01,0
Borno,2024,17,-0.45599999999999996,-0.6253737973387062,0,0,0.01,0
Borno,2024,18,-3.2100000000000004,-0.5051414450131833,0,0,0.12,0
Borno,2024,19,-0.9700000000000001,-0.9234536125453425,0,0,0.28,0
Borno,2024,20,-3.9120000000000004,-0.9948782672918856,0,0,0.38,0
Borno,2024,21,0.08200000000000002,0.6341554305119897,0,0,0.63,0
Borno,2024,22,-8.96,-0.39425395888737824,0,0,5.790000000000001,0
Borno,2024,23,-5.59,-0.8686923754905177,0,0,8.74,0
Borno,2024,24,12.738,1.7347403416119045,0,0,29.119999999999997,0
Borno,2024,25,-16.012,-0.9570703128454918,0,0,33.79,0
Borno,2024,26,4.693999999999999,0.7655112692020296,0,0,41.269999999999996,0
Borno,2024,27,19.928000000000004,1.768300242727752,1,0,75.28999999999999,0
Borno,2024,28,-21.012,-0.9347776347434352,0,0,64.52000000000001,0
Borno,2024,29,47.57999999999999,0.7446783979675036,1,1,168.65,0
Borno,2024,30,2.243999999999996,0.09166852293854126,0,0,184.84,0
Borno,2024,31,4.327999999999996,0.35259001550053,1,0,179.49,0
Borno,2024,32,19.006,1.6014444090508622,1,1,226.34000000000003,0
Borno,2024,33,2.381999999999998,0.1479288912118623,1,0,162.43,0
Borno,2024,34,17.85,0.7776256492317832,1,1,197.78000000000003,0
Borno,2024,35,14.264000000000003,0.7795997827799205,1,0,206.90000000000003,0
Borno,2024,36,23.703999999999997,1.697018258752517,1,1,201.24,0
Borno,2024,37,-2.5120000000000005,-0.329963470042938,0,0,166.99,0
Borno,2024,38,0.14400000000000013,0.023991094958688175,0,0,114.62,0
Borno,2024,39,4.508000000000001,1.3802872543884543,0,0,90.31,0
Borno,2024,40,5.214,0.9761113517326421,0,0,52.879999999999995,0
Borno,2024,41,1.2620000000000002,0.8548577843400051,0,0,45.089999999999996,0
Borno,2024,42,3.788,1.6042539725239602,0,0,38.809999999999995,0
Borno,2024,43,0.044,1.6873229754642147,0,0,22.28,0
Borno,2024,44,-0.002,-0.4472135954999579,0,0,8.8,0
Borno,2024,45,0.0,0,0,0,5.7,0
Borno,2024,46,-0.012,-0.44721359549995804,0,0,0.06,0
Borno,2024,47,0.0,0,0,0,0.0,0
Borno,2024,48,0.0,0,0,0,0.0,0
Borno,2024,49,0.0,0,0,0,0.0,0
Borno,2024,50,0.0,0,0,0,0.0,0
Borno,2024,51,0.0,0,0,0,0.0,0
Borno,2024,52,0.0,0,0,0,0.0,0
Borno,2025,1,0.0,0,0,0,0.0,0
Borno,2025,2,0.0,0,0,0,0.0,0
Borno,2025,3,0.0,0,0,0,0.0,0
Borno,2025,4,0.0,0,0,0,0.0,0
Borno,2025,5,0.0,0,0,0,0.0,0
Borno,2025,6,0.0,0,0,0,0.0,0
Borno,2025,7,0.0,0,0,0,0.0,0
Borno,2025,8,-0.03999999999999998,-0.4472135954999579,0,0,0.0,0
Borno,2025,9,0.0,0,0,0,0.0,0
Borno,2025,10,0.0,0,0,0,0.0,0
Borno,2025,11,-0.004,-0.7302967433402214,0,0,0.0,0
Borno,2025,12,-0.27,-0.4472135954999579,0,0,0.0,0
Borno,2025,13,0.0,0,0,0,0.0,0
Borno,2025,14,-0.062000000000000006,-0.3003204920334969,0,0,0.04,0
Borno,2025,15,-0.152,-0.482308851705364,0,0,0.08,0
Borno,2025,16,-0.036000000000000004,-0.605919805088347,0,0,0.08,0
Borno,2025,17,-0.33599999999999997,-0.46080174540746777,0,0,0.2,0
Borno,2025,18,-3.3200000000000003,-0.5224515879887129,0,0,0.15999999999999998,0
Borno,2025,19,-1.1300000000000001,-1.0757758579136465,0,0,0.12,0
Borno,2025,20,-0.9320000000000004,-0.23702110048978467,0,0,3.21,0
Borno,2025,21,0.061999999999999916,0.47948337428955246,0,0,3.32,0
Borno,2025,22,-13.97,-0.6147017640241823,0,0,3.5799999999999996,0
Borno,2025,23,6.83,1.061389789731706,0,0,19.11,0
Borno,2025,24,-5.561999999999999,-0.7574678740811283,0,0,18.21,0
Borno,2025,25,-18.652,-1.1148685657753006,0,0,20.259999999999998,0
Borno,2025,26,-8.016000000000002,-1.307272759676922,0,0,20.04,0
Borno,2025,27,-7.741999999999997,-0.6869821597349582,0,0,13.97,0
Borno,2025,28,-4.411999999999999,-0.196280169640588,0,0,38.1,0
Borno,2025,29,87.24000000000001,1.3654002404095216,1,1,184.53,0
Borno,2025,30,-5.656000000000006,-0.23105043036559306,0,0,205.53,0
Borno,2025,31,-21.822000000000006,-1.7777771068051236,0,0,201.7,0
Borno,2025,32,-3.524000000000001,-0.29693202659661366,1,0,209.42000000000002,0
Borno,2025,33,6.671999999999997,0.4143499421349898,1,1,110.14,0
Borno,2025,34,-12.090000000000003,-0.5266943472948046,1,0,123.44999999999999,0
Borno,2025,35,19.793999999999997,1.0818422672704529,1,1,164.25,0
Borno,2025,36,-13.196,-0.9447288619008698,0,0,144.22,0
Borno,2025,37,-5.222000000000001,-0.6859352072309802,0,0,102.97,0
Borno,2025,38,4.884,0.8136979706821733,0,0,85.28,0
Borno,2025,39,-1.3919999999999995,-0.42621114864878595,0,0,49.54,0
Borno,2025,40,5.864000000000001,1.0977976537323002,0,0,49.660000000000004,0
Borno,2025,41,1.172,0.7938932830796243,0,0,44.49,0
Borno,2025,42,-1.202,-0.5090584147238121,0,0,28.48,0
Borno,2025,43,-0.016,-0.6135719910778963,0,0,17.79,0
Borno,2025,44,-0.002,-0.4472135954999579,0,0,3.6599999999999997,0
Borno,2025,45,0.0,0,0,0,0.65,0
Borno,2025,46,-0.012,-0.44721359549995804,0,0,0.0,0
Borno,2025,47,0.0,0,0,0,0.0,0
Borno,2025,48,0.0,0,0,0,0.0,0
Borno,2025,49,0.0,0,0,0,0.0,0
Borno,2025,50,0.0,0,0,0,0.0,0
Borno,2025,51,0.0,0,0,0,0.0,0
Borno,2025,52,0.0,0,0,0,0.0,0
Borno,2026,1,0.0,0,0,0,0.0,0
Cross River,2020,53,0.0,0,0,0,0.0,0
Cross River,2021,1,2.506666666666667,1.0462928324204837,0,0,4.16,0
Cross River,2021,2,-0.9779999999999999,-0.43587934479472046,0,0,4.26,0
Cross River,2021,3,-2.12,-0.5452655779637878,0,0,4.26,0
Cross River,2021,4,-0.19800000000000012,-0.2798268641160093,0,0,4.72,0
Cross River,2021,5,-0.492,-0.5336740408973542,0,0,0.5599999999999999,0
Cross River,2021,6,0.16199999999999992,0.0820606149769915,0,0,1.8699999999999999,0
Cross River,2021,7,0.052000000000000005,0.5490439648719572,0,0,2.0,0
Cross River,2021,8,-0.3999999999999999,-0.4226360929861686,0,0,2.6,0
Cross River,2021,9,-7.29,-1.4821421092237612,0,0,3.46,0
Cross River,2021,10,31.572000000000003,1.345440880583407,1,0,56.93,0
Cross River,2021,11,-1.0539999999999998,-0.5537689757031273,0,0,59.0,0
Cross River,2021,12,8.47,1.0206964165068184,0,0,74.63,0
Cross River,2021,13,-4.795999999999999,-1.3692309743720488,0,0,73.84,0
Cross River,2021,14,40.718,1.5368447089047885,1,0,91.36000000000001,0
Cross River,2021,15,22.41,1.5155845720509167,0,0,137.56,0
Cross River,2021,16,2.0519999999999996,0.10969060001562271,0,0,142.16000000000003,0
Cross River,2021,17,1.730000000000004,0.1364320855608577,0,0,175.91000000000003,0
Cross River,2021,18,-11.306000000000001,-0.36843132794477146,0,0,123.42000000000002,0
Cross River,2021,19,4.905999999999999,0.7871516601815048,0,0,91.04,0
Cross River,2021,20,0.8199999999999967,0.07167003928437647,0,0,100.26000000000002,0
Cross River,2021,21,-10.882,-0.7159280712648461,0,0,81.47000000000003,0
Cross River,2021,22,-1.3980000000000032,-0.09169564925523913,0,0,104.74000000000001,0
Cross River,2021,23,-5.367999999999988,-0.2053354979545403,0,0,139.91000000000003,0
Cross River,2021,24,17.542,1.534626444686934,0,0,149.9,0
Cross River,2021,25,-71.25199999999998,-0.4669957271025432,0,0,169.0,0
Cross River,2021,26,-3.4039999999999964,-0.24774523752807448,0,0,169.38000000000002,0
Cross River,2021,27,-24.49199999999999,-0.9451396459745073,0,0,154.93000000000004,0
Cross River,2021,28,-4.324000000000002,-0.4082718124203644,0,0,137.81000000000003,0
Cross River,2021,29,-40.578,-1.3084484005182455,0,0,113.16000000000003,0
Cross River,2021,30,-36.268,-0.8865325837149678,0,0,75.89000000000001,0
Cross River,2021,31,4.649999999999999,0.37555197317148253,0,0,64.78000000000002,0
Cross River,2021,32,15.177999999999997,0.39308743280060365,1,0,103.87000000000002,0
Cross River,2021,33,3.7940000000000005,0.44984768332986297,0,0,118.37000000000002,0
Cross River,2021,34,-15.338000000000001,-0.6714366063115859,0,0,140.05,0
Cross River,2021,35,16.513999999999996,0.7879414245143952,0,0,157.35000000000002,0
Cross River,2021,36,-17.583999999999996,-0.26778050867956593,0,0,128.4,0
Cross River,2021,37,-2.0179999999999936,-0.25427473807487627,0,0,128.72,0
Cross River,2021,38,-11.2,-0.2720529338808269,0,0,130.94,0
Cross River,2021,39,-12.488,-0.457496651186158,0,0,112.87000000000002,0
Cross River,2021,40,-1.1259999999999977,-0.048539428127114016,0,0,119.35000000000002,0
Cross River,2021,41,-16.627999999999993,-0.5788628831026473,0,0,140.5,0
Cross River,2021,42,6.6440000000000055,0.3249453690620339,0,0,144.83,0
Cross River,2021,43,2.4120000000000026,0.212757551672508,0,0,139.32000000000002,0
Cross River,2021,44,15.965999999999998,1.5002182130836472,0,0,134.51000000000002,0
Cross River,2021,45,-10.854000000000003,-0.2923514500540311,0,0,101.51000000000002,0
Cross River,2021,46,13.466,1.5186474150174314,0,0,88.42,0
Cross River,2021,47,1.7660000000000005,0.41401445523441893,0,0,74.18,0
Cross River,2021,48,-0.30800000000000016,-0.2843187287991795,0,0,39.670000000000016,0
Cross River,2021,49,-1.448,-0.47396070944972235,0,0,27.430000000000014,0
Cross River,2021,50,-0.9640000000000001,-0.7217522216997415,0,0,6.1100000000000145,0
Cross River,2021,51,3.8440000000000003,1.783988243292323,0,0,5.900000000000015,0
Cross River,2021,52,2.0300000000000002,1.781593048033344,0,0,7.8200000000000145,0
Cross River,2022,1,3.6066666666666665,1.505437293456068,0,0,12.870000000000015,0
Cross River,2022,2,4.0120000000000005,1.7880858193419418,0,0,17.850000000000016,0
Cross River,2022,3,6.840000000000001,1.7592530911661832,0,0,21.910000000000014,0
Cross River,2022,4,-0.36800000000000005,-0.5200822524984413,0,0,19.600000000000016,0
Cross River,2022,5,-0.15199999999999997,-0.164874906943898,0,0,14.680000000000016,0
Cross River,2022,6,-1.038,-0.525795792259983,0,0,9.800000000000015,0
Cross River,2022,7,0.14200000000000002,1.499312365611883,0,0,1.0600000000000143,0
Cross River,2022,8,-1.33,-1.405265009179011,0,0,0.9000000000000141,0
Cross River,2022,9,5.51,1.1202473280964231,0,0,14.220000000000015,0
Cross River,2022,10,17.592,0.7496831360453342,0,0,54.91000000000001,0
Cross River,2022,11,-2.804,-1.4732146184739745,0,0,55.140000000000015,0
Cross River,2022,12,-5.380000000000001,-0.648329010720978,0,0,57.85000000000001,0
Cross River,2022,13,-0.516,-0.14731509232193019,0,0,48.54000000000001,0
Cross River,2022,14,11.407999999999998,0.43057921408678773,0,0,50.73000000000002,0
Cross River,2022,15,-5.34,-0.3611433116801381,0,0,70.93,0
Cross River,2022,16,31.402,1.6786082951708503,0,0,118.73000000000002,0
Cross River,2022,17,2.9200000000000017,0.23027843343219875,0,0,149.39000000000001,0
Cross River,2022,18,-9.836000000000002,-0.32052808611929706,0,0,127.68,0
Cross River,2022,19,7.675999999999998,1.2315891038632758,0,0,125.82000000000001,0
Cross River,2022,20,16.459999999999994,1.4386449349034645,0,0,121.33,0
Cross River,2022,21,24.188000000000002,1.5913313901630306,0,0,136.42000000000002,0
Cross River,2022,22,-16.778000000000002,-1.1004789722492123,0,0,142.84,0
Cross River,2022,23,-11.867999999999995,-0.4539719988309405,0,0,168.74,0
Cross River,2022,24,2.872,0.2512511201197625,0,0,148.42000000000002,0
Cross River,2022,25,-61.59199999999999,-0.40368271520378163,0,0,142.11,0
Cross River,2022,26,-20.014,-1.4566313701195321,0,0,141.26000000000002,0
Cross River,2022,27,-13.571999999999996,-0.5237398038202684,0,0,144.23000000000002,0
Cross River,2022,28,-12.134,-1.1456915291185708,0,0,133.97,0
Cross River,2022,29,-11.57800000000001,-0.373335688826464,0,0,128.66000000000003,0
Cross River,2022,30,69.572,1.7006133482468773,1,1,213.84,0
Cross River,2022,31,8.8,0.7107220137438812,0,0,195.96,0
Cross River,2022,32,59.848,1.5499734272137655,1,1,287.53000000000003,0
Cross River,2022,33,-3.445999999999998,-0.4085859559184783,0,0,265.79,0
Cross River,2022,34,35.452000000000005,1.5519474877401451,1,1,232.42000000000002,0
Cross River,2022,35,24.733999999999995,1.1801467357356819,0,0,253.79000000000005,0
Cross River,2022,36,114.10600000000001,1.7376798637051047,1,1,311.86,0
Cross River,2022,37,7.762000000000004,0.9780379172136755,0,0,329.20000000000005,0
Cross River,2022,38,72.22,1.7542556147208321,1,1,364.05000000000007,0
Cross River,2022,39,48.492000000000004,1.776499648408006,1,1,398.74000000000007,0
Cross River,2022,40,-15.015999999999998,-0.647307329268868,0,0,259.64000000000004,0
Cross River,2022,41,-12.187999999999995,-0.42429521405190435,0,0,275.45000000000005,0
Cross River,2022,42,-16.665999999999997,-0.8151022758560884,0,0,173.05000000000004,0
Cross River,2022,43,16.952,1.4953010016386203,0,0,121.10000000000002,0
Cross River,2022,44,0.815999999999999,0.07667406124741667,0,0,115.03000000000003,0
Cross River,2022,45,-19.424000000000003,-0.5231835789432007,0,0,69.02000000000002,0
Cross River,2022,46,-4.714,-0.5316280940436783,0,0,61.06000000000003,0
Cross River,2022,47,-3.174,-0.7441007253193914,0,0,27.34000000000003,0
Cross River,2022,48,-0.9280000000000002,-0.8566486374209042,0,0,7.360000000000029,0
Cross River,2022,49,-0.7879999999999999,-0.2579288943690478,0,0,4.350000000000028,0
Cross River,2022,50,1.426,1.0676542200662151,0,0,3.6000000000000285,0
Cross River,2022,51,-1.056,-0.4900862603841553,0,0,3.4300000000000286,0
Cross River,2022,52,-0.5700000000000001,-0.5002502647187221,0,0,3.3700000000000285,0
Cross River,2023,1,-1.4633333333333334,-0.6108012678624898,0,0,2.6900000000000284,0
Cross River,2023,2,-0.9079999999999999,-0.40468143668057893,0,0,0.3600000000000283,0
Cross River,2023,3,-2.1100000000000003,-0.5426935705205624,0,0,0.3700000000000283,0
Cross River,2023,4,1.1920000000000002,1.6846142526579948,0,0,2.220000000000028,0
Cross River,2023,5,1.6280000000000001,1.7658970296359606,0,0,4.150000000000029,0
Cross River,2023,6,3.372,1.708076504335898,0,0,8.600000000000028,0
Cross River,2023,7,-0.078,-0.8235659473079356,0,0,8.590000000000028,0
Cross River,2023,8,1.23,1.2996059859324687,0,0,9.430000000000028,0
Cross River,2023,9,2.41,0.489981136245441,0,0,17.87000000000003,0
Cross River,2023,10,-8.988,-0.3830236486343488,0,0,27.57000000000003,0
Cross River,2023,11,1.866,0.9803917539488006,0,0,32.690000000000026,0
Cross River,2023,12,9.559999999999997,1.152049320165901,0,0,47.78000000000003,0
Cross River,2023,13,3.444000000000001,0.9832425929393948,0,0,45.53000000000002,0
Cross River,2023,14,-12.832000000000004,-0.48432612860814017,0,0,50.060000000000024,0
Cross River,2023,15,-11.569999999999999,-0.7824771753069657,0,0,59.36000000000003,0
Cross River,2023,16,-7.107999999999999,-0.37996139615548064,0,0,53.71000000000002,0
Cross River,2023,17,-21.529999999999994,-1.6979091341764503,0,0,55.96000000000002,0
Cross River,2023,18,-18.686,-0.6089251542522554,0,0,49.64000000000002,0
Cross River,2023,19,-1.234,-0.19799126552465904,0,0,45.10000000000002,0
Cross River,2023,20,1.3099999999999952,0.11449725788113804,0,0,63.97000000000003,0
Cross River,2023,21,-12.482,-0.8211922611218351,0,0,66.84000000000003,0
Cross River,2023,22,15.482,1.0154735634975742,1,0,114.37000000000003,0
Cross River,2023,23,33.572,1.2841884011419231,1,1,194.62000000000003,0
Cross River,2023,24,-0.18799999999999883,-0.016446800342101345,0,0,186.39000000000004,0
Cross River,2023,25,-58.25199999999999,-0.3817918808619737,0,0,220.09000000000003,0
Cross River,2023,26,17.775999999999996,1.293748337925692,1,0,224.77000000000004,0
Cross River,2023,27,13.058000000000014,0.5039046830448772,1,0,208.93000000000004,0
Cross River,2023,28,-4.964000000000002,-0.468700572815608,0,0,208.90000000000003,0
Cross River,2023,29,-10.418000000000006,-0.33593118035879266,0,0,201.41000000000003,0
Cross River,2023,30,-0.7779999999999987,-0.01901738033887294,0,0,178.45000000000002,0
Cross River,2023,31,-16.78,-1.3552176580252644,0,0,108.36000000000003,0
Cross River,2023,32,-31.172,-0.8073080415904875,0,0,101.74000000000004,0
Cross River,2023,33,11.594000000000001,1.3746795046195128,0,0,93.88000000000002,0
Cross River,2023,34,-10.428000000000004,-0.4564963444136928,0,0,84.98000000000002,0
Cross River,2023,35,0.46399999999999864,0.022139083261152864,0,0,107.66000000000003,0
Cross River,2023,36,-8.973999999999997,-0.13666186788503323,0,0,133.67000000000002,0
Cross River,2023,37,-7.817999999999994,-0.9850941041969216,0,0,120.39000000000001,0
Cross River,2023,38,-10.619999999999997,-0.25796447837628406,0,0,118.28000000000003,0
Cross River,2023,39,-16.137999999999998,-0.591214042027724,0,0,112.61000000000004,0
Cross River,2023,40,-27.735999999999997,-1.1956390573122886,0,0,83.87000000000003,0
Cross River,2023,41,44.12200000000001,1.5359988049227218,1,1,171.57000000000005,0
Cross River,2023,42,31.914,1.5608528760153133,1,0,200.59000000000003,0
Cross River,2023,43,0.03200000000000003,0.0028226540852074023,0,0,196.35000000000002,0
Cross River,2023,44,-2.2540000000000013,-0.21179330153391854,0,0,199.93000000000004,0
Cross River,2023,45,-12.864000000000003,-0.3464906074714443,0,0,104.17000000000003,0
Cross River,2023,46,4.485999999999999,0.5059150678574332,0,0,56.83000000000003,0
Cross River,2023,47,6.696,1.5697852730745574,0,0,49.90000000000003,0
Cross River,2023,48,1.492,1.3772842317155052,0,0,35.410000000000025,0
Cross River,2023,49,-1.5579999999999998,-0.509966011963168,0,0,25.07000000000003,0
Cross River,2023,50,-0.8840000000000001,-0.6618557717661531,0,0,12.810000000000027,0
Cross River,2023,51,-1.046,-0.48544529200930536,0,0,2.7800000000000282,0
Cross River,2023,52,-0.5700000000000001,-0.5002502647187221,0,0,0.3000000000000284,0
Cross River,2024,1,-1.6433333333333333,-0.6859339978501309,0,0,0.21000000000002841,0
Cross River,2024,2,-1.0479999999999998,-0.467077252908862,0,0,0.050000000000028424,0
Cross River,2024,3,-2.12,-0.5452655779637878,0,0,0.040000000000028416,0
Cross River,2024,4,-0.638,-0.9016643399293629,0,0,0.06000000000002842,0
Cross River,2024,5,-0.492,-0.5336740408973542,0,0,0.050000000000028424,0
Cross River,2024,6,-1.248,-0.6321706635264535,0,0,0.020000000000028422,0
Cross River,2024,7,-0.068,-0.717980569447944,0,0,0.03000000000002842,0
Cross River,2024,8,0.16000000000000014,0.16905443719446764,0,0,1.6300000000000285,0
Cross River,2024,9,1.5899999999999999,0.3232655629171166,0,0,11.37000000000003,0
Cross River,2024,10,-18.028,-0.7682632774343614,0,0,16.65000000000003,0
Cross River,2024,11,0.8359999999999999,0.43923231848938754,0,0,20.73000000000003,0
Cross River,2024,12,-7.620000000000001,-0.9182652531029466,0,0,19.71000000000003,0
Cross River,2024,13,3.404,0.9718228183407953,0,0,18.24000000000003,0
Cross River,2024,14,-26.092000000000006,-0.9848065264684844,0,0,18.550000000000026,0
Cross River,2024,15,7.120000000000001,0.4815244155735175,0,0,47.57000000000002,0
Cross River,2024,16,-10.728,-0.5734701544676416,0,0,55.48000000000002,0
Cross River,2024,17,12.020000000000003,0.9479269759777493,0,0,91.32000000000002,0
Cross River,2024,18,54.55400000000001,1.777764254793832,1,1,171.50000000000003,0
Cross River,2024,19,-3.8740000000000006,-0.6215706342321955,0,0,145.63000000000005,0
Cross River,2024,20,-3.070000000000004,-0.2683256348817523,0,0,163.74,0
Cross River,2024,21,-6.091999999999999,-0.40079340288048537,0,0,139.45000000000005,0
Cross River,2024,22,-12.848000000000003,-0.8427079410810514,0,0,85.41000000000003,0
Cross River,2024,23,-33.69799999999999,-1.2890081240819884,0,0,101.03000000000003,0
Cross River,2024,24,-9.088,-0.7950453271756273,0,0,88.28000000000003,0
Cross River,2024,25,272.45799999999997,1.7857284260779311,1,1,446.3,0
Cross River,2024,26,5.176000000000002,0.37671249983704913,0,0,466.71,0
Cross River,2024,27,-14.13199999999999,-0.5453500521358702,0,0,490.95,0
Cross River,2024,28,6.926000000000002,0.6539524914022765,0,0,511.71000000000004,0
Cross River,2024,29,31.02199999999999,1.0003126393828428,1,1,214.95000000000005,0
Cross River,2024,30,-18.418,-0.45020836899918043,0,0,186.95000000000007,0
Cross River,2024,31,-8.99,-0.7260671481315332,0,0,151.84000000000006,0
Cross River,2024,32,-32.372,-0.838386241574723,0,0,132.13000000000005,0
Cross River,2024,33,-0.8460000000000001,-0.10030868215526201,0,0,70.39000000000006,0
Cross River,2024,34,9.982,0.4369722391577943,1,0,99.54000000000005,0
Cross River,2024,35,-19.766000000000005,-0.9431058615085105,0,0,94.20000000000006,0
Cross River,2024,36,-45.464,-0.6923551550618624,0,0,84.92000000000006,0
Cross River,2024,37,-6.847999999999995,-0.862870865379959,0,0,85.05000000000005,0
Cross River,2024,38,-30.46,-0.7398868183937489,0,0,42.690000000000055,0
Cross River,2024,39,-7.177999999999997,-0.26296532368787967,0,0,66.21000000000006,0
Cross River,2024,40,12.094000000000001,0.5213462200437994,1,0,113.79000000000005,0
Cross River,2024,41,12.491999999999997,0.4348782256265499,1,0,168.89000000000004,0
Cross River,2024,42,-4.155999999999999,-0.20326203398883375,0,0,181.68000000000004,0
Cross River,2024,43,-13.748,-1.212682761357229,0,0,154.70000000000005,0
Cross River,2024,44,-13.854,-1.301767701619745,0,0,106.85000000000005,0
Cross River,2024,45,-22.714000000000002,-0.6117994137209565,0,0,32.870000000000054,0
Cross River,2024,46,-7.884,-0.8891293791769961,0,0,9.230000000000057,0
Cross River,2024,47,-3.264,-0.7651999897424365,0,0,6.120000000000058,0
Cross River,2024,48,-0.9880000000000001,-0.9120354027713937,0,0,0.7500000000000568,0
Cross River,2024,49,-1.638,-0.5361516865184014,0,0,0.18000000000005684,0
Cross River,2024,50,-1.074,-0.8041098403584257,0,0,0.10000000000005685,0
Cross River,2024,51,-1.056,-0.4900862603841553,0,0,0.020000000000056844,0
Cross River,2024,52,-0.56,-0.49147394428506036,0,0,0.030000000000056842,0
Cross River,2025,1,-1.6533333333333333,-0.6901080384049998,0,0,0.010000000000056844,0
Cross River,2025,2,-1.0779999999999998,-0.48044778495777984,0,0,0.010000000000056844,0
Cross River,2025,3,-0.4900000000000002,-0.12602836471804535,0,0,1.6400000000000567,0
Cross River,2025,4,0.01200000000000001,0.016959203885818754,0,0,2.3000000000000567,0
Cross River,2025,5,-0.492,-0.5336740408973542,0,0,2.3000000000000567,0
Cross River,2025,6,-1.248,-0.6321706635264535,0,0,2.3000000000000567,0
Cross River,2025,7,-0.048,-0.5068098137279604,0,0,0.7000000000000569,0
Cross River,2025,8,0.33999999999999986,0.35924067903824325,0,0,1.8300000000000567,0
Cross River,2025,9,-2.2200000000000006,-0.4513519180352196,0,0,7.760000000000057,0
Cross River,2025,10,-22.148,-0.9438370905600308,0,0,8.920000000000057,0
Cross River,2025,11,1.1560000000000001,0.607359521738914,0,0,13.300000000000058,0
Cross River,2025,12,-5.030000000000001,-0.6061514728487954,0,0,14.690000000000056,0
Cross River,2025,13,-1.5359999999999996,-0.43851934458621067,0,0,12.090000000000057,0
Cross River,2025,14,-13.202000000000005,-0.49829126791495226,0,0,29.410000000000057,0
Cross River,2025,15,-12.62,-0.8534885006373301,0,0,38.370000000000054,0
Cross River,2025,16,-15.617999999999999,-0.8348673445633507,0,0,38.80000000000006,0
Cross River,2025,17,4.8600000000000065,0.38327163920564616,0,0,72.42000000000006,0
Cross River,2025,18,-14.725999999999999,-0.47987968647750784,0,0,70.43000000000006,0
Cross River,2025,19,-7.474,-1.1991788642879269,0,0,60.70000000000007,0
Cross River,2025,20,-15.520000000000005,-1.3564865971872286,0,0,71.25000000000006,0
Cross River,2025,21,5.268000000000001,0.34658234510413616,0,0,65.48000000000006,0
Cross River,2025,22,15.542000000000002,1.019408999087928,1,0,109.11000000000007,0
Cross River,2025,23,17.36200000000001,0.6641272197255474,1,0,179.39000000000004,0
Cross River,2025,24,-11.137999999999998,-0.9743854372889674,0,0,177.04000000000008,0
Cross River,2025,25,-81.362,-0.5332581029096325,0,0,169.88000000000005,0
Cross River,2025,26,0.4660000000000011,0.033915769884865776,0,0,157.19000000000005,0
Cross River,2025,27,39.13800000000001,1.5103248188857705,1,1,183.64000000000004,0
Cross River,2025,28,14.496000000000002,1.3687114229522666,0,0,214.02000000000004,0
Cross River,2025,29,31.551999999999992,1.0174026303206583,1,1,271.61,0
Cross River,2025,30,-14.108,-0.3448550151938559,0,0,252.63000000000002,0
Cross River,2025,31,12.319999999999997,0.9950108192414333,0,0,185.56000000000006,0
Cross River,2025,32,-11.482,-0.2973665768491588,0,0,179.17000000000004,0
Cross River,2025,33,-11.096,-1.315632549875635,0,0,106.65000000000005,0
Cross River,2025,34,-19.668,-0.8609867761726607,0,0,101.84000000000005,0
Cross River,2025,35,-21.946000000000005,-1.0471213820027203,0,0,73.01000000000005,0
Cross River,2025,36,-42.084,-0.6408823320786429,0,0,46.22000000000004,0
Cross River,2025,37,8.922,1.124201790438084,0,0,72.37000000000003,0
Cross River,2025,38,-19.94,-0.48435138406997225,0,0,70.18000000000004,0
Cross River,2025,39,-12.687999999999999,-0.46482363150624384,0,0,90.37000000000003,0
Cross River,2025,40,31.784,1.3701395946644714,1,0,154.26000000000005,0
Cross River,2025,41,-27.797999999999995,-0.9677189333947194,0,0,153.30000000000004,0
Cross River,2025,42,-17.735999999999997,-0.8674339352324244,0,0,141.99000000000007,0
Cross River,2025,43,-5.648,-0.49819844603910607,0,0,128.62000000000003,0
Cross River,2025,44,-0.6739999999999995,-0.06333127117740057,0,0,74.26000000000005,0
Cross River,2025,45,65.85600000000001,1.7738250501896324,1,1,129.14000000000004,0
Cross River,2025,46,-5.354000000000001,-0.6038050096541905,0,0,121.61000000000006,0
Cross River,2025,47,-2.024,-0.47449901324714816,0,0,111.64000000000006,0
Cross River,2025,48,0.7319999999999999,0.6757185372759716,0,0,94.81000000000006,0
Cross River,2025,49,5.432,1.77800730230034,0,0,12.740000000000043,0
Cross River,2025,50,1.4960000000000002,1.1200636137581053,0,0,12.700000000000044,0
Cross River,2025,51,-0.686,-0.318370430514707,0,0,11.750000000000043,0
Cross River,2025,52,-0.33000000000000007,-0.28961857431083915,0,0,10.270000000000042,0
Cross River,2026,1,-1.3533333333333333,-0.5648868217589312,0,0,3.480000000000043,0
Delta,2020,53,0.0,0,0,0,1.16,0
Delta,2021,1,49.040000000000006,1.3956028851002784,0,0,75.28,0
Delta,2021,2,-0.9839999999999982,-0.13388370972596647,0,0,79.5,0
Delta,2021,3,-11.266,-0.4759556189285604,0,0,79.67,0
Delta,2021,4,-3.187999999999999,-0.2734879491024346,0,0,89.02000000000001,0
Delta,2021,5,0.778,0.5376306250425602,0,0,17.13,0
Delta,2021,6,18.298000000000002,1.7604103293663342,0,0,38.23,0
Delta,2021,7,1.084,1.2822073924658537,0,0,39.879999999999995,0
Delta,2021,8,-16.24,-0.8056564112486997,0,0,37.94,0
Delta,2021,9,-12.982000000000001,-0.8815062069279282,0,0,40.02,0
Delta,2021,10,29.290000000000006,1.2416842054322927,0,0,83.74000000000001,0
Delta,2021,11,-4.272000000000002,-0.21551923949463445,0,0,99.80000000000001,0
Delta,2021,12,14.088000000000001,1.0409790864362016,0,0,128.95,0
Delta,2021,13,-6.346000000000001,-1.050838982920951,0,0,126.26,0
Delta,2021,14,35.236,1.143158949767136,0,0,143.05,0
Delta,2021,15,144.05200000000002,1.6865949461144627,1,1,345.2,0
Delta,2021,16,35.373999999999995,1.5353860028814277,0,0,374.42,0
Delta,2021,17,-33.99,-0.8327616011087748,0,0,402.01,0
Delta,2021,18,0.6020000000000039,0.01734085159788816,0,0,365.32,0
Delta,2021,19,-0.5960000000000001,-0.06453950691860193,0,0,167.25,0
Delta,2021,20,-6.250000000000007,-0.27115753433599427,0,0,149.22,0
Delta,2021,21,9.732,0.5156706502777066,0,0,179.79,0
Delta,2021,22,29.349999999999994,0.6779117511561581,1,0,243.71,0
Delta,2021,23,-73.492,-1.0604651695789629,0,0,256.11,0
Delta,2021,24,87.18799999999999,1.7695684503165074,1,1,355.15,0
Delta,2021,25,-24.945999999999998,-0.5445677167878138,0,0,342.01000000000005,0
Delta,2021,26,-2.9680000000000035,-0.09019461195343557,0,0,298.33,0
Delta,2021,27,-26.28200000000001,-0.8505678136761409,0,0,329.03999999999996,0
Delta,2021,28,41.934,1.4405451377088971,1,0,267.41999999999996,0
Delta,2021,29,-28.921999999999997,-1.0642175738154307,0,0,231.21,0
Delta,2021,30,-29.258000000000003,-0.9552399611348029,0,0,178.74999999999997,0
Delta,2021,31,35.908,1.3607096404421115,0,0,181.13,0
Delta,2021,32,74.448,1.3144288291015123,1,1,240.06,0
Delta,2021,33,99.63400000000001,1.7819166700850984,1,1,368.84000000000003,0
Delta,2021,34,29.58,1.0545189847661092,0,0,421.41999999999996,0
Delta,2021,35,139.538,1.7181335577864023,1,1,562.45,0
Delta,2021,36,14.985999999999997,0.6423539050297942,0,0,470.76,0
Delta,2021,37,-19.092,-1.1697096251471768,0,0,371.33,0
Delta,2021,38,-9.352000000000004,-0.2925250399904505,0,0,373.45000000000005,0
Delta,2021,39,-13.009999999999998,-0.42337719795174905,0,0,205.54,0
Delta,2021,40,-1.2399999999999949,-0.09159687885831323,0,0,209.06,0
Delta,2021,41,-15.25,-0.8090396863160361,0,0,202.89000000000001,0
Delta,2021,42,-12.908000000000001,-1.103151485751645,0,0,154.13,0
Delta,2021,43,31.586,0.9679544804849615,0,0,184.25,0
Delta,2021,44,-11.407999999999987,-0.7424738862935291,0,0,198.53,0
Delta,2021,45,80.114,1.6092167132187525,1,1,296.19,0
Delta,2021,46,31.528000000000002,1.380146909631815,0,0,331.53999999999996,0
Delta,2021,47,48.846,1.7425632193309615,0,0,330.03000000000003,0
Delta,2021,48,2.606,0.4641595841486212,0,0,272.30999999999995,0
Delta,2021,49,-9.522000000000002,-0.37847937334187387,0,0,143.64,0
Delta,2021,50,-0.39199999999999946,-0.01639500215905696,0,0,102.91999999999997,0
Delta,2021,51,24.008000000000003,1.7590075982023992,0,0,65.22,0
Delta,2021,52,32.914,1.7888217045953694,0,0,92.78,0
Delta,2022,1,41.239999999999995,1.1736268960345733,0,0,156.5,0
Delta,2022,2,12.626,1.7179021534553411,0,0,156.84,0
Delta,2022,3,42.274,1.7859531186389104,0,0,179.07,0
Delta,2022,4,17.812000000000005,1.5280324182599023,0,0,169.37,0
Delta,2022,5,-1.432,-0.9895720502068716,0,0,103.07000000000001,0
Delta,2022,6,-3.6220000000000003,-0.34846465258306164,0,0,88.64,0
Delta,2022,7,0.714,0.8445535776942983,0,0,36.38,0
Delta,2022,8,-22.849999999999998,-1.1335744456300978,0,0,6.83,0
Delta,2022,9,19.128,1.2988330554704521,0,0,43.230000000000004,0
Delta,2022,10,-7.549999999999997,-0.32006540631662017,0,0,72.03,0
Delta,2022,11,-14.912,-0.7522993678239671,0,0,77.82000000000001,0
Delta,2022,12,-14.811999999999998,-1.0944763080843993,0,0,84.68,0
Delta,2022,13,2.943999999999999,0.48749920670016994,0,0,59.17,0
Delta,2022,14,22.046,0.7152367523716165,0,0,99.61,0
Delta,2022,15,-61.12799999999999,-0.7157011070036157,0,0,107.22,0
Delta,2022,16,11.213999999999999,0.48673654764268476,0,0,141.18,0
Delta,2022,17,70.08,1.7169736100530433,1,1,263.55,0
Delta,2022,18,-15.927999999999997,-0.4588124323108983,0,0,223.52000000000004,0
Delta,2022,19,8.573999999999998,0.9284592824162629,0,0,239.8,0
Delta,2022,20,25.6,1.1106612606402313,0,0,277.78,0
Delta,2022,21,-3.378,-0.17899049081772433,0,0,191.17000000000002,0
Delta,2022,22,33.959999999999994,0.7843912459714866,1,1,276.23,0
Delta,2022,23,81.828,1.1807508830390705,1,1,434.78,0
Delta,2022,24,-31.952,-0.6484980860268965,0,0,382.83,0
Delta,2022,25,-45.096000000000004,-0.9844394193964264,0,0,362.65,0
Delta,2022,26,-28.528,-0.8669379682640186,0,0,288.8,0
Delta,2022,27,-14.912000000000006,-0.48259901215807827,0,0,175.56,0
Delta,2022,28,-35.036,-1.2035803749885279,0,0,156.11,0
Delta,2022,29,-14.821999999999996,-0.5453921886139379,0,0,154.14999999999998,0
Delta,2022,30,21.871999999999993,0.714095578301333,0,0,178.38,0
Delta,2022,31,-25.452,-0.9644865146633793,0,0,108.03,0
Delta,2022,32,11.378,0.20088613821079152,0,0,180.86,0
Delta,2022,33,-27.526,-0.4922921719569867,0,0,168.38,0
Delta,2022,34,19.949999999999996,0.7112120941880958,0,0,160.2,0
Delta,2022,35,-51.12199999999999,-0.629465978738096,0,0,171.93,0
Delta,2022,36,-10.844000000000005,-0.4648128750929596,0,0,117.48,0
Delta,2022,37,4.588000000000001,0.2810930106942829,0,0,168.89,0
Delta,2022,38,44.76799999999999,1.4003166157284512,1,1,234.76,0
Delta,2022,39,50.78,1.6525053122205857,1,0,321.3,0
Delta,2022,40,-17.83,-1.317074475841719,0,0,334.06,0
Delta,2022,41,17.180000000000007,0.9114296269448856,0,0,336.64,0
Delta,2022,42,-10.248000000000001,-0.8758209192735402,0,0,236.42000000000002,0
Delta,2022,43,-26.284,-0.8054744369361972,0,0,144.88,0
Delta,2022,44,-18.057999999999993,-1.1752799297588146,0,0,169.10000000000002,0
Delta,2022,45,-38.256,-0.76843241606831,0,0,115.96000000000001,0
Delta,2022,46,-17.601999999999997,-0.7705324125646792,0,0,99.52000000000001,0
Delta,2022,47,-16.863999999999997,-0.601617043991265,0,0,90.17,0
Delta,2022,48,2.0759999999999987,0.3697602826909198,0,0,38.57,0
Delta,2022,49,-11.932000000000002,-0.4742717793231715,0,0,25.860000000000003,0
Delta,2022,50,40.398,1.6896053500550614,0,0,75.06,0
Delta,2022,51,-7.462,-0.546722538228353,0,0,71.60000000000001,0
Delta,2022,52,-8.296000000000001,-0.45087394000495795,0,0,58.48,0
Delta,2023,1,-18.419999999999998,-0.5242048357167032,0,0,64.95,0
Delta,2023,2,-5.203999999999999,-0.7080597819247263,0,0,6.67,0
Delta,2023,3,-8.236,-0.3479469623198672,0,0,9.86,0
Delta,2023,4,-5.177999999999999,-0.44420345058105604,0,0,18.38,0
Delta,2023,5,1.888,1.304687172339786,0,0,15.059999999999999,0
Delta,2023,6,-2.1420000000000003,-0.2060771081813689,0,0,19.939999999999998,0
Delta,2023,7,-0.736,-0.8705762369509854,0,0,16.74,0
Delta,2023,8,21.52,1.0675939636743854,0,0,54.55,0
Delta,2023,9,5.587999999999997,0.37943742753915116,0,0,74.08999999999999,0
Delta,2023,10,3.240000000000002,0.13735257171733117,0,0,112.2,0
Delta,2023,11,30.688000000000002,1.548186896444602,0,0,165.04000000000002,0
Delta,2023,12,14.018,1.0358067031276743,0,0,156.36,0
Delta,2023,13,8.544,1.4148074803146242,0,0,149.99,0
Delta,2023,14,6.305999999999997,0.20458509300804736,0,0,163.9,0
Delta,2023,15,-56.297999999999995,-0.659150322635937,0,0,130.74,0
Delta,2023,16,-11.646,-0.5054872332661591,0,0,113.00999999999999,0
Delta,2023,17,-12.730000000000004,-0.31188747225992075,0,0,146.97,0
Delta,2023,18,-35.257999999999996,-1.0156208399307918,0,0,103.35,0
Delta,2023,19,4.603999999999999,0.49855686216987105,0,0,110.82999999999998,0
Delta,2023,20,-1.1700000000000017,-0.050760690427698145,0,0,144.9,0
Delta,2023,21,-17.418000000000006,-0.9229296533638612,0,0,127.06,0
Delta,2023,22,-51.59,-1.1916002467511484,0,0,145.9,0
Delta,2023,23,50.888000000000005,0.7342969513625193,1,1,277.48,0
Delta,2023,24,-11.902000000000001,-0.24156310152391472,0,0,272.35,0
Delta,2023,25,-11.195999999999998,-0.24440712567771836,0,0,300.11,0
Delta,2023,26,-20.478,-0.6223063556544649,0,0,319.86,0
Delta,2023,27,-20.052000000000007,-0.6489455064239394,0,0,232.42,0
Delta,2023,28,-11.336000000000006,-0.38942194117108,0,0,216.62,0
Delta,2023,29,10.168000000000006,0.3741430153708356,0,0,205.75,0
Delta,2023,30,38.082,1.2433333857384496,0,0,238.14,0
Delta,2023,31,-19.962000000000003,-0.7564466370308965,0,0,178.42000000000002,0
Delta,2023,32,-45.452,-0.8024852130389256,0,0,170.72,0
Delta,2023,33,-16.436,-0.2939516870698624,0,0,144.34,0
Delta,2023,34,-22.610000000000003,-0.8060403734131756,0,0,77.39,0
Delta,2023,35,2.378,0.029280350875145585,0,0,137.13,0
Delta,2023,36,24.256,1.0396994742027688,0,0,174.61,0
Delta,2023,37,-2.682000000000002,-0.1643181025898141,0,0,207.66000000000003,0
Delta,2023,38,-22.512000000000008,-0.7041620723123417,0,0,248.81,0
Delta,2023,39,4.43,0.14416302743476161,0,0,235.5,0
Delta,2023,40,1.7199999999999989,0.12705373519056395,0,0,232.70999999999998,0
Delta,2023,41,23.72,1.2583882858633688,0,0,249.09999999999997,0
Delta,2023,42,0.09199999999999875,0.007862560945859152,0,0,226.5,0
Delta,2023,43,-33.324,-1.0212155735984567,0,0,174.27,0
Delta,2023,44,21.302000000000007,1.3864111786312043,1,0,218.3,0
Delta,2023,45,-19.666,-0.3950227910497539,0,0,177.21,0
Delta,2023,46,-1.9019999999999975,-0.08326057542881593,0,0,166.13,0
Delta,2023,47,-1.303999999999995,-0.04651972398983673,0,0,179.38,0
Delta,2023,48,6.445999999999998,1.1481092399930972,0,0,92.78999999999999,0
Delta,2023,49,-11.442000000000002,-0.4547953150365176,0,0,61.980000000000004,0
Delta,2023,50,-17.871999999999996,-0.7474782617006794,0,0,37.21,0
Delta,2023,51,-7.382,-0.5408611333692981,0,0,18.27,0
Delta,2023,52,-8.286000000000001,-0.4503304564707186,0,0,0.79,0
Delta,2024,1,-21.72,-0.6181177541675783,0,0,3.4699999999999998,0
Delta,2024,2,-1.2339999999999987,-0.1678988798799215,0,0,7.43,0
Delta,2024,3,-11.386,-0.4810252686952413,0,0,7.390000000000001,0
Delta,2024,4,3.7819999999999983,0.32444523949354065,0,0,24.859999999999996,0
Delta,2024,5,-1.452,-1.0033928888969117,0,0,21.499999999999996,0
Delta,2024,6,-7.002000000000001,-0.6736470175004411,0,0,17.549999999999997,0
Delta,2024,7,-0.346,-0.40926545921880564,0,0,17.889999999999997,0
Delta,2024,8,-1.75,-0.08681642362593747,0,0,23.47,0
Delta,2024,9,-16.662000000000003,-1.1313862594232893,0,0,24.099999999999998,0
Delta,2024,10,-34.72,-1.4718769413659676,0,0,29.11,0
Delta,2024,11,-18.462,-0.9313942414676825,0,0,32.41,0
Delta,2024,12,-10.511999999999999,-0.7767441905605729,0,0,22.47,0
Delta,2024,13,-0.2560000000000011,-0.04239123536523237,0,0,29.55,0
Delta,2024,14,-34.164,-1.1083801328142933,0,0,40.95,0
Delta,2024,15,-37.477999999999994,-0.4388013036297852,0,0,75.76,0
Delta,2024,16,-17.336000000000002,-0.7524580693716412,0,0,76.87,0
Delta,2024,17,-2.6700000000000017,-0.06541551853369904,0,0,129.69,0
Delta,2024,18,57.262,1.649454890694793,1,0,219.06,0
Delta,2024,19,-15.426000000000002,-1.6704470364536128,0,0,187.69,0
Delta,2024,20,16.050000000000004,0.6963325481748327,0,0,244.67000000000002,0
Delta,2024,21,27.372,1.4503634442459297,0,0,261.56,0
Delta,2024,22,-42.96000000000001,-0.9922687846565099,0,0,196.51,0
Delta,2024,23,-66.832,-0.9643635798903449,0,0,230.4,0
Delta,2024,24,-23.561999999999998,-0.47821456882091057,0,0,196.39000000000001,0
Delta,2024,25,74.62400000000001,1.6290315600727099,1,1,265.18,0
Delta,2024,26,-3.4980000000000047,-0.10630079265940623,0,0,293.28000000000003,0
Delta,2024,27,12.897999999999996,0.41741966596129887,1,0,356.51,0
Delta,2024,28,-9.296000000000006,-0.31934248104502116,0,0,354.41,0
Delta,2024,29,41.598000000000006,1.530645274724234,0,0,289.15000000000003,0
Delta,2024,30,-31.108000000000004,-1.015640327807145,0,0,235.37000000000003,0
Delta,2024,31,-9.472000000000001,-0.3589351039954239,0,0,153.19000000000003,0
Delta,2024,32,-66.442,-1.1730775878890323,0,0,122.46000000000004,0
Delta,2024,33,-28.556,-0.5107133351160253,0,0,52.53000000000003,0
Delta,2024,34,8.909999999999997,0.3176390856749841,0,0,86.29000000000002,0
Delta,2024,35,-36.132,-0.4448938762913205,0,0,97.03000000000003,0
Delta,2024,36,6.3359999999999985,0.2715837676677416,0,0,137.58000000000004,0
Delta,2024,37,24.798000000000002,1.5192991454221503,0,0,210.23000000000002,0
Delta,2024,38,-32.97200000000001,-1.0313446983067933,0,0,209.40000000000003,0
Delta,2024,39,-13.379999999999995,-0.4354179022747426,0,0,216.79000000000002,0
Delta,2024,40,20.08,1.483278489899143,0,0,250.28000000000003,0
Delta,2024,41,-11.850000000000001,-0.6286636251045921,0,0,203.62000000000003,0
Delta,2024,42,9.292000000000002,0.7941186555317853,0,0,200.68000000000004,0
Delta,2024,43,37.116,1.137421594936992,0,0,236.70000000000002,0
Delta,2024,44,4.782000000000011,0.3112298496016539,1,0,245.85000000000002,0
Delta,2024,45,-37.546,-0.7541709403414044,0,0,222.45000000000005,0
Delta,2024,46,-24.822,-1.086589907094675,0,0,179.25000000000003,0
Delta,2024,47,-15.773999999999997,-0.5627316918831958,0,0,107.59000000000003,0
Delta,2024,48,-7.964,-1.4184830883191173,0,0,23.110000000000028,0
Delta,2024,49,-12.072000000000001,-0.47983648340507257,0,0,9.55000000000003,0
Delta,2024,50,-17.781999999999996,-0.7437141030417124,0,0,7.7900000000000285,0
Delta,2024,51,-7.462,-0.546722538228353,0,0,3.2400000000000286,0
Delta,2024,52,-8.296000000000001,-0.45087394000495795,0,0,0.16000000000002843,0
Delta,2025,1,-25.08,-0.7137381802266513,0,0,0.11000000000002842,0
Delta,2025,2,-5.203999999999999,-0.7080597819247263,0,0,0.010000000000028422,0
Delta,2025,3,-11.386,-0.4810252686952413,0,0,0.050000000000028424,0
Delta,2025,4,-13.227999999999998,-1.1347862580699517,0,0,0.5200000000000284,0
Delta,2025,5,0.21799999999999997,0.15064714172143714,0,0,2.1900000000000284,0
Delta,2025,6,-5.532,-0.5322215511014624,0,0,3.680000000000028,0
Delta,2025,7,-0.716,-0.8469192739903608,0,0,3.6500000000000283,0
Delta,2025,8,19.320000000000004,0.95845331683035,0,0,47.31000000000003,0
Delta,2025,9,4.927999999999997,0.3346219833416136,0,0,67.86000000000003,0
Delta,2025,10,9.740000000000002,0.4129055705329645,0,0,115.86000000000004,0
Delta,2025,11,6.957999999999998,0.351025952341682,0,0,144.95000000000002,0
Delta,2025,12,-2.7819999999999965,-0.20556529091890327,0,0,121.67000000000003,0
Delta,2025,13,-4.886000000000001,-0.8090764687286113,0,0,102.53000000000003,0
Delta,2025,14,-29.424,-0.9546006623325068,0,0,74.21000000000004,0
Delta,2025,15,10.852000000000004,0.1270577871548757,1,0,131.93,0
Delta,2025,16,-17.606,-0.7641772478863126,0,0,125.04000000000002,0
Delta,2025,17,-20.689999999999998,-0.5069090181506487,0,0,164.47000000000003,0
Delta,2025,18,-6.677999999999997,-0.19236247005099058,0,0,185.16000000000003,0
Delta,2025,19,2.8439999999999976,0.30797039878608,0,0,123.73000000000002,0
Delta,2025,20,-34.230000000000004,-1.4850755840513719,0,0,130.70000000000002,0
Delta,2025,21,-16.308,-0.864113950342051,0,0,121.93000000000002,0
Delta,2025,22,31.239999999999995,0.721566034280013,1,0,195.02000000000004,0
Delta,2025,23,7.60799999999999,0.10978091506771809,1,0,285.08000000000004,0
Delta,2025,24,-19.772,-0.40129269394478584,0,0,305.14,0
Delta,2025,25,6.614000000000004,0.1443827017892489,0,0,349.6,0
Delta,2025,26,55.471999999999994,1.6857397285313247,1,1,362.47,0
Delta,2025,27,48.347999999999985,1.5646926662968583,1,1,386.71000000000004,0
Delta,2025,28,13.734000000000002,0.4717996594957313,0,0,403.85,0
Delta,2025,29,-8.021999999999998,-0.2951785276657003,0,0,356.97999999999996,0
Delta,2025,30,0.41199999999999903,0.013451324902164805,0,0,275.75,0
Delta,2025,31,18.978,0.7191586152475881,0,0,186.57,0
Delta,2025,32,26.067999999999998,0.46024783361565413,1,0,225.32,0
Delta,2025,33,-27.116,-0.48495947594222377,0,0,206.45,0
Delta,2025,34,-35.83,-1.277329791216014,0,0,163.95,0
Delta,2025,35,-54.66199999999999,-0.673054053632131,0,0,127.71,0
Delta,2025,36,-34.734,-1.4888242718073452,0,0,34.68,0
Delta,2025,37,-7.612000000000002,-0.4663644283794423,0,0,73.47999999999999,0
Delta,2025,38,20.067999999999998,0.6277151948811331,1,0,170.43,0
Delta,2025,39,-28.819999999999997,-0.9378732394288554,0,0,180.91,0
Delta,2025,40,-2.729999999999997,-0.2016608703896741,0,0,232.66000000000003,0
Delta,2025,41,-13.799999999999997,-0.732114601387626,0,0,216.46000000000004,0
Delta,2025,42,13.771999999999998,1.1769911885475404,0,0,164.96,0
Delta,2025,43,-9.093999999999998,-0.27868606488729936,0,0,170.21,0
Delta,2025,44,3.382000000000005,0.22011278781948823,1,0,200.76999999999998,0
Delta,2025,45,15.353999999999992,0.3084094342407159,0,0,232.21999999999997,0
Delta,2025,46,12.797999999999998,0.5602359854563552,0,0,222.16,0
Delta,2025,47,-14.903999999999996,-0.5316947594666634,0,0,197.57999999999998,0
Delta,2025,48,-3.1640000000000006,-0.5635460185135218,0,0,119.29999999999998,0
Delta,2025,49,44.968,1.7873829511066355,0,0,109.88,0
Delta,2025,50,-4.3519999999999985,-0.18201798315361217,0,0,83.93,0
Delta,2025,51,-1.702,-0.12470138837639466,0,0,84.27000000000001,0
Delta,2025,52,-8.036000000000001,-0.4367433681147351,0,0,76.65,0
Delta,2026,1,-25.06,-0.7131690110239187,0,0,19.58,0
Ebonyi,2020,53,0.0,0,0,0,0.01,0
Ebonyi,2021,1,1.2933333333333334,0.6103164294866608,0,0,2.63,0
Ebonyi,2021,2,-0.47,-0.42675282873501863,0,0,2.6599999999999997,0
Ebonyi,2021,3,-1.098,-0.5292675776596416,0,0,2.6599999999999997,0
Ebonyi,2021,4,-0.11599999999999999,-0.27384855941734704,0,0,2.8400000000000003,0
Ebonyi,2021,5,-0.29399999999999993,-0.5820013792552152,0,0,0.24,0
Ebonyi,2021,6,0.33999999999999997,0.4498677054212186,0,0,1.09,0
Ebonyi,2021,7,0.046,0.8093876445394548,0,0,1.18,0
Ebonyi,2021,8,-0.3380000000000001,-0.47692279532304577,0,0,1.74,0
Ebonyi,2021,9,-4.670000000000001,-1.5512168186537967,0,0,2.09,0
Ebonyi,2021,10,4.984,0.46263927056934256,0,0,17.41,0
Ebonyi,2021,11,-0.9200000000000002,-0.5791147964771423,0,0,18.66,0
Ebonyi,2021,12,12.661999999999999,1.7191388857393848,0,0,38.14,0
Ebonyi,2021,13,-3.0220000000000002,-1.3941493433464238,0,0,37.81,0
Ebonyi,2021,14,26.782,1.7194892666369666,1,0,64.21000000000001,0
Ebonyi,2021,15,13.444,1.729225447105902,0,0,90.83,0
Ebonyi,2021,16,-1.9440000000000008,-0.15633823682954204,0,0,78.61999999999999,0
Ebonyi,2021,17,-10.098000000000003,-0.9290375380897453,0,0,85.19,0
Ebonyi,2021,18,-3.4619999999999997,-0.21128288792102773,0,0,55.82,0
Ebonyi,2021,19,4.8420000000000005,1.2003522784458116,0,0,39.43,0
Ebonyi,2021,20,-5.468,-1.39937103099335,0,0,42.269999999999996,0
Ebonyi,2021,21,-1.298,-0.2992860078121344,0,0,46.29,0
Ebonyi,2021,22,14.783999999999999,1.4946161489114382,1,0,74.28,0
Ebonyi,2021,23,-15.823999999999998,-0.5056630601760891,0,0,94.94999999999999,0
Ebonyi,2021,24,3.3339999999999996,0.7771787697679015,0,0,102.27,0
Ebonyi,2021,25,-3.4240000000000066,-0.048642847461965066,1,0,145.15,0
Ebonyi,2021,26,0.4860000000000042,0.0223481375642224,0,0,142.45,0
Ebonyi,2021,27,-16.036,-1.1501813339872757,0,0,132.42,0
Ebonyi,2021,28,0.3979999999999997,0.06628647063358425,0,0,133.68,0
Ebonyi,2021,29,-37.327999999999996,-0.7261374916802024,0,0,87.03000000000002,0
Ebonyi,2021,30,-23.563999999999997,-1.1747473079814477,0,0,56.81,0
Ebonyi,2021,31,-1.5839999999999996,-0.07857474620474389,0,0,61.31,0
Ebonyi,2021,32,10.509999999999991,0.47626710536060035,1,0,93.95,0
Ebonyi,2021,33,12.215999999999998,1.6297030332386242,0,0,117.4,0
Ebonyi,2021,34,-17.553999999999995,-0.7220750253830389,0,0,127.99999999999999,0
Ebonyi,2021,35,-0.13599999999999923,-0.004428467201545076,0,0,133.16,0
Ebonyi,2021,36,-21.250000000000004,-0.4228338736256977,0,0,105.63,0
Ebonyi,2021,37,-0.39199999999999946,-0.07072078088850525,0,0,95.17,0
Ebonyi,2021,38,5.039999999999999,0.19220684741763358,0,0,113.05000000000001,0
Ebonyi,2021,39,-7.450000000000001,-0.4453412448726249,0,0,95.67,0
Ebonyi,2021,40,-0.062000000000001165,-0.004901365414457251,0,0,100.53,0
Ebonyi,2021,41,-15.618,-1.022106147537507,0,0,91.58,0
Ebonyi,2021,42,-3.9340000000000046,-0.14910945729800712,0,0,78.0,0
Ebonyi,2021,43,-0.7000000000000011,-0.1640221601543809,0,0,70.78,0
Ebonyi,2021,44,5.695999999999998,0.8926405293767748,0,0,56.14,0
Ebonyi,2021,45,-0.4299999999999997,-0.05779081829063493,0,0,52.54,0
Ebonyi,2021,46,4.482,1.6009726267585134,0,0,36.42,0
Ebonyi,2021,47,1.38,0.4944315508615125,0,0,32.7,0
Ebonyi,2021,48,-0.09400000000000003,-0.20175204575807798,0,0,18.37,0
Ebonyi,2021,49,-0.932,-0.4329515546143196,0,0,11.19,0
Ebonyi,2021,50,-0.512,-0.536391850611805,0,0,4.49,0
Ebonyi,2021,51,1.004,1.7718505415517163,0,0,2.2399999999999998,0
Ebonyi,2021,52,4.356,1.7883002990862573,0,0,7.28,0
Ebonyi,2022,1,3.7833333333333328,1.785332854297319,0,0,12.27,0
Ebonyi,2022,2,1.9700000000000002,1.788729941719121,0,0,14.36,0
Ebonyi,2022,3,3.6720000000000006,1.7700096039765065,0,0,17.83,0
Ebonyi,2022,4,-0.266,-0.6279630759052959,0,0,12.389999999999999,0
Ebonyi,2022,5,0.06600000000000006,0.13065337085321174,0,0,7.66,0
Ebonyi,2022,6,-0.44000000000000006,-0.5821817364274595,0,0,5.289999999999999,0
Ebonyi,2022,7,0.076,1.337249151847795,0,0,0.64,0
Ebonyi,2022,8,-1.008,-1.4223023008450593,0,0,0.6799999999999999,0
Ebonyi,2022,9,2.499999999999999,0.8304158558103832,0,0,7.84,0
Ebonyi,2022,10,16.024,1.487426097833697,0,0,34.98,0
Ebonyi,2022,11,-2.0,-1.2589452097329177,0,0,35.120000000000005,0
Ebonyi,2022,12,-5.698,-0.7736260757339295,0,0,36.91,0
Ebonyi,2022,13,0.05799999999999983,0.02675733352551037,0,0,32.489999999999995,0
Ebonyi,2022,14,-2.8580000000000005,-0.18349265641283144,0,0,18.210000000000004,0
Ebonyi,2022,15,-3.8360000000000003,-0.4934029169219161,0,0,28.630000000000003,0
Ebonyi,2022,16,21.716,1.7464203451596365,0,0,58.440000000000005,0
Ebonyi,2022,17,2.571999999999999,0.2366294858354945,0,0,74.60000000000001,0
Ebonyi,2022,18,-9.922,-0.6055311421006463,0,0,68.41,0
Ebonyi,2022,19,3.4320000000000004,0.8508073150817898,0,0,67.89000000000001,0
Ebonyi,2022,20,3.862000000000002,0.9883633726584347,0,0,56.400000000000006,0
Ebonyi,2022,21,4.751999999999999,1.0956911472444237,0,0,53.8,0
Ebonyi,2022,22,-3.5360000000000014,-0.35747853778076627,0,0,69.93,0
Ebonyi,2022,23,-18.434,-0.5890667878719683,0,0,89.4,0
Ebonyi,2022,24,-4.295999999999999,-1.0014277129342846,0,0,79.76,0
Ebonyi,2022,25,-38.394000000000005,-0.5454420226211109,0,0,81.62,0
Ebonyi,2022,26,-16.714,-0.7685736033917899,0,0,80.04,0
Ebonyi,2022,27,7.393999999999998,0.5303342968010671,1,0,96.05000000000001,0
Ebonyi,2022,28,-6.372000000000002,-1.0612497258221087,0,0,98.17,0
Ebonyi,2022,29,-21.197999999999997,-0.41236237003420834,0,0,102.62,0
Ebonyi,2022,30,30.516000000000005,1.5213286729910827,1,1,143.68,0
Ebonyi,2022,31,20.196,1.001828014110485,1,0,146.53,0
Ebonyi,2022,32,30.72,1.3920956685706618,1,1,206.15000000000003,0
Ebonyi,2022,33,-1.7439999999999998,-0.23266225359922732,0,0,199.51000000000002,0
Ebonyi,2022,34,32.646,1.3428769100293205,1,1,206.23000000000002,0
Ebonyi,2022,35,51.804,1.686855256682665,1,1,241.55,0
Ebonyi,2022,36,85.69,1.7050651591052248,1,1,300.75,0
Ebonyi,2022,37,7.7379999999999995,1.3960137819266694,0,0,312.38,0
Ebonyi,2022,38,42.82,1.6329954774648952,1,1,317.84000000000003,0
Ebonyi,2022,39,28.359999999999996,1.6952855979312265,1,0,284.33000000000004,0
Ebonyi,2022,40,11.668,0.9224053492884858,0,0,193.98000000000002,0
Ebonyi,2022,41,-7.398,-0.48415554357039803,0,0,185.12000000000003,0
Ebonyi,2022,42,-22.634000000000004,-0.8578910667216801,0,0,115.06000000000003,0
Ebonyi,2022,43,5.529999999999999,1.295775065219607,0,0,78.26000000000003,0
Ebonyi,2022,44,-4.9940000000000015,-0.7826275989655226,0,0,41.20000000000003,0
Ebonyi,2022,45,-6.109999999999999,-0.8211672087343712,0,0,23.700000000000028,0
Ebonyi,2022,46,-1.728,-0.6172424585093064,0,0,20.07000000000003,0
Ebonyi,2022,47,-2.1,-0.7523958382675191,0,0,6.640000000000028,0
Ebonyi,2022,48,-0.274,-0.5880857504012059,0,0,2.8200000000000283,0
Ebonyi,2022,49,-0.8420000000000001,-0.39114292809576945,0,0,1.4100000000000283,0
Ebonyi,2022,50,0.7080000000000001,0.7417293559241368,0,0,2.1400000000000285,0
Ebonyi,2022,51,-0.29599999999999993,-0.5223782473100677,0,0,2.0700000000000287,0
Ebonyi,2022,52,-1.124,-0.4614438788275835,0,0,1.8100000000000285,0
Ebonyi,2023,1,-1.2966666666666666,-0.6118894099750284,0,0,1.6300000000000285,0
Ebonyi,2023,2,-0.5,-0.45399237099470074,0,0,0.03000000000002842,0
Ebonyi,2023,3,-1.078,-0.5196270024745844,0,0,0.050000000000028424,0
Ebonyi,2023,4,0.744,1.756408001780226,0,0,1.1000000000000285,0
Ebonyi,2023,5,0.856,1.694534628035593,0,0,2.2400000000000286,0
Ebonyi,2023,6,1.18,1.5613055658736412,0,0,3.9600000000000284,0
Ebonyi,2023,7,-0.044,-0.7741968773855654,0,0,3.9400000000000284,0
Ebonyi,2023,8,0.742,1.0469725270109465,0,0,4.720000000000028,0
Ebonyi,2023,9,2.539999999999999,0.8437025095033495,0,0,11.130000000000027,0
Ebonyi,2023,10,-2.176,-0.20198696885210465,0,0,18.450000000000028,0
Ebonyi,2023,11,2.19,1.378545004657545,0,0,22.900000000000027,0
Ebonyi,2023,12,-1.3280000000000003,-0.1803045680194206,0,0,27.310000000000027,0
Ebonyi,2023,13,2.2779999999999996,1.050917340881255,0,0,25.07000000000003,0
Ebonyi,2023,14,-2.038000000000002,-0.1308460580018722,0,0,29.810000000000027,0
Ebonyi,2023,15,-4.555999999999999,-0.5860124320897417,0,0,35.32000000000003,0
Ebonyi,2023,16,-3.854000000000001,-0.30994216293264143,0,0,35.190000000000026,0
Ebonyi,2023,17,-9.948000000000002,-0.9152372181537717,0,0,36.61000000000003,0
Ebonyi,2023,18,-10.292,-0.6281119244607792,0,0,29.23000000000003,0
Ebonyi,2023,19,-1.1679999999999993,-0.2895521398646648,0,0,24.830000000000027,0
Ebonyi,2023,20,1.522000000000002,0.3895103710994663,0,0,36.57000000000003,0
Ebonyi,2023,21,-4.828000000000001,-1.1132148272087712,0,0,36.91000000000003,0
Ebonyi,2023,22,-4.0760000000000005,-0.4120708484147067,0,0,52.87000000000003,0
Ebonyi,2023,23,41.056000000000004,1.3119630054720373,1,1,136.43000000000004,0
Ebonyi,2023,24,5.654,1.31798703187394,0,0,139.08000000000004,0
Ebonyi,2023,25,-28.984000000000005,-0.4117594307352784,0,0,159.93000000000004,0
Ebonyi,2023,26,37.285999999999994,1.7145527926328992,1,1,212.89000000000004,0
Ebonyi,2023,27,-1.426000000000002,-0.10227978188238071,0,0,160.59000000000003,0
Ebonyi,2023,28,-3.1420000000000012,-0.5232967103786984,0,0,155.99000000000004,0
Ebonyi,2023,29,-26.027999999999995,-0.5063198305146889,0,0,146.20000000000005,0
Ebonyi,2023,30,1.7360000000000042,0.08654563430044977,0,0,104.48000000000003,0
Ebonyi,2023,31,-23.884,-1.1847722464356714,0,0,72.07000000000002,0
Ebonyi,2023,32,-18.17000000000001,-0.8233847102190409,0,0,79.57000000000004,0
Ebonyi,2023,33,-1.1040000000000028,-0.14728161007657548,0,0,78.40000000000003,0
Ebonyi,2023,34,-14.483999999999995,-0.5957921082173826,0,0,66.77000000000002,0
Ebonyi,2023,35,-5.736000000000001,-0.18677711667693164,0,0,88.63000000000002,0
Ebonyi,2023,36,2.460000000000001,0.0489492390173749,1,0,113.49000000000002,0
Ebonyi,2023,37,-5.022,-0.9060198000563109,0,0,111.72000000000003,0
Ebonyi,2023,38,-16.28,-0.6208586261823562,0,0,105.21000000000004,0
Ebonyi,2023,39,-8.89,-0.5314206264318972,0,0,91.99000000000004,0
Ebonyi,2023,40,-17.722,-1.400999965725964,0,0,55.48000000000003,0
Ebonyi,2023,41,0.1819999999999986,0.011910828457665825,0,0,66.96000000000004,0
Ebonyi,2023,42,45.306,1.7172224383181245,1,1,123.94000000000003,0
Ebonyi,2023,43,3.1499999999999986,0.7380997206947125,0,0,122.01000000000003,0
Ebonyi,2023,44,7.925999999999998,1.2421118040449997,0,0,127.26000000000002,0
Ebonyi,2023,45,3.4000000000000012,0.45695065625153247,0,0,111.69000000000003,0
Ebonyi,2023,46,0.7920000000000003,0.28290279348343217,0,0,42.64000000000003,0
Ebonyi,2023,47,4.2700000000000005,1.5298715378106222,0,0,37.96000000000003,0
Ebonyi,2023,48,0.6659999999999999,1.4294347071795732,0,0,22.16000000000003,0
Ebonyi,2023,49,-1.022,-0.4747601811328698,0,0,11.060000000000029,0
Ebonyi,2023,50,-0.612,-0.6411558839344232,0,0,7.950000000000028,0
Ebonyi,2023,51,-0.29599999999999993,-0.5223782473100677,0,0,1.5100000000000284,0
Ebonyi,2023,52,-1.124,-0.4614438788275835,0,0,0.3100000000000285,0
Ebonyi,2024,1,-1.3166666666666667,-0.6213272929052345,0,0,0.29000000000002846,0
Ebonyi,2024,2,-0.5,-0.45399237099470074,0,0,0.010000000000028422,0
Ebonyi,2024,3,-1.098,-0.5292675776596416,0,0,0.010000000000028422,0
Ebonyi,2024,4,-0.266,-0.6279630759052959,0,0,0.050000000000028424,0
Ebonyi,2024,5,-0.31399999999999995,-0.6215933098167946,0,0,0.04000000000002842,0
Ebonyi,2024,6,-0.54,-0.7144957674337002,0,0,0.04000000000002842,0
Ebonyi,2024,7,-0.044,-0.7741968773855654,0,0,0.04000000000002842,0
Ebonyi,2024,8,0.03200000000000003,0.04515245399508128,0,0,1.1200000000000285,0
Ebonyi,2024,9,-1.100000000000001,-0.3653829765565691,0,0,5.060000000000029,0
Ebonyi,2024,10,-8.886,-0.8248420060752765,0,0,7.390000000000029,0
Ebonyi,2024,11,0.05999999999999961,0.037768356291987285,0,0,9.71000000000003,0
Ebonyi,2024,12,-4.628,-0.6283505578267157,0,0,11.530000000000028,0
Ebonyi,2024,13,1.798,0.8294773392908239,0,0,12.450000000000028,0
Ebonyi,2024,14,-11.748000000000001,-0.7542588269901832,0,0,14.190000000000028,0
Ebonyi,2024,15,0.0039999999999995595,0.0005144973064878642,0,0,26.39000000000003,0
Ebonyi,2024,16,-7.074,-0.5688974729074999,0,0,26.34000000000003,0
Ebonyi,2024,17,16.232000000000003,1.4933786213381606,0,0,54.42000000000003,0
Ebonyi,2024,18,28.828000000000003,1.7593480915619262,1,0,95.87000000000003,0
Ebonyi,2024,19,-2.2779999999999996,-0.5647258344278311,0,0,85.80000000000004,0
Ebonyi,2024,20,-2.597999999999999,-0.6648803837821364,0,0,96.64000000000004,0
Ebonyi,2024,21,4.341999999999999,1.0011555053315,0,0,79.97000000000004,0
Ebonyi,2024,22,-11.266,-1.1389573548184704,0,0,49.62000000000003,0
Ebonyi,2024,23,-31.844,-1.0175893887921752,0,0,61.39000000000003,0
Ebonyi,2024,24,-1.6159999999999997,-0.376700927397999,0,0,60.89000000000003,0
Ebonyi,2024,25,121.96600000000001,1.7327025506851697,1,1,223.52000000000004,0
Ebonyi,2024,26,-10.273999999999997,-0.4724377887547713,0,0,236.11,0
Ebonyi,2024,27,-9.336000000000002,-0.6696241540349966,0,0,248.80000000000007,0
Ebonyi,2024,28,-0.5420000000000016,-0.09026951528493166,0,0,254.07000000000005,0
Ebonyi,2024,29,89.582,1.7426288250025688,1,1,208.94000000000003,0
Ebonyi,2024,30,-10.753999999999998,-0.5361242806837756,0,0,202.29000000000002,0
Ebonyi,2024,31,-15.124,-0.7502300893942847,0,0,186.55,0
Ebonyi,2024,32,-23.730000000000008,-1.075339525233783,0,0,185.89000000000001,0
Ebonyi,2024,33,-0.9840000000000018,-0.13127273941607806,0,0,69.23000000000002,0
Ebonyi,2024,34,19.446000000000005,0.7999015007177043,1,1,104.02000000000002,0
Ebonyi,2024,35,-22.236,-0.7240543874526241,0,0,100.62000000000002,0
Ebonyi,2024,36,-27.770000000000003,-0.5525692550863823,0,0,100.81000000000003,0
Ebonyi,2024,37,-5.3420000000000005,-0.9637510497612133,0,0,98.60000000000002,0
Ebonyi,2024,38,-23.78,-0.9068807205538348,0,0,50.66000000000003,0
Ebonyi,2024,39,1.3499999999999979,0.0806994202118178,0,0,64.18000000000002,0
Ebonyi,2024,40,12.308,0.9730000890506243,1,0,87.93000000000002,0
Ebonyi,2024,41,25.102000000000004,1.64277810958423,1,0,124.65000000000003,0
Ebonyi,2024,42,-5.604000000000003,-0.21240706626792866,0,0,138.22000000000003,0
Ebonyi,2024,43,-3.8900000000000006,-0.9114945757150582,0,0,119.01000000000003,0
Ebonyi,2024,44,-5.964000000000002,-0.9346397677673962,0,0,80.34000000000003,0
Ebonyi,2024,45,-7.579999999999999,-1.0187311689372396,0,0,28.87000000000003,0
Ebonyi,2024,46,-2.598,-0.9280068907448946,0,0,7.340000000000028,0
Ebonyi,2024,47,-2.17,-0.777475699543103,0,0,3.260000000000028,0
Ebonyi,2024,48,-0.534,-1.146123323774613,0,0,0.15000000000002842,0
Ebonyi,2024,49,-1.052,-0.4886963899723865,0,0,0.0,0
Ebonyi,2024,50,-0.892,-0.9344951772377542,0,0,0.0,0
Ebonyi,2024,51,-0.29599999999999993,-0.5223782473100677,0,0,0.0,0
Ebonyi,2024,52,-1.124,-0.4614438788275835,0,0,0.0,0
Ebonyi,2025,1,-1.3266666666666667,-0.6260462343703375,0,0,0.0,0
Ebonyi,2025,2,-0.5,-0.45399237099470074,0,0,0.0,0
Ebonyi,2025,3,-0.39800000000000013,-0.1918474461826388,0,0,0.7000000000000284,0
Ebonyi,2025,4,-0.096,-0.22663329055228723,0,0,0.9100000000000283,0
Ebonyi,2025,5,-0.31399999999999995,-0.6215933098167946,0,0,0.9100000000000283,0
Ebonyi,2025,6,-0.54,-0.7144957674337002,0,0,0.9100000000000283,0
Ebonyi,2025,7,-0.033999999999999996,-0.5982430416161186,0,0,0.22000000000002842,0
Ebonyi,2025,8,0.5719999999999998,0.807100115162077,0,0,1.6700000000000284,0
Ebonyi,2025,9,0.7299999999999995,0.24248142989663185,0,0,7.440000000000029,0
Ebonyi,2025,10,-9.946,-0.9232363934756583,0,0,8.71000000000003,0
Ebonyi,2025,11,0.6699999999999999,0.4217466452605274,0,0,11.63000000000003,0
Ebonyi,2025,12,-1.008,-0.1368576841593192,0,0,16.53000000000003,0
Ebonyi,2025,13,-1.1120000000000003,-0.513002670351166,0,0,12.71000000000003,0
Ebonyi,2025,14,-10.138000000000002,-0.6508917252320802,0,0,17.12000000000003,0
Ebonyi,2025,15,-5.055999999999999,-0.6503245954007318,0,0,23.65000000000003,0
Ebonyi,2025,16,-8.844000000000001,-0.7112424724899534,0,0,18.210000000000033,0
Ebonyi,2025,17,1.2419999999999973,0.11426664906986145,0,0,34.21000000000003,0
Ebonyi,2025,18,-5.152000000000001,-0.3144221370794729,0,0,40.07000000000003,0
Ebonyi,2025,19,-4.827999999999999,-1.1968816192351048,0,0,32.510000000000026,0
Ebonyi,2025,20,2.682000000000002,0.6863776710175874,0,0,50.40000000000003,0
Ebonyi,2025,21,-2.9680000000000017,-0.6843458175550194,0,0,41.41000000000003,0
Ebonyi,2025,22,4.094000000000001,0.4138905921025048,0,0,60.400000000000034,0
Ebonyi,2025,23,25.046,0.8003562313681956,1,1,131.61000000000004,0
Ebonyi,2025,24,-3.0760000000000005,-0.7170371613095577,0,0,124.37000000000002,0
Ebonyi,2025,25,-51.164,-0.7268582498668155,0,0,121.18000000000004,0
Ebonyi,2025,26,-10.783999999999999,-0.49588953805056013,0,0,117.90000000000003,0
Ebonyi,2025,27,19.403999999999996,1.391750973103585,1,1,102.44000000000003,0
Ebonyi,2025,28,9.657999999999998,1.6085294808521535,0,0,119.37000000000003,0
Ebonyi,2025,29,-5.027999999999999,-0.09780913277346916,0,0,152.76000000000002,0
Ebonyi,2025,30,2.0660000000000025,0.10299728137369184,0,0,159.44000000000003,0
Ebonyi,2025,31,20.395999999999997,1.011749067924215,1,0,150.48000000000002,0
Ebonyi,2025,32,0.6699999999999946,0.030361461521560412,1,0,164.02000000000004,0
Ebonyi,2025,33,-8.384,-1.1184864301467443,0,0,134.57000000000002,0
Ebonyi,2025,34,-20.053999999999995,-0.8249112771466026,0,0,117.04000000000002,0
Ebonyi,2025,35,-23.695999999999998,-0.7715952853515641,0,0,76.66000000000003,0
Ebonyi,2025,36,-39.13,-0.77861126941052,0,0,41.09000000000003,0
Ebonyi,2025,37,3.0180000000000007,0.5444778487793601,0,0,54.64000000000003,0
Ebonyi,2025,38,-7.800000000000001,-0.29746297814633776,0,0,62.180000000000035,0
Ebonyi,2025,39,-13.370000000000001,-0.7992231468385227,0,0,62.440000000000026,0
Ebonyi,2025,40,-6.192,-0.48950410719868914,0,0,79.05000000000003,0
Ebonyi,2025,41,-2.2680000000000007,-0.1484272469339907,0,0,80.04000000000003,0
Ebonyi,2025,42,-13.134000000000004,-0.49781484803050935,0,0,70.10000000000004,0
Ebonyi,2025,43,-4.090000000000001,-0.9583580500448813,0,0,65.41000000000003,0
Ebonyi,2025,44,-2.6640000000000015,-0.41748496668885715,0,0,48.54000000000003,0
Ebonyi,2025,45,10.719999999999999,1.4407385397107135,0,0,42.74000000000002,0
Ebonyi,2025,46,-0.948,-0.33862607098774444,0,0,30.390000000000025,0
Ebonyi,2025,47,-1.38,-0.4944315508615125,0,0,27.30000000000003,0
Ebonyi,2025,48,0.236,0.5065264127543232,0,0,21.66000000000003,0
Ebonyi,2025,49,3.8480000000000003,1.7875510538153454,0,0,8.110000000000028,0
Ebonyi,2025,50,1.3080000000000003,1.370313555859846,0,0,8.660000000000029,0
Ebonyi,2025,51,-0.11599999999999994,-0.20471579962151293,0,0,8.05000000000003,0
Ebonyi,2025,52,-0.9840000000000001,-0.4039686626035072,0,0,7.420000000000029,0
Ebonyi,2026,1,-1.1366666666666667,-0.5363863465333797,0,0,2.7100000000000284,0
Edo,2020,53,0.0,0,0,0,0.8899999999999999,0
Edo,2021,1,26.85666666666667,1.6706315927617112,0,0,38.21,0
Edo,2021,2,-3.5440000000000005,-0.44619535915422337,0,0,39.22,0
Edo,2021,3,-3.16,-0.5099258763991024,0,0,39.27,0
Edo,2021,4,0.8719999999999999,0.30187163762151975,0,0,43.39,0
Edo,2021,5,0.45799999999999996,0.3965524029990705,0,0,7.6899999999999995,0
Edo,2021,6,16.41,1.781605638473383,0,0,28.36,0
Edo,2021,7,1.674,1.7490912133135499,0,0,30.599999999999998,0
Edo,2021,8,-12.774000000000001,-0.9357209030657704,0,0,30.22,0
Edo,2021,9,-12.564,-0.899434044176255,0,0,30.4,0
Edo,2021,10,18.740000000000002,0.9701214736160079,0,0,60.32,0
Edo,2021,11,-4.8480000000000025,-0.2974757331987895,0,0,71.55,0
Edo,2021,12,6.66,0.5487508607333048,0,0,92.37,0
Edo,2021,13,-5.78,-1.054476817983391,0,0,91.61999999999999,0
Edo,2021,14,28.684000000000005,1.5126173208942484,0,0,103.08,0
Edo,2021,15,75.362,1.6041072971510815,1,1,214.29000000000002,0
Edo,2021,16,35.576,1.6219923921522288,0,0,251.17000000000002,0
Edo,2021,17,-25.387999999999998,-1.0765225240882412,0,0,269.76,0
Edo,2021,18,10.767999999999994,0.45220365641351284,0,0,254.27,0
Edo,2021,19,1.468,0.20620566732181653,0,0,150.58,0
Edo,2021,20,2.808,0.18111411633310773,0,0,129.4,0
Edo,2021,21,1.1920000000000002,0.04931670788782556,0,0,153.85,0
Edo,2021,22,6.599999999999994,0.23205932669516452,0,0,175.13,0
Edo,2021,23,-68.274,-0.9787639099810339,0,0,179.49999999999997,0
Edo,2021,24,58.651999999999994,1.679107242290332,1,1,255.01999999999998,0
Edo,2021,25,7.042000000000002,0.9101962221671327,0,0,260.99,0
Edo,2021,26,1.8120000000000047,0.07048858606393028,0,0,255.74,0
Edo,2021,27,-19.01599999999999,-1.0197660928450971,0,0,288.47,0
Edo,2021,28,55.64,1.5511107542077982,1,1,271.24,0
Edo,2021,29,-23.886000000000006,-1.0760894843363276,0,0,244.73999999999998,0
Edo,2021,30,-13.271999999999998,-0.47377495897532834,0,0,213.96999999999997,0
Edo,2021,31,54.212,1.639001950217562,1,0,246.48000000000002,0
Edo,2021,32,84.262,1.527722830860784,1,1,294.62,0
Edo,2021,33,79.586,1.7666621493223842,1,1,388.4,0
Edo,2021,34,15.425999999999995,0.43352268846017816,0,0,420.87,0
Edo,2021,35,73.94,1.610293914362031,1,1,464.09999999999997,0
Edo,2021,36,5.560000000000002,0.21535821290078375,0,0,365.08,0
Edo,2021,37,-24.045999999999992,-1.0976755551501969,0,0,291.46,0
Edo,2021,38,21.248000000000005,0.9343093639733072,1,1,319.7,0
Edo,2021,39,-8.85799999999999,-0.42633733768955323,0,0,221.38,0
Edo,2021,40,-11.373999999999995,-0.6673981330496674,0,0,219.09999999999997,0
Edo,2021,41,-8.588000000000008,-0.7452399947419005,0,0,208.78999999999996,0
Edo,2021,42,1.553999999999995,0.1688022634566086,0,0,152.03999999999996,0
Edo,2021,43,35.426,1.3563513984458604,0,0,182.61999999999998,0
Edo,2021,44,11.282000000000004,1.1724862514173786,0,0,196.18999999999997,0
Edo,2021,45,63.692,1.6020233153671706,1,1,264.67999999999995,0
Edo,2021,46,18.682000000000002,1.2808982803535165,0,0,261.88,0
Edo,2021,47,27.614,1.537260907081793,0,0,238.37999999999997,0
Edo,2021,48,2.002,0.58239596463566,0,0,186.60999999999999,0
Edo,2021,49,-4.638,-0.37281414009659375,0,0,86.10999999999997,0
Edo,2021,50,-3.0980000000000008,-0.24099561577800618,0,0,58.229999999999976,0
Edo,2021,51,1.702,0.9325824397850194,0,0,18.619999999999973,0
Edo,2021,52,10.926,1.7886801335783933,0,0,24.24999999999997,0
Edo,2022,1,13.066666666666668,0.8128181511264625,0,0,46.379999999999974,0
Edo,2022,2,14.016,1.7646371766099307,0,0,58.839999999999975,0
Edo,2022,3,11.0,1.7750584305032044,0,0,70.01999999999998,0
Edo,2022,4,-2.098,-0.7262920822591152,0,0,58.34999999999997,0
Edo,2022,5,-1.1620000000000001,-1.0061002014954585,0,0,34.81999999999997,0
Edo,2022,6,-3.6100000000000003,-0.39193152680614946,0,0,17.90999999999997,0
Edo,2022,7,-0.14600000000000002,-0.15254917392101452,0,0,4.1699999999999715,0
Edo,2022,8,-15.894,-1.1642671076661464,0,0,3.6399999999999717,0
Edo,2022,9,20.436,1.4629762915302411,0,0,38.43999999999997,0
Edo,2022,10,-10.599999999999998,-0.5487346649055326,0,0,59.03999999999998,0
Edo,2022,11,-13.018000000000002,-0.7987910674054952,0,0,63.919999999999966,0
Edo,2022,12,-11.879999999999999,-0.9788528867134625,0,0,69.31999999999996,0
Edo,2022,13,4.199999999999999,0.7662288296765123,0,0,45.54999999999997,0
Edo,2022,14,7.584000000000003,0.3999334040462273,0,0,65.24999999999997,0
Edo,2022,15,-39.628,-0.8434962444136709,0,0,69.63999999999997,0
Edo,2022,16,5.216000000000001,0.2378095434412533,0,0,94.69999999999997,0
Edo,2022,17,38.45199999999999,1.6304728255963858,1,0,167.14999999999998,0
Edo,2022,18,-14.772000000000006,-0.6203521928436495,0,0,147.21999999999997,0
Edo,2022,19,4.458000000000002,0.6262022240603942,0,0,161.51,0
Edo,2022,20,20.018,1.2911475714943557,0,0,187.89999999999995,0
Edo,2022,21,-2.9880000000000067,-0.12362275433626098,0,0,144.32999999999998,0
Edo,2022,22,20.25999999999999,0.712351811946066,1,0,204.80999999999995,0
Edo,2022,23,90.076,1.291313500826839,1,1,364.53999999999996,0
Edo,2022,24,-28.788000000000007,-0.8241515939960119,0,0,335.4099999999999,0
Edo,2022,25,-11.847999999999999,-1.531383817130955,0,0,326.66999999999996,0
Edo,2022,26,-19.247999999999998,-0.7487661724936681,0,0,286.69999999999993,0
Edo,2022,27,8.484000000000009,0.4549692643930278,1,0,188.57999999999998,0
Edo,2022,28,-31.299999999999997,-0.8725694932908713,0,0,171.84999999999997,0
Edo,2022,29,5.623999999999995,0.25336712969553293,0,0,193.74999999999997,0
Edo,2022,30,13.848000000000006,0.4943366208476756,0,0,211.15999999999997,0
Edo,2022,31,-28.908,-0.8739811919296332,0,0,133.04999999999998,0
Edo,2022,32,8.332,0.1510643780913348,0,0,192.2,0
Edo,2022,33,-10.614000000000004,-0.2356111885621566,0,0,166.26999999999998,0
Edo,2022,34,39.64600000000001,1.114186471327125,1,0,195.83999999999997,0
Edo,2022,35,-29.339999999999996,-0.6389778664779819,0,0,218.90999999999997,0
Edo,2022,36,-8.369999999999997,-0.32419932409704294,0,0,181.89,0
Edo,2022,37,-3.945999999999991,-0.18013090495810813,0,0,218.57,0
Edo,2022,38,17.418000000000006,0.7658979904784953,1,0,218.76,0
Edo,2022,39,23.432000000000002,1.127786915414498,0,0,256.01,0
Edo,2022,40,-2.9039999999999964,-0.17039952333182984,0,0,276.13,0
Edo,2022,41,13.251999999999995,1.1499674441452785,0,0,267.55999999999995,0
Edo,2022,42,-10.986000000000004,-1.1933472756334034,0,0,202.09999999999997,0
Edo,2022,43,-23.974,-0.9178899233992281,0,0,140.98999999999998,0
Edo,2022,44,-9.777999999999999,-1.0161824646657618,0,0,125.02999999999997,0
Edo,2022,45,-30.288000000000004,-0.7618238110883764,0,0,77.69999999999997,0
Edo,2022,46,-12.428,-0.8521038340773741,0,0,56.32999999999997,0
Edo,2022,47,-12.196,-0.6789466945306565,0,0,52.41999999999997,0
Edo,2022,48,1.4319999999999995,0.4165789317473851,0,0,21.139999999999972,0
Edo,2022,49,-5.957999999999999,-0.4789190700076553,0,0,13.29999999999997,0
Edo,2022,50,21.962000000000003,1.7084395460673245,0,0,41.589999999999975,0
Edo,2022,51,-1.3279999999999998,-0.7276553936747977,0,0,38.75999999999998,0
Edo,2022,52,-2.7840000000000003,-0.45576473475034296,0,0,31.24999999999997,0
Edo,2023,1,-10.103333333333333,-0.628482606138854,0,0,31.529999999999973,0
Edo,2023,2,-4.554,-0.5733560004481753,0,0,0.35999999999997156,0
Edo,2023,3,-1.42,-0.22914390648314092,0,0,2.1499999999999715,0
Edo,2023,4,1.702,0.5892035862750307,0,0,7.989999999999972,0
Edo,2023,5,1.518,1.3143374405078365,0,0,10.309999999999972,0
Edo,2023,6,-3.0900000000000003,-0.33547601601966814,0,0,12.489999999999972,0
Edo,2023,7,-0.616,-0.6436321310640064,0,0,10.699999999999973,0
Edo,2023,8,12.956,0.9490527650007922,0,0,35.21999999999997,0
Edo,2023,9,3.2460000000000004,0.23237527120312992,0,0,50.14999999999997,0
Edo,2023,10,3.280000000000001,0.16979714159341017,0,0,84.10999999999997,0
Edo,2023,11,23.641999999999996,1.4506850833922806,0,0,126.11999999999998,0
Edo,2023,12,16.259999999999998,1.339743092420951,0,0,130.80999999999997,0
Edo,2023,13,7.17,1.308062073519189,0,0,127.19999999999996,0
Edo,2023,14,-4.355999999999998,-0.2297085849189563,0,0,121.07999999999997,0
Edo,2023,15,-32.358000000000004,-0.6887516775193693,0,0,96.07999999999996,0
Edo,2023,16,-7.483999999999998,-0.3412129262105711,0,0,80.29999999999997,0
Edo,2023,17,-5.707999999999998,-0.24203523583959666,0,0,105.61999999999998,0
Edo,2023,18,-26.942000000000007,-1.1314330340910914,0,0,85.45999999999998,0
Edo,2023,19,4.7379999999999995,0.6655330052934378,0,0,92.75999999999996,0
Edo,2023,20,-5.472000000000001,-0.3529403292645177,0,0,106.35999999999997,0
Edo,2023,21,-19.058000000000003,-0.7884881031259896,0,0,90.87999999999997,0
Edo,2023,22,-31.65,-1.112829953015449,0,0,111.61999999999998,0
Edo,2023,23,56.55600000000001,0.8107767479990533,1,1,237.54999999999998,0
Edo,2023,24,3.971999999999994,0.11371162051383055,0,0,266.66999999999996,0
Edo,2023,25,6.7719999999999985,0.8752980426747827,0,0,292.62,0
Edo,2023,26,-17.168,-0.6678521222657572,0,0,306.63999999999993,0
Edo,2023,27,-15.52599999999999,-0.8326087693265132,0,0,218.02999999999997,0
Edo,2023,28,-29.249999999999996,-0.8154203731232583,0,0,170.58999999999997,0
Edo,2023,29,-1.2560000000000073,-0.05658412427055325,0,0,166.98999999999995,0
Edo,2023,30,41.998,1.499216450199355,1,0,210.46999999999997,0
Edo,2023,31,-20.258000000000003,-0.6124640579116685,0,0,165.01999999999995,0
Edo,2023,32,-36.818000000000005,-0.6675333980517001,0,0,176.96999999999994,0
Edo,2023,33,-22.214000000000006,-0.4931097552967539,0,0,146.32,0
Edo,2023,34,-29.614,-0.8322533966070089,0,0,78.47999999999998,0
Edo,2023,35,14.700000000000003,0.3201422848407068,0,0,136.93999999999997,0
Edo,2023,36,34.620000000000005,1.3409534767311388,1,0,188.06,0
Edo,2023,37,32.95400000000001,1.5043167364393082,1,1,273.24,0
Edo,2023,38,-20.992000000000004,-0.9230526246483276,0,0,304.28,0
Edo,2023,39,20.432000000000002,0.9833963065785688,0,0,294.49,0
Edo,2023,40,25.736000000000004,1.5101247012630783,1,0,300.26,0
Edo,2023,41,9.341999999999999,0.8106697753701475,0,0,250.88,0
Edo,2023,42,-5.216000000000005,-0.5665846886677439,0,0,229.59999999999997,0
Edo,2023,43,-24.924,-0.9542624697923735,0,0,170.54,0
Edo,2023,44,9.082,0.9438503931370883,0,0,144.79999999999998,0
Edo,2023,45,-15.798000000000005,-0.3973617461560411,0,0,115.86999999999999,0
Edo,2023,46,-3.1880000000000024,-0.21857958022519075,0,0,97.96999999999998,0
Edo,2023,47,9.004000000000001,0.501249265132341,0,0,116.20999999999998,0
Edo,2023,48,3.531999999999999,1.0274837897568188,0,0,68.16999999999999,0
Edo,2023,49,-5.597999999999999,-0.4499813618500931,0,0,46.19999999999999,0
Edo,2023,50,-9.208,-0.7162968463795611,0,0,34.079999999999984,0
Edo,2023,51,-1.3179999999999998,-0.722176060891102,0,0,10.059999999999985,0
Edo,2023,52,-2.7740000000000005,-0.45412764877782025,0,0,0.4599999999999858,0
Edo,2024,1,-8.893333333333333,-0.5532139865319902,0,0,1.5899999999999859,0
Edo,2024,2,-1.3640000000000003,-0.17172981655935687,0,0,4.779999999999986,0
Edo,2024,3,-3.21,-0.5179943238104806,0,0,4.769999999999985,0
Edo,2024,4,3.3120000000000003,1.1465583300487083,0,0,12.209999999999987,0
Edo,2024,5,-1.1620000000000001,-1.0061002014954585,0,0,10.639999999999986,0
Edo,2024,6,-5.2700000000000005,-0.5721548881629939,0,0,7.449999999999986,0
Edo,2024,7,-0.306,-0.3197263508207564,0,0,7.759999999999986,0
Edo,2024,8,3.475999999999999,0.2546239125611881,0,0,21.189999999999984,0
Edo,2024,9,-13.703999999999999,-0.9810445830461157,0,0,21.849999999999984,0
Edo,2024,10,-27.54,-1.425674780330035,0,0,27.169999999999984,0
Edo,2024,11,-15.008000000000003,-0.9208984743909718,0,0,30.219999999999985,0
Edo,2024,12,-11.78,-0.9706133843000495,0,0,16.349999999999987,0
Edo,2024,13,-1.7700000000000005,-0.3229107210779589,0,0,20.749999999999986,0
Edo,2024,14,-19.825999999999997,-1.045501011157766,0,0,29.979999999999986,0
Edo,2024,15,-17.908,-0.3811782261269814,0,0,58.079999999999984,0
Edo,2024,16,-19.874,-0.9061017765244377,0,0,57.94999999999999,0
Edo,2024,17,0.902000000000001,0.03824733404472959,0,0,98.82,0
Edo,2024,18,34.568,1.4516879638653715,0,0,155.64,0
Edo,2024,19,-12.452,-1.7490960282638008,0,0,131.29999999999998,0
Edo,2024,20,4.9680000000000035,0.32043266735857545,0,0,167.73,0
Edo,2024,21,39.972,1.6537646373256403,1,0,204.67,0
Edo,2024,22,-27.340000000000003,-0.9612881805826976,0,0,168.20999999999998,0
Edo,2024,23,-53.663999999999994,-0.7693175508278729,0,0,201.10999999999999,0
Edo,2024,24,-13.488000000000007,-0.3861385542524042,0,0,202.32999999999998,0
Edo,2024,25,-0.06799999999999784,-0.008789171131406284,0,0,162.40999999999997,0
Edo,2024,26,-8.927999999999997,-0.347308000209033,0,0,180.35999999999999,0
Edo,2024,27,-0.6959999999999837,-0.03732421122318949,1,0,216.79999999999998,0
Edo,2024,28,-7.640000000000001,-0.2129850136978357,0,0,208.42999999999998,0
Edo,2024,29,34.01399999999999,1.5323665628491931,1,0,246.94,0
Edo,2024,30,-28.391999999999996,-1.0135185831244367,0,0,211.78999999999996,0
Edo,2024,31,-11.968000000000004,-0.36183087398000047,0,0,159.79999999999995,0
Edo,2024,32,-60.19800000000001,-1.0914274402715043,0,0,126.75999999999996,0
Edo,2024,33,-29.874000000000002,-0.6631476019508068,0,0,53.17999999999997,0
Edo,2024,34,19.315999999999995,0.5428448236935565,0,0,104.65999999999997,0
Edo,2024,35,-21.549999999999997,-0.4693242338991312,0,0,118.57999999999997,0
Edo,2024,36,4.840000000000003,0.1874700989999629,0,0,163.29999999999995,0
Edo,2024,37,8.184000000000012,0.37359131428716735,0,0,231.36999999999998,0
Edo,2024,38,-27.772,-1.221180330208334,0,0,206.7,0
Edo,2024,39,-11.627999999999993,-0.5596579998480613,0,0,201.1,0
Edo,2024,40,6.436000000000007,0.3776485303593869,0,0,217.35,0
Edo,2024,41,-0.058000000000006935,-0.005033060048327358,0,0,183.33999999999997,0
Edo,2024,42,13.703999999999994,1.4885883001347302,0,0,187.75999999999996,0
Edo,2024,43,16.406,0.6281347327641502,0,0,202.08999999999997,0
Edo,2024,44,-3.1779999999999973,-0.3302748898248914,0,0,183.38999999999996,0
Edo,2024,45,-30.528000000000006,-0.7678604498450197,0,0,149.12999999999997,0
Edo,2024,46,-14.428,-0.9892302959501411,0,0,101.06999999999996,0
Edo,2024,47,-12.466,-0.693977492130138,0,0,56.50999999999997,0
Edo,2024,48,-4.978,-1.4481354205576003,0,0,12.21999999999997,0
Edo,2024,49,-6.037999999999999,-0.48534967182044697,0,0,4.539999999999972,0
Edo,2024,50,-9.168000000000001,-0.7131852180286509,0,0,3.6999999999999718,0
Edo,2024,51,-1.3279999999999998,-0.7276553936747977,0,0,1.1399999999999717,0
Edo,2024,52,-2.7840000000000003,-0.45576473475034296,0,0,0.03999999999997158,0
Edo,2025,1,-10.463333333333333,-0.6508765756086646,0,0,0.03999999999997158,0
Edo,2025,2,-4.554,-0.5733560004481753,0,0,0.0,0
Edo,2025,3,-3.21,-0.5179943238104806,0,0,0.0,0
Edo,2025,4,-3.788,-1.3113414716861433,0,0,0.34999999999997156,0
Edo,2025,5,0.34799999999999986,0.3013105594840098,0,0,1.8599999999999715,0
Edo,2025,6,-4.44,-0.4820432074845717,0,0,2.689999999999972,0
Edo,2025,7,-0.606,-0.6331835575077726,0,0,2.6999999999999718,0
Edo,2025,8,12.236,0.8963113331699363,0,0,31.989999999999974,0
Edo,2025,9,2.5860000000000003,0.185127064489,0,0,47.42999999999998,0
Edo,2025,10,16.119999999999997,0.8344908300261495,0,0,95.57999999999997,0
Edo,2025,11,9.232,0.566480191602975,0,0,123.16999999999996,0
Edo,2025,12,0.740000000000002,0.06097231785925625,0,0,113.05999999999997,0
Edo,2025,13,-3.8200000000000003,-0.6969033641343518,0,0,99.11999999999996,0
Edo,2025,14,-12.085999999999999,-0.6373411288637526,0,0,72.42999999999998,0
Edo,2025,15,14.531999999999996,0.3093188509089397,0,0,108.72999999999996,0
Edo,2025,16,-13.433999999999997,-0.6124872328584731,0,0,102.51999999999997,0
Edo,2025,17,-8.257999999999996,-0.3501623997132776,0,0,136.27999999999997,0
Edo,2025,18,-3.622000000000007,-0.15210639334414447,0,0,147.16999999999996,0
Edo,2025,19,1.7880000000000003,0.2511551315881526,0,0,104.62999999999997,0
Edo,2025,20,-22.322,-1.439754025921521,0,0,107.32999999999997,0
Edo,2025,21,-19.118000000000002,-0.7909704877512156,0,0,94.33999999999997,0
Edo,2025,22,32.129999999999995,1.1297069949569154,1,1,155.53999999999996,0
Edo,2025,23,-24.694000000000003,-0.35400878801698527,0,0,203.16999999999996,0
Edo,2025,24,-20.348000000000006,-0.5825287145557473,0,0,224.81999999999996,0
Edo,2025,25,-1.8979999999999961,-0.24532127657955324,0,0,242.15999999999997,0
Edo,2025,26,43.532,1.6934377089045283,1,1,253.09999999999997,0
Edo,2025,27,26.754000000000005,1.4347298090017746,1,1,288.02,0
Edo,2025,28,12.550000000000004,0.3498641259041674,0,0,306.7,0
Edo,2025,29,-14.496000000000002,-0.6530600839378465,0,0,298.53,0
Edo,2025,30,-14.181999999999995,-0.5062595289472653,0,0,225.12999999999997,0
Edo,2025,31,6.921999999999997,0.20927417360374007,0,0,164.57999999999998,0
Edo,2025,32,4.42199999999999,0.08017362937108509,0,0,175.96999999999997,0
Edo,2025,33,-16.884000000000004,-0.37479360351266733,0,0,163.88999999999996,0
Edo,2025,34,-44.774,-1.2583005868738508,0,0,137.06999999999996,0
Edo,2025,35,-37.75,-0.8221340988256244,0,0,115.89999999999995,0
Edo,2025,36,-36.65,-1.4195824645348418,0,0,54.50999999999998,0
Edo,2025,37,-13.145999999999994,-0.6001015906181687,0,0,88.25999999999996,0
Edo,2025,38,10.097999999999999,0.44402560040485944,1,0,165.54999999999998,0
Edo,2025,39,-23.377999999999993,-1.1251878844554508,0,0,164.39999999999998,0
Edo,2025,40,-17.89399999999999,-1.049975575240966,0,0,197.81,0
Edo,2025,41,-13.948000000000004,-1.2103641647252004,0,0,171.23999999999998,0
Edo,2025,42,0.9439999999999955,0.10254140070980584,0,0,125.02999999999997,0
Edo,2025,43,-2.9339999999999975,-0.11233373801840882,0,0,131.76999999999998,0
Edo,2025,44,-7.408000000000001,-0.7698792900638132,0,0,133.16999999999996,0
Edo,2025,45,12.921999999999997,0.3250226917222661,0,0,156.24999999999997,0
Edo,2025,46,11.362,0.7790154298991893,0,0,146.73999999999998,0
Edo,2025,47,-11.956,-0.6655859855533395,0,0,122.02999999999997,0
Edo,2025,48,-1.9880000000000004,-0.578323265582264,0,0,84.95999999999998,0
Edo,2025,49,22.232,1.7870642437747892,0,0,62.09999999999997,0
Edo,2025,50,-0.48799999999999955,-0.03796186588110616,0,0,44.14999999999997,0
Edo,2025,51,2.2720000000000002,1.2449044084556784,0,0,44.67999999999997,0
Edo,2025,52,-2.584,-0.4230230152998873,0,0,40.78999999999998,0
Edo,2026,1,-10.463333333333333,-0.6508765756086646,0,0,12.519999999999973,0
Ekiti,2020,53,0.0,0,0,0,0.67,0
Ekiti,2021,1,1.8449999999999998,0.2168994871993806,0,0,7.2,0
Ekiti,2021,2,-12.436,-0.453532125858604,0,0,7.3500000000000005,0
Ekiti,2021,3,-1.1360000000000001,-0.5297387425273776,0,0,7.37,0
Ekiti,2021,4,-0.732,-0.3440766851753467,0,0,7.86,0
Ekiti,2021,5,-6.256,-0.4098128980576939,0,0,2.6399999999999997,0
Ekiti,2021,6,-22.807999999999996,-0.48944950141747307,0,0,8.290000000000001,0
Ekiti,2021,7,-0.02200000000000002,-0.007187481778111677,0,0,10.22,0
Ekiti,2021,8,-14.976,-1.422668283746866,0,0,10.090000000000002,0
Ekiti,2021,9,-15.666000000000002,-0.7994308448843414,0,0,9.34,0
Ekiti,2021,10,-1.8659999999999997,-0.14896501341300716,0,0,22.98,0
Ekiti,2021,11,-6.172000000000001,-1.1931004799096132,0,0,37.19,0
Ekiti,2021,12,0.9539999999999971,0.05614100871598482,0,0,62.28,0
Ekiti,2021,13,-18.465999999999998,-0.9619557582941457,0,0,62.23,0
Ekiti,2021,14,9.482,0.6050300634845601,0,0,88.71000000000001,0
Ekiti,2021,15,43.370000000000005,1.672601292589752,1,0,159.66,0
Ekiti,2021,16,1.0399999999999956,0.08179826166164342,0,0,157.35,0
Ekiti,2021,17,-29.078000000000003,-1.5342365900587642,0,0,165.6,0
Ekiti,2021,18,5.426000000000002,0.38754144470068896,0,0,159.45,0
Ekiti,2021,19,-3.996000000000002,-0.40201750439249423,0,0,94.19,0
Ekiti,2021,20,1.3100000000000023,0.0759802825028137,0,0,109.65,0
Ekiti,2021,21,-0.578000000000003,-0.032574925004302833,0,0,139.71,0
Ekiti,2021,22,51.11800000000001,1.6042345134258948,1,1,212.56,0
Ekiti,2021,23,-54.91400000000001,-0.9384764355943471,0,0,229.20000000000002,0
Ekiti,2021,24,3.264000000000003,0.3852322345631698,0,0,252.13,0
Ekiti,2021,25,1.4899999999999949,0.0775730555127922,0,0,265.18,0
Ekiti,2021,26,-4.661999999999992,-0.38041040059689596,0,0,208.34,0
Ekiti,2021,27,-30.288000000000004,-1.3431124789552842,0,0,199.56,0
Ekiti,2021,28,72.55600000000001,1.7245431749348983,1,1,267.63,0
Ekiti,2021,29,-10.002000000000002,-0.4780777613538513,0,0,259.6,0
Ekiti,2021,30,-10.193999999999999,-0.41130185747731707,0,0,235.69000000000003,0
Ekiti,2021,31,71.738,1.6963332801379452,1,1,320.69,0
Ekiti,2021,32,70.414,1.5773278398513622,1,1,315.23,0
Ekiti,2021,33,55.652,1.5409726517199138,1,0,375.09,0
Ekiti,2021,34,20.586000000000013,0.5971072399210158,1,0,422.96000000000004,0
Ekiti,2021,35,38.751999999999995,0.7079079571772519,1,1,422.3,0
Ekiti,2021,36,4.554000000000002,0.1313446807588659,0,0,361.1,0
Ekiti,2021,37,-20.973999999999997,-1.0464200715222232,0,0,301.14,0
Ekiti,2021,38,35.464,1.2770644918099048,1,0,330.28,0
Ekiti,2021,39,-12.055999999999997,-0.47191889566120604,0,0,283.58,0
Ekiti,2021,40,-8.104,-0.18245847069837792,1,0,299.56,0
Ekiti,2021,41,-10.159999999999997,-0.8727499815898832,0,0,303.1,0
Ekiti,2021,42,-0.9200000000000017,-0.19898346456517543,0,0,229.96,0
Ekiti,2021,43,27.929999999999993,0.9168652727469075,0,0,229.05,0
Ekiti,2021,44,16.394,0.8841011923101006,0,0,203.75,0
Ekiti,2021,45,132.228,1.7339807756217058,1,1,344.94,0
Ekiti,2021,46,172.05200000000002,1.7853432561967453,1,1,529.76,0
Ekiti,2021,47,5.501999999999999,0.39916231649405604,0,0,479.75,0
Ekiti,2021,48,20.462000000000003,1.7663946016599807,0,0,454.01,0
Ekiti,2021,49,10.192,1.3109793708805277,0,0,281.46,0
Ekiti,2021,50,178.064,1.7882754782365713,1,1,285.97,0
Ekiti,2021,51,-0.374,-0.19042315686389757,0,0,270.2,0
Ekiti,2021,52,52.608,1.7888494180107406,0,0,307.45,0
Ekiti,2022,1,16.545,1.9450417429342834,0,0,312.76,0
Ekiti,2022,2,49.044000000000004,1.7885999984407668,0,0,149.32,0
Ekiti,2022,3,3.7840000000000003,1.7645522902496453,0,0,153.6,0
Ekiti,2022,4,-1.702,-0.800025298044317,0,0,87.99,0
Ekiti,2022,5,-7.566000000000001,-0.4956272996650435,0,0,66.75999999999999,0
Ekiti,2022,6,-1.6779999999999973,-0.036009131154793,0,0,32.06,0
Ekiti,2022,7,5.288,1.7276092564842962,0,0,34.379999999999995,0
Ekiti,2022,8,12.794,1.215385818793897,0,0,62.99,0
Ekiti,2022,9,32.474000000000004,1.6571375754355993,0,0,111.69,0
Ekiti,2022,10,-3.306000000000001,-0.26392193694716076,0,0,102.75999999999999,0
Ekiti,2022,11,-4.932000000000002,-0.9533978559485118,0,0,112.9,0
Ekiti,2022,12,23.123999999999995,1.360801557178655,0,0,132.39,0
Ekiti,2022,13,25.753999999999998,1.3416120761999042,0,0,128.42000000000002,0
Ekiti,2022,14,1.2719999999999985,0.08116412579122122,0,0,148.13,0
Ekiti,2022,15,-10.579999999999998,-0.40802678523402286,0,0,163.89,0
Ekiti,2022,16,18.049999999999997,1.419671752877567,0,0,156.42000000000002,0
Ekiti,2022,17,21.772,1.1487516004800677,0,0,171.3,0
Ekiti,2022,18,-15.444000000000003,-1.1030575141830887,0,0,152.48999999999998,0
Ekiti,2022,19,10.933999999999997,1.1000148631200022,0,0,156.10999999999999,0
Ekiti,2022,20,12.299999999999997,0.7134026525073334,0,0,165.55,0
Ekiti,2022,21,-12.438000000000002,-0.7009808256116206,0,0,132.9,0
Ekiti,2022,22,-12.891999999999996,-0.4045892121578823,0,0,162.60999999999999,0
Ekiti,2022,23,43.016000000000005,0.7351404442132504,1,1,262.25,0
Ekiti,2022,24,-7.0760000000000005,-0.8351419398802045,0,0,263.85,0
Ekiti,2022,25,21.359999999999992,1.1120540038612392,0,0,308.63,0
Ekiti,2022,26,-6.401999999999994,-0.5223911163923916,0,0,314.06,0
Ekiti,2022,27,-2.6780000000000044,-0.11875512475707396,0,0,234.95999999999998,0
Ekiti,2022,28,-35.544,-0.8448255500563152,0,0,205.26999999999998,0
Ekiti,2022,29,4.327999999999996,0.20687068097775105,0,0,191.7,0
Ekiti,2022,30,17.466,0.7047084797624897,0,0,197.19,0
Ekiti,2022,31,-31.951999999999995,-0.7555443553899971,0,0,150.89000000000001,0
Ekiti,2022,32,10.364000000000004,0.23216158338142306,0,0,193.48000000000002,0
Ekiti,2022,33,8.122,0.22489362246225006,0,0,191.48,0
Ekiti,2022,34,19.266000000000005,0.558819978836019,0,0,210.37,0
Ekiti,2022,35,-12.978000000000002,-0.23707755646795975,0,0,261.67,0
Ekiti,2022,36,-5.125999999999998,-0.1478420802744721,0,0,250.84000000000003,0
Ekiti,2022,37,10.245999999999995,0.5111862330893818,0,0,269.63,0
Ekiti,2022,38,-0.44599999999999795,-0.016060533593142762,0,0,264.17999999999995,0
Ekiti,2022,39,42.224000000000004,1.6528121641007607,1,1,323.49,0
Ekiti,2022,40,77.47599999999998,1.7443426056055684,1,1,434.72999999999996,0
Ekiti,2022,41,19.61,1.684510545174962,0,0,436.82,0
Ekiti,2022,42,2.5999999999999943,0.5623445737711457,0,0,403.11,0
Ekiti,2022,43,-33.14000000000001,-1.0878952788697647,0,0,286.85,0
Ekiti,2022,44,-27.476,-1.4817350469630552,0,0,132.1,0
Ekiti,2022,45,-46.94199999999999,-0.6155770757270328,0,0,64.35,0
Ekiti,2022,46,-47.48799999999999,-0.4927718396198302,0,0,26.11,0
Ekiti,2022,47,-9.128,-0.6622234869061694,0,0,22.54,0
Ekiti,2022,48,-3.047999999999999,-0.2631204547873922,0,0,17.16,0
Ekiti,2022,49,-5.6579999999999995,-0.727778775553574,0,0,7.930000000000001,0
Ekiti,2022,50,-41.136,-0.4131239333764242,0,0,12.780000000000001,0
Ekiti,2022,51,-1.034,-0.5264640219178345,0,0,10.98,0
Ekiti,2022,52,-13.191999999999998,-0.44857248940080763,0,0,5.94,0
Ekiti,2023,1,-4.6850000000000005,-0.5507718685794571,0,0,5.87,0
Ekiti,2023,2,-12.556000000000001,-0.4579084410003725,0,0,0.03,0
Ekiti,2023,3,-0.3360000000000001,-0.15668329004330891,0,0,0.8500000000000001,0
Ekiti,2023,4,0.5580000000000003,0.262287964928748,0,0,3.3000000000000003,0
Ekiti,2023,5,27.274,1.7866427400296585,0,0,38.14,0
Ekiti,2023,6,81.02199999999999,1.738695962111825,1,1,147.74,0
Ekiti,2023,7,-1.972,-0.6442597302925552,0,0,146.92000000000002,0
Ekiti,2023,8,5.974,0.5675093701324638,0,0,166.45,0
Ekiti,2023,9,-1.1960000000000033,-0.06103148796640334,0,0,146.64000000000001,0
Ekiti,2023,10,3.4939999999999998,0.27893020196411955,0,0,61.81,0
Ekiti,2023,11,2.2079999999999984,0.42682531750492936,0,0,86.35,0
Ekiti,2023,12,7.013999999999996,0.41275999489928566,0,0,96.55,0
Ekiti,2023,13,14.634,0.7623340499770676,0,0,115.13,0
Ekiti,2023,14,20.251999999999995,1.2922451851602308,0,0,147.01999999999998,0
Ekiti,2023,15,-8.229999999999997,-0.31739701724725966,0,0,157.99,0
Ekiti,2023,16,3.509999999999998,0.27606913310804754,0,0,152.09,0
Ekiti,2023,17,10.131999999999998,0.5345926518493499,0,0,166.45,0
Ekiti,2023,18,13.696000000000005,0.9782100307078209,0,0,157.8,0
Ekiti,2023,19,9.873999999999995,0.9933735831760471,0,0,158.01000000000002,0
Ekiti,2023,20,20.28,1.1762443734023353,0,0,189.97000000000003,0
Ekiti,2023,21,-7.488000000000003,-0.4220087170107586,0,0,173.91000000000003,0
Ekiti,2023,22,-18.821999999999996,-0.5906902072010286,0,0,168.55,0
Ekiti,2023,23,79.87599999999999,1.3650752771521661,1,1,306.11,0
Ekiti,2023,24,13.353999999999992,1.576100263589633,0,0,320.15999999999997,0
Ekiti,2023,25,15.969999999999992,0.8314373802277149,0,0,354.6,0
Ekiti,2023,26,-12.49199999999999,-1.0193236216766255,0,0,359.87,0
Ekiti,2023,27,-1.118000000000002,-0.049577382180137686,0,0,245.46999999999997,0
Ekiti,2023,28,-15.643999999999998,-0.3718335276018736,0,0,215.24999999999997,0
Ekiti,2023,29,30.717999999999996,1.4682656142039192,1,0,233.45999999999998,0
Ekiti,2023,30,33.106,1.3357425243912164,0,0,260.68,0
Ekiti,2023,31,-14.641999999999996,-0.34622810627254436,0,0,230.12999999999997,0
Ekiti,2023,32,-19.776000000000003,-0.4429976334379604,0,0,222.67999999999998,0
Ekiti,2023,33,-2.9480000000000004,-0.08162846577428137,0,0,183.21999999999997,0
Ekiti,2023,34,-25.003999999999998,-0.7252535425524662,0,0,142.19999999999996,0
Ekiti,2023,35,73.12200000000001,1.3357670738210938,1,1,262.28999999999996,0
Ekiti,2023,36,47.31400000000001,1.364611819373074,1,0,334.03999999999996,0
Ekiti,2023,37,21.376000000000005,1.0664763730742373,1,0,375.03,0
Ekiti,2023,38,-23.605999999999995,-0.8500559551563447,0,0,390.68999999999994,0
Ekiti,2023,39,-22.91599999999999,-0.8970216832259618,0,0,298.75999999999993,0
Ekiti,2023,40,-20.774,-0.4677186908055409,0,0,259.30999999999995,0
Ekiti,2023,41,-5.0,-0.42950294369580877,0,0,225.65999999999994,0
Ekiti,2023,42,-3.2900000000000063,-0.7115821721950295,0,0,209.21999999999994,0
Ekiti,2023,43,-33.120000000000005,-1.0872387337406941,0,0,158.11999999999992,0
Ekiti,2023,44,18.083999999999996,0.9752400855029802,0,0,147.17999999999995,0
Ekiti,2023,45,-33.202,-0.43539666116247594,0,0,117.77999999999994,0
Ekiti,2023,46,-44.147999999999996,-0.45811344288107025,0,0,88.76999999999994,0
Ekiti,2023,47,21.882,1.587508144224452,0,0,116.18999999999994,0
Ekiti,2023,48,-5.717999999999999,-0.49360982955193855,0,0,62.57999999999994,0
Ekiti,2023,49,-5.438,-0.6994805552245202,0,0,39.82999999999994,0
Ekiti,2023,50,-47.006,-0.4720756420724474,0,0,35.46999999999994,0
Ekiti,2023,51,-1.034,-0.5264640219178345,0,0,2.6599999999999433,0
Ekiti,2023,52,-13.191999999999998,-0.44857248940080763,0,0,0.28999999999994314,0
Ekiti,2024,1,-4.335000000000001,-0.5096256243952928,0,0,0.34999999999994313,0
Ekiti,2024,2,-11.466000000000001,-0.4181569117959757,0,0,1.4699999999999434,0
Ekiti,2024,3,-1.1560000000000001,-0.5390651288394794,0,0,1.4699999999999434,0
Ekiti,2024,4,3.448,1.6207328012084636,0,0,6.809999999999944,0
Ekiti,2024,5,-7.566000000000001,-0.4956272996650435,0,0,6.459999999999944,0
Ekiti,2024,6,-28.607999999999997,-0.6139149130371392,0,0,5.339999999999943,0
Ekiti,2024,7,-1.3319999999999999,-0.43516935129294293,0,0,5.979999999999943,0
Ekiti,2024,8,0.5940000000000012,0.05642794875438302,0,0,17.239999999999945,0
Ekiti,2024,9,-15.316000000000003,-0.7815704596098922,0,0,18.149999999999945,0
Ekiti,2024,10,-16.476,-1.3152988001032726,0,0,22.979999999999947,0
Ekiti,2024,11,4.148,0.8018439388634275,0,0,48.81999999999994,0
Ekiti,2024,12,-22.136000000000003,-1.3026597158669224,0,0,35.24999999999994,0
Ekiti,2024,13,-13.725999999999999,-0.7150332902818934,0,0,39.58999999999995,0
Ekiti,2024,14,-15.298000000000002,-0.9761389908444212,0,0,55.89999999999994,0
Ekiti,2024,15,-25.069999999999993,-0.9668460780545323,0,0,48.08999999999995,0
Ekiti,2024,16,-16.400000000000002,-1.2898956646643827,0,0,51.42999999999994,0
Ekiti,2024,17,-3.7180000000000035,-0.19617207654716592,0,0,80.29999999999994,0
Ekiti,2024,18,10.845999999999997,0.774654351128579,0,0,104.34999999999994,0
Ekiti,2024,19,-11.636000000000003,-1.170639559837603,0,0,99.88999999999993,0
Ekiti,2024,20,-11.920000000000002,-0.6913625705599525,0,0,119.55999999999993,0
Ekiti,2024,21,30.722,1.7314305293809458,0,0,155.55999999999995,0
Ekiti,2024,22,-28.931999999999995,-0.9079720048209627,0,0,142.93999999999994,0
Ekiti,2024,23,-42.32400000000001,-0.723314212406584,0,0,179.80999999999995,0
Ekiti,2024,24,-3.636000000000003,-0.42913737894353104,0,0,209.06999999999994,0
Ekiti,2024,25,-21.5,-1.1193427473322404,0,0,167.82999999999993,0
Ekiti,2024,26,4.548000000000002,0.371108215768916,0,0,200.24999999999994,0
Ekiti,2024,27,0.8019999999999925,0.035564454837629676,0,0,209.9699999999999,0
Ekiti,2024,28,-16.994,-0.40392092611008956,0,0,195.38999999999993,0
Ekiti,2024,29,1.1679999999999993,0.05582831686275724,0,0,221.51999999999995,0
Ekiti,2024,30,-28.464,-1.1484496832680353,0,0,170.12999999999994,0
Ekiti,2024,31,-27.671999999999993,-0.6543384890570856,0,0,124.62999999999995,0
Ekiti,2024,32,-48.586,-1.0883638257593415,0,0,89.71999999999994,0
Ekiti,2024,33,-40.298,-1.1158290073853427,0,0,42.459999999999944,0
Ekiti,2024,34,32.726,0.9492340198996965,1,0,120.73999999999994,0
Ekiti,2024,35,-43.148,-0.7882125448050182,0,0,137.58999999999995,0
Ekiti,2024,36,3.3740000000000023,0.09731158385604165,0,0,194.20999999999992,0
Ekiti,2024,37,11.236000000000004,0.5605786175085203,0,0,262.40999999999997,0
Ekiti,2024,38,-30.245999999999995,-1.089163450803135,0,0,213.69999999999993,0
Ekiti,2024,39,4.464000000000013,0.1747383833967842,1,0,265.41999999999996,0
Ekiti,2024,40,-14.043999999999997,-0.31619530632872894,0,0,276.63999999999993,0
Ekiti,2024,41,-5.339999999999996,-0.4587091438671234,0,0,252.78999999999996,0
Ekiti,2024,42,-4.930000000000003,-1.0662918264199062,0,0,241.34999999999994,0
Ekiti,2024,43,20.159999999999997,0.661797490103031,0,0,216.14999999999998,0
Ekiti,2024,44,-3.7760000000000034,-0.20363340869604388,0,0,176.61999999999992,0
Ekiti,2024,45,-49.641999999999996,-0.6509837074100244,0,0,131.11999999999992,0
Ekiti,2024,46,-47.577999999999996,-0.4937057485139884,0,0,100.31999999999994,0
Ekiti,2024,47,-9.808,-0.711556524931607,0,0,42.76999999999994,0
Ekiti,2024,48,-7.807999999999999,-0.6740303513713775,0,0,8.929999999999945,0
Ekiti,2024,49,-5.708,-0.7342101892647226,0,0,2.3499999999999432,0
Ekiti,2024,50,-46.916,-0.4711717828249785,0,0,1.5099999999999434,0
Ekiti,2024,51,-1.034,-0.5264640219178345,0,0,0.38999999999994317,0
Ekiti,2024,52,-13.191999999999998,-0.44857248940080763,0,0,0.10999999999994316,0
Ekiti,2025,1,-4.6850000000000005,-0.5507718685794571,0,0,0.08999999999994315,0
Ekiti,2025,2,-12.586,-0.4590025197858146,0,0,0.0,0
Ekiti,2025,3,-1.1560000000000001,-0.5390651288394794,0,0,0.0,0
Ekiti,2025,4,-1.5719999999999998,-0.7389187829175478,0,0,0.31999999999994316,0
Ekiti,2025,5,-5.886000000000001,-0.38557524264187765,0,0,1.9999999999999434,0
Ekiti,2025,6,-27.927999999999997,-0.5993224165024197,0,0,2.6799999999999433,0
Ekiti,2025,7,-1.962,-0.6409926931206863,0,0,2.6899999999999435,0
Ekiti,2025,8,-4.386000000000001,-0.4166548539338779,0,0,13.989999999999943,0
Ekiti,2025,9,-0.2960000000000029,-0.015104782974962807,0,0,28.239999999999945,0
Ekiti,2025,10,18.154,1.4492555484993208,0,0,67.01999999999995,0
Ekiti,2025,11,4.7479999999999976,0.9178290794897668,0,0,94.08999999999995,0
Ekiti,2025,12,-8.956000000000003,-0.5270428449270039,0,0,98.67999999999995,0
Ekiti,2025,13,-8.196,-0.42695707760093243,0,0,93.52999999999994,0
Ekiti,2025,14,-15.708000000000002,-1.0023003835915916,0,0,74.79999999999994,0
Ekiti,2025,15,0.5100000000000051,0.019668587946063684,0,0,91.96999999999994,0
Ekiti,2025,16,-6.200000000000003,-0.4876434829828765,0,0,92.32999999999993,0
Ekiti,2025,17,0.8919999999999959,0.04706441427651184,0,0,120.27999999999994,0
Ekiti,2025,18,-14.524000000000001,-1.0373483123540002,0,0,119.36999999999995,0
Ekiti,2025,19,-5.176000000000002,-0.5207313820659534,0,0,95.78999999999994,0
Ekiti,2025,20,-21.97,-1.2742647378525298,0,0,95.20999999999995,0
Ekiti,2025,21,-10.218000000000004,-0.5758660617542644,0,0,85.65999999999994,0
Ekiti,2025,22,9.528000000000006,0.2990169107539797,0,0,136.86999999999995,0
Ekiti,2025,23,-25.65400000000001,-0.43842507336448605,0,0,183.94999999999993,0
Ekiti,2025,24,-5.905999999999999,-0.6970531793290682,0,0,220.98999999999995,0
Ekiti,2025,25,-17.32,-0.9017216922695072,0,0,224.86999999999995,0
Ekiti,2025,26,19.00800000000001,1.551016922897,1,0,233.28999999999996,0
Ekiti,2025,27,33.282,1.475880531054865,1,0,258.81999999999994,0
Ekiti,2025,28,-4.373999999999995,-0.10396317116661938,0,0,259.12999999999994,0
Ekiti,2025,29,-26.212000000000003,-1.2528868506905768,0,0,253.69999999999996,0
Ekiti,2025,30,-11.914000000000001,-0.48069946340835357,0,0,204.39999999999992,0
Ekiti,2025,31,2.528000000000006,0.05977767058168244,0,0,156.61999999999995,0
Ekiti,2025,32,-12.416000000000004,-0.2781279640354833,0,0,145.25999999999993,0
Ekiti,2025,33,-20.528000000000002,-0.56840880102254,0,0,145.14999999999995,0
Ekiti,2025,34,-47.574,-1.3799076961042644,0,0,126.57999999999994,0
Ekiti,2025,35,-55.748000000000005,-1.0183849297253675,0,0,100.62999999999994,0
Ekiti,2025,36,-50.116,-1.445426003713509,0,0,67.58999999999995,0
Ekiti,2025,37,-21.884,-1.091821152149916,0,0,82.89999999999995,0
Ekiti,2025,38,18.834000000000003,0.678215447742718,1,0,163.56999999999994,0
Ekiti,2025,39,-11.715999999999994,-0.4586099686103756,0,0,211.70999999999992,0
Ekiti,2025,40,-34.554,-0.777970137772921,0,0,255.90999999999994,0
Ekiti,2025,41,0.8900000000000006,0.07645152397785401,0,0,271.40999999999997,0
Ekiti,2025,42,6.539999999999999,1.4145128894089616,0,0,222.35999999999996,0
Ekiti,2025,43,18.169999999999995,0.5964712497605195,0,0,211.34999999999997,0
Ekiti,2025,44,-3.225999999999999,-0.1739728221539822,0,0,192.87999999999997,0
Ekiti,2025,45,-2.442,-0.032023331322172346,0,0,188.34999999999997,0
Ekiti,2025,46,-32.837999999999994,-0.3407522251818561,0,0,160.81999999999996,0
Ekiti,2025,47,-8.448,-0.6128904488807317,0,0,106.61999999999996,0
Ekiti,2025,48,-3.887999999999999,-0.3356339659492719,0,0,76.14999999999996,0
Ekiti,2025,49,6.612,0.850490149162289,0,0,34.689999999999955,0
Ekiti,2025,50,-43.006,-0.4319041199627212,0,0,23.019999999999953,0
Ekiti,2025,51,3.476,1.769815222617401,0,0,25.049999999999958,0
Ekiti,2025,52,-13.031999999999998,-0.44313194980831755,0,0,21.00999999999996,0
Ekiti,2026,1,-4.6850000000000005,-0.5507718685794571,0,0,8.669999999999957,0
Enugu,2020,53,0.0,0,0,0,0.12,0
Enugu,2021,1,3.2383333333333333,0.6081442386897858,0,0,6.6000000000000005,0
Enugu,2021,2,-0.826,-0.43277343552454667,0,0,6.65,0
Enugu,2021,3,-1.28,-0.4990945674269333,0,0,6.65,0
Enugu,2021,4,-0.007999999999999896,-0.016078331501446715,0,0,7.050000000000001,0
Enugu,2021,5,-0.226,-0.3262096981983112,0,0,0.7200000000000001,0
Enugu,2021,6,1.266,1.3761032149260894,0,0,2.65,0
Enugu,2021,7,0.156,1.4223018819475424,0,0,2.8899999999999997,0
Enugu,2021,8,-1.804,-0.7587652139228896,0,0,3.64,0
Enugu,2021,9,-6.67,-1.1719740982753797,0,0,4.0,0
Enugu,2021,10,6.154,0.73081608545962,0,0,20.86,0
Enugu,2021,11,-2.1100000000000003,-0.48976683651135355,0,0,23.03,0
Enugu,2021,12,9.29,1.383632101006951,0,0,43.23,0
Enugu,2021,13,-2.914,-1.2581540736006438,0,0,42.83,0
Enugu,2021,14,23.212,1.6171504232010931,0,0,65.81,0
Enugu,2021,15,23.646,1.5980021008020564,0,0,106.94,0
Enugu,2021,16,4.926,0.4898680795067152,0,0,101.63,0
Enugu,2021,17,-10.313999999999997,-0.9433110375951266,0,0,113.07,0
Enugu,2021,18,3.5280000000000022,0.2241721878960001,0,0,95.44,0
Enugu,2021,19,8.209999999999999,1.44766898538109,0,0,70.50999999999999,0
Enugu,2021,20,-3.9840000000000018,-0.586923275094546,0,0,73.8,0
Enugu,2021,21,2.3919999999999995,0.24550788838376555,0,0,84.21,0
Enugu,2021,22,24.89,1.1792096541852957,1,0,125.1,0
Enugu,2021,23,-33.60999999999999,-0.8555769575945529,0,0,135.31,0
Enugu,2021,24,15.862000000000002,1.404527326864742,0,0,159.42,0
Enugu,2021,25,18.36,0.5224267060787391,1,0,202.88,0
Enugu,2021,26,-6.612000000000002,-0.24336076913437782,0,0,182.34,0
Enugu,2021,27,-20.676000000000002,-0.7761857185202964,0,0,189.86,0
Enugu,2021,28,14.478000000000002,1.128668485337958,0,0,183.36,0
Enugu,2021,29,-36.412,-0.7010720717799457,0,0,128.02,0
Enugu,2021,30,-26.305999999999997,-1.070682601849879,0,0,99.83000000000001,0
Enugu,2021,31,12.775999999999996,0.46706420107081076,0,0,112.03999999999999,0
Enugu,2021,32,35.867999999999995,1.1491085058737684,1,1,164.69,0
Enugu,2021,33,66.814,1.7869054165529425,1,1,251.75,0
Enugu,2021,34,-10.745999999999995,-0.3625639623137441,0,0,265.18,0
Enugu,2021,35,9.308,0.4506002515693618,0,0,268.56,0
Enugu,2021,36,-10.965999999999994,-0.28968029344995677,0,0,224.04,0
Enugu,2021,37,-0.9920000000000044,-0.2215120802185519,0,0,159.56,0
Enugu,2021,38,10.572000000000003,0.5130854254111579,0,0,185.91,0
Enugu,2021,39,-6.41,-0.338067426184552,0,0,156.57,0
Enugu,2021,40,21.677999999999997,0.8283750778328154,1,0,182.51999999999998,0
Enugu,2021,41,-14.472000000000001,-0.8992245914653679,0,0,162.7,0
Enugu,2021,42,-3.294000000000004,-0.18948642570727245,0,0,132.43,0
Enugu,2021,43,10.459999999999999,1.5819132652988876,0,0,133.18,0
Enugu,2021,44,8.044,0.6425664603276448,0,0,87.82,0
Enugu,2021,45,9.696,0.9751917883368885,0,0,95.66,0
Enugu,2021,46,8.54,1.5285537781070204,0,0,83.82,0
Enugu,2021,47,6.595999999999999,1.2323971913638505,0,0,71.25,0
Enugu,2021,48,-0.2859999999999998,-0.3015157010170984,0,0,46.29,0
Enugu,2021,49,-2.0540000000000003,-0.4157415199033146,0,0,25.89,0
Enugu,2021,50,-1.28,-0.6284219368881689,0,0,12.09,0
Enugu,2021,51,2.4859999999999998,1.7840027566781582,0,0,4.49,0
Enugu,2021,52,6.932000000000001,1.788742711498051,0,0,12.360000000000001,0
Enugu,2022,1,9.518333333333334,1.7874996125359586,0,0,24.840000000000003,0
Enugu,2022,2,3.414,1.7887270083302693,0,0,28.910000000000004,0
Enugu,2022,3,4.58,1.7858227490744958,0,0,31.6,0
Enugu,2022,4,-0.29799999999999993,-0.5989178484288977,0,0,23.14,0
Enugu,2022,5,-0.266,-0.38394592796792376,0,0,10.49,0
Enugu,2022,6,-0.5539999999999999,-0.602181027700674,0,0,6.36,0
Enugu,2022,7,0.07600000000000001,0.6929163014616233,0,0,0.66,0
Enugu,2022,8,-2.8640000000000003,-1.2046028673365612,0,0,0.64,0
Enugu,2022,9,4.16,0.7309463641417662,0,0,11.87,0
Enugu,2022,10,7.0539999999999985,0.8376952659785762,0,0,31.449999999999996,0
Enugu,2022,11,-3.8600000000000003,-0.8959715587364098,0,0,31.95,0
Enugu,2022,12,-9.559999999999999,-1.4238453052342788,0,0,34.36,0
Enugu,2022,13,0.6459999999999999,0.27891816456623736,0,0,26.69,0
Enugu,2022,14,2.652000000000001,0.1847614562437231,0,0,28.21,0
Enugu,2022,15,-11.783999999999999,-0.7963654214603498,0,0,35.66,0
Enugu,2022,16,15.126,1.504211240482861,0,0,59.400000000000006,0
Enugu,2022,17,10.146,0.9279458781694937,0,0,87.74,0
Enugu,2022,18,-8.302,-0.5275162992949523,0,0,78.83999999999999,0
Enugu,2022,19,2.7300000000000004,0.48138079538250633,0,0,83.85999999999999,0
Enugu,2022,20,8.546,1.258997567509535,0,0,89.47999999999999,0
Enugu,2022,21,-0.8180000000000014,-0.08395712905431464,0,0,76.22,0
Enugu,2022,22,1.5800000000000054,0.07485541396596117,0,0,105.63,0
Enugu,2022,23,5.090000000000003,0.12957116079013026,1,0,160.02,0
Enugu,2022,24,-13.568,-1.2014012590405256,0,0,142.17000000000002,0
Enugu,2022,25,-29.330000000000002,-0.8345738174994237,0,0,141.15,0
Enugu,2022,26,-19.592000000000002,-0.721101661960183,0,0,130.94,0
Enugu,2022,27,42.664,1.6016244677379532,1,1,163.10000000000002,0
Enugu,2022,28,-12.322000000000001,-0.96059214507075,0,0,159.23000000000002,0
Enugu,2022,29,-23.842,-0.45905087156370056,0,0,164.15,0
Enugu,2022,30,8.073999999999998,0.3286205172711899,0,0,183.32000000000002,0
Enugu,2022,31,-8.344000000000001,-0.30503942499490033,0,0,111.07000000000001,0
Enugu,2022,32,19.768,0.6333103865315228,1,1,174.42000000000002,0
Enugu,2022,33,-18.276,-0.4887820425797226,0,0,163.82000000000002,0
Enugu,2022,34,43.653999999999996,1.4728612703186479,1,1,197.26999999999998,0
Enugu,2022,35,28.718000000000004,1.3902382922828678,1,0,241.18,0
Enugu,2022,36,30.09400000000001,0.794969793095295,1,1,253.82,0
Enugu,2022,37,2.2680000000000007,0.5064409253383807,0,0,277.69,0
Enugu,2022,38,19.921999999999997,0.9668641548468675,1,0,258.99,0
Enugu,2022,39,32.04,1.6898097246416606,1,0,248.69000000000003,0
Enugu,2022,40,33.41799999999999,1.2769922663998996,1,1,245.32000000000002,0
Enugu,2022,41,-9.372,-0.582333669929065,0,0,227.34000000000003,0
Enugu,2022,42,-24.294000000000004,-1.3975055331306836,0,0,166.72000000000003,0
Enugu,2022,43,-1.83,-0.27675920415840966,0,0,116.73000000000002,0
Enugu,2022,44,-10.376000000000001,-0.8288500239134314,0,0,41.21000000000003,0
Enugu,2022,45,-8.504,-0.855304349011644,0,0,25.75000000000003,0
Enugu,2022,46,-4.56,-0.8161832819868868,0,0,21.81000000000003,0
Enugu,2022,47,-3.994,-0.7462392938610096,0,0,10.94000000000003,0
Enugu,2022,48,0.40400000000000014,0.4259172839542234,0,0,5.090000000000028,0
Enugu,2022,49,-2.184,-0.442054274327575,0,0,2.7600000000000287,0
Enugu,2022,50,3.08,1.5121402856371564,0,0,6.420000000000028,0
Enugu,2022,51,-0.6839999999999999,-0.49085192500718433,0,0,6.240000000000029,0
Enugu,2022,52,-1.7580000000000002,-0.4536367118888594,0,0,4.730000000000029,0
Enugu,2023,1,-3.221666666666667,-0.6050143146615318,0,0,4.600000000000028,0
Enugu,2023,2,-0.876,-0.4589703747209478,0,0,0.020000000000028422,0
Enugu,2023,3,-1.1,-0.42890939388252086,0,0,0.2000000000000284,0
Enugu,2023,4,0.852,1.7123423049040973,0,0,1.5800000000000283,0
Enugu,2023,5,1.234,1.7811626883925487,0,0,3.1700000000000284,0
Enugu,2023,6,0.696,0.7565306774001249,0,0,4.5800000000000285,0
Enugu,2023,7,-0.08399999999999999,-0.765854859510215,0,0,4.400000000000029,0
Enugu,2023,8,1.746,0.734370323453085,0,0,7.840000000000029,0
Enugu,2023,9,0.8100000000000005,0.14232369109491128,0,0,14.220000000000029,0
Enugu,2023,10,5.024000000000001,0.5966233365858191,0,0,30.52000000000003,0
Enugu,2023,11,6.81,1.5807166619157902,0,0,41.85000000000003,0
Enugu,2023,12,0.8599999999999994,0.12808650235371122,0,0,50.07000000000003,0
Enugu,2023,13,2.806,1.211523792218053,0,0,47.910000000000025,0
Enugu,2023,14,-2.678000000000001,-0.18657284306964192,0,0,46.130000000000024,0
Enugu,2023,15,-11.733999999999998,-0.7929864099979416,0,0,42.96000000000003,0
Enugu,2023,16,-3.284,-0.32657871967114344,0,0,37.87000000000003,0
Enugu,2023,17,-13.293999999999997,-1.215859698835526,0,0,40.61000000000003,0
Enugu,2023,18,-14.032,-0.891605482017197,0,0,31.310000000000027,0
Enugu,2023,19,-1.3399999999999999,-0.23628214864928876,0,0,32.21000000000003,0
Enugu,2023,20,-1.9540000000000006,-0.2878634737788009,0,0,45.74000000000003,0
Enugu,2023,21,-8.198000000000002,-0.8414187579306485,0,0,48.54000000000003,0
Enugu,2023,22,-18.9,-0.8954223569345956,0,0,63.200000000000024,0
Enugu,2023,23,55.41000000000001,1.4105182749275273,1,1,171.98000000000002,0
Enugu,2023,24,-0.7379999999999995,-0.0653474446618446,0,0,177.46,0
Enugu,2023,25,-2.960000000000001,-0.08422565631770525,0,0,210.19000000000005,0
Enugu,2023,26,44.278000000000006,1.6296927005039292,1,1,284.33000000000004,0
Enugu,2023,27,-2.8260000000000076,-0.10608922618196766,0,0,220.68000000000006,0
Enugu,2023,28,-7.552000000000001,-0.5887349358524837,0,0,208.75000000000003,0
Enugu,2023,29,-19.331999999999997,-0.37221589837553304,0,0,191.81000000000006,0
Enugu,2023,30,29.524000000000008,1.201658676234161,1,0,168.56000000000003,0
Enugu,2023,31,-29.194000000000003,-1.0672724081137488,0,0,120.95000000000003,0
Enugu,2023,32,-19.012,-0.6090903009276261,0,0,140.75000000000003,0
Enugu,2023,33,-14.476,-0.38715303394528694,0,0,129.44000000000003,0
Enugu,2023,34,-18.665999999999997,-0.6297802829469895,0,0,79.12000000000003,0
Enugu,2023,35,1.5579999999999998,0.07542277524119742,0,0,116.72000000000003,0
Enugu,2023,36,45.45400000000001,1.2007229672145125,1,1,183.50000000000003,0
Enugu,2023,37,-5.322000000000003,-1.1883944464950893,0,0,195.98000000000002,0
Enugu,2023,38,-20.778000000000006,-1.0084079615203403,0,0,198.90000000000003,0
Enugu,2023,39,-1.3900000000000006,-0.0733094730727812,0,0,182.33,0
Enugu,2023,40,-22.212000000000003,-0.8487806637523065,0,0,107.97000000000003,0
Enugu,2023,41,0.5680000000000014,0.03529294969267069,0,0,107.52000000000004,0
Enugu,2023,42,19.735999999999997,1.135307862100402,0,0,131.63000000000002,0
Enugu,2023,43,-5.390000000000001,-0.8151541586960809,0,0,111.51000000000003,0
Enugu,2023,44,17.524000000000004,1.3998426965168633,0,0,119.52000000000004,0
Enugu,2023,45,-1.8239999999999998,-0.18345192057822654,0,0,100.80000000000004,0
Enugu,2023,46,0.9700000000000006,0.1736179349840528,0,0,58.360000000000035,0
Enugu,2023,47,5.056,0.9446634626342676,0,0,60.10000000000004,0
Enugu,2023,48,1.404,1.4801679868112114,0,0,27.35000000000003,0
Enugu,2023,49,-2.2640000000000002,-0.45824673858865833,0,0,18.260000000000026,0
Enugu,2023,50,-1.41,-0.6922460398533735,0,0,11.900000000000029,0
Enugu,2023,51,-0.6739999999999999,-0.48367572727316116,0,0,2.680000000000028,0
Enugu,2023,52,-1.7580000000000002,-0.4536367118888594,0,0,0.17000000000002843,0
Enugu,2024,1,-3.1716666666666673,-0.5956245425767693,0,0,0.1700000000000283,0
Enugu,2024,2,-0.836,-0.4380128233638269,0,0,0.1200000000000283,0
Enugu,2024,3,-1.28,-0.4990945674269333,0,0,0.11000000000002833,0
Enugu,2024,4,-0.15799999999999992,-0.31754704715357657,0,0,0.4800000000000283,0
Enugu,2024,5,-0.376,-0.5427205598343584,0,0,0.4100000000000284,0
Enugu,2024,6,-0.714,-0.7760961259535765,0,0,0.3700000000000284,0
Enugu,2024,7,-0.074,-0.6746816619494752,0,0,0.3800000000000284,0
Enugu,2024,8,0.07599999999999962,0.031965718546640425,0,0,3.1600000000000286,0
Enugu,2024,9,-4.88,-0.8574563117816871,0,0,5.4600000000000275,0
Enugu,2024,10,-10.626,-1.2618868579938123,0,0,7.520000000000028,0
Enugu,2024,11,-2.4400000000000004,-0.5663654412737927,0,0,9.590000000000028,0
Enugu,2024,12,-1.2199999999999989,-0.1817041079901484,0,0,17.400000000000027,0
Enugu,2024,13,1.2359999999999998,0.5336576647118721,0,0,19.360000000000028,0
Enugu,2024,14,-12.668,-0.8825633965669243,0,0,23.240000000000027,0
Enugu,2024,15,-4.543999999999999,-0.30708456170365145,0,0,36.51000000000003,0
Enugu,2024,16,-8.234,-0.8188334889683907,0,0,28.55000000000003,0
Enugu,2024,17,7.606000000000002,0.6956393011390863,0,0,53.760000000000026,0
Enugu,2024,18,25.768,1.6373211274671562,0,0,94.25000000000003,0
Enugu,2024,19,-6.5200000000000005,-1.1496713501443008,0,0,82.78000000000003,0
Enugu,2024,20,5.336000000000002,0.7861000491728155,0,0,108.55000000000004,0
Enugu,2024,21,15.232000000000003,1.5633679581360864,0,0,113.88000000000004,0
Enugu,2024,22,-23.459999999999997,-1.1114607668616727,0,0,84.18000000000004,0
Enugu,2024,23,-41.599999999999994,-1.0589705872042072,0,0,101.13000000000004,0
Enugu,2024,24,5.2520000000000024,0.46504712650949614,0,0,105.31000000000003,0
Enugu,2024,25,49.61,1.4116333817301878,1,1,167.18000000000004,0
Enugu,2024,26,-23.201999999999998,-0.8539710474071132,0,0,178.40000000000003,0
Enugu,2024,27,-23.706000000000003,-0.8899331903289875,0,0,190.88000000000005,0
Enugu,2024,28,-7.912000000000001,-0.6167996308878245,0,0,172.60000000000005,0
Enugu,2024,29,91.53800000000001,1.762461147604984,1,1,213.96000000000004,0
Enugu,2024,30,-24.646,-1.0031188095944696,0,0,204.02000000000004,0
Enugu,2024,31,-15.914000000000001,-0.5817830068754606,0,0,190.57000000000005,0
Enugu,2024,32,-42.682,-1.3674096478115367,0,0,187.06000000000003,0
Enugu,2024,33,-15.526,-0.4152347336995389,0,0,63.83000000000003,0
Enugu,2024,34,15.714000000000006,0.5301814725291438,1,0,102.06000000000003,0
Enugu,2024,35,-21.982,-1.0641485528575108,0,0,102.84000000000003,0
Enugu,2024,36,-15.635999999999989,-0.4130440514666718,0,0,132.20000000000005,0
Enugu,2024,37,6.357999999999997,1.419731659303978,0,0,157.41000000000003,0
Enugu,2024,38,-23.708000000000006,-1.1506081409050066,0,0,123.02000000000004,0
Enugu,2024,39,-6.010000000000002,-0.31697117494058624,0,0,125.37000000000003,0
Enugu,2024,40,-8.742000000000004,-0.3340554908393061,0,0,125.57000000000002,0
Enugu,2024,41,26.928,1.6731840657116797,0,0,139.80000000000004,0
Enugu,2024,42,-5.754000000000005,-0.330997235434015,0,0,141.35000000000002,0
Enugu,2024,43,2.1099999999999994,0.31910487474002414,0,0,133.35000000000002,0
Enugu,2024,44,-11.596,-0.9263054045200607,0,0,98.77000000000002,0
Enugu,2024,45,-10.304,-1.0363424285296308,0,0,45.21000000000003,0
Enugu,2024,46,-5.47,-0.9790619632605858,0,0,21.82000000000003,0
Enugu,2024,47,-4.174,-0.7798705089073246,0,0,6.830000000000028,0
Enugu,2024,48,-1.0959999999999999,-1.1554587703312589,0,0,0.7000000000000284,0
Enugu,2024,49,-2.334,-0.47241514481710617,0,0,0.020000000000028422,0
Enugu,2024,50,-1.5,-0.736431957290823,0,0,0.010000000000028422,0
Enugu,2024,51,-0.6839999999999999,-0.49085192500718433,0,0,0.010000000000028422,0
Enugu,2024,52,-1.7580000000000002,-0.4536367118888594,0,0,0.0,0
Enugu,2025,1,-3.2316666666666674,-0.6068922690784844,0,0,0.010000000000028422,0
Enugu,2025,2,-0.876,-0.4589703747209478,0,0,0.010000000000028422,0
Enugu,2025,3,-0.92,-0.35872422033810836,0,0,0.3700000000000284,0
Enugu,2025,4,-0.388,-0.7797990778201758,0,0,0.5100000000000283,0
Enugu,2025,5,-0.366,-0.5282865023919553,0,0,0.5100000000000283,0
Enugu,2025,6,-0.694,-0.7543567386719636,0,0,0.5300000000000283,0
Enugu,2025,7,-0.074,-0.6746816619494752,0,0,0.18000000000002833,0
Enugu,2025,8,2.8459999999999996,1.197032039259725,0,0,5.960000000000028,0
Enugu,2025,9,6.58,1.1561603548203896,0,0,19.71000000000003,0
Enugu,2025,10,-7.606,-0.9032478300302029,0,0,24.770000000000028,0
Enugu,2025,11,1.5999999999999996,0.3713871746057656,0,0,30.880000000000027,0
Enugu,2025,12,0.6300000000000008,0.09383080986376537,0,0,37.770000000000024,0
Enugu,2025,13,-1.774,-0.7659455478955188,0,0,25.260000000000026,0
Enugu,2025,14,-10.518,-0.73277563980825,0,0,28.270000000000028,0
Enugu,2025,15,4.416,0.2984342923598867,0,0,46.46000000000002,0
Enugu,2025,16,-8.533999999999999,-0.8486671113500419,0,0,36.35000000000002,0
Enugu,2025,17,5.856000000000002,0.5355855571220733,0,0,62.82000000000002,0
Enugu,2025,18,-6.962,-0.44237153405100665,0,0,68.43000000000002,0
Enugu,2025,19,-3.08,-0.543096281970007,0,0,51.440000000000026,0
Enugu,2025,20,-7.944000000000001,-1.170310867809004,0,0,64.23000000000002,0
Enugu,2025,21,-8.608,-0.883499959534889,0,0,47.47000000000002,0
Enugu,2025,22,15.89,0.7528180556450119,0,0,89.85000000000002,0
Enugu,2025,23,14.710000000000008,0.37445810908110333,1,1,159.67000000000002,0
Enugu,2025,24,-6.808,-0.6028257496718675,0,0,165.07000000000002,0
Enugu,2025,25,-35.68,-1.0152606139917981,0,0,165.49,0
Enugu,2025,26,5.128,0.18874077799774489,1,0,165.69000000000003,0
Enugu,2025,27,4.543999999999997,0.17058366729329774,1,0,150.11,0
Enugu,2025,28,13.308,1.0374582264731,0,0,165.11000000000004,0
Enugu,2025,29,-11.951999999999998,-0.2301223058858044,0,0,188.27,0
Enugu,2025,30,13.354,0.5435222179389981,0,0,188.0,0
Enugu,2025,31,40.676,1.4870306389132988,1,1,202.89000000000001,0
Enugu,2025,32,6.058,0.19408105633387115,1,0,226.90000000000003,0
Enugu,2025,33,-18.536,-0.49573560632839453,0,0,204.15,0
Enugu,2025,34,-29.955999999999996,-1.0106984975870577,0,0,158.71,0
Enugu,2025,35,-17.602,-0.852112766235916,0,0,107.28000000000003,0
Enugu,2025,36,-48.94599999999999,-1.292968415393178,0,0,54.590000000000025,0
Enugu,2025,37,-2.312000000000001,-0.5162660579287197,0,0,74.14000000000003,0
Enugu,2025,38,13.99199999999999,0.6790665221673207,1,0,123.12000000000003,0
Enugu,2025,39,-18.23,-0.9614616504437414,0,0,108.87000000000003,0
Enugu,2025,40,-24.142000000000003,-0.9225311896411033,0,0,126.98000000000002,0
Enugu,2025,41,-3.652000000000001,-0.2269187540099174,0,0,119.30000000000001,0
Enugu,2025,42,13.606000000000002,0.7826813321715683,0,0,102.51000000000003,0
Enugu,2025,43,-5.3500000000000005,-0.8091047771844216,0,0,99.27000000000004,0
Enugu,2025,44,-3.596,-0.2872537284110157,0,0,88.09000000000003,0
Enugu,2025,45,10.936000000000002,1.0999069097826129,0,0,86.35000000000004,0
Enugu,2025,46,0.5200000000000005,0.09307353215639946,0,0,49.59000000000003,0
Enugu,2025,47,-3.4840000000000004,-0.6509508512297841,0,0,42.75000000000003,0
Enugu,2025,48,-0.42599999999999993,-0.44911079941707693,0,0,29.29000000000003,0
Enugu,2025,49,8.836,1.7884576776366539,0,0,18.540000000000028,0
Enugu,2025,50,1.1099999999999999,0.5449596483952089,0,0,15.150000000000027,0
Enugu,2025,51,-0.44399999999999995,-0.31862317939062845,0,0,14.700000000000028,0
Enugu,2025,52,-1.6580000000000001,-0.4278325758314726,0,0,14.120000000000028,0
Enugu,2026,1,-3.1316666666666673,-0.5881127249089593,0,0,3.0600000000000285,0
FCT,2020,53,0.0,0,0,0,0.0,0
FCT,2021,1,-0.29166666666666663,-0.3973436600519093,0,0,0.01,0
FCT,2021,2,-0.702,-0.447213595499958,0,0,0.01,0
FCT,2021,3,-0.018,-0.4472135954999579,0,0,0.01,0
FCT,2021,4,-4.805999999999999,-0.4507221693202668,0,0,0.01,0
FCT,2021,5,0.148,1.1729788561542467,0,0,0.24,0
FCT,2021,6,0.136,1.7888543819998317,0,0,0.41000000000000003,0
FCT,2021,7,0.0,0,0,0,0.41000000000000003,0
FCT,2021,8,-0.818,-1.006301558079957,0,0,0.41000000000000003,0
FCT,2021,9,-2.5640000000000005,-1.0621435459056259,0,0,0.18000000000000002,0
FCT,2021,10,12.662000000000003,1.7338045944514522,0,0,17.820000000000004,0
FCT,2021,11,-3.824,-0.3387804107545553,0,0,20.560000000000002,0
FCT,2021,12,-0.2919999999999989,-0.04325213066149584,0,0,27.000000000000004,0
FCT,2021,13,-4.398,-0.5540408678515886,0,0,26.990000000000002,0
FCT,2021,14,7.603999999999999,1.0674425132859269,0,0,26.2,0
FCT,2021,15,12.946000000000002,0.8892190746787542,0,0,53.120000000000005,0
FCT,2021,16,-5.766000000000001,-0.4057376520670373,0,0,50.879999999999995,0
FCT,2021,17,-21.474,-0.8898075448065407,0,0,51.739999999999995,0
FCT,2021,18,-22.758000000000003,-1.6063185006826748,0,0,43.55,0
FCT,2021,19,-4.48,-0.21696710148055562,0,0,29.93,0
FCT,2021,20,-21.932000000000006,-0.3864440142282366,0,0,48.22,0
FCT,2021,21,-29.838,-0.5155449584889794,0,0,62.69,0
FCT,2021,22,56.599999999999994,1.5201097764301057,1,1,156.97,0
FCT,2021,23,-32.288,-0.7826835498432225,0,0,168.03,0
FCT,2021,24,-5.842000000000002,-0.5308496247699073,0,0,174.02,0
FCT,2021,25,11.638000000000012,0.2738812288942289,1,0,233.49,0
FCT,2021,26,47.944,1.750772017414889,1,1,220.74,0
FCT,2021,27,-12.846000000000004,-0.5141086281895539,0,0,215.79000000000002,0
FCT,2021,28,6.1179999999999986,0.9036491905036454,0,0,216.74,0
FCT,2021,29,-27.238,-0.17718111590502988,1,1,225.51,0
FCT,2021,30,-16.774,-0.8389157549306383,0,0,171.85,0
FCT,2021,31,89.76,1.7544791930240735,1,1,289.6,0
FCT,2021,32,23.548000000000002,0.7786454984715585,1,0,333.76,0
FCT,2021,33,3.1439999999999984,0.18640772081354326,0,0,294.73,0
FCT,2021,34,-6.220000000000013,-0.11637143865490122,1,0,322.14,0
FCT,2021,35,6.594000000000001,0.3651908669393198,0,0,229.14000000000001,0
FCT,2021,36,2.6899999999999977,0.30763869134988964,0,0,201.55,0
FCT,2021,37,39.738,1.1927912312618105,1,1,246.65,0
FCT,2021,38,-8.906000000000002,-0.4217728527921857,0,0,211.81,0
FCT,2021,39,-8.623999999999999,-0.6588411591790724,0,0,195.52999999999997,0
FCT,2021,40,-7.548000000000002,-0.6218750660375959,0,0,188.21999999999997,0
FCT,2021,41,-12.747999999999998,-1.000866707270598,0,0,120.75,0
FCT,2021,42,3.2259999999999955,0.1265421096094356,0,0,118.47,0
FCT,2021,43,23.624,1.6822359019200361,0,0,122.36,0
FCT,2021,44,8.434000000000001,1.1317881582612448,0,0,97.95,0
FCT,2021,45,9.062,1.7466834269423366,0,0,88.32,0
FCT,2021,46,11.258000000000001,1.7887286388279813,0,0,75.47,0
FCT,2021,47,-1.2760000000000002,-0.3357792423396283,0,0,41.519999999999996,0
FCT,2021,48,0.016,1.7888543819998317,0,0,27.259999999999998,0
FCT,2021,49,-0.026000000000000002,-0.34651269523261513,0,0,14.73,0
FCT,2021,50,-0.01,-0.4472135954999579,0,0,0.5900000000000001,0
FCT,2021,51,1.064,1.7888543819998317,0,0,1.36,0
FCT,2021,52,2.048,1.7888543819998317,0,0,3.9000000000000004,0
FCT,2022,1,1.498333333333333,2.0412111450666655,0,0,5.6899999999999995,0
FCT,2022,2,2.808,1.788854381999832,0,0,9.2,0
FCT,2022,3,0.072,1.7888543819998317,0,0,7.96,0
FCT,2022,4,19.073999999999998,1.7888211938441052,0,0,29.279999999999998,0
FCT,2022,5,-0.092,-0.7291490186904777,0,0,27.479999999999997,0
FCT,2022,6,-0.034,-0.4472135954999579,0,0,23.97,0
FCT,2022,7,0.0,0,0,0,23.88,0
FCT,2022,8,-0.7879999999999999,-0.9693956329670003,0,0,0.03,0
FCT,2022,9,1.616,0.6694321256565878,0,0,4.220000000000001,0
FCT,2022,10,-1.7780000000000005,-0.24346110953519842,0,0,7.590000000000001,0
FCT,2022,11,-6.134,-0.5434307111842162,0,0,8.020000000000001,0
FCT,2022,12,9.328,1.3816982014055978,0,0,24.05,0
FCT,2022,13,14.122,1.7790279981355466,0,0,38.379999999999995,0
FCT,2022,14,7.864000000000001,1.1039410737086441,0,0,52.290000000000006,0
FCT,2022,15,18.386000000000003,1.2628751666185367,0,0,86.96000000000001,0
FCT,2022,16,24.484,1.7228721250796637,0,0,105.35,0
FCT,2022,17,39.105999999999995,1.6204160308840725,1,0,148.27,0
FCT,2022,18,11.091999999999999,0.7829020480522113,0,0,173.67000000000002,0
FCT,2022,19,35.989999999999995,1.7430013353315168,0,0,195.07999999999998,0
FCT,2022,20,98.93800000000002,1.743297368215998,1,1,303.99,0
FCT,2022,21,101.43199999999999,1.7525556749599218,1,1,389.15,0
FCT,2022,22,-5.900000000000006,-0.1584566728080854,0,0,387.08,0
FCT,2022,23,39.711999999999996,0.9626464671510794,1,1,429.67,0
FCT,2022,24,-10.082000000000004,-0.9161290511691552,0,0,310.55,0
FCT,2022,25,65.96799999999999,1.5524486086693992,1,1,293.08,0
FCT,2022,26,-14.665999999999997,-0.5355586185426071,0,0,280.21999999999997,0
FCT,2022,27,-16.616000000000003,-0.6649874642688485,0,0,199.5,0
FCT,2022,28,-8.302000000000001,-1.2262333408893866,0,0,190.26999999999998,0
FCT,2022,29,-85.818,-0.558239555207352,0,0,86.13,0
FCT,2022,30,7.825999999999993,0.39140066162436926,1,0,119.67999999999999,0
FCT,2022,31,-6.450000000000003,-0.12607387249337432,0,0,144.99,0
FCT,2022,32,14.867999999999995,0.4916299163952407,1,0,194.89,0
FCT,2022,33,-12.846,-0.7616391798889243,0,0,198.45,0
FCT,2022,34,90.42999999999998,1.6918760767785679,1,1,297.90999999999997,0
FCT,2022,35,26.65400000000001,1.476159746345258,1,0,321.17999999999995,0
FCT,2022,36,8.32,0.9515070304948267,0,0,307.90000000000003,0
FCT,2022,37,32.568,0.977573728414481,1,1,361.82,0
FCT,2022,38,5.893999999999998,0.2791297096740558,0,0,245.13,0
FCT,2022,39,14.515999999999998,1.108967795297242,0,0,231.93,0
FCT,2022,40,17.532000000000004,1.444450670080966,1,0,244.07,0
FCT,2022,41,13.131999999999998,1.0310151866863424,0,0,209.65,0
FCT,2022,42,-22.384000000000004,-0.8780280785795446,0,0,166.96,0
FCT,2022,43,-9.995999999999999,-0.7118028308327413,0,0,114.09,0
FCT,2022,44,-5.805999999999999,-0.7791275844041718,0,0,50.36,0
FCT,2022,45,-3.2880000000000003,-0.6337558053174137,0,0,2.5,0
FCT,2022,46,-2.882,-0.45790690505438286,0,0,1.1199999999999999,0
FCT,2022,47,-1.8360000000000003,-0.4831431731469887,0,0,0.23,0
FCT,2022,48,-0.004,-0.4472135954999579,0,0,0.19,0
FCT,2022,49,-0.036000000000000004,-0.479786808783621,0,0,0.0,0
FCT,2022,50,-0.01,-0.4472135954999579,0,0,0.0,0
FCT,2022,51,-0.266,-0.4472135954999579,0,0,0.0,0
FCT,2022,52,-0.512,-0.4472135954999579,0,0,0.0,0
FCT,2023,1,-0.30166666666666664,-0.410966871253689,0,0,0.0,0
FCT,2023,2,-0.702,-0.447213595499958,0,0,0.0,0
FCT,2023,3,-0.018,-0.4472135954999579,0,0,0.0,0
FCT,2023,4,-4.655999999999999,-0.43665468588330464,0,0,0.15,0
FCT,2023,5,0.128,1.0144681999171863,0,0,0.37,0
FCT,2023,6,-0.034,-0.4472135954999579,0,0,0.37,0
FCT,2023,7,0.0,0,0,0,0.37,0
FCT,2023,8,0.832,1.0235243231326703,0,0,1.8699999999999999,0
FCT,2023,9,2.5660000000000003,1.0629720510116363,0,0,6.790000000000001,0
FCT,2023,10,-1.008000000000001,-0.13802519595696297,0,0,10.93,0
FCT,2023,11,-4.324,-0.3830770125791572,0,0,13.170000000000002,0
FCT,2023,12,3.708,0.5492428099069423,0,0,21.96,0
FCT,2023,13,-2.2279999999999998,-0.2806737275064437,0,0,18.99,0
FCT,2023,14,-3.8160000000000007,-0.5356865637426483,0,0,20.449999999999996,0
FCT,2023,15,-13.203999999999999,-0.906940264333251,0,0,21.72,0
FCT,2023,16,-0.006000000000000227,-0.0004222035921613451,0,0,21.24,0
FCT,2023,17,-6.224,-0.257900817680726,0,0,35.18,0
FCT,2023,18,-4.908000000000001,-0.34641933391996527,0,0,56.26,0
FCT,2023,19,-7.809999999999999,-0.37823952289355783,0,0,65.46000000000001,0
FCT,2023,20,-5.632000000000005,-0.09923639832817024,0,0,94.28999999999999,0
FCT,2023,21,-29.238,-0.5051780781654527,0,0,94.11,0
FCT,2023,22,-33.510000000000005,-0.8999801874235487,0,0,80.43,0
FCT,2023,23,50.112,1.2147496918280343,1,1,177.22,0
FCT,2023,24,13.537999999999997,1.2301681308002397,0,0,186.29000000000002,0
FCT,2023,25,-3.942,-0.09276850011179319,0,0,229.57999999999998,0
FCT,2023,26,-19.915999999999997,-0.7272729746962064,0,0,239.07999999999998,0
FCT,2023,27,0.4339999999999975,0.017369075559260864,0,0,165.01,0
FCT,2023,28,7.817999999999998,1.1547449119577475,0,0,148.28,0
FCT,2023,29,-70.518,-0.45871422025812825,0,0,129.35,0
FCT,2023,30,-17.694000000000003,-0.8849275883952973,0,0,142.63,0
FCT,2023,31,-28.54,-0.5578524528621552,0,0,128.79999999999998,0
FCT,2023,32,-24.032,-0.7946495931403301,0,0,123.67999999999999,0
FCT,2023,33,17.494,1.0372190419567835,0,0,142.28,0
FCT,2023,34,-31.150000000000013,-0.5827926550000269,0,0,145.68,0
FCT,2023,35,-2.936,-0.1626024242241193,0,0,161.45,0
FCT,2023,36,1.4499999999999957,0.1658275473819104,0,0,180.2,0
FCT,2023,37,-17.962,-0.5391543634789029,0,0,153.25,0
FCT,2023,38,-14.926000000000002,-0.7068697059034541,0,0,137.32,0
FCT,2023,39,-14.154,-1.0813123570292895,0,0,125.03999999999999,0
FCT,2023,40,-14.317999999999998,-1.1796511917761388,0,0,112.20000000000002,0
FCT,2023,41,14.262,1.119733368300382,0,0,129.44,0
FCT,2023,42,42.546,1.6688966507882996,1,0,172.5,0
FCT,2023,43,-10.675999999999998,-0.7602247921138802,0,0,147.62,0
FCT,2023,44,7.854,1.0539559159335803,0,0,129.4,0
FCT,2023,45,-1.108,-0.21356491249747397,0,0,82.59,0
FCT,2023,46,-2.702,-0.4293075841280161,0,0,16.46,0
FCT,2023,47,6.784000000000001,1.7852087617805943,0,0,24.87,0
FCT,2023,48,-0.004,-0.4472135954999579,0,0,11.170000000000002,0
FCT,2023,49,-0.036000000000000004,-0.479786808783621,0,0,8.8,0
FCT,2023,50,-0.01,-0.4472135954999579,0,0,8.620000000000001,0
FCT,2023,51,-0.266,-0.4472135954999579,0,0,0.0,0
FCT,2023,52,-0.512,-0.4472135954999579,0,0,0.0,0
FCT,2024,1,-0.30166666666666664,-0.410966871253689,0,0,0.0,0
FCT,2024,2,-0.702,-0.447213595499958,0,0,0.0,0
FCT,2024,3,-0.018,-0.4472135954999579,0,0,0.0,0
FCT,2024,4,-4.805999999999999,-0.4507221693202668,0,0,0.0,0
FCT,2024,5,-0.092,-0.7291490186904777,0,0,0.0,0
FCT,2024,6,-0.034,-0.4472135954999579,0,0,0.0,0
FCT,2024,7,0.0,0,0,0,0.0,0
FCT,2024,8,0.8119999999999999,0.9989203730573657,0,0,1.63,0
FCT,2024,9,-2.5740000000000003,-1.0662860714356788,0,0,1.63,0
FCT,2024,10,-5.118,-0.7008065009005316,0,0,1.66,0
FCT,2024,11,20.116,1.7821408846073836,0,0,28.34,0
FCT,2024,12,-6.731999999999999,-0.9971689849766815,0,0,26.71,0
FCT,2024,13,-4.077999999999999,-0.5137286628237331,0,0,27.03,0
FCT,2024,14,-6.486000000000001,-0.9104987034682435,0,0,29.93,0
FCT,2024,15,-7.733999999999998,-0.5312235689452713,0,0,12.23,0
FCT,2024,16,-9.206000000000001,-0.6478010449061994,0,0,12.99,0
FCT,2024,17,5.146000000000001,0.21323226346160282,0,0,40.15,0
FCT,2024,18,7.7819999999999965,0.5492736871567171,0,0,76.59,0
FCT,2024,19,-6.939999999999998,-0.33610528666853917,0,0,81.19,0
FCT,2024,20,-39.882000000000005,-0.702724793701009,0,0,84.97000000000001,0
FCT,2024,21,-5.878,-0.1015608709028159,0,0,96.78,0
FCT,2024,22,-31.360000000000007,-0.842237501569755,0,0,72.56,0
FCT,2024,23,-32.028,-0.7763809692262986,0,0,86.34,0
FCT,2024,24,-7.822000000000003,-0.7107678474752164,0,0,108.3,0
FCT,2024,25,-38.652,-0.9096113816136556,0,0,93.52,0
FCT,2024,26,-6.635999999999996,-0.24232694617814943,0,0,114.15,0
FCT,2024,27,-14.076,-0.5633343492446022,0,0,107.71000000000001,0
FCT,2024,28,-2.862000000000002,-0.4227270322362595,0,0,101.66000000000001,0
FCT,2024,29,271.512,1.76616488514599,1,1,459.47,0
FCT,2024,30,30.476,1.5241919963792854,1,1,507.64,0
FCT,2024,31,-22.060000000000002,-0.4311921902641607,0,0,514.8,0
FCT,2024,32,-40.372,-1.3349531197678681,0,0,504.02,0
FCT,2024,33,-21.596,-1.2804265708299243,0,0,141.5,0
FCT,2024,34,-6.1200000000000045,-0.11450051520385764,1,0,121.76,0
FCT,2024,35,-8.745999999999999,-0.4843735702534561,0,0,125.24000000000001,0
FCT,2024,36,2.4199999999999946,0.2767604583891196,0,0,161.3,0
FCT,2024,37,-26.652,-0.7999967762743414,0,0,164.75,0
FCT,2024,38,-16.386000000000003,-0.7760127965251239,0,0,122.32999999999998,0
FCT,2024,39,-4.973999999999997,-0.3799948893502672,0,0,125.03999999999999,0
FCT,2024,40,4.462000000000003,0.36762142881024834,0,0,130.01,0
FCT,2024,41,-6.038,-0.47405343414652273,0,0,135.64000000000001,0
FCT,2024,42,-13.204000000000002,-0.5179361485688129,0,0,124.41000000000001,0
FCT,2024,43,1.0239999999999991,0.07291777698806788,0,0,102.05,0
FCT,2024,44,-5.815999999999999,-0.7804695196167177,0,0,51.379999999999995,0
FCT,2024,45,-3.478,-0.6703779473521791,0,0,22.5,0
FCT,2024,46,-2.882,-0.45790690505438286,0,0,11.939999999999998,0
FCT,2024,47,-1.8360000000000003,-0.4831431731469887,0,0,0.03,0
FCT,2024,48,-0.004,-0.4472135954999579,0,0,0.0,0
FCT,2024,49,-0.036000000000000004,-0.479786808783621,0,0,0.0,0
FCT,2024,50,-0.01,-0.4472135954999579,0,0,0.0,0
FCT,2024,51,-0.266,-0.4472135954999579,0,0,0.0,0
FCT,2024,52,-0.512,-0.4472135954999579,0,0,0.0,0
FCT,2025,1,-0.30166666666666664,-0.410966871253689,0,0,0.0,0
FCT,2025,2,-0.702,-0.447213595499958,0,0,0.0,0
FCT,2025,3,-0.018,-0.4472135954999579,0,0,0.0,0
FCT,2025,4,-4.805999999999999,-0.4507221693202668,0,0,0.0,0
FCT,2025,5,-0.092,-0.7291490186904777,0,0,0.0,0
FCT,2025,6,-0.034,-0.4472135954999579,0,0,0.0,0
FCT,2025,7,0.0,0,0,0,0.0,0
FCT,2025,8,-0.03799999999999992,-0.0467475051430786,0,0,0.78,0
FCT,2025,9,0.9559999999999995,0.39602544067308015,0,0,4.31,0
FCT,2025,10,-4.758000000000001,-0.6515117880587592,0,0,4.7,0
FCT,2025,11,-5.834,-0.5168527500894549,0,0,5.43,0
FCT,2025,12,-6.012,-0.8905198956743626,0,0,5.37,0
FCT,2025,13,-3.4179999999999997,-0.4305847399537812,0,0,2.8200000000000003,0
FCT,2025,14,-5.166,-0.7251983197836795,0,0,6.68,0
FCT,2025,15,-10.393999999999998,-0.7139304080187678,0,0,12.27,0
FCT,2025,16,-9.506000000000002,-0.6689112245142659,0,0,12.01,0
FCT,2025,17,-16.554,-0.685939931858409,0,0,16.81,0
FCT,2025,18,8.792000000000002,0.6205620993937111,0,0,52.94,0
FCT,2025,19,-16.759999999999998,-0.8116894242888641,0,0,50.38,0
FCT,2025,20,-31.492000000000004,-0.5548921619585823,0,0,62.85,0
FCT,2025,21,-36.478,-0.6302717674026741,0,0,65.76,0
FCT,2025,22,14.169999999999995,0.38056458537128257,0,0,86.06,0
FCT,2025,23,-25.508000000000003,-0.6183316399095925,0,0,116.17999999999998,0
FCT,2025,24,10.207999999999998,0.9275783926140381,0,0,147.78,0
FCT,2025,25,-35.012,-0.8239499558381793,0,0,167.24,0
FCT,2025,26,-6.725999999999999,-0.24561347799792554,0,0,142.25,0
FCT,2025,27,43.104000000000006,1.7250613661437437,1,0,186.47,0
FCT,2025,28,-2.772000000000002,-0.40943372933574823,0,0,162.48,0
FCT,2025,29,-87.93799999999999,-0.5720299937754797,0,0,157.2,0
FCT,2025,30,-3.834000000000003,-0.19174931467771966,0,0,171.14999999999998,0
FCT,2025,31,-32.71,-0.6393606774043833,0,0,110.47999999999999,0
FCT,2025,32,25.988,0.8593272980413988,1,0,165.97,0
FCT,2025,33,13.804000000000002,0.8184389879485219,0,0,198.3,0
FCT,2025,34,-46.94000000000001,-0.8782114679197834,0,0,172.05,0
FCT,2025,35,-21.566,-1.1943746188070017,0,0,173.36,0
FCT,2025,36,-14.880000000000003,-1.701733727615748,0,0,125.76,0
FCT,2025,37,-27.692,-0.8312138199230474,0,0,92.77,0
FCT,2025,38,34.324,1.6255256455467075,1,0,141.88,0
FCT,2025,39,13.235999999999997,1.011180610261387,0,0,175.62,0
FCT,2025,40,-0.1280000000000001,-0.010545841077479112,0,0,193.29999999999998,0
FCT,2025,41,-8.608,-0.6758284135696038,0,0,197.39999999999998,0
FCT,2025,42,-10.184000000000005,-0.3994745332493783,0,0,138.48,0
FCT,2025,43,-3.975999999999999,-0.2831260559614825,0,0,92.91,0
FCT,2025,44,-4.6659999999999995,-0.6261469701739348,0,0,47.98,0
FCT,2025,45,-1.1880000000000002,-0.22898476177526994,0,0,23.959999999999997,0
FCT,2025,46,-2.7920000000000003,-0.4436072445911995,0,0,10.47,0
FCT,2025,47,-1.8360000000000003,-0.4831431731469887,0,0,3.5599999999999996,0
FCT,2025,48,-0.004,-0.4472135954999579,0,0,2.38,0
FCT,2025,49,0.134,1.785873121583478,0,0,0.26,0
FCT,2025,50,0.04,1.7888543819998317,0,0,0.22000000000000003,0
FCT,2025,51,-0.266,-0.4472135954999579,0,0,0.22000000000000003,0
FCT,2025,52,-0.512,-0.4472135954999579,0,0,0.22000000000000003,0
FCT,2026,1,-0.30166666666666664,-0.410966871253689,0,0,0.05,0
Gombe,2020,53,0.0,0,0,0,0.0,0
Gombe,2021,1,-0.005,-0.4082482904638631,0,0,0.0,0
Gombe,2021,2,0.0,0,0,0,0.0,0
Gombe,2021,3,0.0,0,0,0,0.0,0
Gombe,2021,4,0.0,0,0,0,0.0,0
Gombe,2021,5,0.0,0,0,0,0.0,0
Gombe,2021,6,0.0,0,0,0,0.0,0
Gombe,2021,7,0.0,0,0,0,0.0,0
Gombe,2021,8,0.5159999999999999,0.5141319533693071,0,0,1.2,0
Gombe,2021,9,-3.034,-0.4472135954999579,0,0,1.2,0
Gombe,2021,10,9.202,1.486671400773393,0,0,14.69,0
Gombe,2021,11,-8.406,-0.4472135954999579,0,0,14.69,0
Gombe,2021,12,-0.01999999999999999,-0.15339299776947402,0,0,13.540000000000001,0
Gombe,2021,13,-1.0,-0.447213595499958,0,0,13.540000000000001,0
Gombe,2021,14,-40.518,-0.4899964233263683,0,0,0.8,0
Gombe,2021,15,19.916,1.7866627969262578,0,0,27.26,0
Gombe,2021,16,-13.35,-1.0522170960264716,0,0,27.21,0
Gombe,2021,17,-76.162,-0.5386608867556976,0,0,27.29,0
Gombe,2021,18,0.8200000000000003,0.03573691310363358,0,0,43.87,0
Gombe,2021,19,9.691999999999993,0.10863944947557097,1,0,99.74,0
Gombe,2021,20,-30.42800000000001,-0.20941125026627566,0,0,159.20999999999998,0
Gombe,2021,21,-52.36200000000001,-0.5077490558714722,0,0,159.24999999999997,0
Gombe,2021,22,65.51599999999999,1.4148653148407875,1,0,256.61,0
Gombe,2021,23,22.763999999999996,0.5441763327271697,0,0,255.59000000000003,0
Gombe,2021,24,-2.019999999999996,-0.1614740476934973,0,0,222.94,0
Gombe,2021,25,24.14999999999999,0.2858120702455313,1,0,315.05,0
Gombe,2021,26,72.786,1.7036636739858189,1,1,329.48,0
Gombe,2021,27,58.83,1.675153825112983,1,0,349.27,0
Gombe,2021,28,114.504,1.6526889095665136,1,1,509.98,0
Gombe,2021,29,-10.548000000000002,-0.05718981023936053,1,1,563.19,0
Gombe,2021,30,13.744,0.3246154013347488,0,0,503.27,0
Gombe,2021,31,38.711999999999996,1.193878955150634,1,0,488.46999999999997,0
Gombe,2021,32,41.726,1.5188033946733106,1,0,412.38,0
Gombe,2021,33,-0.29399999999999693,-0.011351469129313708,0,0,317.45,0
Gombe,2021,34,3.3899999999999864,0.03881957260567877,1,0,361.95000000000005,0
Gombe,2021,35,-19.230000000000004,-0.805357556659705,0,0,282.18,0
Gombe,2021,36,7.923999999999992,0.2609013993722827,0,0,250.59,0
Gombe,2021,37,130.98000000000002,1.785741911820454,1,1,406.64,0
Gombe,2021,38,74.24399999999999,1.5918497319579636,1,1,428.27,0
Gombe,2021,39,21.616,1.577772685432107,0,0,481.18,0
Gombe,2021,40,43.516000000000005,1.299141808798532,1,0,492.33,0
Gombe,2021,41,16.226,1.364629721280111,0,0,316.65,0
Gombe,2021,42,17.701999999999998,1.5688477873059994,0,0,210.55,0
Gombe,2021,43,6.8839999999999995,1.7888528720841093,0,0,159.72,0
Gombe,2021,44,36.116,1.7888543271423747,0,0,113.87,0
Gombe,2021,45,11.07,1.7888539440737188,0,0,96.83000000000001,0
Gombe,2021,46,0.41200000000000003,1.1224866355689402,0,0,68.28,0
Gombe,2021,47,0.0,0,0,0,59.67000000000001,0
Gombe,2021,48,0.0,0,0,0,14.52,0
Gombe,2021,49,0.0,0,0,0,0.68,0
Gombe,2021,50,0.0,0,0,0,0.0,0
Gombe,2021,51,0.008,1.7888543819998317,0,0,0.01,0
Gombe,2021,52,3.2559999999999993,1.7888543819998317,0,0,4.079999999999999,0
Gombe,2022,1,0.024999999999999998,2.041241452319315,0,0,4.109999999999999,0
Gombe,2022,2,0.0,0,0,0,4.109999999999999,0
Gombe,2022,3,0.0,0,0,0,4.1,0
Gombe,2022,4,0.0,0,0,0,0.03,0
Gombe,2022,5,0.0,0,0,0,0.0,0
Gombe,2022,6,0.0,0,0,0,0.0,0
Gombe,2022,7,0.0,0,0,0,0.0,0
Gombe,2022,8,-0.684,-0.6815237521407096,0,0,0.0,0
Gombe,2022,9,-3.034,-0.4472135954999579,0,0,0.0,0
Gombe,2022,10,-4.288,-0.6927675468937523,0,0,0.0,0
Gombe,2022,11,-8.406,-0.4472135954999579,0,0,0.0,0
Gombe,2022,12,-0.06999999999999999,-0.5368754921931593,0,0,0.0,0
Gombe,2022,13,4.0,1.788854381999832,0,0,5.0,0
Gombe,2022,14,147.352,1.7819722831824625,1,1,193.62,0
Gombe,2022,15,-5.303999999999999,-0.4758214237244863,0,0,194.86,0
Gombe,2022,16,3.4000000000000004,0.26798038400674185,0,0,211.61,0
Gombe,2022,17,249.46800000000002,1.7643792717781883,1,1,532.32,0
Gombe,2022,18,-12.219999999999999,-0.5325671684468319,0,0,347.99000000000007,0
Gombe,2022,19,145.272,1.6283811498364793,1,1,564.6600000000001,0
Gombe,2022,20,255.80200000000002,1.7604777389448478,1,1,893.6100000000001,0
Gombe,2022,21,183.568,1.7800404623240975,1,1,803.95,0
Gombe,2022,22,28.686,0.6194948779156669,0,0,877.5200000000001,0
Gombe,2022,23,34.263999999999996,0.819085304189235,1,0,752.4200000000001,0
Gombe,2022,24,15.660000000000004,1.2518235578614718,0,0,451.22,0
Gombe,2022,25,137.92999999999998,1.6323833891911446,1,1,421.18,0
Gombe,2022,26,-0.13400000000000034,-0.003136467621714345,0,0,399.52,0
Gombe,2022,27,-9.489999999999995,-0.2702228420928472,0,0,339.49,0
Gombe,2022,28,2.6140000000000043,0.037729064570730046,0,0,370.63,0
Gombe,2022,29,-82.638,-0.4480519092302119,0,0,237.97,0
Gombe,2022,30,-23.896000000000004,-0.5643924352659457,0,0,213.32999999999998,0
Gombe,2022,31,8.082,0.2492490627073627,0,0,236.22000000000003,0
Gombe,2022,32,11.935999999999993,0.4344638191731923,1,0,242.23,0
Gombe,2022,33,14.24600000000001,0.5500443170619214,0,0,233.93,0
Gombe,2022,34,-72.07000000000002,-0.8252880819148322,0,0,240.61,0
Gombe,2022,35,-7.48,-0.3132644058145914,0,0,203.22,0
Gombe,2022,36,49.334,1.6243449819071438,1,1,242.83,0
Gombe,2022,37,-31.9,-0.4349150021917276,0,0,221.46,0
Gombe,2022,38,-39.946,-0.8564736462581868,0,0,204.35999999999999,0
Gombe,2022,39,-12.073999999999998,-0.8812929035856429,0,0,211.82999999999998,0
Gombe,2022,40,-32.364,-0.966206119587179,0,0,105.69,0
Gombe,2022,41,-4.384000000000002,-0.3687006469919888,0,0,72.28,0
Gombe,2022,42,-7.978000000000001,-0.7070538722815085,0,0,54.69,0
Gombe,2022,43,-1.7259999999999998,-0.44851250104839807,0,0,28.939999999999998,0
Gombe,2022,44,-9.024000000000001,-0.44696592779191474,0,0,13.83,0
Gombe,2022,45,-2.77,-0.4476174729073352,0,0,3.5599999999999996,0
Gombe,2022,46,-0.268,-0.7301612095448446,0,0,0.01,0
Gombe,2022,47,0.0,0,0,0,0.01,0
Gombe,2022,48,0.0,0,0,0,0.0,0
Gombe,2022,49,0.0,0,0,0,0.0,0
Gombe,2022,50,0.0,0,0,0,0.0,0
Gombe,2022,51,-0.002,-0.4472135954999579,0,0,0.0,0
Gombe,2022,52,-0.8139999999999998,-0.4472135954999579,0,0,0.0,0
Gombe,2023,1,-0.005,-0.4082482904638631,0,0,0.0,0
Gombe,2023,2,0.0,0,0,0,0.0,0
Gombe,2023,3,0.0,0,0,0,0.0,0
Gombe,2023,4,0.0,0,0,0,0.0,0
Gombe,2023,5,0.0,0,0,0,0.0,0
Gombe,2023,6,0.0,0,0,0,0.0,0
Gombe,2023,7,0.0,0,0,0,0.0,0
Gombe,2023,8,-0.684,-0.6815237521407096,0,0,0.0,0
Gombe,2023,9,12.136,1.7888543819998317,0,0,15.169999999999998,0
Gombe,2023,10,3.662,0.591631239907864,0,0,23.119999999999997,0
Gombe,2023,11,-8.406,-0.4472135954999579,0,0,23.119999999999997,0
Gombe,2023,12,0.22999999999999998,1.7640194743489521,0,0,23.419999999999998,0
Gombe,2023,13,-1.0,-0.447213595499958,0,0,8.25,0
Gombe,2023,14,-24.298000000000002,-0.29384305972614877,0,0,17.27,0
Gombe,2023,15,-5.124,-0.45967363785148346,0,0,18.689999999999998,0
Gombe,2023,16,10.160000000000002,0.8007884416201463,0,0,41.900000000000006,0
Gombe,2023,17,-22.002000000000002,-0.15561063037208658,0,0,96.14,0
Gombe,2023,18,39.4,1.717115093028247,0,0,135.07999999999998,0
Gombe,2023,19,-9.758000000000003,-0.10937925587934612,0,0,196.54000000000002,0
Gombe,2023,20,-47.32800000000001,-0.3257202462403803,0,0,215.6,0
Gombe,2023,21,-28.202000000000005,-0.27347196198936746,0,0,185.64000000000001,0
Gombe,2023,22,-48.574,-1.0489905947108558,0,0,130.33,0
Gombe,2023,23,33.81399999999999,0.8083279966102845,1,0,159.81,0
Gombe,2023,24,-16.489999999999995,-1.3181718051810767,0,0,129.59,0
Gombe,2023,25,-62.460000000000015,-0.7392058760884429,0,0,110.92999999999999,0
Gombe,2023,26,-32.944,-0.7711029054459486,0,0,133.72,0
Gombe,2023,27,-35.53999999999999,-1.0119831199135714,0,0,48.09,0
Gombe,2023,28,-50.65599999999999,-0.731141352293381,0,0,58.11,0
Gombe,2023,29,-145.998,-0.7915811447977016,0,0,62.480000000000004,0
Gombe,2023,30,-54.766000000000005,-1.2935016785141775,0,0,39.78,0
Gombe,2023,31,-19.198,-0.5920667540034581,0,0,61.44,0
Gombe,2023,32,-13.244,-0.4820742980169037,0,0,95.53999999999999,0
Gombe,2023,33,-24.574,-0.9488129332780885,0,0,111.78,0
Gombe,2023,34,-44.30000000000001,-0.5072882201863059,0,0,177.1,0
Gombe,2023,35,-22.900000000000002,-0.9590581407960085,0,0,151.57000000000002,0
Gombe,2023,36,-17.406,-0.5731006761072636,0,0,149.62,0
Gombe,2023,37,-35.78,-0.4878137548094048,0,0,163.19,0
Gombe,2023,38,-9.415999999999997,-0.2018864430272639,0,0,148.85,0
Gombe,2023,39,-10.823999999999998,-0.7900541981456849,0,0,172.98999999999998,0
Gombe,2023,40,-32.513999999999996,-0.9706842717914206,0,0,133.44,0
Gombe,2023,41,-12.044000000000002,-1.0129175621285382,0,0,96.25,0
Gombe,2023,42,-0.018000000000000682,-0.0015952581726081268,0,0,56.09,0
Gombe,2023,43,-1.7259999999999998,-0.44851250104839807,0,0,29.09,0
Gombe,2023,44,-9.024000000000001,-0.44696592779191474,0,0,14.129999999999999,0
Gombe,2023,45,-2.77,-0.4476174729073352,0,0,11.52,0
Gombe,2023,46,0.392,1.0679969930655937,0,0,0.67,0
Gombe,2023,47,0.0,0,0,0,0.67,0
Gombe,2023,48,0.0,0,0,0,0.66,0
Gombe,2023,49,0.0,0,0,0,0.66,0
Gombe,2023,50,0.0,0,0,0,0.0,0
Gombe,2023,51,-0.002,-0.4472135954999579,0,0,0.0,0
Gombe,2023,52,-0.8139999999999998,-0.4472135954999579,0,0,0.0,0
Gombe,2024,1,-0.005,-0.4082482904638631,0,0,0.0,0
Gombe,2024,2,0.0,0,0,0,0.0,0
Gombe,2024,3,0.0,0,0,0,0.0,0
Gombe,2024,4,0.0,0,0,0,0.0,0
Gombe,2024,5,0.0,0,0,0,0.0,0
Gombe,2024,6,0.0,0,0,0,0.0,0
Gombe,2024,7,0.0,0,0,0,0.0,0
Gombe,2024,8,1.536,1.5304393030528214,0,0,2.22,0
Gombe,2024,9,-3.034,-0.4472135954999579,0,0,2.22,0
Gombe,2024,10,-4.288,-0.6927675468937523,0,0,2.22,0
Gombe,2024,11,33.624,1.7888543819998317,0,0,44.25,0
Gombe,2024,12,-0.06999999999999999,-0.5368754921931593,0,0,42.03,0
Gombe,2024,13,-1.0,-0.447213595499958,0,0,42.03,0
Gombe,2024,14,-41.268,-0.4990664000649727,0,0,42.03,0
Gombe,2024,15,-5.443999999999999,-0.48838081273682193,0,0,1.1,0
Gombe,2024,16,13.139999999999999,1.0356653664260551,0,0,27.59,0
Gombe,2024,17,-75.102,-0.5311639651942753,0,0,28.73,0
Gombe,2024,18,-11.589999999999998,-0.5051107595989183,0,0,33.65,0
Gombe,2024,19,-72.56800000000001,-0.8134283501385928,0,0,32.62,0
Gombe,2024,20,-88.418,-0.6085093968070052,0,0,7.609999999999999,0
Gombe,2024,21,-51.04200000000001,-0.4949491484242711,0,0,7.91,0
Gombe,2024,22,-28.344,-0.6121091410319203,0,0,23.82,0
Gombe,2024,23,-49.77600000000001,-1.1899016489996315,0,0,32.519999999999996,0
Gombe,2024,24,-5.669999999999995,-0.45324646060501517,0,0,54.21,0
Gombe,2024,25,-56.41000000000001,-0.6676049226728956,0,0,64.44,0
Gombe,2024,26,-11.804000000000002,-0.2762900284083286,0,0,88.14000000000001,0
Gombe,2024,27,-3.4299999999999926,-0.09766747611996464,0,0,118.21000000000001,0
Gombe,2024,28,-58.806,-0.8487740517009745,0,0,109.26000000000002,0
Gombe,2024,29,318.602,1.7274163748464864,1,1,572.18,0
Gombe,2024,30,57.994,1.3697428394213782,1,0,641.1,0
Gombe,2024,31,16.961999999999996,0.5231084634548732,0,0,666.81,0
Gombe,2024,32,-11.744,-0.4274751250309965,0,0,710.56,0
Gombe,2024,33,-24.854000000000003,-0.9596238562583874,0,0,261.92,0
Gombe,2024,34,148.56,1.7011904738347083,1,1,407.34000000000003,0
Gombe,2024,35,17.74,0.7429559571057287,0,0,386.29,0
Gombe,2024,36,-12.996000000000002,-0.42789936726933236,0,0,387.25000000000006,0
Gombe,2024,37,-37.239999999999995,-0.507718955536675,0,0,399.64,0
Gombe,2024,38,-36.885999999999996,-0.7908648404315696,0,0,164.97,0
Gombe,2024,39,3.7860000000000014,0.2763437910365451,0,0,163.07999999999998,0
Gombe,2024,40,-0.7539999999999978,-0.02251017841332131,0,0,150.88,0
Gombe,2024,41,-8.204,-0.6899680903107378,0,0,118.98999999999998,0
Gombe,2024,42,1.6719999999999988,0.1481817591444825,0,0,107.99,0
Gombe,2024,43,-1.7159999999999997,-0.44591393499365645,0,0,66.39,0
Gombe,2024,44,-9.034,-0.44746123577927277,0,0,19.66,0
Gombe,2024,45,-2.77,-0.4476174729073352,0,0,13.209999999999999,0
Gombe,2024,46,-0.268,-0.7301612095448446,0,0,0.01,0
Gombe,2024,47,0.0,0,0,0,0.0,0
Gombe,2024,48,0.0,0,0,0,0.0,0
Gombe,2024,49,0.0,0,0,0,0.0,0
Gombe,2024,50,0.0,0,0,0,0.0,0
Gombe,2024,51,-0.002,-0.4472135954999579,0,0,0.0,0
Gombe,2024,52,-0.8139999999999998,-0.4472135954999579,0,0,0.0,0
Gombe,2025,1,-0.005,-0.4082482904638631,0,0,0.0,0
Gombe,2025,2,0.0,0,0,0,0.0,0
Gombe,2025,3,0.0,0,0,0,0.0,0
Gombe,2025,4,0.0,0,0,0,0.0,0
Gombe,2025,5,0.0,0,0,0,0.0,0
Gombe,2025,6,0.0,0,0,0,0.0,0
Gombe,2025,7,0.0,0,0,0,0.0,0
Gombe,2025,8,-0.684,-0.6815237521407096,0,0,0.0,0
Gombe,2025,9,-3.034,-0.4472135954999579,0,0,0.0,0
Gombe,2025,10,-4.288,-0.6927675468937523,0,0,0.0,0
Gombe,2025,11,-8.406,-0.4472135954999579,0,0,0.0,0
Gombe,2025,12,-0.06999999999999999,-0.5368754921931593,0,0,0.0,0
Gombe,2025,13,-1.0,-0.447213595499958,0,0,0.0,0
Gombe,2025,14,-41.268,-0.4990664000649727,0,0,0.0,0
Gombe,2025,15,-4.044,-0.36278692261346585,0,0,2.5,0
Gombe,2025,16,-13.35,-1.0522170960264716,0,0,2.5,0
Gombe,2025,17,-76.202,-0.5389437894561285,0,0,2.54,0
Gombe,2025,18,-16.409999999999997,-0.7151740780861302,0,0,2.6399999999999997,0
Gombe,2025,19,-72.638,-0.8142129932941117,0,0,0.1399999999999999,0
Gombe,2025,20,-89.62800000000001,-0.6168368456311868,0,0,0.4099999999999999,0
Gombe,2025,21,-51.962,-0.5038702960389869,0,0,0.8899999999999999,0
Gombe,2025,22,-17.284,-0.3732604570136787,0,0,32.68,0
Gombe,2025,23,-41.06600000000001,-0.9816879845270586,0,0,50.16,0
Gombe,2025,24,8.520000000000003,0.6810687556181189,0,0,87.25,0
Gombe,2025,25,-43.21000000000001,-0.511384660675338,0,0,111.6,0
Gombe,2025,26,-27.904000000000003,-0.6531342725098274,0,0,108.14,0
Gombe,2025,27,-10.369999999999997,-0.2952803869865992,0,0,122.55999999999999,0
Gombe,2025,28,-7.655999999999992,-0.1105025701428877,0,0,150.57,0
Gombe,2025,29,-79.41799999999999,-0.43059351057921247,0,0,202.27,0
Gombe,2025,30,6.9239999999999995,0.16353587302399597,0,0,236.22,0
Gombe,2025,31,-44.558,-1.3741697273094118,0,0,207.35,0
Gombe,2025,32,-28.674,-1.0437177907986028,0,0,183.02000000000004,0
Gombe,2025,33,35.476,1.3697439416038686,1,0,192.73000000000002,0
Gombe,2025,34,-35.58000000000001,-0.4074337443392498,0,0,205.08,0
Gombe,2025,35,31.87,1.3347241461645758,0,0,259.68,0
Gombe,2025,36,-26.856,-0.8842463379028308,0,0,263.71,0
Gombe,2025,37,-26.059999999999995,-0.35529419928264633,0,0,226.95000000000002,0
Gombe,2025,38,12.004000000000005,0.2573751977590567,0,0,225.31,0
Gombe,2025,39,-2.503999999999998,-0.18276937473732385,0,0,203.0,0
Gombe,2025,40,22.116,0.6602587609933893,0,0,227.53,0
Gombe,2025,41,8.405999999999997,0.7069565781511531,0,0,201.07,0
Gombe,2025,42,-11.378,-1.0083804159963654,0,0,128.13,0
Gombe,2025,43,-1.7159999999999997,-0.44591393499365645,0,0,92.82,0
Gombe,2025,44,-9.034,-0.44746123577927277,0,0,23.22,0
Gombe,2025,45,-2.7600000000000002,-0.44600152535171306,0,0,0.16999999999999998,0
Gombe,2025,46,-0.268,-0.7301612095448446,0,0,0.02,0
Gombe,2025,47,0.0,0,0,0,0.01,0
Gombe,2025,48,0.0,0,0,0,0.01,0
Gombe,2025,49,0.0,0,0,0,0.0,0
Gombe,2025,50,0.0,0,0,0,0.0,0
Gombe,2025,51,-0.002,-0.4472135954999579,0,0,0.0,0
Gombe,2025,52,-0.8139999999999998,-0.4472135954999579,0,0,0.0,0
Gombe,2026,1,-0.005,-0.4082482904638631,0,0,0.0,0
Imo,2020,53,0.0,0,0,0,0.5700000000000001,0
Imo,2021,1,22.209999999999997,0.867026565880588,0,0,39.48,0
Imo,2021,2,-2.774,-0.42120238148010924,0,0,40.12,0
Imo,2021,3,-6.352,-0.47600450340930806,0,0,40.13999999999999,0
Imo,2021,4,-2.805999999999999,-0.5892483969294314,0,0,43.019999999999996,0
Imo,2021,5,0.35,0.5018727137717505,0,0,5.07,0
Imo,2021,6,4.272,1.6026639910222902,0,0,10.88,0
Imo,2021,7,0.354,1.2443670186697717,0,0,11.440000000000001,0
Imo,2021,8,-8.262,-0.8028533925202216,0,0,11.16,0
Imo,2021,9,-9.034,-0.9788770471166426,0,0,12.34,0
Imo,2021,10,20.926,1.1618851010255424,0,0,55.32,0
Imo,2021,11,-4.623999999999999,-0.3047886679011136,0,0,64.87,0
Imo,2021,12,5.311999999999998,0.4544038620633689,0,0,88.49000000000001,0
Imo,2021,13,-5.066,-1.0202657283258647,0,0,86.88,0
Imo,2021,14,30.557999999999993,1.0545273328370584,0,0,111.82999999999998,0
Imo,2021,15,80.028,1.6788923698023495,1,1,229.35,0
Imo,2021,16,19.392,1.224667461302799,0,0,245.38,0
Imo,2021,17,-11.123999999999999,-0.5386474130193993,0,0,272.4,0
Imo,2021,18,-9.725999999999996,-0.28967349291927924,0,0,229.32,0
Imo,2021,19,6.864000000000001,0.7155396921966389,0,0,128.88,0
Imo,2021,20,-11.994,-0.29499383113335687,0,0,133.07,0
Imo,2021,21,8.967999999999996,0.6541877845190844,0,0,154.95,0
Imo,2021,22,152.08800000000002,1.6969274421460039,1,1,374.45,0
Imo,2021,23,-51.92199999999999,-0.9891057628494077,0,0,391.06,0
Imo,2021,24,49.392,1.3922982193800921,1,1,452.77,0
Imo,2021,25,-14.80400000000001,-0.5169695529359809,0,0,449.38,0
Imo,2021,26,3.9680000000000035,0.11329485002356325,0,0,269.10999999999996,0
Imo,2021,27,3.965999999999994,0.16103609335622426,1,0,318.28,0
Imo,2021,28,53.275999999999996,1.5841605299493484,1,0,308.09,0
Imo,2021,29,-35.094,-1.0220216967365707,0,0,275.92999999999995,0
Imo,2021,30,-41.722,-1.064620216899319,0,0,217.24999999999997,0
Imo,2021,31,40.604,1.5934771495973483,0,0,195.51,0
Imo,2021,32,83.71400000000001,1.2575094131774558,1,1,268.97,0
Imo,2021,33,82.29,1.7832899865523566,1,1,372.18,0
Imo,2021,34,10.213999999999999,0.4107653450702035,0,0,410.65999999999997,0
Imo,2021,35,43.61200000000001,1.3814263828472024,1,0,428.5,0
Imo,2021,36,-0.9840000000000089,-0.030579157361779796,0,0,309.55999999999995,0
Imo,2021,37,-21.96999999999999,-1.2674494717715825,0,0,227.23999999999998,0
Imo,2021,38,-19.498000000000005,-0.8527544045473762,0,0,242.95999999999995,0
Imo,2021,39,-11.310000000000002,-0.4280653443625379,0,0,199.59999999999994,0
Imo,2021,40,84.10799999999999,1.7803742605590338,1,1,306.92999999999995,0
Imo,2021,41,-15.754000000000001,-1.156106788289575,0,0,302.9,0
Imo,2021,42,3.451999999999998,0.10998039384469893,0,0,288.2099999999999,0
Imo,2021,43,25.28,1.0650755700832948,0,0,297.96999999999997,0
Imo,2021,44,-2.495999999999995,-0.1888985579453923,0,0,196.09999999999997,0
Imo,2021,45,52.339999999999996,1.485325942763586,0,0,252.87999999999994,0
Imo,2021,46,45.408,1.6182149949598035,0,0,272.13,0
Imo,2021,47,39.513999999999996,1.68381713269575,0,0,271.9,0
Imo,2021,48,1.9360000000000008,0.44247030815714256,0,0,220.36999999999998,0
Imo,2021,49,-8.372,-0.4141075572281051,0,0,133.93999999999997,0
Imo,2021,50,-4.518,-0.3765689524269398,0,0,66.94999999999997,0
Imo,2021,51,10.500000000000002,1.7827004980477332,0,0,25.109999999999975,0
Imo,2021,52,12.652,1.7887886752447724,0,0,33.979999999999976,0
Imo,2022,1,41.93000000000001,1.6368493429704216,0,0,91.51999999999998,0
Imo,2022,2,11.745999999999999,1.7835051091800151,0,0,103.05999999999999,0
Imo,2022,3,23.848,1.7871151444120241,0,0,119.85999999999999,0
Imo,2022,4,4.064000000000001,0.8534231949826125,0,0,114.32999999999997,0
Imo,2022,5,-0.45999999999999996,-0.659604138100015,0,0,55.849999999999966,0
Imo,2022,6,-0.958,-0.35939890060846297,0,0,41.90999999999997,0
Imo,2022,7,0.264,0.9280025223977959,0,0,12.179999999999971,0
Imo,2022,8,-10.532,-1.0234388683155378,0,0,2.7599999999999714,0
Imo,2022,9,10.286,1.1145372267701776,0,0,24.069999999999972,0
Imo,2022,10,-2.0040000000000013,-0.1112691265628973,0,0,49.34999999999997,0
Imo,2022,11,-11.553999999999998,-0.7615761827269608,0,0,52.059999999999974,0
Imo,2022,12,-15.418000000000001,-1.3189003662072714,0,0,57.21999999999997,0
Imo,2022,13,1.3840000000000003,0.2787303134628893,0,0,42.739999999999974,0
Imo,2022,14,24.948000000000008,0.860931602186627,0,0,85.00999999999999,0
Imo,2022,15,-34.752,-0.7290556759555561,0,0,94.67999999999999,0
Imo,2022,16,13.692000000000004,0.8646940429124345,0,0,125.73999999999998,0
Imo,2022,17,32.986,1.597251309408298,0,0,190.42,0
Imo,2022,18,-3.8259999999999934,-0.11395134525078768,0,0,158.84999999999997,0
Imo,2022,19,3.1640000000000015,0.3298321075335324,0,0,169.48999999999998,0
Imo,2022,20,-2.513999999999996,-0.06183212368428031,0,0,188.85999999999996,0
Imo,2022,21,1.5579999999999998,0.113651267649502,0,0,159.21999999999997,0
Imo,2022,22,-15.852000000000004,-0.17686927182222434,0,0,204.88,0
Imo,2022,23,28.658000000000015,0.5459302983655935,1,1,305.77,0
Imo,2022,24,-37.318,-1.0519473791469525,0,0,271.28999999999996,0
Imo,2022,25,-40.65400000000001,-1.4196757771588329,0,0,249.45999999999998,0
Imo,2022,26,-44.19199999999999,-1.2617757087301669,0,0,188.97,0
Imo,2022,27,-29.924,-1.2150388445768185,0,0,123.66999999999999,0
Imo,2022,28,-34.784000000000006,-1.0343013716074434,0,0,112.12999999999998,0
Imo,2022,29,-25.084000000000003,-0.730506418217933,0,0,115.82999999999998,0
Imo,2022,30,8.018,0.20459529502657448,0,0,155.04999999999998,0
Imo,2022,31,-20.946000000000005,-0.8220119292549026,0,0,105.64999999999999,0
Imo,2022,32,33.524,0.503580590670151,1,1,216.98,0
Imo,2022,33,-26.429999999999996,-0.572759197284953,0,0,201.45999999999998,0
Imo,2022,34,24.884,1.000732802695021,0,0,204.87,0
Imo,2022,35,-19.037999999999993,-0.6030357579713158,0,0,221.60999999999999,0
Imo,2022,36,-1.7140000000000057,-0.053264914347652716,0,0,152.13,0
Imo,2022,37,3.4200000000000017,0.19729982673913593,0,0,203.92,0
Imo,2022,38,14.982,0.6552449732756583,1,0,239.45,0
Imo,2022,39,37.940000000000005,1.435968095942943,1,0,307.99,0
Imo,2022,40,-25.802000000000007,-0.5461694092231917,0,0,306.14,0
Imo,2022,41,-2.7439999999999998,-0.20136835261308833,0,0,289.72999999999996,0
Imo,2022,42,-31.078000000000003,-0.9901421436574611,0,0,206.03,0
Imo,2022,43,-16.770000000000003,-0.7065394505655401,0,0,124.48999999999998,0
Imo,2022,44,-9.23599999999999,-0.69898520880755,0,0,125.78999999999999,0
Imo,2022,45,-25.36,-0.7196764598487685,0,0,91.85999999999999,0
Imo,2022,46,-20.522,-0.7313470781925009,0,0,79.70999999999998,0
Imo,2022,47,-14.425999999999998,-0.6147377121088448,0,0,67.58999999999999,0
Imo,2022,48,-1.8339999999999996,-0.41915833944225156,0,0,19.029999999999987,0
Imo,2022,49,-9.122,-0.45120510475809544,0,0,9.549999999999985,0
Imo,2022,50,20.572000000000003,1.7146472973278013,0,0,33.579999999999984,0
Imo,2022,51,-2.9200000000000004,-0.4957605194570839,0,0,32.259999999999984,0
Imo,2022,52,-3.198,-0.452145604128421,0,0,29.049999999999983,0
Imo,2023,1,-15.62,-0.6097683457476265,0,0,29.789999999999985,0
Imo,2023,2,-3.3840000000000003,-0.5138243903852523,0,0,1.1099999999999823,0
Imo,2023,3,-4.952,-0.3710916720533522,0,0,2.5299999999999825,0
Imo,2023,4,-0.49599999999999955,-0.10415794899394078,0,0,8.289999999999981,0
Imo,2023,5,1.06,1.5199573617087303,0,0,8.879999999999981,0
Imo,2023,6,0.8220000000000001,0.30837776231749126,0,0,11.849999999999984,0
Imo,2023,7,-0.22599999999999998,-0.7944264017496282,0,0,10.429999999999982,0
Imo,2023,8,11.688,1.1357722647998487,0,0,27.78999999999998,0
Imo,2023,9,7.645999999999999,0.8284806179160779,0,0,44.93999999999998,0
Imo,2023,10,12.486,0.6932666238843986,0,0,82.92999999999998,0
Imo,2023,11,24.426000000000002,1.610027682126428,0,0,122.10999999999999,0
Imo,2023,12,15.872,1.3577368408640427,0,0,136.33999999999997,0
Imo,2023,13,7.084,1.4266803038808578,0,0,130.2,0
Imo,2023,14,3.617999999999995,0.12485371720022492,0,0,136.64999999999998,0
Imo,2023,15,-32.222,-0.6759792814986167,0,0,112.86999999999998,0
Imo,2023,16,-4.077999999999999,-0.2575388772273522,0,0,94.86999999999998,0
Imo,2023,17,-22.134,-1.0717747069193984,0,0,98.72999999999996,0
Imo,2023,18,-27.475999999999996,-0.818329106667707,0,0,64.83999999999997,0
Imo,2023,19,-2.7059999999999995,-0.28208776326982876,0,0,67.07999999999998,0
Imo,2023,20,-10.814,-0.26597159328632,0,0,95.91999999999999,0
Imo,2023,21,-8.862000000000002,-0.6464554132926105,0,0,110.97999999999999,0
Imo,2023,22,-68.732,-0.7668798126977745,0,0,127.40999999999998,0
Imo,2023,23,27.468000000000004,0.5232609894446967,1,1,232.97999999999996,0
Imo,2023,24,-16.147999999999996,-0.45519176479085116,0,0,227.96999999999997,0
Imo,2023,25,32.76599999999999,1.1442194252567102,1,0,289.98,0
Imo,2023,26,12.658000000000001,0.36141285574552984,0,0,339.21999999999997,0
Imo,2023,27,-0.29399999999999693,-0.011937622654243448,0,0,304.74,0
Imo,2023,28,-13.994000000000003,-0.41611124063576826,0,0,292.82,0
Imo,2023,29,6.225999999999999,0.18131609630939444,0,0,254.41000000000003,0
Imo,2023,30,52.24799999999999,1.3332121444934473,1,0,281.01,0
Imo,2023,31,-20.476000000000006,-0.8035670898225621,0,0,202.45,0
Imo,2023,32,-53.385999999999996,-0.8019375197922886,0,0,206.07999999999998,0
Imo,2023,33,-16.959999999999997,-0.3675367380231858,0,0,168.72,0
Imo,2023,34,-19.296,-0.7760062755506802,0,0,83.72,0
Imo,2023,35,22.382000000000005,0.7089582064772559,0,0,141.41,0
Imo,2023,36,45.87599999999999,1.4256599828546717,1,0,206.43,0
Imo,2023,37,-12.669999999999995,-0.7309323990598976,0,0,232.66,0
Imo,2023,38,-18.918000000000006,-0.8273878256860838,0,0,278.47,0
Imo,2023,39,9.550000000000004,0.36145216964299187,0,0,277.2,0
Imo,2023,40,-19.012000000000008,-0.4024406173223518,0,0,234.55,0
Imo,2023,41,21.176000000000002,1.5540000856176237,0,0,258.15,0
Imo,2023,42,-4.008000000000003,-0.12769450131215349,0,0,235.42000000000002,0
Imo,2023,43,-23.04,-0.9707017853923698,0,0,176.0,0
Imo,2023,44,-0.5059999999999931,-0.03829433907066001,0,0,179.24,0
Imo,2023,45,-19.619999999999997,-0.5567843904665946,0,0,127.13,0
Imo,2023,46,-4.9019999999999975,-0.17469366422861504,0,0,103.53,0
Imo,2023,47,3.814,0.16252666255255332,0,0,115.92,0
Imo,2023,48,6.606000000000001,1.509792797358514,0,0,67.07,0
Imo,2023,49,-9.212,-0.45565681046169426,0,0,51.76,0
Imo,2023,50,-8.128,-0.6774573805502803,0,0,31.47,0
Imo,2023,51,-2.8800000000000003,-0.4889692794645211,0,0,11.950000000000001,0
Imo,2023,52,-3.198,-0.452145604128421,0,0,0.3,0
Imo,2024,1,-15.43,-0.6023511891732316,0,0,1.32,0
Imo,2024,2,-2.1740000000000004,-0.3300987661635752,0,0,2.55,0
Imo,2024,3,-6.372,-0.4775032581429645,0,0,2.51,0
Imo,2024,4,5.354,1.1243178607128215,0,0,14.12,0
Imo,2024,5,-0.61,-0.8746924440021937,0,0,12.85,0
Imo,2024,6,-2.178,-0.8170885235127686,0,0,11.61,0
Imo,2024,7,-0.176,-0.6186683482651972,0,0,11.66,0
Imo,2024,8,-2.872,-0.2790843552793605,0,0,8.610000000000001,0
Imo,2024,9,-9.704,-1.0514747470909784,0,0,10.080000000000002,0
Imo,2024,10,-25.864,-1.4360602242628613,0,0,12.720000000000002,0
Imo,2024,11,-12.344,-0.8136486411270214,0,0,15.080000000000002,0
Imo,2024,12,-5.3480000000000025,-0.45748340630928075,0,0,22.65,0
Imo,2024,13,1.0439999999999996,0.2102561035081331,0,0,27.820000000000004,0
Imo,2024,14,-34.132000000000005,-1.1778626521498297,0,0,34.870000000000005,0
Imo,2024,15,-19.812,-0.41563222410311573,0,0,60.269999999999996,0
Imo,2024,16,-15.528,-0.9806433755729097,0,0,52.04,0
Imo,2024,17,1.5860000000000056,0.07679744669622172,0,0,85.66,0
Imo,2024,18,57.95400000000001,1.7260680247423317,1,0,174.95000000000002,0
Imo,2024,19,-15.426,-1.608087892165698,0,0,152.06,0
Imo,2024,20,67.54599999999999,1.6613017606914893,1,1,270.71000000000004,0
Imo,2024,21,16.327999999999996,1.1910769564705188,0,0,287.24,0
Imo,2024,22,-63.30200000000001,-0.7062943883983374,0,0,223.67,0
Imo,2024,23,-60.16199999999999,-1.1460764397470449,0,0,254.33,0
Imo,2024,24,23.632000000000012,0.6661562909052144,0,0,210.74,0
Imo,2024,25,17.555999999999997,0.6130719718551793,0,0,232.35000000000002,0
Imo,2024,26,-20.842,-0.5950834839191288,0,0,242.66000000000003,0
Imo,2024,27,-11.063999999999993,-0.44924441172296187,0,0,285.04,0
Imo,2024,28,-13.864000000000004,-0.41224569388125565,0,0,233.47000000000003,0
Imo,2024,29,53.066,1.5454095674195834,1,0,257.11,0
Imo,2024,30,-36.072,-0.9204491746319026,0,0,228.89000000000001,0
Imo,2024,31,-6.3060000000000045,-0.24747480310710485,0,0,175.27,0
Imo,2024,32,-80.43599999999999,-1.20826895332133,0,0,151.72,0
Imo,2024,33,-20.68,-0.4481521074480828,0,0,63.8,0
Imo,2024,34,17.124000000000002,0.6886573104544906,0,0,103.53999999999999,0
Imo,2024,35,-15.767999999999994,-0.499457287093797,0,0,108.91,0
Imo,2024,36,1.8759999999999906,0.05829928781575009,0,0,156.98,0
Imo,2024,37,21.070000000000007,1.215528464734969,0,0,220.67,0
Imo,2024,38,32.382000000000005,1.4162423391144288,1,1,281.36,0
Imo,2024,39,-2.6099999999999994,-0.09878431023750871,0,0,306.08,0
Imo,2024,40,-14.462000000000003,-0.3061275093475621,0,0,311.98,0
Imo,2024,41,2.8460000000000036,0.2088536193647413,0,0,283.51,0
Imo,2024,42,-19.158,-0.6103720698947692,0,0,194.33,0
Imo,2024,43,25.93,1.0924608201052148,0,0,196.04,0
Imo,2024,44,-10.185999999999993,-0.7708816952050354,0,0,185.05,0
Imo,2024,45,-27.89,-0.7914738353778452,0,0,143.0,0
Imo,2024,46,-24.872,-0.8863689956536344,0,0,114.58,0
Imo,2024,47,-15.195999999999998,-0.6475498595040902,0,0,58.99,0
Imo,2024,48,-4.643999999999999,-1.061380222666203,0,0,8.569999999999999,0
Imo,2024,49,-9.452,-0.46752802567129115,0,0,1.29,0
Imo,2024,50,-8.128,-0.6774573805502803,0,0,0.9700000000000001,0
Imo,2024,51,-2.9200000000000004,-0.4957605194570839,0,0,0.42000000000000004,0
Imo,2024,52,-3.198,-0.452145604128421,0,0,0.02,0
Imo,2025,1,-16.45,-0.6421696086778781,0,0,0.26,0
Imo,2025,2,-3.414,-0.5183795711510789,0,0,0.25,0
Imo,2025,3,-6.172,-0.46251571080639936,0,0,0.45,0
Imo,2025,4,-6.116,-1.2843347097720612,0,0,0.5900000000000001,0
Imo,2025,5,-0.33999999999999997,-0.4875334933782719,0,0,0.6100000000000001,0
Imo,2025,6,-1.958,-0.7345543292185496,0,0,0.8300000000000001,0
Imo,2025,7,-0.21599999999999997,-0.759274791052742,0,0,0.6400000000000001,0
Imo,2025,8,9.978,0.9696043513152712,0,0,21.91,0
Imo,2025,9,0.8059999999999992,0.08733394952136518,0,0,33.620000000000005,0
Imo,2025,10,-5.5440000000000005,-0.3078223740841828,0,0,56.36,0
Imo,2025,11,4.096000000000002,0.2699858096286683,0,0,75.2,0
Imo,2025,12,-0.4180000000000028,-0.035756930410860234,0,0,74.85,0
Imo,2025,13,-4.446,-0.8954009925260153,0,0,64.02,0
Imo,2025,14,-24.992000000000004,-0.8624500000740812,0,0,59.89,0
Imo,2025,15,6.758000000000003,0.14177481175493928,0,0,95.41999999999999,0
Imo,2025,16,-13.478000000000002,-0.8511792514149715,0,0,84.30999999999999,0
Imo,2025,17,-1.314,-0.06362663616572194,0,0,120.52,0
Imo,2025,18,-16.925999999999995,-0.5041140799045569,0,0,125.78999999999999,0
Imo,2025,19,8.104,0.8448038557053557,0,0,99.86,0
Imo,2025,20,-42.224,-1.0385042125875321,0,0,106.69,0
Imo,2025,21,-17.992000000000004,-1.312460595346496,0,0,91.8,0
Imo,2025,22,-4.201999999999998,-0.04688396922766756,1,0,162.20999999999998,0
Imo,2025,23,55.958,1.0659909147861633,1,1,285.46,0
Imo,2025,24,-19.557999999999993,-0.5513153663475022,0,0,308.44999999999993,0
Imo,2025,25,5.135999999999996,0.17935393298292313,0,0,351.96,0
Imo,2025,26,48.408,1.382151486880203,1,1,372.41999999999996,0
Imo,2025,27,37.316,1.5151847855977998,1,1,347.06,0
Imo,2025,28,9.365999999999993,0.278497776175118,0,0,361.91,0
Imo,2025,29,0.8859999999999957,0.02580245122552565,0,0,345.79,0
Imo,2025,30,17.52799999999999,0.4472619520111992,0,0,301.91999999999996,0
Imo,2025,31,7.123999999999999,0.27957667258722063,0,0,213.35,0
Imo,2025,32,16.584000000000003,0.249116469266012,1,0,263.59,0
Imo,2025,33,-18.22,-0.3948419437961348,0,0,230.31,0
Imo,2025,34,-32.926,-1.324149182669035,0,0,166.4,0
Imo,2025,35,-31.187999999999995,-0.9878915442593446,0,0,142.92,0
Imo,2025,36,-45.054,-1.4001151989609903,0,0,47.04,0
Imo,2025,37,10.150000000000006,0.5855535793573771,0,0,97.35,0
Imo,2025,38,-8.947999999999993,-0.39134508215662706,0,0,166.76000000000002,0
Imo,2025,39,-33.57,-1.270570610985888,0,0,175.94000000000003,0
Imo,2025,40,-24.832000000000008,-0.5256367246659288,0,0,218.4,0
Imo,2025,41,-5.524000000000001,-0.40537856407970124,0,0,192.48000000000002,0
Imo,2025,42,50.792,1.6182283210196846,1,0,214.58,0
Imo,2025,43,-11.400000000000002,-0.48029515423059976,0,0,209.92000000000002,0
Imo,2025,44,22.424000000000014,1.6970598010286408,0,0,241.91000000000003,0
Imo,2025,45,20.53,0.5826087429296222,0,0,256.65000000000003,0
Imo,2025,46,4.888000000000002,0.17419474311494718,0,0,188.04000000000005,0
Imo,2025,47,-13.706,-0.5840562236353686,0,0,171.27000000000004,0
Imo,2025,48,-2.0639999999999996,-0.47172454340720127,0,0,90.82000000000002,0
Imo,2025,49,36.158,1.7884974981191861,0,0,80.73000000000002,0
Imo,2025,50,0.20199999999999996,0.016836416199699385,0,0,58.98000000000002,0
Imo,2025,51,-1.7800000000000005,-0.30221017966904434,0,0,58.08000000000001,0
Imo,2025,52,-3.058,-0.43235186285950944,0,0,55.240000000000016,0
Imo,2026,1,-16.64,-0.6495867652522731,0,0,9.680000000000014,0
Jigawa,2020,53,0.0,0,0,0,0.0,0
Jigawa,2021,1,-3.6016666666666666,-0.408248290463863,0,0,0.0,0
Jigawa,2021,2,0.0,0,0,0,0.0,0
Jigawa,2021,3,0.0,0,0,0,0.0,0
Jigawa,2021,4,0.0,0,0,0,0.0,0
Jigawa,2021,5,-0.006,-0.44721359549995804,0,0,0.0,0
Jigawa,2021,6,0.0,0,0,0,0.0,0
Jigawa,2021,7,0.0,0,0,0,0.0,0
Jigawa,2021,8,-1.276,-0.4472135954999579,0,0,0.0,0
Jigawa,2021,9,-0.052000000000000005,-0.4472135954999579,0,0,0.0,0
Jigawa,2021,10,0.008,1.7888543819998317,0,0,0.01,0
Jigawa,2021,11,-0.13399999999999998,-0.44721359549995787,0,0,0.01,0
Jigawa,2021,12,-0.012,-0.44721359549995804,0,0,0.01,0
Jigawa,2021,13,0.0,0,0,0,0.01,0
Jigawa,2021,14,-0.052000000000000005,-0.4472135954999579,0,0,0.0,0
Jigawa,2021,15,-0.08199999999999999,-0.32459023658451563,0,0,0.1,0
Jigawa,2021,16,-1.8019999999999998,-0.4528121318482663,0,0,0.12000000000000001,0
Jigawa,2021,17,-19.016,-0.6122048360481361,0,0,0.12000000000000001,0
Jigawa,2021,18,-0.08999999999999997,-0.2435102013370233,0,0,0.26,0
Jigawa,2021,19,-8.416000000000002,-0.5723260381899121,0,0,1.44,0
Jigawa,2021,20,-2.0680000000000005,-0.5062371169891141,0,0,1.9,0
Jigawa,2021,21,-0.178,-0.8859120881283871,0,0,2.02,0
Jigawa,2021,22,4.138000000000002,0.14691751501092173,0,0,28.3,0
Jigawa,2021,23,-26.996,-0.5076368785348109,0,0,35.5,0
Jigawa,2021,24,29.238,1.7790617463801486,1,0,76.82,0
Jigawa,2021,25,77.414,1.5906639804412221,1,1,189.35999999999999,0
Jigawa,2021,26,11.752,0.9411647364869999,0,0,190.64,0
Jigawa,2021,27,13.936,1.3076100753888356,0,0,222.86999999999998,0
Jigawa,2021,28,203.43200000000002,1.7589965604741058,1,1,463.56,0
Jigawa,2021,29,104.40199999999999,0.6025652570580323,1,1,590.02,0
Jigawa,2021,30,35.292,1.3512102691164356,1,1,632.7900000000001,0
Jigawa,2021,31,58.048,1.3294968129524956,1,1,694.78,0
Jigawa,2021,32,188.414,1.7850081143039231,1,1,669.31,0
Jigawa,2021,33,-18.184,-0.813844069926651,0,0,454.75,0
Jigawa,2021,34,47.282000000000004,1.3931989016382833,1,1,470.82,0
Jigawa,2021,35,-3.2440000000000033,-0.17223408604315604,0,0,390.96,0
Jigawa,2021,36,45.956,0.7751100742609056,1,1,262.11,0
Jigawa,2021,37,32.576,1.552864472071397,1,0,305.06,0
Jigawa,2021,38,26.418,1.6906642457123424,1,0,261.2,0
Jigawa,2021,39,39.12,1.6930032931481283,1,0,302.49,0
Jigawa,2021,40,-3.9340000000000006,-1.6107361256640564,0,0,177.79,0
Jigawa,2021,41,8.238,1.0344800634447817,0,0,125.08999999999999,0
Jigawa,2021,42,20.532000000000004,1.7755621601066256,0,0,109.6,0
Jigawa,2021,43,0.044,1.7530019603571105,0,0,45.53,0
Jigawa,2021,44,0.0,0,0,0,42.06,0
Jigawa,2021,45,0.0,0,0,0,27.25,0
Jigawa,2021,46,-0.004,-0.4472135954999579,0,0,0.06,0
Jigawa,2021,47,0.0,0,0,0,0.0,0
Jigawa,2021,48,0.04,1.7888543819998315,0,0,0.05,0
Jigawa,2021,49,0.0,0,0,0,0.05,0
Jigawa,2021,50,0.0,0,0,0,0.05,0
Jigawa,2021,51,0.0,0,0,0,0.05,0
Jigawa,2021,52,0.0,0,0,0,0.0,0
Jigawa,2022,1,18.008333333333333,2.041241452319315,0,0,21.61,0
Jigawa,2022,2,0.0,0,0,0,21.61,0
Jigawa,2022,3,0.0,0,0,0,21.61,0
Jigawa,2022,4,0.0,0,0,0,21.61,0
Jigawa,2022,5,-0.006,-0.44721359549995804,0,0,0.0,0
Jigawa,2022,6,0.0,0,0,0,0.0,0
Jigawa,2022,7,0.0,0,0,0,0.0,0
Jigawa,2022,8,-1.276,-0.4472135954999579,0,0,0.0,0
Jigawa,2022,9,-0.052000000000000005,-0.4472135954999579,0,0,0.0,0
Jigawa,2022,10,-0.002,-0.4472135954999579,0,0,0.0,0
Jigawa,2022,11,-0.13399999999999998,-0.44721359549995787,0,0,0.0,0
Jigawa,2022,12,-0.012,-0.44721359549995804,0,0,0.0,0
Jigawa,2022,13,0.0,0,0,0,0.0,0
Jigawa,2022,14,0.20800000000000002,1.7888543819998317,0,0,0.26,0
Jigawa,2022,15,0.438,1.7337868734636324,0,0,0.88,0
Jigawa,2022,16,-1.672,-0.42014532988363,0,0,1.03,0
Jigawa,2022,17,4.574000000000002,0.14725625368553724,0,0,24.62,0
Jigawa,2022,18,-0.09999999999999998,-0.2705668903744704,0,0,24.49,0
Jigawa,2022,19,24.563999999999997,1.6704630230628559,0,0,58.129999999999995,0
Jigawa,2022,20,7.162000000000001,1.7532254506170382,0,0,67.69,0
Jigawa,2022,21,0.192,0.9555905669699457,0,0,44.59,0
Jigawa,2022,22,47.028000000000006,1.6697044214436019,1,0,113.77000000000001,0
Jigawa,2022,23,93.894,1.765597017082069,1,1,208.88000000000002,0
Jigawa,2022,24,-4.731999999999999,-0.28793078130757443,0,0,207.00000000000003,0
Jigawa,2022,25,18.894,0.38822441995577606,1,0,260.65,0
Jigawa,2022,26,7.131999999999996,0.5711697498830225,0,0,214.42,0
Jigawa,2022,27,-8.484000000000002,-0.796050795034363,0,0,103.33999999999999,0
Jigawa,2022,28,-15.178000000000004,-0.13123820143770884,1,0,159.39,0
Jigawa,2022,29,-128.478,-0.7415219928382779,0,0,111.49000000000001,0
Jigawa,2022,30,-16.487999999999996,-0.6312692654763625,0,0,107.1,0
Jigawa,2022,31,-32.582,-0.7462387189846026,0,0,100.88,0
Jigawa,2022,32,-46.75599999999999,-0.44295986175334223,0,0,58.85,0
Jigawa,2022,33,19.476000000000006,0.8716688905571633,1,0,114.83000000000001,0
Jigawa,2022,34,24.541999999999994,0.723148078423221,1,0,159.94,0
Jigawa,2022,35,-1.2440000000000033,-0.0660478431065618,0,0,172.71,0
Jigawa,2022,36,-49.164000000000016,-0.8292173315989898,0,0,183.91000000000003,0
Jigawa,2022,37,2.505999999999993,0.11945844692445085,0,0,159.13,0
Jigawa,2022,38,-7.532,-0.48202298049456294,0,0,104.06,0
Jigawa,2022,39,-17.439999999999998,-0.7547540243482452,0,0,86.78999999999999,0
Jigawa,2022,40,-0.354000000000001,-0.14494168492249046,0,0,60.79,0
Jigawa,2022,41,-4.932,-0.6193318369640282,0,0,24.990000000000002,0
Jigawa,2022,42,-3.6879999999999993,-0.3189301211023394,0,0,19.23,0
Jigawa,2022,43,-0.006,-0.23904572186687872,0,0,11.67,0
Jigawa,2022,44,0.0,0,0,0,4.62,0
Jigawa,2022,45,0.0,0,0,0,2.9800000000000004,0
Jigawa,2022,46,-0.004,-0.4472135954999579,0,0,0.01,0
Jigawa,2022,47,0.0,0,0,0,0.0,0
Jigawa,2022,48,-0.01,-0.44721359549995787,0,0,0.0,0
Jigawa,2022,49,0.0,0,0,0,0.0,0
Jigawa,2022,50,0.0,0,0,0,0.0,0
Jigawa,2022,51,0.0,0,0,0,0.0,0
Jigawa,2022,52,0.0,0,0,0,0.0,0
Jigawa,2023,1,-3.6016666666666666,-0.408248290463863,0,0,0.0,0
Jigawa,2023,2,0.0,0,0,0,0.0,0
Jigawa,2023,3,0.0,0,0,0,0.0,0
Jigawa,2023,4,0.0,0,0,0,0.0,0
Jigawa,2023,5,0.024,1.7888543819998322,0,0,0.03,0
Jigawa,2023,6,0.0,0,0,0,0.03,0
Jigawa,2023,7,0.0,0,0,0,0.03,0
Jigawa,2023,8,-1.276,-0.4472135954999579,0,0,0.03,0
Jigawa,2023,9,-0.052000000000000005,-0.4472135954999579,0,0,0.0,0
Jigawa,2023,10,-0.002,-0.4472135954999579,0,0,0.0,0
Jigawa,2023,11,-0.13399999999999998,-0.44721359549995787,0,0,0.0,0
Jigawa,2023,12,0.048,1.7888543819998322,0,0,0.06,0
Jigawa,2023,13,0.0,0,0,0,0.06,0
Jigawa,2023,14,-0.052000000000000005,-0.4472135954999579,0,0,0.06,0
Jigawa,2023,15,-0.182,-0.7204319885168519,0,0,0.06,0
Jigawa,2023,16,7.117999999999999,1.7886330491098554,0,0,8.94,0
Jigawa,2023,17,52.474,1.6893582544588712,1,1,80.42999999999999,0
Jigawa,2023,18,0.6499999999999999,1.7586847874340577,0,0,81.30999999999999,0
Jigawa,2023,19,-9.386000000000001,-0.6382904223444053,0,0,81.61999999999999,0
Jigawa,2023,20,-2.1480000000000006,-0.5258207578784415,0,0,73.08,0
Jigawa,2023,21,-0.22799999999999998,-1.1347637982768104,0,0,1.66,0
Jigawa,2023,22,-19.672,-0.6984440201292536,0,0,3.3900000000000006,0
Jigawa,2023,23,-8.845999999999997,-0.16634152568969238,0,0,29.710000000000004,0
Jigawa,2023,24,-6.821999999999999,-0.4151022379713172,0,0,35.050000000000004,0
Jigawa,2023,25,-27.515999999999995,-0.5653849444005046,0,0,42.71000000000001,0
Jigawa,2023,26,-14.388000000000002,-1.1522701011381005,0,0,41.660000000000004,0
Jigawa,2023,27,-0.9440000000000026,-0.08857519454413491,0,0,40.86,0
Jigawa,2023,28,-69.75800000000001,-0.6031700129062915,0,0,44.42,0
Jigawa,2023,29,-106.26800000000001,-0.6133350389556043,0,0,65.14000000000001,0
Jigawa,2023,30,-28.598,-1.094919848016316,0,0,70.16000000000001,0
Jigawa,2023,31,-23.872,-0.5467500675096811,0,0,65.11000000000001,0
Jigawa,2023,32,-38.416,-0.3639478580100179,0,0,86.00000000000001,0
Jigawa,2023,33,-29.714,-1.3298813623955403,0,0,70.58000000000001,0
Jigawa,2023,34,-27.798000000000002,-0.8190885129169874,0,0,75.46000000000001,0
Jigawa,2023,35,-19.684000000000005,-1.0450850029819607,0,0,61.08,0
Jigawa,2023,36,25.305999999999983,0.42681990467504705,1,1,138.41,0
Jigawa,2023,37,-22.204000000000004,-1.0584418816881542,0,0,138.10999999999999,0
Jigawa,2023,38,-9.732000000000001,-0.6228156726199,0,0,133.18,0
Jigawa,2023,39,-15.549999999999997,-0.6729601535903218,0,0,136.24,0
Jigawa,2023,40,1.8359999999999994,0.7517314506149482,0,0,37.96,0
Jigawa,2023,41,-6.572,-0.8252734859139483,0,0,25.23,0
Jigawa,2023,42,-6.638,-0.5740396268647857,0,0,18.720000000000002,0
Jigawa,2023,43,-0.016,-0.6374552583116766,0,0,9.26,0
Jigawa,2023,44,0.0,0,0,0,0.02,0
Jigawa,2023,45,0.0,0,0,0,0.02,0
Jigawa,2023,46,0.016,1.7888543819998317,0,0,0.02,0
Jigawa,2023,47,0.0,0,0,0,0.02,0
Jigawa,2023,48,-0.01,-0.44721359549995787,0,0,0.02,0
Jigawa,2023,49,0.0,0,0,0,0.02,0
Jigawa,2023,50,0.0,0,0,0,0.0,0
Jigawa,2023,51,0.0,0,0,0,0.0,0
Jigawa,2023,52,0.0,0,0,0,0.0,0
Jigawa,2024,1,-3.6016666666666666,-0.408248290463863,0,0,0.0,0
Jigawa,2024,2,0.0,0,0,0,0.0,0
Jigawa,2024,3,0.0,0,0,0,0.0,0
Jigawa,2024,4,0.0,0,0,0,0.0,0
Jigawa,2024,5,-0.006,-0.44721359549995804,0,0,0.0,0
Jigawa,2024,6,0.0,0,0,0,0.0,0
Jigawa,2024,7,0.0,0,0,0,0.0,0
Jigawa,2024,8,5.104,1.7888543819998317,0,0,6.38,0
Jigawa,2024,9,-0.052000000000000005,-0.4472135954999579,0,0,6.38,0
Jigawa,2024,10,-0.002,-0.4472135954999579,0,0,6.38,0
Jigawa,2024,11,0.5359999999999999,1.7888543819998315,0,0,7.05,0
Jigawa,2024,12,-0.012,-0.44721359549995804,0,0,0.6699999999999999,0
Jigawa,2024,13,0.0,0,0,0,0.6699999999999999,0
Jigawa,2024,14,-0.052000000000000005,-0.4472135954999579,0,0,0.6699999999999999,0
Jigawa,2024,15,-0.021999999999999992,-0.08708518542511393,0,0,0.16,0
Jigawa,2024,16,-1.8219999999999998,-0.4578377936889796,0,0,0.16,0
Jigawa,2024,17,-19.016,-0.6122048360481361,0,0,0.16,0
Jigawa,2024,18,-0.22999999999999998,-0.622303847861282,0,0,0.16,0
Jigawa,2024,19,2.9339999999999993,0.1995252609374051,0,0,12.63,0
Jigawa,2024,20,-2.5280000000000005,-0.6188430521027468,0,0,12.65,0
Jigawa,2024,21,0.202,1.0053609089996305,0,0,13.15,0
Jigawa,2024,22,-10.202000000000002,-0.3622166476900491,0,0,25.229999999999997,0
Jigawa,2024,23,-30.476,-0.5730753263530485,0,0,17.599999999999998,0
Jigawa,2024,24,-8.512,-0.5179346598668796,0,0,21.63,0
Jigawa,2024,25,-33.696,-0.6923684796670811,0,0,22.68,0
Jigawa,2024,26,8.182,0.6552595195657449,0,0,34.730000000000004,0
Jigawa,2024,27,7.155999999999999,0.6714450128790547,0,0,63.660000000000004,0
Jigawa,2024,28,-59.108000000000004,-0.5110836480814397,0,0,79.56,0
Jigawa,2024,29,256.072,1.4779419025053588,1,1,468.8,0
Jigawa,2024,30,18.042,0.6907666234670388,1,0,497.89,0
Jigawa,2024,31,35.41799999999999,0.81119277358654,1,1,544.03,0
Jigawa,2024,32,-45.495999999999995,-0.43102279643960256,0,0,547.1899999999999,0
Jigawa,2024,33,14.436,0.6460983828344222,1,0,213.57999999999998,0
Jigawa,2024,34,-18.318,-0.5397533412336634,0,0,181.29999999999998,0
Jigawa,2024,35,31.156,1.654169292466265,1,0,158.47,0
Jigawa,2024,36,54.706,0.9226906545938964,1,1,272.28000000000003,0
Jigawa,2024,37,1.205999999999996,0.057488781720226506,0,0,251.24,0
Jigawa,2024,38,1.9579999999999984,0.12530549599154986,0,0,248.52000000000004,0
Jigawa,2024,39,-7.569999999999997,-0.32760825483464534,0,0,208.72000000000003,0
Jigawa,2024,40,2.195999999999999,0.8991297742649379,0,0,81.4,0
Jigawa,2024,41,-5.882,-0.7386273043435551,0,0,45.95,0
Jigawa,2024,42,-3.7679999999999993,-0.3258483449874227,0,0,30.62,0
Jigawa,2024,43,-0.006,-0.23904572186687872,0,0,13.19,0
Jigawa,2024,44,0.0,0,0,0,3.59,0
Jigawa,2024,45,0.0,0,0,0,2.9,0
Jigawa,2024,46,-0.004,-0.4472135954999579,0,0,0.01,0
Jigawa,2024,47,0.0,0,0,0,0.0,0
Jigawa,2024,48,-0.01,-0.44721359549995787,0,0,0.0,0
Jigawa,2024,49,0.0,0,0,0,0.0,0
Jigawa,2024,50,0.0,0,0,0,0.0,0
Jigawa,2024,51,0.0,0,0,0,0.0,0
Jigawa,2024,52,0.0,0,0,0,0.0,0
Jigawa,2025,1,-3.6016666666666666,-0.408248290463863,0,0,0.0,0
Jigawa,2025,2,0.0,0,0,0,0.0,0
Jigawa,2025,3,0.0,0,0,0,0.0,0
Jigawa,2025,4,0.0,0,0,0,0.0,0
Jigawa,2025,5,-0.006,-0.44721359549995804,0,0,0.0,0
Jigawa,2025,6,0.0,0,0,0,0.0,0
Jigawa,2025,7,0.0,0,0,0,0.0,0
Jigawa,2025,8,-1.276,-0.4472135954999579,0,0,0.0,0
Jigawa,2025,9,0.20800000000000002,1.7888543819998317,0,0,0.26,0
Jigawa,2025,10,-0.002,-0.4472135954999579,0,0,0.26,0
Jigawa,2025,11,-0.13399999999999998,-0.44721359549995787,0,0,0.26,0
Jigawa,2025,12,-0.012,-0.44721359549995804,0,0,0.26,0
Jigawa,2025,13,0.0,0,0,0,0.0,0
Jigawa,2025,14,-0.052000000000000005,-0.4472135954999579,0,0,0.0,0
Jigawa,2025,15,-0.152,-0.6016794629371509,0,0,0.03,0
Jigawa,2025,16,-1.8219999999999998,-0.4578377936889796,0,0,0.03,0
Jigawa,2025,17,-19.016,-0.6122048360481361,0,0,0.03,0
Jigawa,2025,18,-0.22999999999999998,-0.622303847861282,0,0,0.03,0
Jigawa,2025,19,-9.696000000000002,-0.6593718234659444,0,0,0.0,0
Jigawa,2025,20,-0.41800000000000015,-0.10232452364673585,0,0,2.1300000000000003,0
Jigawa,2025,21,0.01200000000000001,0.059724410435621655,0,0,2.4400000000000004,0
Jigawa,2025,22,-21.292,-0.755961268635221,0,0,3.4300000000000006,0
Jigawa,2025,23,-27.576,-0.5185432865045171,0,0,11.329999999999998,0
Jigawa,2025,24,-9.171999999999999,-0.5580940672343772,0,0,12.589999999999998,0
Jigawa,2025,25,-35.096,-0.7211349763294124,0,0,12.43,0
Jigawa,2025,26,-12.678000000000003,-1.0153239047976674,0,0,14.709999999999999,0
Jigawa,2025,27,-11.664000000000001,-1.094429098689393,0,0,21.919999999999998,0
Jigawa,2025,28,-59.388000000000005,-0.5135046980486659,0,0,38.2,0
Jigawa,2025,29,-125.72800000000002,-0.7256501277695093,0,0,47.04,0
Jigawa,2025,30,-8.247999999999998,-0.3157877790907956,0,0,70.69999999999999,0
Jigawa,2025,31,-37.012,-0.847700800044752,0,0,63.23,0
Jigawa,2025,32,-57.745999999999995,-0.5470775981009603,0,0,54.419999999999995,0
Jigawa,2025,33,13.985999999999997,0.6259581589306059,1,0,102.16,0
Jigawa,2025,34,-25.708000000000002,-0.7575051259108537,0,0,88.77999999999999,0
Jigawa,2025,35,-6.984000000000002,-0.3708023603345872,0,0,100.24,0
Jigawa,2025,36,-76.80400000000002,-1.29540330193086,0,0,94.78999999999999,0
Jigawa,2025,37,-14.084000000000003,-0.6713698190279213,0,0,58.91,0
Jigawa,2025,38,-11.112,-0.7111310885894295,0,0,50.51,0
Jigawa,2025,39,1.4400000000000013,0.062319139625084535,0,0,57.86,0
Jigawa,2025,40,0.25599999999999934,0.10481658570665921,0,0,60.11,0
Jigawa,2025,41,9.148,1.1487525637767497,0,0,54.97999999999999,0
Jigawa,2025,42,-6.438,-0.5567440671520775,0,0,50.04999999999999,0
Jigawa,2025,43,-0.016,-0.6374552583116766,0,0,23.599999999999998,0
Jigawa,2025,44,0.0,0,0,0,15.939999999999998,0
Jigawa,2025,45,0.0,0,0,0,0.21999999999999645,0
Jigawa,2025,46,-0.004,-0.4472135954999579,0,0,0.0,0
Jigawa,2025,47,0.0,0,0,0,0.0,0
Jigawa,2025,48,-0.01,-0.44721359549995787,0,0,0.0,0
Jigawa,2025,49,0.0,0,0,0,0.0,0
Jigawa,2025,50,0.0,0,0,0,0.0,0
Jigawa,2025,51,0.0,0,0,0,0.0,0
Jigawa,2025,52,0.0,0,0,0,0.0,0
Jigawa,2026,1,-3.6016666666666666,-0.408248290463863,0,0,0.0,0
Kaduna,2020,53,0.0,0,0,0,0.0,0
Kaduna,2021,1,-3.1033333333333335,-0.408248290463863,0,0,0.0,0
Kaduna,2021,2,-0.002,-0.4472135954999579,0,0,0.0,0
Kaduna,2021,3,0.0,0,0,0,0.0,0
Kaduna,2021,4,0.0,0,0,0,0.0,0
Kaduna,2021,5,0.0,0,0,0,0.0,0
Kaduna,2021,6,0.0,0,0,0,0.0,0
Kaduna,2021,7,0.0,0,0,0,0.0,0
Kaduna,2021,8,-1.484,-0.44948177351156104,0,0,0.0,0
Kaduna,2021,9,-41.483999999999995,-0.7143191005413941,0,0,0.0,0
Kaduna,2021,10,132.364,1.2519305855980185,1,0,209.1,0
Kaduna,2021,11,-53.983999999999995,-0.5130480657245251,0,0,209.98,0
Kaduna,2021,12,-17.502000000000002,-0.5053397257892066,0,0,211.06,0
Kaduna,2021,13,-34.288,-0.44898057088259696,0,0,211.06,0
Kaduna,2021,14,-104.474,-0.6789973379928679,0,0,6.8100000000000005,0
Kaduna,2021,15,8.104000000000001,0.7017163528224302,0,0,29.94,0
Kaduna,2021,16,-82.67599999999999,-0.8819212781588114,0,0,31.34,0
Kaduna,2021,17,-208.782,-0.5683832874993222,0,0,32.18,0
Kaduna,2021,18,-42.384,-0.6133081652362964,0,0,33.07,0
Kaduna,2021,19,157.322,0.7280037990448069,1,1,395.6,0
Kaduna,2021,20,65.042,0.34249990490828885,1,0,637.45,0
Kaduna,2021,21,-113.098,-0.536737143580984,0,0,649.84,0
Kaduna,2021,22,349.79,1.7727551456389057,1,1,1145.8300000000002,0
Kaduna,2021,23,60.247999999999976,0.5578000537895125,0,0,930.9300000000001,0
Kaduna,2021,24,32.684,1.5355461977376197,0,0,771.9,0
Kaduna,2021,25,78.21199999999999,0.3576853835824021,1,0,1004.6199999999999,0
Kaduna,2021,26,325.008,1.7815235008620376,1,1,945.47,0
Kaduna,2021,27,71.44800000000001,1.7575829243790313,0,0,900.87,0
Kaduna,2021,28,341.132,1.7818343000307308,1,1,1297.5,0
Kaduna,2021,29,189.786,0.8295958231345131,1,1,1434.29,0
Kaduna,2021,30,66.66,1.3202718867441,0,0,1145.5600000000002,0
Kaduna,2021,31,157.232,1.7253978370405274,1,0,1262.01,0
Kaduna,2021,32,197.16,1.774572588373188,1,0,1062.02,0
Kaduna,2021,33,41.849999999999994,0.8227989700650677,0,0,823.3399999999999,0
Kaduna,2021,34,232.058,1.6432697827238114,1,1,1039.24,0
Kaduna,2021,35,4.165999999999997,0.2581721698151307,0,0,855.9000000000001,0
Kaduna,2021,36,127.30799999999999,1.170124821622068,1,0,819.25,0
Kaduna,2021,37,308.202,1.7755974024081438,1,1,1109.8200000000002,0
Kaduna,2021,38,71.46800000000002,1.600046849329378,0,0,872.3900000000001,0
Kaduna,2021,39,38.775999999999996,1.13073221352715,0,0,907.36,0
Kaduna,2021,40,77.43800000000002,1.4483660350426288,0,0,805.19,0
Kaduna,2021,41,101.404,1.7325984048544456,0,0,518.04,0
Kaduna,2021,42,48.296,1.7518385237696381,0,0,455.35999999999996,0
Kaduna,2021,43,61.116,1.7837342589485041,0,0,439.38,0
Kaduna,2021,44,139.64600000000002,1.7888515832816,0,0,470.91,0
Kaduna,2021,45,12.574,1.7888522322847902,0,0,339.16,0
Kaduna,2021,46,2.62,1.7850824511865326,0,0,272.85,0
Kaduna,2021,47,-0.298,-0.44721359549995787,0,0,193.71,0
Kaduna,2021,48,185.928,1.7888543819998317,1,0,251.47,0
Kaduna,2021,49,0.008,1.7888543819998317,0,0,235.75,0
Kaduna,2021,50,0.0,0,0,0,232.42,0
Kaduna,2021,51,2.08,1.7888543819998317,0,0,235.02,0
Kaduna,2021,52,0.0,0,0,0,2.61,0
Kaduna,2022,1,15.516666666666667,2.041241452319315,0,0,21.220000000000002,0
Kaduna,2022,2,0.008,1.7888543819998317,0,0,21.230000000000004,0
Kaduna,2022,3,0.0,0,0,0,18.630000000000003,0
Kaduna,2022,4,0.0,0,0,0,18.630000000000003,0
Kaduna,2022,5,0.0,0,0,0,0.01,0
Kaduna,2022,6,0.0,0,0,0,0.0,0
Kaduna,2022,7,0.0,0,0,0,0.0,0
Kaduna,2022,8,-1.484,-0.44948177351156104,0,0,0.0,0
Kaduna,2022,9,44.206,0.761189619094901,0,0,85.69,0
Kaduna,2022,10,-76.606,-0.724557994925522,0,0,85.82,0
Kaduna,2022,11,-54.824,-0.5210311787804047,0,0,85.86,0
Kaduna,2022,12,61.297999999999995,1.7698728437565294,0,0,165.74,0
Kaduna,2022,13,136.61200000000002,1.7888513109371602,0,0,250.95,0
Kaduna,2022,14,230.11599999999993,1.4955697248077677,1,1,590.26,0
Kaduna,2022,15,-2.546000000000001,-0.22045531025245654,0,0,603.5799999999999,0
Kaduna,2022,16,91.544,0.9765179917723431,0,0,700.4,0
Kaduna,2022,17,642.4680000000001,1.7490400223827465,1,1,1381.5900000000001,0
Kaduna,2022,18,-3.544000000000004,-0.05128265707808222,0,0,1086.73,0
Kaduna,2022,19,-11.928000000000026,-0.05519653522715498,1,0,1290.66,0
Kaduna,2022,20,281.74199999999996,1.483604566413565,1,1,1574.99,0
Kaduna,2022,21,373.712,1.773551357247137,1,1,1222.94,0
Kaduna,2022,22,-50.06,-0.25370686008943544,0,0,1280.24,0
Kaduna,2022,23,161.728,1.497342436251333,1,0,1336.07,0
Kaduna,2022,24,0.8840000000000003,0.0415317231305855,0,0,928.54,0
Kaduna,2022,25,351.32200000000006,1.606693913094368,1,1,947.5600000000002,0
Kaduna,2022,26,-78.372,-0.4295942247869579,0,0,884.8800000000002,0
Kaduna,2022,27,-17.622,-0.43349185832223835,0,0,649.7300000000001,0
Kaduna,2022,28,-92.958,-0.48554739180802936,0,0,644.0700000000002,0
Kaduna,2022,29,-163.274,-0.7137061133406284,0,0,154.6900000000001,0
Kaduna,2022,30,-29.5,-0.5842787377580401,0,0,173.18000000000012,0
Kaduna,2022,31,-56.06800000000001,-0.6152666500915102,0,0,165.40000000000012,0
Kaduna,2022,32,-43.77,-0.3939594349416436,0,0,158.5700000000001,0
Kaduna,2022,33,19.44999999999999,0.38239999922976253,0,0,250.5500000000001,0
Kaduna,2022,34,35.20799999999997,0.2493180261406196,0,0,365.7600000000001,0
Kaduna,2022,35,26.535999999999994,1.6444687225670453,0,0,418.0900000000001,0
Kaduna,2022,36,104.80799999999999,0.9633207834901634,1,0,599.8700000000001,0
Kaduna,2022,37,-94.048,-0.5418244674002152,0,0,510.5900000000001,0
Kaduna,2022,38,-38.081999999999994,-0.852591147312942,0,0,360.46000000000004,0
Kaduna,2022,39,-12.034000000000006,-0.35091890493051714,0,0,322.2500000000001,0
Kaduna,2022,40,-19.85199999999999,-0.37130301050732517,0,0,145.29000000000013,0
Kaduna,2022,41,-28.586000000000002,-0.4884231194151038,0,0,130.40000000000012,0
Kaduna,2022,42,-21.164,-0.7676807710174884,0,0,107.81000000000012,0
Kaduna,2022,43,-17.694000000000003,-0.5164178607538915,0,0,63.83000000000011,0
Kaduna,2022,44,-35.004000000000005,-0.4483978117610897,0,0,18.000000000000114,0
Kaduna,2022,45,-3.1460000000000004,-0.4475687229813862,0,0,0.5200000000001137,0
Kaduna,2022,46,-0.7100000000000001,-0.48374371768795354,0,0,0.3400000000001137,0
Kaduna,2022,47,-0.298,-0.44721359549995787,0,0,0.010000000000113687,0
Kaduna,2022,48,-46.482,-0.4472135954999579,0,0,0.010000000000113687,0
Kaduna,2022,49,-0.002,-0.4472135954999579,0,0,0.0,0
Kaduna,2022,50,0.0,0,0,0,0.0,0
Kaduna,2022,51,-0.52,-0.4472135954999579,0,0,0.0,0
Kaduna,2022,52,0.0,0,0,0,0.0,0
Kaduna,2023,1,-3.1033333333333335,-0.408248290463863,0,0,0.0,0
Kaduna,2023,2,-0.002,-0.4472135954999579,0,0,0.0,0
Kaduna,2023,3,0.0,0,0,0,0.0,0
Kaduna,2023,4,0.0,0,0,0,0.0,0
Kaduna,2023,5,0.0,0,0,0,0.0,0
Kaduna,2023,6,0.0,0,0,0,0.0,0
Kaduna,2023,7,0.0,0,0,0,0.0,0
Kaduna,2023,8,-1.484,-0.44948177351156104,0,0,0.0,0
Kaduna,2023,9,79.976,1.37711851279767,0,0,121.46000000000011,0
Kaduna,2023,10,97.714,0.9242025417872289,0,0,295.9100000000001,0
Kaduna,2023,11,-23.403999999999996,-0.22242473566643423,0,0,327.37000000000006,0
Kaduna,2023,12,-6.642000000000001,-0.1917761660777003,0,0,339.31000000000006,0
Kaduna,2023,13,-33.958,-0.44465942096451316,0,0,218.1800000000001,0
Kaduna,2023,14,88.676,0.5763229889145198,1,0,241.7300000000001,0
Kaduna,2023,15,15.293999999999999,1.324290461508668,0,0,241.47000000000008,0
Kaduna,2023,16,-31.975999999999992,-0.3410943295564148,0,0,282.7100000000001,0
Kaduna,2023,17,-27.352000000000004,-0.07446245212557338,0,0,464.6500000000001,0
Kaduna,2023,18,120.46600000000001,1.7431762323838165,0,0,435.2400000000001,0
Kaduna,2023,19,272.022,1.2587753106607242,1,1,905.2800000000002,0
Kaduna,2023,20,1.3719999999999857,0.007224714331265449,0,0,1032.76,0
Kaduna,2023,21,-46.498000000000005,-0.2206688332439884,0,0,930.32,0
Kaduna,2023,22,-118.83,-0.6022370392414624,0,0,794.84,0
Kaduna,2023,23,-60.26200000000001,-0.5579296713826786,0,0,344.73000000000013,0
Kaduna,2023,24,-26.646,-1.2518713739112906,0,0,190.0400000000001,0
Kaduna,2023,25,-135.788,-0.6209965589153484,0,0,142.1600000000001,0
Kaduna,2023,26,-102.352,-0.5610400155080223,0,0,124.27000000000011,0
Kaduna,2023,27,-14.012,-0.34468777203559214,0,0,114.72000000000011,0
Kaduna,2023,28,-93.638,-0.4890992348600471,0,0,135.9100000000001,0
Kaduna,2023,29,-151.19400000000002,-0.6609018098437166,0,0,145.7200000000001,0
Kaduna,2023,30,-66.61,-1.3192815837987473,0,0,151.0800000000001,0
Kaduna,2023,31,-50.168000000000006,-0.5505225316007505,0,0,145.5900000000001,0
Kaduna,2023,32,-59.26,-0.5333798518309755,0,0,123.9500000000001,0
Kaduna,2023,33,-62.61000000000001,-1.2309544448213598,0,0,121.79000000000012,0
Kaduna,2023,34,-66.33200000000001,-0.4697160676539308,0,0,172.5700000000001,0
Kaduna,2023,35,-12.064,-0.7476209929548101,0,0,180.40000000000012,0
Kaduna,2023,36,-39.902,-0.3667508768684118,0,0,232.9600000000001,0
Kaduna,2023,37,-90.458,-0.5211419453054681,0,0,229.3300000000001,0
Kaduna,2023,38,-36.882,-0.825725190252506,0,0,181.9400000000001,0
Kaduna,2023,39,-28.454000000000008,-0.8297362905844219,0,0,165.9100000000001,0
Kaduna,2023,40,-51.66199999999999,-0.9662631537794398,0,0,101.85000000000011,0
Kaduna,2023,41,-36.556,-0.6245992987244992,0,0,75.40000000000012,0
Kaduna,2023,42,-6.9940000000000015,-0.2536930312084821,0,0,65.78000000000011,0
Kaduna,2023,43,-18.024,-0.5260492552406545,0,0,37.890000000000114,0
Kaduna,2023,44,-34.67400000000001,-0.4441705440807915,0,0,24.200000000000113,0
Kaduna,2023,45,-3.1460000000000004,-0.4475687229813862,0,0,14.690000000000113,0
Kaduna,2023,46,-0.4900000000000001,-0.33385129812267217,0,0,0.5600000000001137,0
Kaduna,2023,47,1.192,1.7888543819998315,0,0,2.0500000000001135,0
Kaduna,2023,48,-46.482,-0.4472135954999579,0,0,1.7200000000001137,0
Kaduna,2023,49,-0.002,-0.4472135954999579,0,0,1.7100000000001137,0
Kaduna,2023,50,0.0,0,0,0,1.4900000000001137,0
Kaduna,2023,51,-0.52,-0.4472135954999579,0,0,0.0,0
Kaduna,2023,52,0.0,0,0,0,0.0,0
Kaduna,2024,1,-3.1033333333333335,-0.408248290463863,0,0,0.0,0
Kaduna,2024,2,-0.002,-0.4472135954999579,0,0,0.0,0
Kaduna,2024,3,0.0,0,0,0,0.0,0
Kaduna,2024,4,0.0,0,0,0,0.0,0
Kaduna,2024,5,0.0,0,0,0,0.0,0
Kaduna,2024,6,0.0,0,0,0,0.0,0
Kaduna,2024,7,0.0,0,0,0,0.0,0
Kaduna,2024,8,5.906,1.7888405352825334,0,0,7.390000000000113,0
Kaduna,2024,9,-41.483999999999995,-0.7143191005413941,0,0,7.390000000000113,0
Kaduna,2024,10,-76.73599999999999,-0.7257875662298625,0,0,7.390000000000113,0
Kaduna,2024,11,186.686,1.7742088618451526,1,0,248.9400000000001,0
Kaduna,2024,12,-18.582,-0.536522842224605,0,0,241.55000000000013,0
Kaduna,2024,13,-34.288,-0.44898057088259696,0,0,241.55000000000013,0
Kaduna,2024,14,-106.874,-0.6945954160906039,0,0,244.0000000000001,0
Kaduna,2024,15,-8.186,-0.708816641683664,0,0,10.170000000000115,0
Kaduna,2024,16,108.11400000000002,1.1532734659013713,1,0,203.4400000000001,0
Kaduna,2024,17,-197.83200000000002,-0.5385732607818965,0,0,215.23000000000013,0
Kaduna,2024,18,-38.724000000000004,-0.5603469561771032,0,0,222.18000000000015,0
Kaduna,2024,19,-188.818,-0.87375078709934,0,0,254.86000000000016,0
Kaduna,2024,20,-178.348,-0.9391496731432536,0,0,62.530000000000136,0
Kaduna,2024,21,-101.368,-0.48106925649009874,0,0,75.70000000000014,0
Kaduna,2024,22,-104.41,-0.5291556784246494,0,0,113.83000000000014,0
Kaduna,2024,23,-71.59200000000001,-0.662827337851859,0,0,113.23000000000015,0
Kaduna,2024,24,-1.3160000000000025,-0.061827768823360406,0,0,163.59000000000015,0
Kaduna,2024,25,-154.788,-0.7078888809128122,0,0,151.58000000000013,0
Kaduna,2024,26,-56.822,-0.31146842036498396,0,0,164.80000000000013,0
Kaduna,2024,27,-30.052,-0.7392632689989733,0,0,150.54000000000013,0
Kaduna,2024,28,-56.158,-0.2933300031106017,0,0,183.88000000000017,0
Kaduna,2024,29,303.206,1.3253792753381346,1,1,667.0900000000001,0
Kaduna,2024,30,17.22,0.34106033437943895,0,0,710.7500000000002,0
Kaduna,2024,31,2.201999999999984,0.02416382185027993,0,0,773.6700000000002,0
Kaduna,2024,32,-65.03,-0.5853137321054394,0,0,708.7800000000002,0
Kaduna,2024,33,-45.7,-0.898492543177386,0,0,269.13000000000017,0
Kaduna,2024,34,-93.702,-0.6635309499383196,0,0,208.71000000000018,0
Kaduna,2024,35,-9.954,-0.6168616846711025,0,0,166.28000000000017,0
Kaduna,2024,36,-89.352,-0.8212601962294204,0,0,175.1600000000002,0
Kaduna,2024,37,-82.44800000000001,-0.47499514809685417,0,0,162.63000000000017,0
Kaduna,2024,38,-3.5419999999999945,-0.07929934992338734,0,0,175.95000000000016,0
Kaduna,2024,39,-32.644000000000005,-0.9519192897250954,0,0,153.62000000000018,0
Kaduna,2024,40,-37.29199999999999,-0.6974930419020337,0,0,153.38000000000017,0
Kaduna,2024,41,-35.566,-0.6076840644062682,0,0,119.91000000000018,0
Kaduna,2024,42,-12.074000000000002,-0.4379596309424096,0,0,71.87000000000018,0
Kaduna,2024,43,-12.414000000000001,-0.3623155489656838,0,0,53.780000000000165,0
Kaduna,2024,44,-35.004000000000005,-0.4483978117610897,0,0,25.39000000000017,0
Kaduna,2024,45,-3.156,-0.4489913826221408,0,0,14.88000000000017,0
Kaduna,2024,46,-0.7100000000000001,-0.48374371768795354,0,0,5.61000000000017,0
Kaduna,2024,47,-0.298,-0.44721359549995787,0,0,0.0,0
Kaduna,2024,48,-46.482,-0.4472135954999579,0,0,0.0,0
Kaduna,2024,49,-0.002,-0.4472135954999579,0,0,0.0,0
Kaduna,2024,50,0.0,0,0,0,0.0,0
Kaduna,2024,51,-0.52,-0.4472135954999579,0,0,0.0,0
Kaduna,2024,52,0.0,0,0,0,0.0,0
Kaduna,2025,1,-3.1033333333333335,-0.408248290463863,0,0,0.0,0
Kaduna,2025,2,-0.002,-0.4472135954999579,0,0,0.0,0
Kaduna,2025,3,0.0,0,0,0,0.0,0
Kaduna,2025,4,0.0,0,0,0,0.0,0
Kaduna,2025,5,0.0,0,0,0,0.0,0
Kaduna,2025,6,0.0,0,0,0,0.0,0
Kaduna,2025,7,0.0,0,0,0,0.0,0
Kaduna,2025,8,-1.454,-0.44039521474785026,0,0,0.03000000000017053,0
Kaduna,2025,9,-41.21399999999999,-0.7096699308097825,0,0,0.3000000000001706,0
Kaduna,2025,10,-76.73599999999999,-0.7257875662298625,0,0,0.3000000000001706,0
Kaduna,2025,11,-54.474,-0.5177048816737883,0,0,0.6900000000001706,0
Kaduna,2025,12,-18.572,-0.5362341096650179,0,0,0.6700000000001706,0
Kaduna,2025,13,-34.077999999999996,-0.44623074820745273,0,0,0.6100000000001705,0
Kaduna,2025,14,-107.444,-0.6982999596388163,0,0,2.4900000000001703,0
Kaduna,2025,15,-12.666,-1.0967348623949777,0,0,5.34000000000017,0
Kaduna,2025,16,-85.00599999999999,-0.9067758499584876,0,0,5.480000000000171,0
Kaduna,2025,17,-208.502,-0.5676210219759542,0,0,6.390000000000171,0
Kaduna,2025,18,-35.814,-0.5182384538923348,0,0,16.82000000000017,0
Kaduna,2025,19,-228.598,-1.0578317873790366,0,0,14.200000000000172,0
Kaduna,2025,20,-169.80800000000002,-0.8941795125098662,0,0,23.53000000000017,0
Kaduna,2025,21,-112.748,-0.5350761239320659,0,0,35.99000000000017,0
Kaduna,2025,22,-76.49,-0.38765556788335825,0,0,99.13000000000018,0
Kaduna,2025,23,-90.12200000000001,-0.8343854808063084,0,0,119.78000000000017,0
Kaduna,2025,24,-5.606000000000002,-0.26337877813355465,0,0,157.31000000000017,0
Kaduna,2025,25,-138.958,-0.6354938568486094,0,0,172.51000000000016,0
Kaduna,2025,26,-87.462,-0.47942084020207365,0,0,127.17000000000019,0
Kaduna,2025,27,-9.762,-0.2401400250222274,0,0,151.7300000000002,0
Kaduna,2025,28,-98.378,-0.5138576702520526,0,0,147.14000000000019,0
Kaduna,2025,29,-178.524,-0.7803671752883027,0,0,132.7900000000002,0
Kaduna,2025,30,12.230000000000004,0.24222810043324855,0,0,202.1000000000002,0
Kaduna,2025,31,-53.19800000000001,-0.5837724771985473,0,0,189.3300000000002,0
Kaduna,2025,32,-29.1,-0.26191956949512973,0,0,202.59000000000017,0
Kaduna,2025,33,47.00999999999999,0.9242480187039148,0,0,337.38000000000017,0
Kaduna,2025,34,-107.232,-0.7593407912721809,0,0,268.4200000000002,0
Kaduna,2025,35,-8.684000000000005,-0.5381582147562645,0,0,282.6600000000002,0
Kaduna,2025,36,-102.862,-0.9454345320143995,0,0,242.10000000000016,0
Kaduna,2025,37,-41.24799999999999,-0.23763584160560638,0,0,178.06000000000017,0
Kaduna,2025,38,7.038000000000004,0.1575688381594583,0,0,215.49000000000018,0
Kaduna,2025,39,34.355999999999995,1.0018422717128834,0,0,258.8900000000002,0
Kaduna,2025,40,31.36800000000001,0.5866931711461709,0,0,340.82000000000016,0
Kaduna,2025,41,-0.695999999999998,-0.01189192230857452,0,0,301.02000000000015,0
Kaduna,2025,42,-8.064000000000002,-0.2925050906012582,0,0,246.4100000000002,0
Kaduna,2025,43,-12.984000000000002,-0.37895159398827444,0,0,160.75000000000017,0
Kaduna,2025,44,-34.964000000000006,-0.44788541567862933,0,0,63.74000000000017,0
Kaduna,2025,45,-3.1260000000000003,-0.4447234036998771,0,0,18.39000000000017,0
Kaduna,2025,46,-0.7100000000000001,-0.48374371768795354,0,0,5.110000000000171,0
Kaduna,2025,47,-0.298,-0.44721359549995787,0,0,0.07000000000017054,0
Kaduna,2025,48,-46.482,-0.4472135954999579,0,0,0.03000000000017053,0
Kaduna,2025,49,-0.002,-0.4472135954999579,0,0,0.0,0
Kaduna,2025,50,0.0,0,0,0,0.0,0
Kaduna,2025,51,-0.52,-0.4472135954999579,0,0,0.0,0
Kaduna,2025,52,0.0,0,0,0,0.0,0
Kaduna,2026,1,-3.1033333333333335,-0.408248290463863,0,0,0.0,0
Kano,2020,53,0.0,0,0,0,0.0,0
Kano,2021,1,-3.3316666666666666,-0.40824829046386313,0,0,0.0,0
Kano,2021,2,0.0,0,0,0,0.0,0
Kano,2021,3,0.0,0,0,0,0.0,0
Kano,2021,4,0.0,0,0,0,0.0,0
Kano,2021,5,0.0,0,0,0,0.0,0
Kano,2021,6,0.0,0,0,0,0.0,0
Kano,2021,7,0.0,0,0,0,0.0,0
Kano,2021,8,-1.4380000000000002,-0.447213595499958,0,0,0.0,0
Kano,2021,9,-0.024,-0.447213595499958,0,0,0.0,0
Kano,2021,10,0.08,1.7888543819998315,0,0,0.1,0
Kano,2021,11,-0.158,-0.4472135954999579,0,0,0.1,0
Kano,2021,12,-0.034,-0.4817971710753655,0,0,0.1,0
Kano,2021,13,0.0,0,0,0,0.1,0
Kano,2021,14,-0.67,-0.4823390361984933,0,0,0.0,0
Kano,2021,15,0.33799999999999997,1.2678665456583154,0,0,0.59,0
Kano,2021,16,-1.008,-0.5605955164843813,0,0,0.59,0
Kano,2021,17,-16.058,-0.6290501884387756,0,0,0.59,0
Kano,2021,18,-0.04199999999999998,-0.22160580182639172,0,0,0.73,0
Kano,2021,19,-7.994,-0.5124348130191919,0,0,2.7100000000000004,0
Kano,2021,20,-1.7160000000000002,-0.34403993226783275,0,0,4.380000000000001,0
Kano,2021,21,-0.5599999999999999,-0.8010223646344097,0,0,4.5200000000000005,0
Kano,2021,22,-2.1679999999999993,-0.1387234943406359,0,0,17.950000000000003,0
Kano,2021,23,-17.024000000000004,-0.3092690039498636,0,0,38.72,0
Kano,2021,24,35.83,1.781765082660811,1,0,86.87,0
Kano,2021,25,72.39200000000001,1.4930613295578294,1,1,195.88,0
Kano,2021,26,23.637999999999998,1.3471687045284824,0,0,226.93,0
Kano,2021,27,20.786,1.4938955436741825,1,0,253.31,0
Kano,2021,28,224.33400000000003,1.767410052838278,1,1,512.57,0
Kano,2021,29,126.27000000000001,0.7256895844634639,1,1,670.6800000000001,0
Kano,2021,30,37.76,1.3259476096649487,1,1,700.5300000000001,0
Kano,2021,31,85.56199999999998,1.5769461857184064,1,1,787.63,0
Kano,2021,32,169.17399999999998,1.7832168605386531,1,1,713.21,0
Kano,2021,33,-16.766,-0.7485785783904065,0,0,473.21999999999997,0
Kano,2021,34,54.536,1.3832587741277662,1,1,496.26,0
Kano,2021,35,-1.823999999999998,-0.1030819652785259,0,0,383.27,0
Kano,2021,36,62.5,1.0831659146729493,1,1,288.8,0
Kano,2021,37,42.66799999999999,1.6804561456390186,1,1,340.87,0
Kano,2021,38,35.556,1.7365351231076112,1,0,296.72,0
Kano,2021,39,34.542,1.6283569414018342,1,0,332.54,0
Kano,2021,40,-5.382,-1.6219917964736097,0,0,194.26000000000002,0
Kano,2021,41,8.421999999999999,1.0223485040311615,0,0,130.21000000000004,0
Kano,2021,42,21.526,1.7474905155420195,0,0,106.25000000000003,0
Kano,2021,43,0.07400000000000001,1.753968213617916,0,0,46.700000000000024,0
Kano,2021,44,0.0,0,0,0,44.79000000000003,0
Kano,2021,45,0.0,0,0,0,29.50000000000003,0
Kano,2021,46,-0.002,-0.4472135954999579,0,0,0.10000000000002843,0
Kano,2021,47,0.0,0,0,0,0.0,0
Kano,2021,48,0.11200000000000002,1.788854381999832,0,0,0.14000000000002844,0
Kano,2021,49,0.0,0,0,0,0.14000000000002844,0
Kano,2021,50,0.0,0,0,0,0.14000000000002844,0
Kano,2021,51,0.0,0,0,0,0.14000000000002844,0
Kano,2021,52,0.0,0,0,0,0.0,0
Kano,2022,1,16.65833333333333,2.041241452319315,0,0,19.990000000000027,0
Kano,2022,2,0.0,0,0,0,19.990000000000027,0
Kano,2022,3,0.0,0,0,0,19.990000000000027,0
Kano,2022,4,0.0,0,0,0,19.990000000000027,0
Kano,2022,5,0.0,0,0,0,0.0,0
Kano,2022,6,0.0,0,0,0,0.0,0
Kano,2022,7,0.0,0,0,0,0.0,0
Kano,2022,8,-1.4380000000000002,-0.447213595499958,0,0,0.0,0
Kano,2022,9,-0.024,-0.447213595499958,0,0,0.0,0
Kano,2022,10,-0.02,-0.44721359549995787,0,0,0.0,0
Kano,2022,11,-0.158,-0.4472135954999579,0,0,0.0,0
Kano,2022,12,-0.024,-0.3400921207590815,0,0,0.010000000000028422,0
Kano,2022,13,0.0,0,0,0,0.010000000000028422,0
Kano,2022,14,2.48,1.7853743429436766,0,0,3.160000000000028,0
Kano,2022,15,0.21799999999999997,0.8177364111050673,0,0,3.6300000000000283,0
Kano,2022,16,-0.16800000000000004,-0.09343258608073024,0,0,4.460000000000028,0
Kano,2022,17,5.731999999999999,0.2245432606881966,0,0,26.25000000000003,0
Kano,2022,18,0.21800000000000003,1.150239638051272,0,0,23.50000000000003,0
Kano,2022,19,26.796,1.7176886727123175,0,0,60.39000000000003,0
Kano,2022,20,8.774000000000001,1.7590946187167626,0,0,71.71000000000004,0
Kano,2022,21,1.11,1.5877407584717766,0,0,51.730000000000025,0
Kano,2022,22,23.832,1.5249346481208654,0,0,90.90000000000003,0
Kano,2022,23,97.226,1.766270452186879,1,1,191.13000000000005,0
Kano,2022,24,-6.300000000000002,-0.3132883064684095,0,0,186.66000000000003,0
Kano,2022,25,27.842,0.5742321463359084,1,0,249.45000000000002,0
Kano,2022,26,1.208000000000002,0.0688459173817755,0,0,232.07000000000002,0
Kano,2022,27,-9.613999999999997,-0.6909608273301061,0,0,113.80000000000003,0
Kano,2022,28,-22.77600000000001,-0.17944017118869465,1,0,168.08000000000004,0
Kano,2022,29,-135.51,-0.7787930275650905,0,0,108.96000000000004,0
Kano,2022,30,-17.34,-0.6088964923620289,0,0,106.14000000000004,0
Kano,2022,31,-38.188,-0.7038220347843028,0,0,99.89000000000003,0
Kano,2022,32,-39.71600000000001,-0.41863549264752964,0,0,63.690000000000026,0
Kano,2022,33,19.693999999999996,0.879309705524315,1,0,121.94000000000003,0
Kano,2022,34,29.62599999999999,0.75143803070099,1,0,175.17000000000002,0
Kano,2022,35,3.4760000000000026,0.19644348207684026,0,0,191.23000000000002,0
Kano,2022,36,-41.48,-0.718875554250143,0,0,201.67000000000002,0
Kano,2022,37,-4.741999999999997,-0.18676111002672313,0,0,169.87000000000003,0
Kano,2022,38,-9.313999999999998,-0.4548905427107742,0,0,105.76000000000003,0
Kano,2022,39,-17.208,-0.8112085648671982,0,0,84.53000000000003,0
Kano,2022,40,0.5379999999999994,0.1621389049615015,0,0,56.15000000000003,0
Kano,2022,41,-4.718,-0.5727190978412515,0,0,26.37000000000003,0
Kano,2022,42,-1.4239999999999995,-0.11560097064628054,0,0,24.33000000000003,0
Kano,2022,43,-0.006000000000000002,-0.1422136389419932,0,0,16.450000000000028,0
Kano,2022,44,0.0,0,0,0,8.62000000000003,0
Kano,2022,45,0.0,0,0,0,6.470000000000029,0
Kano,2022,46,-0.002,-0.4472135954999579,0,0,0.020000000000028422,0
Kano,2022,47,0.0,0,0,0,0.0,0
Kano,2022,48,-0.028000000000000004,-0.447213595499958,0,0,0.0,0
Kano,2022,49,0.0,0,0,0,0.0,0
Kano,2022,50,0.0,0,0,0,0.0,0
Kano,2022,51,0.0,0,0,0,0.0,0
Kano,2022,52,0.0,0,0,0,0.0,0
Kano,2023,1,-3.3316666666666666,-0.40824829046386313,0,0,0.0,0
Kano,2023,2,0.0,0,0,0,0.0,0
Kano,2023,3,0.0,0,0,0,0.0,0
Kano,2023,4,0.0,0,0,0,0.0,0
Kano,2023,5,0.0,0,0,0,0.0,0
Kano,2023,6,0.0,0,0,0,0.0,0
Kano,2023,7,0.0,0,0,0,0.0,0
Kano,2023,8,-1.4380000000000002,-0.447213595499958,0,0,0.0,0
Kano,2023,9,-0.024,-0.447213595499958,0,0,0.0,0
Kano,2023,10,-0.02,-0.44721359549995787,0,0,0.0,0
Kano,2023,11,-0.158,-0.4472135954999579,0,0,0.0,0
Kano,2023,12,0.126,1.7854836339851778,0,0,0.16000000000002843,0
Kano,2023,13,0.0,0,0,0,0.16000000000002843,0
Kano,2023,14,-0.47000000000000003,-0.3383572343481968,0,0,0.3600000000000284,0
Kano,2023,15,-0.252,-0.9452732825618211,0,0,0.3600000000000284,0
Kano,2023,16,3.152,1.752973281705129,0,0,4.360000000000029,0
Kano,2023,17,42.432,1.662215568304529,1,0,62.85000000000003,0
Kano,2023,18,0.178,0.9391864934547082,0,0,63.010000000000026,0
Kano,2023,19,-8.914,-0.5714090471920286,0,0,64.66000000000003,0
Kano,2023,20,-2.6660000000000004,-0.5345049297354558,0,0,61.22000000000003,0
Kano,2023,21,-0.41999999999999993,-0.6007667734758072,0,0,3.010000000000028,0
Kano,2023,22,-12.738,-0.8150645161028693,0,0,5.650000000000029,0
Kano,2023,23,-14.414000000000001,-0.26185405444862153,0,0,29.95000000000003,0
Kano,2023,24,-8.350000000000001,-0.4152313268271776,0,0,34.87000000000003,0
Kano,2023,25,-28.407999999999994,-0.5859057112675269,0,0,42.94000000000003,0
Kano,2023,26,-19.212,-1.0949236463068452,0,0,41.710000000000036,0
Kano,2023,27,-0.6839999999999975,-0.04915926834759632,0,0,44.01000000000003,0
Kano,2023,28,-73.266,-0.577224428447089,0,0,49.85000000000003,0
Kano,2023,29,-100.34999999999998,-0.5767240817368225,0,0,82.14000000000003,0
Kano,2023,30,-31.09,-1.091729639419578,0,0,85.99000000000004,0
Kano,2023,31,-29.568,-0.5449515534854474,0,0,79.43000000000004,0
Kano,2023,32,-32.576,-0.34337470562206474,0,0,100.86000000000004,0
Kano,2023,33,-30.476,-1.3607110076956954,0,0,73.78000000000003,0
Kano,2023,34,-29.784000000000006,-0.7554455649226456,0,0,81.35000000000002,0
Kano,2023,35,-18.443999999999996,-1.042348556796674,0,0,66.87000000000003,0
Kano,2023,36,1.75,0.030328645610842583,1,1,113.40000000000003,0
Kano,2023,37,-22.581999999999997,-0.8893798790855048,0,0,113.93000000000004,0
Kano,2023,38,-12.973999999999998,-0.6336428925412911,0,0,105.57000000000004,0
Kano,2023,39,-14.837999999999997,-0.6994835358844425,0,0,108.63000000000004,0
Kano,2023,40,2.8480000000000008,0.8583115266363511,0,0,39.33000000000004,0
Kano,2023,41,-6.868,-0.8337080890152004,0,0,25.240000000000045,0
Kano,2023,42,-7.854,-0.6375913086066627,0,0,20.430000000000046,0
Kano,2023,43,-0.026000000000000002,-0.6162591020819704,0,0,10.160000000000043,0
Kano,2023,44,0.0,0,0,0,0.020000000000042633,0
Kano,2023,45,0.0,0,0,0,0.020000000000042633,0
Kano,2023,46,0.008,1.7888543819998317,0,0,0.010000000000042633,0
Kano,2023,47,0.0,0,0,0,0.010000000000042633,0
Kano,2023,48,-0.028000000000000004,-0.447213595499958,0,0,0.010000000000042633,0
Kano,2023,49,0.0,0,0,0,0.010000000000042633,0
Kano,2023,50,0.0,0,0,0,0.0,0
Kano,2023,51,0.0,0,0,0,0.0,0
Kano,2023,52,0.0,0,0,0,0.0,0
Kano,2024,1,-3.3316666666666666,-0.40824829046386313,0,0,0.0,0
Kano,2024,2,0.0,0,0,0,0.0,0
Kano,2024,3,0.0,0,0,0,0.0,0
Kano,2024,4,0.0,0,0,0,0.0,0
Kano,2024,5,0.0,0,0,0,0.0,0
Kano,2024,6,0.0,0,0,0,0.0,0
Kano,2024,7,0.0,0,0,0,0.0,0
Kano,2024,8,5.752000000000001,1.788854381999832,0,0,7.190000000000043,0
Kano,2024,9,-0.024,-0.447213595499958,0,0,7.190000000000043,0
Kano,2024,10,-0.02,-0.44721359549995787,0,0,7.190000000000043,0
Kano,2024,11,0.632,1.7888543819998317,0,0,7.980000000000043,0
Kano,2024,12,-0.034,-0.4817971710753655,0,0,0.7900000000000427,0
Kano,2024,13,0.0,0,0,0,0.7900000000000427,0
Kano,2024,14,-0.67,-0.4823390361984933,0,0,0.7900000000000427,0
Kano,2024,15,-0.07200000000000001,-0.2700780807319489,0,0,0.18000000000004263,0
Kano,2024,16,-0.968,-0.538349662655636,0,0,0.22000000000004263,0
Kano,2024,17,-16.048,-0.6286584521151743,0,0,0.23000000000004261,0
Kano,2024,18,-0.172,-0.9075285217652236,0,0,0.24000000000004262,0
Kano,2024,19,0.6760000000000002,0.043333241631345235,0,0,11.300000000000043,0
Kano,2024,20,-3.386,-0.6788573488688121,0,0,11.260000000000044,0
Kano,2024,21,0.27,0.38620721152016185,0,0,12.220000000000043,0
Kano,2024,22,5.591999999999999,0.357814474332489,0,0,33.54000000000004,0
Kano,2024,23,-34.584,-0.6282753308624343,0,0,28.08000000000004,0
Kano,2024,24,-10.46,-0.5201580453427878,0,0,31.61000000000004,0
Kano,2024,25,-35.157999999999994,-0.725122254179939,0,0,32.24000000000004,0
Kano,2024,26,9.148,0.5213596458679481,0,0,41.04000000000004,0
Kano,2024,27,4.616,0.33175319107091433,0,0,68.81000000000003,0
Kano,2024,28,-63.38600000000001,-0.4993850847807603,0,0,86.64000000000004,0
Kano,2024,29,242.84,1.3956320479219733,1,1,468.87,0
Kano,2024,30,21.049999999999997,0.7391736542226475,1,0,496.50000000000006,0
Kano,2024,31,22.431999999999995,0.41343186038235774,1,1,536.6400000000001,0
Kano,2024,32,-43.446000000000005,-0.4579524023961268,0,0,537.32,0
Kano,2024,33,9.943999999999996,0.443985767834558,1,0,207.47000000000003,0
Kano,2024,34,-27.424000000000003,-0.6955861930042516,0,0,165.26000000000005,0
Kano,2024,35,27.836000000000006,1.5731302552045232,1,0,145.06000000000006,0
Kano,2024,36,49.56,0.858907243699062,1,1,250.27000000000007,0
Kano,2024,37,-0.3219999999999956,-0.012681796167989048,0,0,232.64000000000007,0
Kano,2024,38,-0.7339999999999982,-0.03584814884579209,0,0,234.16000000000008,0
Kano,2024,39,-7.857999999999997,-0.3704368260533729,0,0,197.92000000000007,0
Kano,2024,40,2.5280000000000005,0.7618720292614801,0,0,80.49000000000007,0
Kano,2024,41,-6.3580000000000005,-0.7717990725041708,0,0,44.650000000000055,0
Kano,2024,42,-4.564,-0.37050760535788246,0,0,30.890000000000057,0
Kano,2024,43,-0.016,-0.3792363705119818,0,0,13.650000000000057,0
Kano,2024,44,0.0,0,0,0,3.830000000000057,0
Kano,2024,45,0.0,0,0,0,3.320000000000057,0
Kano,2024,46,-0.002,-0.4472135954999579,0,0,0.010000000000056844,0
Kano,2024,47,0.0,0,0,0,0.0,0
Kano,2024,48,-0.028000000000000004,-0.447213595499958,0,0,0.0,0
Kano,2024,49,0.0,0,0,0,0.0,0
Kano,2024,50,0.0,0,0,0,0.0,0
Kano,2024,51,0.0,0,0,0,0.0,0
Kano,2024,52,0.0,0,0,0,0.0,0
Kano,2025,1,-3.3316666666666666,-0.40824829046386313,0,0,0.0,0
Kano,2025,2,0.0,0,0,0,0.0,0
Kano,2025,3,0.0,0,0,0,0.0,0
Kano,2025,4,0.0,0,0,0,0.0,0
Kano,2025,5,0.0,0,0,0,0.0,0
Kano,2025,6,0.0,0,0,0,0.0,0
Kano,2025,7,0.0,0,0,0,0.0,0
Kano,2025,8,-1.4380000000000002,-0.447213595499958,0,0,0.0,0
Kano,2025,9,0.096,1.788854381999832,0,0,0.12000000000005684,0
Kano,2025,10,-0.02,-0.44721359549995787,0,0,0.12000000000005684,0
Kano,2025,11,-0.158,-0.4472135954999579,0,0,0.12000000000005684,0
Kano,2025,12,-0.034,-0.4817971710753655,0,0,0.12000000000005684,0
Kano,2025,13,0.0,0,0,0,0.0,0
Kano,2025,14,-0.67,-0.4823390361984933,0,0,0.0,0
Kano,2025,15,-0.232,-0.8702515934696131,0,0,0.020000000000056844,0
Kano,2025,16,-1.008,-0.5605955164843813,0,0,0.020000000000056844,0
Kano,2025,17,-16.058,-0.6290501884387756,0,0,0.020000000000056844,0
Kano,2025,18,-0.182,-0.9602918079143645,0,0,0.020000000000056844,0
Kano,2025,19,-10.564,-0.6771780541324423,0,0,0.0,0
Kano,2025,20,-1.0060000000000002,-0.2016924078446619,0,0,2.3800000000000567,0
Kano,2025,21,-0.39999999999999997,-0.5721588318817212,0,0,2.6800000000000566,0
Kano,2025,22,-14.517999999999999,-0.9289611120098491,0,0,3.900000000000057,0
Kano,2025,23,-31.204000000000004,-0.5668720629259599,0,0,13.060000000000057,0
Kano,2025,24,-10.72,-0.5330874040224364,0,0,13.950000000000056,0
Kano,2025,25,-36.66799999999999,-0.7562655104462712,0,0,13.740000000000057,0
Kano,2025,26,-14.782,-0.8424506214713608,0,0,18.720000000000056,0
Kano,2025,27,-15.103999999999997,-1.085528639067394,0,0,23.390000000000057,0
Kano,2025,28,-64.906,-0.5113603684217339,0,0,39.96000000000006,0
Kano,2025,29,-133.24999999999997,-0.7658045230835236,0,0,47.610000000000056,0
Kano,2025,30,-10.380000000000003,-0.3644951321059897,0,0,67.74000000000005,0
Kano,2025,31,-40.238,-0.7416044578310144,0,0,64.93000000000006,0
Kano,2025,32,-53.43600000000001,-0.5632542598729326,0,0,57.14000000000006,0
Kano,2025,33,17.604,0.7859941127272287,1,0,111.04000000000005,0
Kano,2025,34,-26.954000000000004,-0.6836650469018596,0,0,100.73000000000006,0
Kano,2025,35,-11.043999999999997,-0.6241432152061628,0,0,104.32000000000006,0
Kano,2025,36,-72.33,-1.2535262497327109,0,0,97.63000000000007,0
Kano,2025,37,-15.021999999999998,-0.5916333603588014,0,0,57.64000000000006,0
Kano,2025,38,-12.533999999999999,-0.6121535390097536,0,0,46.890000000000065,0
Kano,2025,39,5.362000000000002,0.25277198540317986,0,0,62.75000000000006,0
Kano,2025,40,-0.532,-0.16033066438572285,0,0,64.15000000000006,0
Kano,2025,41,9.522,1.155877755329461,0,0,58.890000000000065,0
Kano,2025,42,-7.683999999999999,-0.6237906309311938,0,0,53.81000000000006,0
Kano,2025,43,-0.026000000000000002,-0.6162591020819704,0,0,23.340000000000064,0
Kano,2025,44,0.0,0,0,0,16.580000000000062,0
Kano,2025,45,0.0,0,0,0,0.1900000000000604,0
Kano,2025,46,-0.002,-0.4472135954999579,0,0,0.0,0
Kano,2025,47,0.0,0,0,0,0.0,0
Kano,2025,48,-0.028000000000000004,-0.447213595499958,0,0,0.0,0
Kano,2025,49,0.0,0,0,0,0.0,0
Kano,2025,50,0.0,0,0,0,0.0,0
Kano,2025,51,0.0,0,0,0,0.0,0
Kano,2025,52,0.0,0,0,0,0.0,0
Kano,2026,1,-3.3316666666666666,-0.40824829046386313,0,0,0.0,0
Katsina,2020,53,0.0,0,0,0,0.0,0
Katsina,2021,1,-1.2983333333333333,-0.408248290463863,0,0,0.0,0
Katsina,2021,2,0.0,0,0,0,0.0,0
Katsina,2021,3,0.0,0,0,0,0.0,0
Katsina,2021,4,0.0,0,0,0,0.0,0
Katsina,2021,5,-0.006,-0.44721359549995804,0,0,0.0,0
Katsina,2021,6,0.0,0,0,0,0.0,0
Katsina,2021,7,0.0,0,0,0,0.0,0
Katsina,2021,8,-0.25,-0.4472135954999579,0,0,0.0,0
Katsina,2021,9,-0.002,-0.4472135954999579,0,0,0.0,0
Katsina,2021,10,-0.366,-0.44721359549995787,0,0,0.0,0
Katsina,2021,11,-0.23200000000000004,-0.5102661237313955,0,0,0.0,0
Katsina,2021,12,-0.052000000000000005,-0.4472135954999579,0,0,0.0,0
Katsina,2021,13,0.0,0,0,0,0.0,0
Katsina,2021,14,-0.10600000000000001,-0.7283546335017933,0,0,0.0,0
Katsina,2021,15,-4.932,-0.4694782858132381,0,0,0.0,0
Katsina,2021,16,-1.5300000000000002,-0.4463573207665072,0,0,0.0699999999999999,0
Katsina,2021,17,-0.726,-0.5110800784141626,0,0,0.0699999999999999,0
Katsina,2021,18,0.66,1.2559472859193368,0,0,1.14,0
Katsina,2021,19,-23.567999999999994,-0.6859153580681759,0,0,3.49,0
Katsina,2021,20,-14.936,-0.6508286020926941,0,0,3.9,0
Katsina,2021,21,-3.0040000000000004,-0.6356048677705616,0,0,4.82,0
Katsina,2021,22,-24.005999999999997,-0.6856157663434543,0,0,21.69,0
Katsina,2021,23,-2.1920000000000073,-0.07517368594962592,0,0,57.17,0
Katsina,2021,24,-10.642,-1.6709881547626222,0,0,74.05,0
Katsina,2021,25,9.368000000000002,0.1665652795455703,0,0,128.22,0
Katsina,2021,26,15.320000000000007,0.5166771851458457,0,0,165.87,0
Katsina,2021,27,102.304,1.4698717019856808,1,1,344.41,0
Katsina,2021,28,55.72,1.3936769034022731,1,1,476.81,0
Katsina,2021,29,20.753999999999998,0.6051261545979346,1,0,503.86,0
Katsina,2021,30,160.83,1.7832406753184777,1,1,695.01,0
Katsina,2021,31,2.5020000000000024,0.10927968929777178,0,0,535.79,0
Katsina,2021,32,51.092,1.4467462092618038,1,1,510.36,0
Katsina,2021,33,-19.10799999999999,-0.5310389012753788,0,0,484.01,0
Katsina,2021,34,45.306,0.9236769655527818,1,1,358.73,0
Katsina,2021,35,-4.652000000000001,-0.30908547587912283,0,0,354.39000000000004,0
Katsina,2021,36,151.51600000000002,1.6300553286200963,1,1,502.04,0
Katsina,2021,37,38.55000000000001,0.740759791280687,1,1,567.26,0
Katsina,2021,38,5.334000000000003,0.2645869204199097,0,0,483.41,0
Katsina,2021,39,-5.404,-0.9651103354062487,0,0,440.89000000000004,0
Katsina,2021,40,-1.5599999999999987,-0.213906958709664,0,0,180.27,0
Katsina,2021,41,10.572000000000001,0.5999175244587841,0,0,82.18,0
Katsina,2021,42,10.864,1.775312001689261,0,0,58.64,0
Katsina,2021,43,0.0,0,0,0,48.35,0
Katsina,2021,44,0.0,0,0,0,36.99,0
Katsina,2021,45,0.0,0,0,0,14.07,0
Katsina,2021,46,-0.022,-0.4472135954999579,0,0,0.0,0
Katsina,2021,47,-0.02,-0.44721359549995787,0,0,0.0,0
Katsina,2021,48,0.0,0,0,0,0.0,0
Katsina,2021,49,0.0,0,0,0,0.0,0
Katsina,2021,50,0.0,0,0,0,0.0,0
Katsina,2021,51,0.0,0,0,0,0.0,0
Katsina,2021,52,0.0,0,0,0,0.0,0
Katsina,2022,1,6.491666666666667,2.041241452319315,0,0,7.79,0
Katsina,2022,2,0.0,0,0,0,7.79,0
Katsina,2022,3,0.0,0,0,0,7.79,0
Katsina,2022,4,0.0,0,0,0,7.79,0
Katsina,2022,5,-0.006,-0.44721359549995804,0,0,0.0,0
Katsina,2022,6,0.0,0,0,0,0.0,0
Katsina,2022,7,0.0,0,0,0,0.0,0
Katsina,2022,8,-0.25,-0.4472135954999579,0,0,0.0,0
Katsina,2022,9,-0.002,-0.4472135954999579,0,0,0.0,0
Katsina,2022,10,1.464,1.7888543819998315,0,0,1.83,0
Katsina,2022,11,-0.23200000000000004,-0.5102661237313955,0,0,1.83,0
Katsina,2022,12,-0.052000000000000005,-0.4472135954999579,0,0,1.83,0
Katsina,2022,13,0.0,0,0,0,1.83,0
Katsina,2022,14,-0.10600000000000001,-0.7283546335017933,0,0,0.0,0
Katsina,2022,15,18.778,1.787482410989656,0,0,23.71,0
Katsina,2022,16,-1.6,-0.46677889753360224,0,0,23.71,0
Katsina,2022,17,-0.726,-0.5110800784141626,0,0,23.71,0
Katsina,2022,18,0.48,0.9134162079413358,0,0,24.6,0
Katsina,2022,19,41.742000000000004,1.214845505621258,0,0,68.55,0
Katsina,2022,20,36.604,1.5950006796331664,0,0,120.57,0
Katsina,2022,21,-3.8640000000000003,-0.8175689777181924,0,0,120.63,0
Katsina,2022,22,-12.956,-0.3700257380965507,0,0,148.73,0
Katsina,2022,23,-5.682000000000002,-0.1948617169551885,0,0,115.41,0
Katsina,2022,24,3.4080000000000013,0.535118176229188,0,0,94.8,0
Katsina,2022,25,92.97800000000001,1.653171067633223,1,1,233.44,0
Katsina,2022,26,2.460000000000001,0.08296513547381071,0,0,247.18,0
Katsina,2022,27,-88.856,-1.2766550667778351,0,0,238.05000000000004,0
Katsina,2022,28,-1.8000000000000114,-0.04502186694407946,1,0,298.88,0
Katsina,2022,29,-14.746000000000002,-0.42995038429705823,0,0,206.82,0
Katsina,2022,30,-46.73,-0.5181299307195949,0,0,203.26999999999998,0
Katsina,2022,31,-23.008000000000003,-1.004918901424113,0,0,209.7,0
Katsina,2022,32,0.9420000000000073,0.026674135463959713,0,0,191.64000000000001,0
Katsina,2022,33,19.482,0.541432901122406,1,0,239.38,0
Katsina,2022,34,53.73599999999999,1.0955437562562194,1,1,330.09000000000003,0
Katsina,2022,35,-15.942,-1.0592090835049388,0,0,339.97,0
Katsina,2022,36,-9.304000000000016,-0.10009526899787086,1,0,376.94999999999993,0
Katsina,2022,37,71.99,1.3833280771542578,1,1,437.02,0
Katsina,2022,38,-11.465999999999998,-0.5687577108238999,0,0,327.93999999999994,0
Katsina,2022,39,-0.5239999999999991,-0.09358212726737111,0,0,301.59,0
Katsina,2022,40,5.670000000000002,0.7774695230024335,0,0,209.01999999999998,0
Katsina,2022,41,-12.198,-0.6921863378119796,0,0,54.72,0
Katsina,2022,42,-3.0960000000000005,-0.5059247015123299,0,0,34.019999999999996,0
Katsina,2022,43,0.0,0,0,0,18.850000000000005,0
Katsina,2022,44,0.0,0,0,0,0.26,0
Katsina,2022,45,0.0,0,0,0,0.11,0
Katsina,2022,46,-0.022,-0.4472135954999579,0,0,0.0,0
Katsina,2022,47,-0.02,-0.44721359549995787,0,0,0.0,0
Katsina,2022,48,0.0,0,0,0,0.0,0
Katsina,2022,49,0.0,0,0,0,0.0,0
Katsina,2022,50,0.0,0,0,0,0.0,0
Katsina,2022,51,0.0,0,0,0,0.0,0
Katsina,2022,52,0.0,0,0,0,0.0,0
Katsina,2023,1,-1.2983333333333333,-0.408248290463863,0,0,0.0,0
Katsina,2023,2,0.0,0,0,0,0.0,0
Katsina,2023,3,0.0,0,0,0,0.0,0
Katsina,2023,4,0.0,0,0,0,0.0,0
Katsina,2023,5,0.024,1.7888543819998322,0,0,0.03,0
Katsina,2023,6,0.0,0,0,0,0.03,0
Katsina,2023,7,0.0,0,0,0,0.03,0
Katsina,2023,8,-0.25,-0.4472135954999579,0,0,0.03,0
Katsina,2023,9,-0.002,-0.4472135954999579,0,0,0.0,0
Katsina,2023,10,-0.366,-0.44721359549995787,0,0,0.0,0
Katsina,2023,11,-0.11200000000000004,-0.24633537007722547,0,0,0.12,0
Katsina,2023,12,0.20800000000000002,1.7888543819998317,0,0,0.38,0
Katsina,2023,13,0.0,0,0,0,0.38,0
Katsina,2023,14,0.17400000000000002,1.195601002163321,0,0,0.66,0
Katsina,2023,15,-4.932,-0.4694782858132381,0,0,0.54,0
Katsina,2023,16,6.130000000000001,1.7883466511756136,0,0,8.01,0
Katsina,2023,17,2.524,1.776812834596896,0,0,11.260000000000002,0
Katsina,2023,18,-0.41000000000000003,-0.7802096776165578,0,0,10.98,0
Katsina,2023,19,-25.477999999999994,-0.7415033729150113,0,0,11.420000000000002,0
Katsina,2023,20,8.844000000000001,0.3853728010784539,0,0,27.950000000000003,0
Katsina,2023,21,3.4559999999999995,0.7312418185802464,0,0,32.080000000000005,0
Katsina,2023,22,6.6440000000000055,0.189753859517867,0,0,80.67000000000002,0
Katsina,2023,23,49.117999999999995,1.6844804317854531,1,0,169.37,0
Katsina,2023,24,4.8580000000000005,0.7627946303173107,0,0,177.97000000000003,0
Katsina,2023,25,-17.552,-0.31207875604012053,0,0,198.76,0
Katsina,2023,26,-37.599999999999994,-1.2680849974858868,0,0,152.83999999999997,0
Katsina,2023,27,10.854,0.15594685890436913,1,1,188.62,0
Katsina,2023,28,-42.40999999999999,-1.0607652094991096,0,0,207.39,0
Katsina,2023,29,-12.956000000000003,-0.3777592010682685,0,0,227.65,0
Katsina,2023,30,-28.349999999999994,-0.3143373322469616,0,0,282.54,0
Katsina,2023,31,0.6419999999999959,0.028040591738276964,0,0,212.91,0
Katsina,2023,32,13.942000000000007,0.39478853146340087,1,0,248.46,0
Katsina,2023,33,-53.658,-1.4912332721705197,0,0,221.27,0
Katsina,2023,34,-60.67399999999999,-1.236992367632311,0,0,179.19,0
Katsina,2023,35,-4.442,-0.2951327781287755,0,0,176.92000000000002,0
Katsina,2023,36,2.0459999999999923,0.02201149187119977,1,1,212.25,0
Katsina,2023,37,-31.039999999999992,-0.5964509447821663,0,0,242.43,0
Katsina,2023,38,-5.005999999999997,-0.24831685857181596,0,0,254.22,0
Katsina,2023,39,-5.473999999999998,-0.9776117646213552,0,0,211.42,0
Katsina,2023,40,-1.6399999999999988,-0.22487654633580065,0,0,100.19,0
Katsina,2023,41,-12.348,-0.7006982209626433,0,0,48.769999999999996,0
Katsina,2023,42,-3.1460000000000004,-0.5140953200768056,0,0,21.56,0
Katsina,2023,43,0.0,0,0,0,11.34,0
Katsina,2023,44,0.0,0,0,0,0.06,0
Katsina,2023,45,0.0,0,0,0,0.06,0
Katsina,2023,46,0.088,1.7888543819998317,0,0,0.11,0
Katsina,2023,47,0.08,1.7888543819998315,0,0,0.21000000000000002,0
Katsina,2023,48,0.0,0,0,0,0.21000000000000002,0
Katsina,2023,49,0.0,0,0,0,0.21000000000000002,0
Katsina,2023,50,0.0,0,0,0,0.1,0
Katsina,2023,51,0.0,0,0,0,0.0,0
Katsina,2023,52,0.0,0,0,0,0.0,0
Katsina,2024,1,-1.2983333333333333,-0.408248290463863,0,0,0.0,0
Katsina,2024,2,0.0,0,0,0,0.0,0
Katsina,2024,3,0.0,0,0,0,0.0,0
Katsina,2024,4,0.0,0,0,0,0.0,0
Katsina,2024,5,-0.006,-0.44721359549995804,0,0,0.0,0
Katsina,2024,6,0.0,0,0,0,0.0,0
Katsina,2024,7,0.0,0,0,0,0.0,0
Katsina,2024,8,1.0,1.7888543819998317,0,0,1.25,0
Katsina,2024,9,-0.002,-0.4472135954999579,0,0,1.25,0
Katsina,2024,10,-0.366,-0.44721359549995787,0,0,1.25,0
Katsina,2024,11,0.808,1.7771337412714117,0,0,2.29,0
Katsina,2024,12,-0.052000000000000005,-0.4472135954999579,0,0,1.04,0
Katsina,2024,13,0.0,0,0,0,1.04,0
Katsina,2024,14,0.144,0.9894628983420586,0,0,1.29,0
Katsina,2024,15,-3.982,-0.379047553549942,0,0,1.2,0
Katsina,2024,16,-1.4000000000000001,-0.40843153534190196,0,0,1.4,0
Katsina,2024,17,-0.346,-0.24357259935440806,0,0,1.78,0
Katsina,2024,18,-0.41000000000000003,-0.7802096776165578,0,0,1.53,0
Katsina,2024,19,33.22200000000001,0.9668822142625998,0,0,59.72,0
Katsina,2024,20,-15.356,-0.6691298884397034,0,0,59.58,0
Katsina,2024,21,6.585999999999999,1.3935065443198793,0,0,69.71000000000001,0
Katsina,2024,22,57.914,1.654034470216397,1,0,169.57,0
Katsina,2024,23,-13.522000000000006,-0.46373110465822936,0,0,136.93,0
Katsina,2024,24,3.5280000000000022,0.5539603655330329,0,0,168.39999999999998,0
Katsina,2024,25,-45.312000000000005,-0.805658192439035,0,0,158.3,0
Katsina,2024,26,38.77000000000001,1.3075440253331874,0,0,137.48,0
Katsina,2024,27,5.2039999999999935,0.07476943557567127,1,1,230.25,0
Katsina,2024,28,20.900000000000006,0.5227538995173638,1,1,313.65999999999997,0
Katsina,2024,29,47.43399999999999,1.3830371984773262,1,0,422.06999999999994,0
Katsina,2024,30,-41.06999999999999,-0.4553733416360745,0,0,387.87,0
Katsina,2024,31,36.041999999999994,1.5742040614189792,1,0,359.29,0
Katsina,2024,32,-31.177999999999997,-0.8828515875746596,0,0,286.40999999999997,0
Katsina,2024,33,18.412000000000006,0.5116960566402702,1,0,270.9,0
Katsina,2024,34,-7.653999999999996,-0.1560460754500726,0,0,294.56,0
Katsina,2024,35,24.708,1.6416345524551517,1,0,286.03999999999996,0
Katsina,2024,36,-48.60400000000001,-0.5228966524476041,0,0,315.84,0
Katsina,2024,37,-44.269999999999996,-0.8506727875485344,0,0,260.71999999999997,0
Katsina,2024,38,31.824000000000012,1.5785928300418457,0,0,256.32,0
Katsina,2024,39,6.396000000000001,1.142273446568906,0,0,196.23999999999998,0
Katsina,2024,40,8.05,1.103814754879998,0,0,145.35,0
Katsina,2024,41,-12.138,-0.688781584551714,0,0,107.36999999999999,0
Katsina,2024,42,-1.4160000000000004,-0.2313919177459494,0,0,45.05999999999999,0
Katsina,2024,43,0.0,0,0,0,22.969999999999985,0
Katsina,2024,44,0.0,0,0,0,1.9999999999999858,0
Katsina,2024,45,0.0,0,0,0,1.7899999999999858,0
Katsina,2024,46,-0.022,-0.4472135954999579,0,0,0.0,0
Katsina,2024,47,-0.02,-0.44721359549995787,0,0,0.0,0
Katsina,2024,48,0.0,0,0,0,0.0,0
Katsina,2024,49,0.0,0,0,0,0.0,0
Katsina,2024,50,0.0,0,0,0,0.0,0
Katsina,2024,51,0.0,0,0,0,0.0,0
Katsina,2024,52,0.0,0,0,0,0.0,0
Katsina,2025,1,-1.2983333333333333,-0.408248290463863,0,0,0.0,0
Katsina,2025,2,0.0,0,0,0,0.0,0
Katsina,2025,3,0.0,0,0,0,0.0,0
Katsina,2025,4,0.0,0,0,0,0.0,0
Katsina,2025,5,-0.006,-0.44721359549995804,0,0,0.0,0
Katsina,2025,6,0.0,0,0,0,0.0,0
Katsina,2025,7,0.0,0,0,0,0.0,0
Katsina,2025,8,-0.25,-0.4472135954999579,0,0,0.0,0
Katsina,2025,9,0.008,1.7888543819998317,0,0,0.00999999999998579,0
Katsina,2025,10,-0.366,-0.44721359549995787,0,0,0.00999999999998579,0
Katsina,2025,11,-0.23200000000000004,-0.5102661237313955,0,0,0.00999999999998579,0
Katsina,2025,12,-0.052000000000000005,-0.4472135954999579,0,0,0.00999999999998579,0
Katsina,2025,13,0.0,0,0,0,0.0,0
Katsina,2025,14,-0.10600000000000001,-0.7283546335017933,0,0,0.0,0
Katsina,2025,15,-4.932,-0.4694782858132381,0,0,0.0,0
Katsina,2025,16,-1.6,-0.46677889753360224,0,0,0.0,0
Katsina,2025,17,-0.726,-0.5110800784141626,0,0,0.0,0
Katsina,2025,18,-0.32000000000000006,-0.6089441386275574,0,0,0.08999999999998579,0
Katsina,2025,19,-25.917999999999996,-0.7543089889006698,0,0,0.08999999999998579,0
Katsina,2025,20,-15.156,-0.6604149901792228,0,0,0.34999999999998577,0
Katsina,2025,21,-3.1740000000000004,-0.6715745174113723,0,0,1.0999999999999859,0
Katsina,2025,22,-27.595999999999997,-0.7881468252942584,0,0,15.359999999999985,0
Katsina,2025,23,-27.722000000000005,-0.9507139242224102,0,0,27.659999999999986,0
Katsina,2025,24,-1.1519999999999975,-0.18088501731690818,0,0,54.249999999999986,0
Katsina,2025,25,-39.482,-0.7019993986996376,0,0,59.73999999999999,0
Katsina,2025,26,-18.949999999999996,-0.6391013484669562,0,0,66.70999999999998,0
Katsina,2025,27,-29.506,-0.4239329296878861,1,0,138.96999999999997,0
Katsina,2025,28,-32.40999999999999,-0.8106437264764476,0,0,173.75,0
Katsina,2025,29,-40.486000000000004,-1.1804537677099347,0,0,188.40999999999997,0
Katsina,2025,30,-44.68,-0.4954000707158464,0,0,208.32,0
Katsina,2025,31,-16.178000000000004,-0.7066054410309155,0,0,162.23,0
Katsina,2025,32,-34.798,-0.9853572886145042,0,0,139.04,0
Katsina,2025,33,34.872,0.9691432156832226,1,0,227.90999999999997,0
Katsina,2025,34,-30.714,-0.6261822787266177,0,0,232.11999999999998,0
Katsina,2025,35,0.32799999999999585,0.02179278505768508,0,0,251.43999999999997,0
Katsina,2025,36,-95.65400000000001,-1.0290748990458216,0,0,237.80999999999997,0
Katsina,2025,37,-35.23,-0.6769641361042437,0,0,175.26999999999998,0
Katsina,2025,38,-20.685999999999996,-1.0261051810660382,0,0,141.41999999999996,0
Katsina,2025,39,5.006,0.8940307807260698,0,0,104.32999999999998,0
Katsina,2025,40,-10.519999999999998,-1.4425007728369659,0,0,81.91999999999997,0
Katsina,2025,41,26.112000000000002,1.4817486188675528,0,0,73.14999999999998,0
Katsina,2025,42,-3.2060000000000004,-0.5239000623541763,0,0,61.55999999999997,0
Katsina,2025,43,0.0,0,0,0,40.85999999999997,0
Katsina,2025,44,0.0,0,0,0,38.45999999999997,0
Katsina,2025,45,0.0,0,0,0,0.0,0
Katsina,2025,46,-0.022,-0.4472135954999579,0,0,0.0,0
Katsina,2025,47,-0.02,-0.44721359549995787,0,0,0.0,0
Katsina,2025,48,0.0,0,0,0,0.0,0
Katsina,2025,49,0.0,0,0,0,0.0,0
Katsina,2025,50,0.0,0,0,0,0.0,0
Katsina,2025,51,0.0,0,0,0,0.0,0
Katsina,2025,52,0.0,0,0,0,0.0,0
Katsina,2026,1,-1.2983333333333333,-0.408248290463863,0,0,0.0,0
Kebbi,2020,53,0.0,0,0,0,0.0,0
Kebbi,2021,1,-0.005,-0.4082482904638631,0,0,0.0,0
Kebbi,2021,2,0.0,0,0,0,0.0,0
Kebbi,2021,3,0.0,0,0,0,0.0,0
Kebbi,2021,4,0.0,0,0,0,0.0,0
Kebbi,2021,5,0.0,0,0,0,0.0,0
Kebbi,2021,6,0.0,0,0,0,0.0,0
Kebbi,2021,7,0.0,0,0,0,0.0,0
Kebbi,2021,8,0.0,0,0,0,0.0,0
Kebbi,2021,9,0.0,0,0,0,0.0,0
Kebbi,2021,10,0.516,1.7690331082890587,0,0,0.67,0
Kebbi,2021,11,-8.52,-0.4456427790357621,0,0,0.75,0
Kebbi,2021,12,0.968,1.2496617988531735,0,0,2.2800000000000002,0
Kebbi,2021,13,0.0,0,0,0,2.2800000000000002,0
Kebbi,2021,14,-1.236,-0.8715405565903946,0,0,1.61,0
Kebbi,2021,15,-0.596,-0.6362497818699594,0,0,1.55,0
Kebbi,2021,16,-8.072,-0.377152402024157,0,0,2.66,0
Kebbi,2021,17,-1.278,-0.6516279124803005,0,0,2.67,0
Kebbi,2021,18,0.15200000000000002,0.3083348254398893,0,0,3.16,0
Kebbi,2021,19,-25.272,-0.5223578157539761,0,0,8.620000000000001,0
Kebbi,2021,20,-19.259999999999998,-0.6574608309576648,0,0,7.67,0
Kebbi,2021,21,-2.9779999999999998,-0.8925726116422061,0,0,8.55,0
Kebbi,2021,22,-7.751999999999995,-0.3629201471989992,0,0,29.690000000000005,0
Kebbi,2021,23,-13.492,-0.5359414197045348,0,0,46.52,0
Kebbi,2021,24,-25.356,-0.7660588919458147,0,0,67.36000000000001,0
Kebbi,2021,25,-8.216000000000001,-0.26513366418393386,0,0,86.09,0
Kebbi,2021,26,-7.016000000000002,-0.574617372812724,0,0,84.48000000000002,0
Kebbi,2021,27,-45.138000000000005,-0.7481260683587924,0,0,80.04,0
Kebbi,2021,28,-175.69600000000003,-0.42724402236660397,0,0,118.96000000000001,0
Kebbi,2021,29,-11.788000000000004,-0.5166453948530174,0,0,123.42,0
Kebbi,2021,30,43.566,1.7306679700857215,1,1,194.18,0
Kebbi,2021,31,-29.563999999999993,-0.7281116084845985,0,0,223.65,0
Kebbi,2021,32,9.416000000000004,0.6975817146205434,0,0,223.47,0
Kebbi,2021,33,8.740000000000002,0.5350663189221537,1,0,266.72,0
Kebbi,2021,34,40.5,0.8633425812521752,1,1,286.68,0
Kebbi,2021,35,-15.335999999999999,-0.9651488178242196,0,0,274.71999999999997,0
Kebbi,2021,36,74.06800000000001,1.6759834100673259,1,1,368.51,0
Kebbi,2021,37,2.0720000000000027,0.15593818792053274,0,0,352.6,0
Kebbi,2021,38,-20.152,-0.9616361616108192,0,0,250.73,0
Kebbi,2021,39,16.016,1.4871583347320214,0,0,269.35,0
Kebbi,2021,40,-9.666,-1.3044186386377787,0,0,122.52000000000001,0
Kebbi,2021,41,-3.748,-0.6620309845420547,0,0,72.86,0
Kebbi,2021,42,4.824000000000001,1.2207561886375775,0,0,72.48,0
Kebbi,2021,43,-5.8119999999999985,-0.37111961431812257,0,0,20.060000000000002,0
Kebbi,2021,44,0.0,0,0,0,11.83,0
Kebbi,2021,45,0.0,0,0,0,10.07,0
Kebbi,2021,46,-0.002,-0.4472135954999579,0,0,1.58,0
Kebbi,2021,47,-0.31,-0.4472135954999579,0,0,0.0,0
Kebbi,2021,48,0.0,0,0,0,0.0,0
Kebbi,2021,49,0.0,0,0,0,0.0,0
Kebbi,2021,50,0.0,0,0,0,0.0,0
Kebbi,2021,51,0.0,0,0,0,0.0,0
Kebbi,2021,52,0.0,0,0,0,0.0,0
Kebbi,2022,1,0.024999999999999998,2.041241452319315,0,0,0.03,0
Kebbi,2022,2,0.0,0,0,0,0.03,0
Kebbi,2022,3,0.0,0,0,0,0.03,0
Kebbi,2022,4,0.0,0,0,0,0.03,0
Kebbi,2022,5,0.0,0,0,0,0.0,0
Kebbi,2022,6,0.0,0,0,0,0.0,0
Kebbi,2022,7,0.0,0,0,0,0.0,0
Kebbi,2022,8,0.0,0,0,0,0.0,0
Kebbi,2022,9,0.0,0,0,0,0.0,0
Kebbi,2022,10,-0.154,-0.5279672454971222,0,0,0.0,0
Kebbi,2022,11,-8.6,-0.4498272182755345,0,0,0.0,0
Kebbi,2022,12,-0.562,-0.7255267881771524,0,0,0.0,0
Kebbi,2022,13,0.0,0,0,0,0.0,0
Kebbi,2022,14,1.3539999999999999,0.9547458848085714,0,0,2.59,0
Kebbi,2022,15,0.2440000000000001,0.26047809861790294,0,0,3.45,0
Kebbi,2022,16,-9.852,-0.4603203003892462,0,0,4.31,0
Kebbi,2022,17,-1.278,-0.6516279124803005,0,0,4.32,0
Kebbi,2022,18,-0.33799999999999997,-0.6856392828860696,0,0,1.73,0
Kebbi,2022,19,-29.012,-0.5996614811116792,0,0,2.61,0
Kebbi,2022,20,49.41,1.6866635336250375,1,0,72.11,0
Kebbi,2022,21,4.731999999999999,1.4182852915684752,0,0,80.69999999999999,0
Kebbi,2022,22,-12.401999999999997,-0.5806160559290492,0,0,97.67999999999999,0
Kebbi,2022,23,22.958,0.9119584282224065,0,0,154.7,0
Kebbi,2022,24,-13.926000000000002,-0.42073419029962994,0,0,118.3,0
Kebbi,2022,25,52.15400000000001,1.6830308084041976,1,1,189.69,0
Kebbi,2022,26,-5.5660000000000025,-0.4558609317382586,0,0,194.18,0
Kebbi,2022,27,-50.668000000000006,-0.8397813733794872,0,0,147.76,0
Kebbi,2022,28,-191.556,-0.46581115078577306,0,0,159.39000000000001,0
Kebbi,2022,29,4.461999999999996,0.19556088834697666,0,0,119.73,0
Kebbi,2022,30,-10.994,-0.4367388253023555,0,0,134.48000000000002,0
Kebbi,2022,31,-27.943999999999996,-0.6882137324953871,0,0,171.1,0
Kebbi,2022,32,2.3460000000000036,0.17380275090269717,0,0,179.71,0
Kebbi,2022,33,11.949999999999996,0.7315838113409306,1,0,209.92,0
Kebbi,2022,34,54.56,1.1630610181016958,1,1,298.5,0
Kebbi,2022,35,-16.305999999999997,-1.0261943546845151,0,0,283.95,0
Kebbi,2022,36,-20.45199999999999,-0.4627803194726053,0,0,290.28999999999996,0
Kebbi,2022,37,3.172000000000004,0.2387239054459121,0,0,272.27,0
Kebbi,2022,38,24.307999999999996,1.1599569182431415,0,0,200.79999999999998,0
Kebbi,2022,39,-9.514000000000003,-0.8834181066833453,0,0,194.85999999999999,0
Kebbi,2022,40,-2.676,-0.3611239682386402,0,0,149.54,0
Kebbi,2022,41,0.9420000000000002,0.16639092514370746,0,0,103.46999999999998,0
Kebbi,2022,42,-3.6459999999999995,-0.9226527909976382,0,0,50.16,0
Kebbi,2022,43,-7.391999999999999,-0.47200897953192744,0,0,21.69,0
Kebbi,2022,44,0.0,0,0,0,6.47,0
Kebbi,2022,45,0.0,0,0,0,0.02,0
Kebbi,2022,46,-0.002,-0.4472135954999579,0,0,0.0,0
Kebbi,2022,47,-0.31,-0.4472135954999579,0,0,0.0,0
Kebbi,2022,48,0.0,0,0,0,0.0,0
Kebbi,2022,49,0.0,0,0,0,0.0,0
Kebbi,2022,50,0.0,0,0,0,0.0,0
Kebbi,2022,51,0.0,0,0,0,0.0,0
Kebbi,2022,52,0.0,0,0,0,0.0,0
Kebbi,2023,1,-0.005,-0.4082482904638631,0,0,0.0,0
Kebbi,2023,2,0.0,0,0,0,0.0,0
Kebbi,2023,3,0.0,0,0,0,0.0,0
Kebbi,2023,4,0.0,0,0,0,0.0,0
Kebbi,2023,5,0.0,0,0,0,0.0,0
Kebbi,2023,6,0.0,0,0,0,0.0,0
Kebbi,2023,7,0.0,0,0,0,0.0,0
Kebbi,2023,8,0.0,0,0,0,0.0,0
Kebbi,2023,9,0.0,0,0,0,0.0,0
Kebbi,2023,10,-0.05399999999999999,-0.18513137179769215,0,0,0.1,0
Kebbi,2023,11,-8.48,-0.44355055941587596,0,0,0.22,0
Kebbi,2023,12,0.718,0.9269185656782836,0,0,1.5,0
Kebbi,2023,13,0.0,0,0,0,1.5,0
Kebbi,2023,14,-0.566,-0.39910352348718714,0,0,2.07,0
Kebbi,2023,15,-0.576,-0.6148991180488198,0,0,1.99,0
Kebbi,2023,16,-9.612,-0.44910665117148135,0,0,1.81,0
Kebbi,2023,17,3.232,1.6479353780409478,0,0,6.33,0
Kebbi,2023,18,-0.33799999999999997,-0.6856392828860696,0,0,5.660000000000001,0
Kebbi,2023,19,1.7680000000000042,0.036543550896368786,0,0,38.14,0
Kebbi,2023,20,-13.739999999999998,-0.4690296893747827,0,0,44.25000000000001,0
Kebbi,2023,21,0.9620000000000002,0.28833272411007477,0,0,44.56,0
Kebbi,2023,22,-22.561999999999998,-1.0562699124230939,0,0,51.38,0
Kebbi,2023,23,-19.752,-0.7846067982511096,0,0,34.91000000000001,0
Kebbi,2023,24,18.424,0.5566283729771924,1,0,94.01000000000002,0
Kebbi,2023,25,1.0239999999999974,0.03304489680189235,0,0,118.04000000000002,0
Kebbi,2023,26,-10.546,-0.8637278810836638,0,0,127.71000000000001,0
Kebbi,2023,27,39.362,0.6523935110713541,1,1,214.03000000000003,0
Kebbi,2023,28,-213.526,-0.5192361073664253,0,0,171.34,0
Kebbi,2023,29,-8.068000000000001,-0.3536049410989264,0,0,170.28000000000003,0
Kebbi,2023,30,-20.404,-0.8105529371902185,0,0,180.60000000000002,0
Kebbi,2023,31,-31.053999999999995,-0.7648078030672685,0,0,124.08000000000001,0
Kebbi,2023,32,15.356000000000009,1.1376449458064004,1,0,167.67000000000002,0
Kebbi,2023,33,-24.93,-1.526224637383214,0,0,173.53,0
Kebbi,2023,34,-49.269999999999996,-1.0502935550196215,0,0,167.69000000000003,0
Kebbi,2023,35,0.804000000000002,0.05059856869657502,0,0,173.36,0
Kebbi,2023,36,-42.22199999999999,-0.9553838572644409,0,0,144.92000000000002,0
Kebbi,2023,37,-15.978000000000002,-1.2025001769277361,0,0,144.63000000000002,0
Kebbi,2023,38,-23.722,-1.131993500681414,0,0,128.96,0
Kebbi,2023,39,2.3560000000000016,0.21876529948980053,0,0,117.78,0
Kebbi,2023,40,-0.9960000000000022,-0.1344093693444269,0,0,95.91000000000001,0
Kebbi,2023,41,-5.338,-0.9428819091476754,0,0,62.710000000000015,0
Kebbi,2023,42,3.4140000000000006,0.8639431235507234,0,0,64.49000000000001,0
Kebbi,2023,43,-7.391999999999999,-0.47200897953192744,0,0,24.150000000000013,0
Kebbi,2023,44,0.0,0,0,0,7.250000000000014,0
Kebbi,2023,45,0.0,0,0,0,7.080000000000014,0
Kebbi,2023,46,0.008,1.7888543819998317,0,0,0.010000000000014211,0
Kebbi,2023,47,1.24,1.7888543819998317,0,0,1.5600000000000143,0
Kebbi,2023,48,0.0,0,0,0,1.5600000000000143,0
Kebbi,2023,49,0.0,0,0,0,1.5600000000000143,0
Kebbi,2023,50,0.0,0,0,0,1.5500000000000143,0
Kebbi,2023,51,0.0,0,0,0,0.0,0
Kebbi,2023,52,0.0,0,0,0,0.0,0
Kebbi,2024,1,-0.005,-0.4082482904638631,0,0,0.0,0
Kebbi,2024,2,0.0,0,0,0,0.0,0
Kebbi,2024,3,0.0,0,0,0,0.0,0
Kebbi,2024,4,0.0,0,0,0,0.0,0
Kebbi,2024,5,0.0,0,0,0,0.0,0
Kebbi,2024,6,0.0,0,0,0,0.0,0
Kebbi,2024,7,0.0,0,0,0,0.0,0
Kebbi,2024,8,0.0,0,0,0,0.0,0
Kebbi,2024,9,0.0,0,0,0,0.0,0
Kebbi,2024,10,-0.154,-0.5279672454971222,0,0,0.0,0
Kebbi,2024,11,34.199999999999996,1.788847775002707,0,0,42.80000000000001,0
Kebbi,2024,12,-0.562,-0.7255267881771524,0,0,42.80000000000001,0
Kebbi,2024,13,0.0,0,0,0,42.80000000000001,0
Kebbi,2024,14,1.684,1.187438751859405,0,0,45.72000000000001,0
Kebbi,2024,15,1.544,1.6482712469919754,0,0,5.080000000000014,0
Kebbi,2024,16,38.248000000000005,1.7870818970044549,0,0,54.04000000000001,0
Kebbi,2024,17,0.512,0.261059069788665,0,0,55.84000000000001,0
Kebbi,2024,18,-0.27799999999999997,-0.5639281675808501,0,0,52.98000000000001,0
Kebbi,2024,19,83.268,1.7211020339586136,1,1,164.84,0
Kebbi,2024,20,-20.39,-0.6960345972599579,0,0,116.44000000000001,0
Kebbi,2024,21,0.722,0.2163994041657733,0,0,119.23000000000002,0
Kebbi,2024,22,31.098,1.4558940579972242,0,0,179.65,0
Kebbi,2024,23,31.437999999999995,1.2488086534739966,1,0,132.87,0
Kebbi,2024,24,49.083999999999996,1.4829324283115777,1,1,229.28,0
Kebbi,2024,25,-27.046000000000003,-0.8727854286171708,0,0,225.48,0
Kebbi,2024,26,3.2739999999999974,0.2681438538467583,0,0,195.31,0
Kebbi,2024,27,-30.148000000000003,-0.49967886722674626,0,0,160.93,0
Kebbi,2024,28,734.594,1.7863292013840557,1,1,1035.7,0
Kebbi,2024,29,37.192,1.6300539129091802,1,0,1107.97,0
Kebbi,2024,30,-2.513999999999996,-0.09986914742678915,0,0,1122.3600000000001,0
Kebbi,2024,31,49.46600000000001,1.2182644035076162,1,1,1215.8700000000001,0
Kebbi,2024,32,-9.613999999999997,-0.7122504889934048,0,0,286.37,0
Kebbi,2024,33,-8.309999999999995,-0.5087415457944043,0,0,263.59000000000003,0
Kebbi,2024,34,-4.059999999999988,-0.08654742913293385,1,0,285.07000000000005,0
Kebbi,2024,35,19.464000000000006,1.2249384839678286,1,0,228.88000000000002,0
Kebbi,2024,36,-0.20199999999999818,-0.00457078156334175,1,1,267.43,0
Kebbi,2024,37,19.132000000000005,1.43986940699596,1,0,285.63,0
Kebbi,2024,38,8.127999999999997,0.3878611910268328,0,0,256.6,0
Kebbi,2024,39,-10.434000000000001,-0.9688442847523674,0,0,213.97,0
Kebbi,2024,40,2.853999999999999,0.385144919788146,0,0,153.93,0
Kebbi,2024,41,-1.008,-0.17804888805186528,0,0,89.95,0
Kebbi,2024,42,-0.9359999999999995,-0.2368631410789328,0,0,55.53,0
Kebbi,2024,43,27.987999999999996,1.787146552913905,0,0,63.36,0
Kebbi,2024,44,0.0,0,0,0,42.61,0
Kebbi,2024,45,0.0,0,0,0,38.11,0
Kebbi,2024,46,-0.002,-0.4472135954999579,0,0,35.38,0
Kebbi,2024,47,-0.31,-0.4472135954999579,0,0,0.0,0
Kebbi,2024,48,0.0,0,0,0,0.0,0
Kebbi,2024,49,0.0,0,0,0,0.0,0
Kebbi,2024,50,0.0,0,0,0,0.0,0
Kebbi,2024,51,0.0,0,0,0,0.0,0
Kebbi,2024,52,0.0,0,0,0,0.0,0
Kebbi,2025,1,-0.005,-0.4082482904638631,0,0,0.0,0
Kebbi,2025,2,0.0,0,0,0,0.0,0
Kebbi,2025,3,0.0,0,0,0,0.0,0
Kebbi,2025,4,0.0,0,0,0,0.0,0
Kebbi,2025,5,0.0,0,0,0,0.0,0
Kebbi,2025,6,0.0,0,0,0,0.0,0
Kebbi,2025,7,0.0,0,0,0,0.0,0
Kebbi,2025,8,0.0,0,0,0,0.0,0
Kebbi,2025,9,0.0,0,0,0,0.0,0
Kebbi,2025,10,-0.154,-0.5279672454971222,0,0,0.0,0
Kebbi,2025,11,-8.6,-0.4498272182755345,0,0,0.0,0
Kebbi,2025,12,-0.562,-0.7255267881771524,0,0,0.0,0
Kebbi,2025,13,0.0,0,0,0,0.0,0
Kebbi,2025,14,-1.236,-0.8715405565903946,0,0,0.0,0
Kebbi,2025,15,-0.616,-0.657600445691099,0,0,0.0,0
Kebbi,2025,16,-10.712,-0.5005025434195701,0,0,0.0,0
Kebbi,2025,17,-1.188,-0.6057386228690117,0,0,0.10000000000000711,0
Kebbi,2025,18,0.8019999999999999,1.6268719079131,0,0,1.240000000000007,0
Kebbi,2025,19,-30.752,-0.6356262879893271,0,0,1.240000000000007,0
Kebbi,2025,20,3.9800000000000004,0.13586158396736794,0,0,26.170000000000005,0
Kebbi,2025,21,-3.4379999999999997,-1.0304448082021171,0,0,26.500000000000004,0
Kebbi,2025,22,11.617999999999995,0.5439120575539181,0,0,66.36,0
Kebbi,2025,23,-21.152,-0.8402188637407589,0,0,81.01,0
Kebbi,2025,24,-28.226000000000003,-0.8527677190433257,0,0,75.74000000000001,0
Kebbi,2025,25,-17.916000000000004,-0.5781566124049854,0,0,85.22999999999999,0
Kebbi,2025,26,19.854,1.6260623317878875,0,0,91.12,0
Kebbi,2025,27,86.59199999999998,1.4351927978936712,1,1,226.07,0
Kebbi,2025,28,-153.81600000000003,-0.3740379208652534,1,1,289.74,0
Kebbi,2025,29,-21.798000000000002,-0.9553644653042137,0,0,293.89,0
Kebbi,2025,30,-9.653999999999996,-0.3835070601663579,0,0,284.56,0
Kebbi,2025,31,39.096000000000004,0.9628687405396386,1,1,250.96,0
Kebbi,2025,32,-17.503999999999998,-1.2967789223362347,0,0,201.98,0
Kebbi,2025,33,12.550000000000004,0.7683160529145344,1,0,259.05,0
Kebbi,2025,34,-41.72999999999999,-0.8895626152013152,0,0,250.0,0
Kebbi,2025,35,11.374000000000002,0.7158061198443321,1,0,196.09000000000003,0
Kebbi,2025,36,-11.191999999999993,-0.2532484517669371,1,0,231.54000000000002,0
Kebbi,2025,37,-8.397999999999996,-0.6320313234346677,0,0,201.35000000000002,0
Kebbi,2025,38,11.437999999999999,0.5458115530222583,0,0,213.3,0
Kebbi,2025,39,1.5760000000000005,0.14633875721389028,0,0,190.76999999999998,0
Kebbi,2025,40,10.483999999999998,1.414807056432699,0,0,149.35,0
Kebbi,2025,41,9.152000000000001,1.616570856597888,0,0,123.06,0
Kebbi,2025,42,-3.6559999999999997,-0.9251833801117294,0,0,82.61,0
Kebbi,2025,43,-7.391999999999999,-0.47200897953192744,0,0,43.05,0
Kebbi,2025,44,0.0,0,0,0,14.67,0
Kebbi,2025,45,0.0,0,0,0,0.01,0
Kebbi,2025,46,-0.002,-0.4472135954999579,0,0,0.0,0
Kebbi,2025,47,-0.31,-0.4472135954999579,0,0,0.0,0
Kebbi,2025,48,0.0,0,0,0,0.0,0
Kebbi,2025,49,0.0,0,0,0,0.0,0
Kebbi,2025,50,0.0,0,0,0,0.0,0
Kebbi,2025,51,0.0,0,0,0,0.0,0
Kebbi,2025,52,0.0,0,0,0,0.0,0
Kebbi,2026,1,-0.005,-0.4082482904638631,0,0,0.0,0
Kogi,2020,53,0.0,0,0,0,0.11,0
Kogi,2021,1,-4.3,-0.29043008567356,0,0,2.28,0
Kogi,2021,2,-5.386000000000001,-0.4461779859506027,0,0,2.3,0
Kogi,2021,3,-1.4060000000000001,-0.47203857561398127,0,0,2.3,0
Kogi,2021,4,-7.311999999999999,-0.44867570648432825,0,0,2.41,0
Kogi,2021,5,-1.9340000000000002,-0.25557253943884967,0,0,2.16,0
Kogi,2021,6,-11.788,-0.5747485566113175,0,0,5.52,0
Kogi,2021,7,-1.2599999999999998,-0.3747088653772885,0,0,5.85,0
Kogi,2021,8,-5.268,-1.235053042051444,0,0,6.08,0
Kogi,2021,9,-16.786,-0.7699744987839415,0,0,4.36,0
Kogi,2021,10,3.3900000000000006,0.47763536941380236,0,0,14.18,0
Kogi,2021,11,-1.6759999999999984,-0.16627268051583116,0,0,24.060000000000002,0
Kogi,2021,12,-5.786,-0.3886983346194152,0,0,34.78,0
Kogi,2021,13,-6.609999999999999,-0.8084149764273623,0,0,34.64,0
Kogi,2021,14,23.034,1.5193353623852845,0,0,67.31,0
Kogi,2021,15,42.71,1.7461757214173208,1,0,129.15,0
Kogi,2021,16,12.118,0.9764591123414437,0,0,145.23,0
Kogi,2021,17,-16.020000000000003,-1.2359188893754065,0,0,151.92,0
Kogi,2021,18,-3.065999999999999,-0.19774626030960224,0,0,129.55999999999997,0
Kogi,2021,19,2.1519999999999975,0.23425333715212038,0,0,79.09,0
Kogi,2021,20,1.9160000000000004,0.1066590268369127,0,0,85.04,0
Kogi,2021,21,3.016000000000002,0.24480734801430798,0,0,110.78,0
Kogi,2021,22,52.706,1.61410367224506,1,1,189.5,0
Kogi,2021,23,-29.073999999999998,-0.7254544277036511,0,0,206.72000000000003,0
Kogi,2021,24,4.822000000000003,0.5165319596213777,0,0,215.69,0
Kogi,2021,25,4.116000000000007,0.3358805199699532,0,0,222.08,0
Kogi,2021,26,-7.613999999999997,-0.349090107258557,0,0,167.24,0
Kogi,2021,27,-22.648000000000003,-0.9273370713264423,0,0,158.05,0
Kogi,2021,28,22.446000000000005,1.3408479419613526,0,0,166.23000000000002,0
Kogi,2021,29,-18.099999999999998,-0.6676254921545807,0,0,156.51000000000002,0
Kogi,2021,30,-18.118,-0.7467462354868014,0,0,135.35000000000002,0
Kogi,2021,31,80.10399999999998,1.684275130098706,1,1,230.45000000000002,0
Kogi,2021,32,43.46,1.3493920931628403,1,1,271.41,0
Kogi,2021,33,120.114,1.750188052594867,1,1,412.74,0
Kogi,2021,34,-1.980000000000004,-0.07901021468997729,0,0,425.19,0
Kogi,2021,35,38.284000000000006,1.2714571566547077,1,1,391.79,0
Kogi,2021,36,13.091999999999999,0.5239895512801779,0,0,356.34000000000003,0
Kogi,2021,37,-6.074000000000005,-0.4735253400863928,0,0,218.9,0
Kogi,2021,38,23.504000000000005,1.0191920420560463,1,0,256.13,0
Kogi,2021,39,-10.719999999999992,-0.7659499688268337,0,0,205.63,0
Kogi,2021,40,15.46799999999999,0.5995827746098826,1,0,225.63,0
Kogi,2021,41,-14.869999999999997,-1.223072370253962,0,0,220.82999999999998,0
Kogi,2021,42,9.402000000000001,0.8895920637172293,0,0,181.46,0
Kogi,2021,43,42.900000000000006,1.5300476482880272,1,0,210.49,0
Kogi,2021,44,21.942,1.0156468785869002,0,0,179.82,0
Kogi,2021,45,66.008,1.7214533336542976,1,1,244.12,0
Kogi,2021,46,122.08,1.788214922815016,1,1,361.87,0
Kogi,2021,47,3.5100000000000007,0.5610146957427231,0,0,299.98999999999995,0
Kogi,2021,48,4.102,1.7664599714881737,0,0,260.46999999999997,0
Kogi,2021,49,2.31,0.9185852826774302,0,0,172.05999999999997,0
Kogi,2021,50,0.19600000000000006,0.3056982111852863,0,0,18.59,0
Kogi,2021,51,7.712,1.7887966361008842,0,0,20.29,0
Kogi,2021,52,219.41400000000004,1.7888543808851074,1,1,288.89000000000004,0
Kogi,2022,1,30.17,2.037738531342164,0,0,321.39000000000004,0
Kogi,2022,2,21.594,1.7888539600106412,0,0,347.57000000000005,0
Kogi,2022,3,5.324,1.78743483397499,0,0,344.64000000000004,0
Kogi,2022,4,29.148,1.7885666702140592,0,0,107.05,0
Kogi,2022,5,-3.854,-0.5092950191299517,0,0,70.41,0
Kogi,2022,6,11.062,0.5393509105220898,0,0,69.64,0
Kogi,2022,7,6.01,1.7873018102519873,0,0,70.50999999999999,0
Kogi,2022,8,-0.3780000000000001,-0.08861997909936334,0,0,39.17,0
Kogi,2022,9,8.014,0.3676025040661567,0,0,64.17,0
Kogi,2022,10,-0.5499999999999989,-0.07749246406418606,0,0,47.199999999999996,0
Kogi,2022,11,-9.126,-0.9053726028564896,0,0,42.36,0
Kogi,2022,12,23.453999999999997,1.5756188628005123,0,0,77.42999999999999,0
Kogi,2022,13,13.64,1.6681967138380065,0,0,72.74,0
Kogi,2022,14,5.844000000000001,0.3854734678205958,0,0,92.16,0
Kogi,2022,15,-11.599999999999998,-0.47425985409601773,0,0,107.13999999999999,0
Kogi,2022,16,12.978,1.0457572503686463,0,0,94.83999999999999,0
Kogi,2022,17,19.68,1.5182823809555552,0,0,116.97999999999999,0
Kogi,2022,18,-15.076,-0.9723491912679597,0,0,99.8,0
Kogi,2022,19,9.802,1.0669847633666758,0,0,111.29,0
Kogi,2022,20,25.085999999999995,1.3964761728761956,0,0,139.55,0
Kogi,2022,21,6.056000000000001,0.4915627651109577,0,0,132.63,0
Kogi,2022,22,-4.864000000000004,-0.14895837782795085,0,0,165.78999999999996,0
Kogi,2022,23,28.156000000000006,0.7025484923445005,1,1,232.58999999999997,0
Kogi,2022,24,-16.668,-1.785473808164479,0,0,196.89999999999998,0
Kogi,2022,25,14.146,1.1543648774283166,0,0,210.27999999999997,0
Kogi,2022,26,-15.064,-0.6906610685241534,0,0,205.55999999999997,0
Kogi,2022,27,15.812000000000005,0.6474326109066455,0,0,177.6,0
Kogi,2022,28,-17.144,-1.024124437181922,0,0,167.67999999999998,0
Kogi,2022,29,-20.43,-0.7535684422496179,0,0,145.6,0
Kogi,2022,30,-12.488,-0.5147017876564288,0,0,137.51999999999998,0
Kogi,2022,31,-27.766000000000002,-0.5838108366913098,0,0,86.28999999999999,0
Kogi,2022,32,22.550000000000004,0.7001562747543041,1,0,145.93,0
Kogi,2022,33,-37.296,-0.5434421766786399,0,0,132.18,0
Kogi,2022,34,38.15,1.522343277991226,1,1,179.13,0
Kogi,2022,35,-5.295999999999999,-0.1758864565260508,0,0,210.01999999999998,0
Kogi,2022,36,-10.567999999999998,-0.4229698730468163,0,0,171.82000000000002,0
Kogi,2022,37,-0.9239999999999995,-0.07203447715505867,0,0,196.94,0
Kogi,2022,38,-3.9059999999999917,-0.1693738987521659,0,0,166.63,0
Kogi,2022,39,22.660000000000004,1.6190696169417973,1,0,193.09,0
Kogi,2022,40,37.867999999999995,1.4678691821132046,1,1,259.15,0
Kogi,2022,41,0.9299999999999997,0.0764934300158833,0,0,265.0,0
Kogi,2022,42,-14.857999999999999,-1.4058241738683888,0,0,228.78,0
Kogi,2022,43,-24.659999999999997,-0.8795099069180126,0,0,156.87,0
Kogi,2022,44,-20.177999999999997,-0.9339952017193723,0,0,61.68,0
Kogi,2022,45,-22.652,-0.5907520439028172,0,0,21.52,0
Kogi,2022,46,-32.089999999999996,-0.4700509245833376,0,0,9.36,0
Kogi,2022,47,-4.38,-0.700069620328526,0,0,7.150000000000001,0
Kogi,2022,48,-0.6080000000000001,-0.26182536876275225,0,0,5.039999999999999,0
Kogi,2022,49,-1.8299999999999996,-0.7277104187444575,0,0,1.15,0
Kogi,2022,50,0.896,1.3974775368470227,0,0,2.55,0
Kogi,2022,51,-1.948,-0.4518381544507939,0,0,2.48,0
Kogi,2022,52,-54.85600000000001,-0.4472339774026883,0,0,1.52,0
Kogi,2023,1,-6.47,-0.436995966118124,0,0,1.52,0
Kogi,2023,2,-5.406000000000001,-0.4478347924338949,0,0,0.0,0
Kogi,2023,3,-1.1260000000000001,-0.37803373836510873,0,0,0.28,0
Kogi,2023,4,-6.802,-0.41738131229573316,0,0,1.01,0
Kogi,2023,5,13.456,1.7781717118351401,0,0,18.32,0
Kogi,2023,6,31.022000000000006,1.512542392534467,0,0,64.51,0
Kogi,2023,7,-1.5899999999999999,-0.47284690154753073,0,0,64.23,0
Kogi,2023,8,6.432,1.507946311024087,0,0,75.65,0
Kogi,2023,9,-8.966000000000001,-0.4112707825626606,0,0,66.36,0
Kogi,2023,10,9.77,1.3765479525583624,0,0,39.75,0
Kogi,2023,11,-1.3359999999999985,-0.13254194580498233,0,0,50.3,0
Kogi,2023,12,5.614000000000001,0.3771435275757687,0,0,60.72,0
Kogi,2023,13,1.4000000000000012,0.17122253661093922,0,0,60.769999999999996,0
Kogi,2023,14,-2.5859999999999985,-0.17057398832718346,0,0,61.44,0
Kogi,2023,15,-14.179999999999996,-0.5797417871622009,0,0,66.05000000000001,0
Kogi,2023,16,-0.661999999999999,-0.053343450434893115,0,0,57.949999999999996,0
Kogi,2023,17,-3.450000000000003,-0.2661623076370259,0,0,69.19999999999999,0
Kogi,2023,18,14.594000000000001,0.9412618796341606,0,0,90.12,0
Kogi,2023,19,6.451999999999998,0.7023245963315436,0,0,100.84,0
Kogi,2023,20,7.596,0.42285071391085005,0,0,125.25,0
Kogi,2023,21,-6.873999999999999,-0.5579594530007798,0,0,128.53,0
Kogi,2023,22,-23.574,-0.7219458879350557,0,0,113.30999999999999,0
Kogi,2023,23,56.126000000000005,1.400455912818846,1,1,211.43,0
Kogi,2023,24,3.3419999999999987,0.3579945684476654,0,0,213.24,0
Kogi,2023,25,3.246000000000002,0.2648853663319891,0,0,228.65,0
Kogi,2023,26,16.046,0.735684247579565,1,0,273.75,0
Kogi,2023,27,20.892000000000003,0.8554365106919831,1,0,222.89999999999998,0
Kogi,2023,28,4.426000000000002,0.2643942346574422,0,0,214.53999999999996,0
Kogi,2023,29,23.490000000000002,0.8664377243486797,1,0,247.27999999999997,0
Kogi,2023,30,23.36200000000001,0.9628814192208116,0,0,243.94,0
Kogi,2023,31,-28.976,-0.6092524239705897,0,0,186.42000000000002,0
Kogi,2023,32,-20.53,-0.6374371760845171,0,0,181.41000000000003,0
Kogi,2023,33,-5.795999999999999,-0.08445385178113997,0,0,155.24,0
Kogi,2023,34,-5.450000000000003,-0.21747761114160385,0,0,122.74000000000001,0
Kogi,2023,35,23.194000000000003,0.7703003158355785,1,0,183.33,0
Kogi,2023,36,34.062,1.3632853724186846,1,0,232.83999999999997,0
Kogi,2023,37,2.7759999999999962,0.21641526902861766,0,0,230.16,0
Kogi,2023,38,-9.385999999999989,-0.407000361927248,0,0,237.97,0
Kogi,2023,39,-12.43999999999999,-0.8888449265117362,0,0,200.84,0
Kogi,2023,40,-22.122000000000007,-0.8575103529816289,0,0,162.28,0
Kogi,2023,41,8.96,0.7369689601530264,0,0,172.46,0
Kogi,2023,42,5.082000000000001,0.4808452316327334,0,0,161.66,0
Kogi,2023,43,-25.599999999999998,-0.9130354264842304,0,0,123.91,0
Kogi,2023,44,24.562000000000005,1.1369209111225707,0,0,133.45,0
Kogi,2023,45,-17.702,-0.46165869155781697,0,0,90.21000000000001,0
Kogi,2023,46,-30.049999999999994,-0.4401692204340696,0,0,60.150000000000006,0
Kogi,2023,47,9.41,1.5040308509797786,0,0,72.67,0
Kogi,2023,48,-0.778,-0.33503311989707435,0,0,25.65,0
Kogi,2023,49,-1.8099999999999996,-0.719757299413917,0,0,16.83,0
Kogi,2023,50,-0.624,-0.9732432845898907,0,0,14.67,0
Kogi,2023,51,-1.948,-0.4518381544507939,0,0,0.81,0
Kogi,2023,52,-54.85600000000001,-0.4472339774026883,0,0,0.02,0
Kogi,2024,1,-6.46,-0.43632054731423203,0,0,0.01,0
Kogi,2024,2,-5.396000000000001,-0.4470063891922488,0,0,0.02,0
Kogi,2024,3,-1.4060000000000001,-0.47203857561398127,0,0,0.02,0
Kogi,2024,4,-7.512,-0.4609480179308362,0,0,0.04,0
Kogi,2024,5,-3.854,-0.5092950191299517,0,0,0.03,0
Kogi,2024,6,-15.168000000000001,-0.739547514988163,0,0,0.02,0
Kogi,2024,7,-1.5799999999999998,-0.46987302166358397,0,0,0.03,0
Kogi,2024,8,-1.6580000000000004,-0.3887087972136095,0,0,4.069999999999999,0
Kogi,2024,9,-16.796,-0.7704331991883165,0,0,4.26,0
Kogi,2024,10,-9.02,-1.2708764106526538,0,0,5.049999999999999,0
Kogi,2024,11,17.134,1.699830613340247,0,0,34.06,0
Kogi,2024,12,-11.966,-0.8038652388620675,0,0,34.99,0
Kogi,2024,13,-4.52,-0.5528041896296032,0,0,36.95,0
Kogi,2024,14,-14.225999999999999,-0.9383548174565015,0,0,44.769999999999996,0
Kogi,2024,15,-15.169999999999996,-0.6202174126410852,0,0,29.92,0
Kogi,2024,16,-13.172,-1.061389621039899,0,0,26.889999999999997,0
Kogi,2024,17,2.7399999999999984,0.21138687621027535,0,0,50.25,0
Kogi,2024,18,17.674,1.1399110909040806,0,0,85.89,0
Kogi,2024,19,-12.798000000000002,-1.393110691855409,0,0,78.35,0
Kogi,2024,20,-16.404000000000003,-0.9131704990776179,0,0,91.27000000000001,0
Kogi,2024,21,14.895999999999997,1.2091015437735837,0,0,110.13,0
Kogi,2024,22,-29.644,-0.9078376135550515,0,0,85.75999999999999,0
Kogi,2024,23,-35.10399999999999,-0.8759149834941516,0,0,111.9,0
Kogi,2024,24,3.942,0.42226648378835957,0,0,138.31,0
Kogi,2024,25,-2.333999999999996,-0.19046286044943347,0,0,126.37,0
Kogi,2024,26,-22.553999999999995,-1.0340659678368131,0,0,138.94,0
Kogi,2024,27,-30.348000000000003,-1.2426185729695722,0,0,128.08,0
Kogi,2024,28,-16.183999999999997,-0.9667772918427568,0,0,98.51,0
Kogi,2024,29,35.18,1.297627890276141,1,1,148.51999999999998,0
Kogi,2024,30,-21.858,-0.9008929912391272,0,0,138.56,0
Kogi,2024,31,-31.016000000000002,-0.6521456785571442,0,0,130.24,0
Kogi,2024,32,-34.910000000000004,-1.0839226408724059,0,0,131.46,0
Kogi,2024,33,-41.806,-0.6091576479576153,0,0,57.589999999999996,0
Kogi,2024,34,1.2399999999999949,0.04948114455331881,0,0,77.0,0
Kogi,2024,35,-30.975999999999996,-1.0287497880194392,0,0,85.46,0
Kogi,2024,36,-4.427999999999997,-0.17722469699577043,0,0,110.86,0
Kogi,2024,37,19.485999999999997,1.5191166903067899,0,0,160.89999999999998,0
Kogi,2024,38,-31.74599999999999,-1.3765857116708318,0,0,139.66,0
Kogi,2024,39,-0.09999999999999432,-0.007145055679354391,0,0,169.04000000000002,0
Kogi,2024,40,-13.122000000000007,-0.5086452785383301,0,0,177.97,0
Kogi,2024,41,-9.269999999999996,-0.7624667701583204,0,0,153.21,0
Kogi,2024,42,-7.287999999999997,-0.6895710444981029,0,0,152.4,0
Kogi,2024,43,1.0700000000000038,0.038162027591333206,0,0,128.98000000000002,0
Kogi,2024,44,-16.938,-0.7840227340035053,0,0,88.02,0
Kogi,2024,45,-26.402,-0.688550038103575,0,0,54.31,0
Kogi,2024,46,-32.209999999999994,-0.47180867188623565,0,0,34.46,0
Kogi,2024,47,-4.44,-0.709659615127547,0,0,6.46,0
Kogi,2024,48,-1.558,-0.6709275074545525,0,0,0.16,0
Kogi,2024,49,-1.8299999999999996,-0.7277104187444575,0,0,0.02,0
Kogi,2024,50,-0.624,-0.9732432845898907,0,0,0.02,0
Kogi,2024,51,-1.948,-0.4518381544507939,0,0,0.01,0
Kogi,2024,52,-54.85600000000001,-0.4472339774026883,0,0,0.0,0
Kogi,2025,1,-6.47,-0.436995966118124,0,0,0.0,0
Kogi,2025,2,-5.406000000000001,-0.4478347924338949,0,0,0.0,0
Kogi,2025,3,-1.3860000000000001,-0.46532394438191893,0,0,0.02,0
Kogi,2025,4,-7.521999999999999,-0.46156163350316154,0,0,0.03,0
Kogi,2025,5,-3.814,-0.504009134136387,0,0,0.07,0
Kogi,2025,6,-15.128000000000002,-0.7375972314570761,0,0,0.11,0
Kogi,2025,7,-1.5799999999999998,-0.46987302166358397,0,0,0.09999999999999999,0
Kogi,2025,8,0.8720000000000008,0.20443550734033036,0,0,6.680000000000001,0
Kogi,2025,9,34.534000000000006,1.584075976468762,0,0,58.160000000000004,0
Kogi,2025,10,-3.589999999999999,-0.5058144472553244,0,0,64.34,0
Kogi,2025,11,-4.9959999999999996,-0.49564338416294346,0,0,71.22,0
Kogi,2025,12,-11.315999999999999,-0.7601988168947982,0,0,70.27,0
Kogi,2025,13,-3.9099999999999993,-0.47820008439197975,0,0,21.509999999999998,0
Kogi,2025,14,-12.065999999999999,-0.7958800244221951,0,0,26.06,0
Kogi,2025,15,-1.759999999999998,-0.07195666751801642,0,0,46.75,0
Kogi,2025,16,-11.262,-0.9074832912352978,0,0,44.98,0
Kogi,2025,17,-2.950000000000003,-0.227588060153399,0,0,62.04,0
Kogi,2025,18,-14.126000000000001,-0.9110775189606792,0,0,63.72,0
Kogi,2025,19,-5.6080000000000005,-0.6104520049949316,0,0,49.959999999999994,0
Kogi,2025,20,-18.194000000000003,-1.012815414546341,0,0,59.18,0
Kogi,2025,21,-17.094,-1.3875122038980698,0,0,51.74,0
Kogi,2025,22,5.375999999999998,0.1646382070729981,0,0,94.19,0
Kogi,2025,23,-20.103999999999992,-0.501634993965543,0,0,128.14,0
Kogi,2025,24,4.561999999999998,0.4886807963070764,0,0,156.95999999999998,0
Kogi,2025,25,-19.173999999999996,-1.564667903280824,0,0,160.17,0
Kogi,2025,26,29.186,1.338132896039959,1,1,189.45999999999998,0
Kogi,2025,27,16.291999999999994,0.6670865226973857,0,0,210.24,0
Kogi,2025,28,6.456000000000003,0.38565955240588495,0,0,202.69,0
Kogi,2025,29,-20.139999999999997,-0.7428716802206218,0,0,214.22,0
Kogi,2025,30,29.102000000000004,1.1994595951615465,1,0,203.48,0
Kogi,2025,31,7.6540000000000035,0.16093380912033736,0,0,187.19,0
Kogi,2025,32,-10.57,-0.3281885509602214,0,0,190.11,0
Kogi,2025,33,-35.215999999999994,-0.5131343761774716,0,0,178.15000000000003,0
Kogi,2025,34,-31.960000000000004,-1.2753365967129644,0,0,113.4,0
Kogi,2025,35,-25.205999999999996,-0.8371212279447955,0,0,88.96000000000001,0
Kogi,2025,36,-32.158,-1.2870803536562758,0,0,62.29,0
Kogi,2025,37,-15.264000000000003,-1.189972142093957,0,0,70.99,0
Kogi,2025,38,21.534000000000006,0.9337679302942011,1,0,136.23,0
Kogi,2025,39,0.6000000000000085,0.0428703340761294,0,0,160.54,0
Kogi,2025,40,-18.092000000000013,-0.7012963252031298,0,0,192.23,0
Kogi,2025,41,14.250000000000007,1.172076750243374,0,0,225.74,0
Kogi,2025,42,7.662000000000006,0.7249579230165301,0,0,186.60000000000002,0
Kogi,2025,43,6.289999999999999,0.22433565752288318,0,0,167.70000000000002,0
Kogi,2025,44,-9.387999999999998,-0.4345498539865927,0,0,139.26,0
Kogi,2025,45,0.7479999999999976,0.01950743990991108,0,0,109.17999999999999,0
Kogi,2025,46,-27.729999999999993,-0.4061861059113727,0,0,78.86,0
Kogi,2025,47,-4.1000000000000005,-0.6553163112664286,0,0,45.98,0
Kogi,2025,48,-1.1580000000000001,-0.49867397537379454,0,0,32.53,0
Kogi,2025,49,3.1600000000000006,1.2565928542254026,0,0,10.23,0
Kogi,2025,50,0.15600000000000003,0.2433108211474727,0,0,6.53,0
Kogi,2025,51,-1.8679999999999999,-0.4332821727485025,0,0,6.260000000000001,0
Kogi,2025,52,-54.84600000000001,-0.44715244867704246,0,0,5.86,0
Kogi,2026,1,-6.47,-0.436995966118124,0,0,0.87,0
Kwara,2020,53,0.0,0,0,0,0.38,0
Kwara,2021,1,-3.8533333333333326,-0.40363805615539367,0,0,0.44,0
Kwara,2021,2,-0.51,-0.45162817119708176,0,0,0.44,0
Kwara,2021,3,-0.06799999999999999,-0.5003517982737081,0,0,0.44,0
Kwara,2021,4,-0.15,-0.7179581586177382,0,0,0.06999999999999999,0
Kwara,2021,5,-0.286,-0.49802813308844807,0,0,0.09,0
Kwara,2021,6,-0.492,-0.6991077099001236,0,0,0.09,0
Kwara,2021,7,0.09599999999999999,1.4185298989572999,0,0,0.24,0
Kwara,2021,8,-1.9340000000000002,-1.2751087876587024,0,0,0.24,0
Kwara,2021,9,-1.6959999999999997,-1.1177311280404785,0,0,0.19,0
Kwara,2021,10,2.6940000000000004,1.1976491995160177,0,0,6.290000000000001,0
Kwara,2021,11,-0.7940000000000005,-0.3643378817011164,0,0,9.68,0
Kwara,2021,12,-3.3419999999999996,-0.2536997347106477,0,0,16.96,0
Kwara,2021,13,-7.537999999999999,-0.8471568463169982,0,0,16.98,0
Kwara,2021,14,2.0120000000000005,0.528321159616564,0,0,20.21,0
Kwara,2021,15,0.4060000000000006,0.05079777236960406,0,0,29.800000000000004,0
Kwara,2021,16,2.2380000000000013,0.779421042710504,0,0,32.75,0
Kwara,2021,17,-8.626,-1.6031012163956064,0,0,36.28,0
Kwara,2021,18,-3.34,-0.7214714822393038,0,0,40.79,0
Kwara,2021,19,-1.0360000000000014,-0.09183288278492142,0,0,43.089999999999996,0
Kwara,2021,20,-15.1,-1.7444976242887993,0,0,38.25,0
Kwara,2021,21,5.523999999999997,0.7899943333794139,0,0,56.41,0
Kwara,2021,22,39.204,1.7695780733292645,1,1,114.18,0
Kwara,2021,23,-20.424000000000003,-0.7040837805591917,0,0,122.65999999999998,0
Kwara,2021,24,-12.131999999999998,-1.6137435294031457,0,0,143.73,0
Kwara,2021,25,35.083999999999996,1.1283694520709646,1,1,201.89999999999998,0
Kwara,2021,26,-2.5180000000000007,-0.4022027074758157,0,0,153.76999999999998,0
Kwara,2021,27,-33.388000000000005,-0.7872116977117422,0,0,137.97,0
Kwara,2021,28,10.892000000000003,0.4810598750798172,0,0,160.1,0
Kwara,2021,29,-19.581999999999997,-0.7107190358906864,0,0,94.77,0
Kwara,2021,30,5.417999999999999,0.43267726344673185,0,0,106.64999999999999,0
Kwara,2021,31,43.52,1.6338674416408943,1,1,172.76999999999998,0
Kwara,2021,32,22.234,0.752951445878645,1,0,184.21,0
Kwara,2021,33,66.702,1.6266374239083408,1,1,283.03999999999996,0
Kwara,2021,34,15.994,0.5751675194442816,1,0,302.82,0
Kwara,2021,35,2.612000000000002,0.12301759054073196,0,0,271.01,0
Kwara,2021,36,22.731999999999992,1.061051991306171,1,1,277.78999999999996,0
Kwara,2021,37,-4.0560000000000045,-0.39658226366835103,0,0,204.17,0
Kwara,2021,38,-9.443999999999988,-0.5931822265533608,0,0,195.76999999999998,0
Kwara,2021,39,-8.622,-0.2850372737035867,0,0,202.49,0
Kwara,2021,40,-11.19599999999999,-0.5516925699555666,0,0,175.73000000000002,0
Kwara,2021,41,-22.134,-1.0563799791013526,0,0,146.70000000000002,0
Kwara,2021,42,6.096,1.2193626738317576,0,0,120.96000000000001,0
Kwara,2021,43,-1.4260000000000002,-0.10064573918010872,0,0,82.49,0
Kwara,2021,44,-1.508,-0.2554876635742519,0,0,46.339999999999996,0
Kwara,2021,45,34.873999999999995,1.7258733374892299,0,0,85.4,0
Kwara,2021,46,12.624,1.7862335352171528,0,0,80.49,0
Kwara,2021,47,-4.026000000000001,-0.42248301347618034,0,0,70.22999999999999,0
Kwara,2021,48,0.03799999999999998,0.08747312310527491,0,0,66.82,0
Kwara,2021,49,0.005999999999999908,0.043608981467803315,0,0,17.1,0
Kwara,2021,50,21.354,1.7887412931023725,0,0,27.78,0
Kwara,2021,51,-0.1,-0.447213595499958,0,0,27.37,0
Kwara,2021,52,1.6480000000000001,1.7888543819998317,0,0,28.93,0
Kwara,2022,1,19.486666666666665,2.0412353601076396,0,0,52.23,0
Kwara,2022,2,2.0199999999999996,1.7888017761139312,0,0,27.99,0
Kwara,2022,3,0.242,1.7806637526799616,0,0,28.299999999999997,0
Kwara,2022,4,-0.16,-0.7658220358589207,0,0,26.24,0
Kwara,2022,5,-0.366,-0.6373367017845175,0,0,2.84,0
Kwara,2022,6,0.278,0.39502427510616744,0,0,1.08,0
Kwara,2022,7,-0.034,-0.5023960058807105,0,0,0.79,0
Kwara,2022,8,-0.7940000000000003,-0.5234934733200672,0,0,1.94,0
Kwara,2022,9,1.3140000000000003,0.8659780083992862,0,0,4.98,0
Kwara,2022,10,0.08400000000000007,0.03734318216753733,0,0,7.700000000000001,0
Kwara,2022,11,0.8559999999999999,0.39278743921430154,0,0,12.870000000000001,0
Kwara,2022,12,-2.0519999999999996,-0.15577254806291116,0,0,20.299999999999997,0
Kwara,2022,13,11.292,1.2690494970299209,0,0,36.14,0
Kwara,2022,14,-2.928,-0.768849083179572,0,0,37.04,0
Kwara,2022,15,13.675999999999998,1.7111091993268572,0,0,58.25,0
Kwara,2022,16,1.5980000000000008,0.5565303066360078,0,0,59.27,0
Kwara,2022,17,-1.6159999999999997,-0.30032594084109665,0,0,50.98,0
Kwara,2022,18,5.43,1.172931182203419,0,0,69.19999999999999,0
Kwara,2022,19,1.8039999999999985,0.15990976886486283,0,0,61.06999999999999,0
Kwara,2022,20,2.3999999999999986,0.2772711455823256,0,0,74.36999999999999,0
Kwara,2022,21,-8.866000000000001,-1.2679380448482782,0,0,71.13,0
Kwara,2022,22,-7.4659999999999975,-0.33699800774095207,0,0,73.46000000000001,0
Kwara,2022,23,2.3659999999999997,0.0815639553859698,0,0,101.89000000000001,0
Kwara,2022,24,7.198,0.9574452624994927,0,0,124.78999999999999,0
Kwara,2022,25,16.274,0.5234033879547053,1,0,178.54000000000002,0
Kwara,2022,26,2.4220000000000006,0.38686852958952567,0,0,182.02,0
Kwara,2022,27,-30.238000000000007,-0.7129419945911004,0,0,146.57999999999998,0
Kwara,2022,28,-27.208,-1.2016780280179638,0,0,111.28000000000002,0
Kwara,2022,29,-17.512,-0.6355894064200645,0,0,66.83,0
Kwara,2022,30,3.4480000000000004,0.2753545965973296,0,0,71.8,0
Kwara,2022,31,-20.490000000000002,-0.769254225165945,0,0,70.76,0
Kwara,2022,32,-10.015999999999998,-0.33919050471892176,0,0,88.05,0
Kwara,2022,33,3.2120000000000033,0.07832987624949171,0,0,121.32000000000001,0
Kwara,2022,34,40.67400000000001,1.4626962414578413,1,1,167.75,0
Kwara,2022,35,22.761999999999993,1.0720238881654434,1,0,220.10000000000002,0
Kwara,2022,36,4.172000000000004,0.1947346871251694,0,0,240.57,0
Kwara,2022,37,7.1839999999999975,0.7024277569510429,0,0,241.68,0
Kwara,2022,38,-7.013999999999989,-0.4405527464046243,0,0,211.03000000000003,0
Kwara,2022,39,17.947999999999993,0.5933482937174638,1,1,224.17000000000002,0
Kwara,2022,40,11.474000000000004,0.5653912600634314,1,0,238.64,0
Kwara,2022,41,14.376000000000005,0.6861172214494013,0,0,234.88,0
Kwara,2022,42,-6.944,-1.3889853029999546,0,0,193.67,0
Kwara,2022,43,-8.776,-0.6194018282220435,0,0,121.28,0
Kwara,2022,44,-5.338,-0.9043721141640296,0,0,58.63,0
Kwara,2022,45,-13.116000000000001,-0.6490954491744206,0,0,13.19,0
Kwara,2022,46,-3.456,-0.489006899375038,0,0,5.24,0
Kwara,2022,47,-4.426000000000001,-0.4644584743282599,0,0,1.9300000000000002,0
Kwara,2022,48,0.468,1.0773005687702286,0,0,2.7800000000000002,0
Kwara,2022,49,-0.08399999999999999,-0.6105257405492557,0,0,0.9600000000000001,0
Kwara,2022,50,-5.4159999999999995,-0.45367719600273715,0,0,0.9500000000000001,0
Kwara,2022,51,-0.1,-0.447213595499958,0,0,0.9400000000000001,0
Kwara,2022,52,-0.41200000000000003,-0.4472135954999579,0,0,0.01,0
Kwara,2023,1,-3.9133333333333327,-0.40992307779103127,0,0,0.0,0
Kwara,2023,2,-0.51,-0.45162817119708176,0,0,0.0,0
Kwara,2023,3,-0.03799999999999999,-0.2796083578588369,0,0,0.03,0
Kwara,2023,4,0.13999999999999999,0.6700942813765555,0,0,0.32999999999999996,0
Kwara,2023,5,0.9840000000000001,1.7134953949616538,0,0,1.6800000000000002,0
Kwara,2023,6,1.118,1.5886228042039394,0,0,3.29,0
Kwara,2023,7,-0.054000000000000006,-0.7979230681634814,0,0,3.2600000000000007,0
Kwara,2023,8,0.04599999999999982,0.03032833724524306,0,0,4.95,0
Kwara,2023,9,1.1540000000000001,0.7605316755652786,0,0,6.48,0
Kwara,2023,10,1.384,0.6152733823794239,0,0,9.66,0
Kwara,2023,11,-2.8940000000000006,-1.3279519265025572,0,0,11.1,0
Kwara,2023,12,22.857999999999997,1.7352090173596606,0,0,42.599999999999994,0
Kwara,2023,13,7.892000000000001,0.8869410760326016,0,0,55.19999999999999,0
Kwara,2023,14,2.1420000000000012,0.5624572186375151,0,0,59.86999999999999,0
Kwara,2023,15,-4.594000000000001,-0.5747905573053221,0,0,66.56,0
Kwara,2023,16,1.5380000000000003,0.5356343001290236,0,0,42.61,0
Kwara,2023,17,4.454000000000001,0.8277547899172307,0,0,43.79,0
Kwara,2023,18,3.210000000000001,0.6933902568826844,0,0,54.72,0
Kwara,2023,19,-6.466000000000001,-0.5731577413970089,0,0,56.59,0
Kwara,2023,20,6.670000000000002,0.7705827254308805,0,0,74.22,0
Kwara,2023,21,-3.5360000000000014,-0.5056879005846506,0,0,70.24000000000001,0
Kwara,2023,22,-11.015999999999998,-0.49723681399334696,0,0,71.24000000000001,0
Kwara,2023,23,48.93599999999999,1.6869880476617998,1,1,154.51,0
Kwara,2023,24,2.368000000000002,0.3149806031673799,0,0,168.31,0
Kwara,2023,25,14.414000000000001,0.4635821822526191,1,0,214.86999999999998,0
Kwara,2023,26,-6.128,-0.9788316884081804,0,0,213.35,0
Kwara,2023,27,10.081999999999994,0.23771020535311424,1,0,171.65999999999997,0
Kwara,2023,28,28.451999999999998,1.256620966376327,1,0,196.84999999999997,0
Kwara,2023,29,19.828000000000003,0.7196474846103837,1,0,191.59999999999997,0
Kwara,2023,30,16.348,1.3055385571847864,0,0,218.01999999999998,0
Kwara,2023,31,-0.8100000000000023,-0.030409757070981803,0,0,196.33999999999997,0
Kwara,2023,32,37.754000000000005,1.278534176832885,1,1,205.73999999999998,0
Kwara,2023,33,-6.128,-0.14944130811235515,0,0,192.32999999999998,0
Kwara,2023,34,-20.386,-0.7331102320489636,0,0,164.79999999999998,0
Kwara,2023,35,2.5120000000000005,0.1183078818676564,0,0,177.21999999999997,0
Kwara,2023,36,-0.2680000000000007,-0.01250932314226881,0,0,145.47999999999996,0
Kwara,2023,37,-15.366000000000003,-1.5024366527435593,0,0,133.37999999999997,0
Kwara,2023,38,-15.54399999999999,-0.9763261890666505,0,0,155.25999999999996,0
Kwara,2023,39,-38.372,-1.2685514111057794,0,0,132.32999999999998,0
Kwara,2023,40,-0.975999999999992,-0.04809324296861638,0,0,138.78999999999996,0
Kwara,2023,41,-15.963999999999999,-0.7619070202572509,0,0,127.23999999999998,0
Kwara,2023,42,2.7059999999999995,0.5412722105296481,0,0,104.20999999999998,0
Kwara,2023,43,-11.096,-0.7831452468039874,0,0,85.81999999999996,0
Kwara,2023,44,9.792000000000002,1.6589755979569463,0,0,50.74999999999997,0
Kwara,2023,45,-3.336000000000002,-0.16509472540758374,0,0,45.42999999999997,0
Kwara,2023,46,-3.256,-0.4607078889945381,0,0,28.029999999999973,0
Kwara,2023,47,17.044,1.788574386907108,0,0,48.50999999999998,0
Kwara,2023,48,-0.42200000000000004,-0.9714120513270009,0,0,33.339999999999975,0
Kwara,2023,49,-0.06399999999999999,-0.46516246898990904,0,0,21.759999999999973,0
Kwara,2023,50,-5.4159999999999995,-0.45367719600273715,0,0,21.549999999999972,0
Kwara,2023,51,-0.1,-0.447213595499958,0,0,0.06999999999997158,0
Kwara,2023,52,-0.41200000000000003,-0.4472135954999579,0,0,0.029999999999971577,0
Kwara,2024,1,-3.8933333333333326,-0.40782807057915205,0,0,0.01999999999997158,0
Kwara,2024,2,-0.49,-0.43391726252268636,0,0,0.03999999999997158,0
Kwara,2024,3,-0.06799999999999999,-0.5003517982737081,0,0,0.03999999999997158,0
Kwara,2024,4,0.30000000000000004,1.4359163172354765,0,0,0.4999999999999716,0
Kwara,2024,5,-0.366,-0.6373367017845175,0,0,0.47999999999997156,0
Kwara,2024,6,-0.492,-0.6991077099001236,0,0,0.4599999999999716,0
Kwara,2024,7,0.046,0.6797122432503729,0,0,0.5599999999999716,0
Kwara,2024,8,2.1260000000000003,1.4016966300736304,0,0,4.1699999999999715,0
Kwara,2024,9,-1.6059999999999999,-1.0584175658213495,0,0,4.289999999999972,0
Kwara,2024,10,-3.176,-1.4119279352868863,0,0,4.519999999999971,0
Kwara,2024,11,3.0359999999999996,1.3931105904843684,0,0,11.78999999999997,0
Kwara,2024,12,-10.102,-0.766868557763903,0,0,8.249999999999972,0
Kwara,2024,13,-6.887999999999999,-0.774106707008687,0,0,8.829999999999972,0
Kwara,2024,14,3.862,1.014103537991635,0,0,19.779999999999973,0
Kwara,2024,15,-5.7940000000000005,-0.7249317564273042,0,0,19.339999999999968,0
Kwara,2024,16,-0.6119999999999983,-0.2131392663712363,0,0,26.199999999999974,0
Kwara,2024,17,3.9440000000000026,0.732973707102281,0,0,41.64999999999997,0
Kwara,2024,18,0.5700000000000003,0.12312537271748604,0,0,48.21999999999997,0
Kwara,2024,19,17.793999999999997,1.577291811076148,0,0,75.54999999999997,0
Kwara,2024,20,1.7399999999999984,0.20102158054718597,0,0,90.39999999999996,0
Kwara,2024,21,8.454,1.2090173957982566,0,0,98.91999999999997,0
Kwara,2024,22,-14.515999999999998,-0.6552187356506377,0,0,99.05999999999996,0
Kwara,2024,23,-21.424000000000003,-0.7385571344839466,0,0,87.70999999999998,0
Kwara,2024,24,4.298000000000002,0.5717004359853878,0,0,108.36999999999998,0
Kwara,2024,25,-33.406,-1.0744017191848891,0,0,95.11999999999998,0
Kwara,2024,26,9.732000000000003,1.5545022832226525,0,0,112.95999999999998,0
Kwara,2024,27,-15.838000000000005,-0.37342335175388086,0,0,115.70999999999998,0
Kwara,2024,28,-18.488,-0.8165474633194691,0,0,92.02999999999997,0
Kwara,2024,29,38.668,1.4034359963140162,1,1,153.43999999999997,0
Kwara,2024,30,-11.962,-0.9552760105850512,0,0,135.68999999999997,0
Kwara,2024,31,-22.87,-0.8586063508806814,0,0,117.86999999999998,0
Kwara,2024,32,-35.455999999999996,-1.2007127131903046,0,0,100.99999999999997,0
Kwara,2024,33,-41.757999999999996,-1.0183371645162738,0,0,33.119999999999976,0
Kwara,2024,34,-10.756,-0.38680141547722224,0,0,43.52999999999997,0
Kwara,2024,35,7.072000000000003,0.33307059735989897,0,0,82.56999999999996,0
Kwara,2024,36,8.442,0.3940436789814665,1,0,132.74999999999997,0
Kwara,2024,37,10.553999999999995,1.0319352097524088,1,0,182.2,0
Kwara,2024,38,23.806000000000004,1.495266421572356,1,1,233.79999999999998,0
Kwara,2024,39,40.688,1.3451167469788377,1,1,285.36999999999995,0
Kwara,2024,40,26.704000000000015,1.315862664174122,1,1,310.79999999999995,0
Kwara,2024,41,28.036,1.3380622162322906,1,0,317.33,0
Kwara,2024,42,-2.5939999999999994,-0.5188692217715843,0,0,249.64999999999998,0
Kwara,2024,43,24.324,1.716765048960003,0,0,187.62,0
Kwara,2024,44,0.5720000000000001,0.09690911376954384,0,0,115.64999999999998,0
Kwara,2024,45,-14.876000000000001,-0.7361957839218268,0,0,54.78999999999998,0
Kwara,2024,46,-3.4059999999999997,-0.481932146779913,0,0,42.53999999999997,0
Kwara,2024,47,-4.416000000000001,-0.46340908780695794,0,0,6.139999999999972,0
Kwara,2024,48,-0.462,-1.063489023016764,0,0,0.14999999999997157,0
Kwara,2024,49,-0.09399999999999999,-0.6832073763289289,0,0,0.07999999999997158,0
Kwara,2024,50,-5.4159999999999995,-0.45367719600273715,0,0,0.01999999999997158,0
Kwara,2024,51,-0.1,-0.447213595499958,0,0,0.0,0
Kwara,2024,52,-0.41200000000000003,-0.4472135954999579,0,0,0.0,0
Kwara,2025,1,-3.9133333333333327,-0.40992307779103127,0,0,0.0,0
Kwara,2025,2,-0.51,-0.45162817119708176,0,0,0.0,0
Kwara,2025,3,-0.06799999999999999,-0.5003517982737081,0,0,0.0,0
Kwara,2025,4,-0.13,-0.6222304041353731,0,0,0.029999999999971577,0
Kwara,2025,5,0.03400000000000003,0.05920614169582955,0,0,0.4299999999999716,0
Kwara,2025,6,-0.412,-0.5854316595098595,0,0,0.5099999999999716,0
Kwara,2025,7,-0.054000000000000006,-0.7979230681634814,0,0,0.5099999999999716,0
Kwara,2025,8,0.5559999999999998,0.36657729365989566,0,0,2.9799999999999716,0
Kwara,2025,9,0.8340000000000003,0.5496390098972639,0,0,5.139999999999972,0
Kwara,2025,10,-0.9860000000000002,-0.43833782877609256,0,0,7.479999999999972,0
Kwara,2025,11,-0.20400000000000063,-0.0936082214949974,0,0,11.609999999999971,0
Kwara,2025,12,-7.362,-0.5588681768221989,0,0,12.37999999999997,0
Kwara,2025,13,-4.757999999999999,-0.5347270197368369,0,0,12.64999999999997,0
Kwara,2025,14,-5.087999999999999,-1.3360328330661413,0,0,12.45999999999997,0
Kwara,2025,15,-3.694000000000001,-0.4621846579638354,0,0,17.35999999999997,0
Kwara,2025,16,-4.761999999999999,-1.658446383104297,0,0,17.32999999999997,0
Kwara,2025,17,1.8440000000000012,0.34269866021719225,0,0,28.549999999999972,0
Kwara,2025,18,-5.869999999999999,-1.2679753295642853,0,0,37.629999999999974,0
Kwara,2025,19,-12.096,-1.072210955759081,0,0,32.96999999999997,0
Kwara,2025,20,4.289999999999999,0.49562217272840714,0,0,54.51999999999997,0
Kwara,2025,21,-1.5760000000000005,-0.22538578374474247,0,0,55.10999999999997,0
Kwara,2025,22,-6.2059999999999995,-0.28012451594432747,0,0,69.99999999999997,0
Kwara,2025,23,-9.454,-0.32591108800463175,0,0,100.50999999999996,0
Kwara,2025,24,-1.7319999999999993,-0.23038277224911372,0,0,112.58999999999997,0
Kwara,2025,25,-32.366,-1.0409533030934,0,0,110.40999999999997,0
Kwara,2025,26,-3.5080000000000027,-0.560336416928182,0,0,106.69999999999997,0
Kwara,2025,27,69.38199999999999,1.6358668387036086,1,1,182.69999999999996,0
Kwara,2025,28,6.352000000000004,0.280544649881289,0,0,189.89,0
Kwara,2025,29,-21.402,-0.7767750386136489,0,0,190.18999999999997,0
Kwara,2025,30,-13.251999999999999,-1.0582944066437967,0,0,184.39,0
Kwara,2025,31,0.6499999999999986,0.02440289147671367,0,0,104.86999999999998,0
Kwara,2025,32,-14.515999999999998,-0.49158240480230314,0,0,84.09999999999997,0
Kwara,2025,33,-22.028,-0.5371888275292034,0,0,96.01999999999997,0
Kwara,2025,34,-25.526000000000003,-0.9179521133759369,0,0,92.94999999999997,0
Kwara,2025,35,-34.958,-1.6464199579337306,0,0,66.43999999999997,0
Kwara,2025,36,-35.078,-1.6373210342705382,0,0,52.15999999999997,0
Kwara,2025,37,1.6839999999999975,0.16465594970845696,0,0,73.00999999999996,0
Kwara,2025,38,8.196000000000005,0.5147947404522824,1,0,123.76999999999995,0
Kwara,2025,39,-11.641999999999996,-0.38487635588693525,0,0,165.03999999999996,0
Kwara,2025,40,-26.005999999999993,-1.2814681113133684,0,0,181.27999999999997,0
Kwara,2025,41,-4.314,-0.20589243832308823,0,0,164.32999999999996,0
Kwara,2025,42,0.7360000000000007,0.14721964041013358,0,0,115.58999999999996,0
Kwara,2025,43,-3.026,-0.2135722347538632,0,0,78.53999999999996,0
Kwara,2025,44,-3.5180000000000002,-0.5960249339882084,0,0,55.189999999999955,0
Kwara,2025,45,-3.546000000000001,-0.1754873789853992,0,0,38.00999999999996,0
Kwara,2025,46,-2.506,-0.3545866000676635,0,0,23.32999999999996,0
Kwara,2025,47,-4.176000000000001,-0.4382238112957102,0,0,14.519999999999959,0
Kwara,2025,48,0.37800000000000006,0.8701273824682616,0,0,13.459999999999958,0
Kwara,2025,49,0.23600000000000004,1.7152866044002901,0,0,2.3899999999999575,0
Kwara,2025,50,-5.106,-0.427709705094161,0,0,1.7399999999999576,0
Kwara,2025,51,0.4,1.788854381999832,0,0,1.9799999999999573,0
Kwara,2025,52,-0.41200000000000003,-0.4472135954999579,0,0,1.1399999999999575,0
Kwara,2026,1,-3.9133333333333327,-0.40992307779103127,0,0,0.8099999999999573,0
Lagos,2020,53,0.0,0,0,0,1.78,0
Lagos,2021,1,0.9966666666666666,0.19713474052923086,0,0,5.94,0
Lagos,2021,2,-0.24400000000000005,-0.2505920758731664,0,0,6.25,0
Lagos,2021,3,0.03200000000000003,0.09846386899489419,0,0,6.58,0
Lagos,2021,4,4.356,1.6167211303775384,0,0,12.16,0
Lagos,2021,5,2.3139999999999996,0.5495804537543442,0,0,13.719999999999999,0
Lagos,2021,6,-0.06400000000000006,-0.025421596941992877,0,0,15.689999999999998,0
Lagos,2021,7,4.039999999999999,1.6829170381587246,0,0,21.409999999999997,0
Lagos,2021,8,-16.402,-0.7109917250589908,0,0,15.299999999999999,0
Lagos,2021,9,-18.366000000000003,-0.8849985974384593,0,0,11.13,0
Lagos,2021,10,-5.260000000000002,-0.22460059827479167,0,0,31.39,0
Lagos,2021,11,-13.754,-0.7322510528813181,0,0,33.4,0
Lagos,2021,12,24.897999999999996,1.3516890883779493,0,0,81.27,0
Lagos,2021,13,-7.834,-1.0724934834081563,0,0,81.65,0
Lagos,2021,14,-11.330000000000002,-0.4325274421365601,0,0,82.91,0
Lagos,2021,15,31.510000000000005,1.5131231341171665,1,0,144.91,0
Lagos,2021,16,-9.000000000000004,-0.422459258488471,0,0,119.27000000000001,0
Lagos,2021,17,-31.873999999999995,-1.472455262228486,0,0,121.48,0
Lagos,2021,18,-2.2300000000000004,-0.14639928975711913,0,0,124.66,0
Lagos,2021,19,-7.880000000000001,-0.931413125290035,0,0,63.61,0
Lagos,2021,20,-11.652,-1.3554733407873263,0,0,52.14,0
Lagos,2021,21,-13.594000000000001,-0.44972162424799456,0,0,72.83,0
Lagos,2021,22,25.76599999999999,1.2171682062375877,0,0,113.89999999999999,0
Lagos,2021,23,-49.66000000000001,-1.1285155472419344,0,0,126.80999999999999,0
Lagos,2021,24,-18.332000000000008,-0.6096077515932662,0,0,167.55,0
Lagos,2021,25,-10.995999999999995,-0.6278957700021922,0,0,185.82999999999998,0
Lagos,2021,26,-13.386000000000003,-0.35646236721061064,0,0,173.6,0
Lagos,2021,27,-33.69600000000001,-1.574244952890975,0,0,175.3,0
Lagos,2021,28,110.30000000000001,1.7649869234253748,1,1,292.2,0
Lagos,2021,29,-16.376,-0.5666780395965428,0,0,263.57,0
Lagos,2021,30,-13.850000000000003,-0.6440260525567888,0,0,216.21,0
Lagos,2021,31,28.216,1.4970462963058804,0,0,243.01,0
Lagos,2021,32,0.5060000000000002,0.02449485255884724,0,0,99.86,0
Lagos,2021,33,53.94199999999999,1.6730425296920768,1,1,172.58999999999997,0
Lagos,2021,34,23.566000000000003,0.9180268107675356,0,0,231.69,0
Lagos,2021,35,47.582,1.2700914144970818,1,1,281.61,0
Lagos,2021,36,0.14400000000000546,0.004028795437217293,0,0,293.95,0
Lagos,2021,37,-7.586000000000006,-0.7250482454022126,0,0,258.71000000000004,0
Lagos,2021,38,23.558000000000007,0.8366632941713054,1,1,285.49,0
Lagos,2021,39,4.518000000000001,0.2612505037552536,0,0,238.81,0
Lagos,2021,40,-15.38600000000001,-0.47519569729146144,0,0,247.63,0
Lagos,2021,41,-3.942,-0.26691552392608975,0,0,238.57999999999998,0
Lagos,2021,42,-15.653999999999996,-0.5567302973072962,0,0,181.20000000000002,0
Lagos,2021,43,5.244,0.2792513076983995,0,0,169.48000000000002,0
Lagos,2021,44,14.723999999999997,0.6780138640664504,0,0,183.48000000000002,0
Lagos,2021,45,70.22999999999999,1.666782880132785,1,1,257.94,0
Lagos,2021,46,3.6259999999999994,0.63995491111216,0,0,235.13,0
Lagos,2021,47,-0.7360000000000007,-0.04762726299992463,0,0,207.08,0
Lagos,2021,48,-13.174,-0.6046821857739342,0,0,146.01000000000002,0
Lagos,2021,49,-3.8399999999999994,-0.558379940190174,0,0,28.71,0
Lagos,2021,50,-2.144,-0.3988895543820548,0,0,15.190000000000001,0
Lagos,2021,51,-4.555999999999999,-0.44918281701700913,0,0,1.2999999999999998,0
Lagos,2021,52,13.136000000000001,1.7873030268358823,0,0,17.310000000000002,0
Lagos,2022,1,9.826666666666666,1.9436562377263296,0,0,30.220000000000006,0
Lagos,2022,2,-0.37400000000000005,-0.3841042474449354,0,0,29.770000000000003,0
Lagos,2022,3,-0.15799999999999997,-0.48616535316228954,0,0,29.91,0
Lagos,2022,4,-2.684,-0.9961615045760591,0,0,13.63,0
Lagos,2022,5,-3.406,-0.8089330274361696,0,0,0.64,0
Lagos,2022,6,0.12600000000000033,0.05004876897954857,0,0,2.93,0
Lagos,2022,7,-0.40000000000000013,-0.16662544932264609,0,0,4.4,0
Lagos,2022,8,-15.922,-0.6901847485909798,0,0,5.81,0
Lagos,2022,9,-7.146000000000004,-0.34434280612518964,0,0,18.58,0
Lagos,2022,10,-11.21,-0.4786640126730825,0,0,32.7,0
Lagos,2022,11,-12.714,-0.6768823532305568,0,0,40.19,0
Lagos,2022,12,-18.342000000000002,-0.9957699919282013,0,0,44.339999999999996,0
Lagos,2022,13,9.236,1.2644306628488298,0,0,50.57,0
Lagos,2022,14,-17.990000000000002,-0.6867757002680243,0,0,51.12,0
Lagos,2022,15,0.3100000000000023,0.014886327247741192,0,0,80.88,0
Lagos,2022,16,36.55,1.7156539886392896,0,0,144.03,0
Lagos,2022,17,28.926000000000002,1.3362690881351948,0,0,189.97,0
Lagos,2022,18,-2.530000000000001,-0.16609426147332354,0,0,199.51,0
Lagos,2022,19,-2.620000000000001,-0.3096830441954178,0,0,174.92,0
Lagos,2022,20,10.317999999999998,1.2002895580367001,0,0,139.87,0
Lagos,2022,21,-18.514,-0.612486843557994,0,0,94.83999999999999,0
Lagos,2022,22,-10.924000000000007,-0.5160422838212925,0,0,99.52,0
Lagos,2022,23,13.789999999999992,0.3133755416122888,1,1,170.62,0
Lagos,2022,24,53.24799999999999,1.7706956991511138,1,1,260.97,0
Lagos,2022,25,10.134,0.578673675263934,0,0,305.3,0
Lagos,2022,26,-20.396,-0.5431350994791284,0,0,322.75,0
Lagos,2022,27,17.034,0.7958122188848783,1,0,311.73,0
Lagos,2022,28,-36.43,-0.5829417372655159,0,0,210.32,0
Lagos,2022,29,22.083999999999996,0.7641986948247466,0,0,199.01999999999998,0
Lagos,2022,30,20.11,0.9351165282972578,0,0,192.63,0
Lagos,2022,31,-19.274,-1.0226137764034426,0,0,121.21000000000001,0
Lagos,2022,32,12.426000000000002,0.6015277428779362,0,0,136.71,0
Lagos,2022,33,-9.638000000000002,-0.29892818028942647,0,0,107.4,0
Lagos,2022,34,13.216000000000001,0.5148367279599316,0,0,122.19,0
Lagos,2022,35,-9.548000000000002,-0.25486177179643854,0,0,162.47,0
Lagos,2022,36,1.524000000000001,0.042638085043881425,0,0,164.27,0
Lagos,2022,37,-3.206000000000003,-0.3064203367729362,0,0,196.99,0
Lagos,2022,38,24.628,0.8746643861469947,1,1,235.19,0
Lagos,2022,39,24.50800000000001,1.4171596604767058,1,0,265.63,0
Lagos,2022,40,-27.976000000000006,-0.8640371004436448,0,0,260.48,0
Lagos,2022,41,-9.582,-0.6488037925570249,0,0,241.41,0
Lagos,2022,42,41.36600000000001,1.4711706578774513,1,1,239.98000000000002,0
Lagos,2022,43,-16.626000000000005,-0.8853608393961845,0,0,186.4,0
Lagos,2022,44,-34.616,-1.5940048844420165,0,0,163.65000000000003,0
Lagos,2022,45,-35.04,-0.8316114498056785,0,0,138.48000000000002,0
Lagos,2022,46,-5.894000000000001,-1.0402355891050943,0,0,49.13,0
Lagos,2022,47,-8.276000000000002,-0.5355478649285,0,0,35.41,0
Lagos,2022,48,38.215999999999994,1.754101594924599,0,0,75.07,0
Lagos,2022,49,-2.3199999999999994,-0.3373545471982301,0,0,64.55999999999999,0
Lagos,2022,50,-2.454,-0.45656481644289293,0,0,60.24999999999999,0
Lagos,2022,51,-4.555999999999999,-0.44918281701700913,0,0,53.9,0
Lagos,2022,52,-3.464,-0.4713168152374768,0,0,1.9200000000000002,0
Lagos,2023,1,-3.1633333333333336,-0.6256885242884285,0,0,0.32,0
Lagos,2023,2,-0.554,-0.5689672542366154,0,0,0.0,0
Lagos,2023,3,0.542,1.6677317811010188,0,0,0.84,0
Lagos,2023,4,0.5760000000000001,0.21378130649620344,0,0,4.42,0
Lagos,2023,5,-1.7660000000000002,-0.4194291621997286,0,0,6.06,0
Lagos,2023,6,-1.944,-0.772181007113033,0,0,6.46,0
Lagos,2023,7,-2.0100000000000002,-0.8372928828462964,0,0,5.62,0
Lagos,2023,8,-6.902000000000001,-0.2991869824629408,0,0,12.79,0
Lagos,2023,9,3.3139999999999965,0.1596910242791599,0,0,34.379999999999995,0
Lagos,2023,10,-16.26,-0.6942976669102874,0,0,45.519999999999996,0
Lagos,2023,11,11.926000000000002,0.6349299154182493,0,0,79.26,0
Lagos,2023,12,8.347999999999999,0.45320509718769064,0,0,101.08000000000001,0
Lagos,2023,13,-4.493999999999999,-0.6152394325295192,0,0,83.12,0
Lagos,2023,14,45.88999999999999,1.7518697546025364,1,0,152.60000000000002,0
Lagos,2023,15,-7.2499999999999964,-0.34814797595523483,0,0,150.16,0
Lagos,2023,16,-0.38000000000000256,-0.017837168691735555,0,0,149.69,0
Lagos,2023,17,-1.8639999999999972,-0.08610957547825483,0,0,178.57,0
Lagos,2023,18,-13.31,-0.873800245142267,0,0,113.45,0
Lagos,2023,19,14.469999999999999,1.7103487211861426,0,0,113.51,0
Lagos,2023,20,0.5680000000000014,0.06607525382485438,0,0,105.64,0
Lagos,2023,21,-17.494,-0.5787428346766526,0,0,92.42,0
Lagos,2023,22,-13.464000000000006,-0.6360301454933981,0,0,105.34,0
Lagos,2023,23,67.42999999999998,1.5323359514805395,1,1,212.99,0
Lagos,2023,24,-6.7520000000000095,-0.22452932242841683,0,0,253.09000000000003,0
Lagos,2023,25,18.354000000000013,1.048053743417629,1,0,304.62,0
Lagos,2023,26,-32.306000000000004,-0.8602923378982509,0,0,312.70000000000005,0
Lagos,2023,27,1.9039999999999893,0.08895306239032522,0,0,232.91000000000003,0
Lagos,2023,28,-19.020000000000003,-0.30435223285177365,0,0,208.91000000000005,0
Lagos,2023,29,39.044000000000004,1.35108557511037,1,0,206.35000000000005,0
Lagos,2023,30,26.53,1.2336470161972277,0,0,218.29000000000005,0
Lagos,2023,31,7.166,0.3802039183203834,0,0,188.44000000000005,0
Lagos,2023,32,-14.404,-0.697280348335248,0,0,159.70000000000005,0
Lagos,2023,33,-0.39800000000000324,-0.012344201676197621,0,0,122.67000000000003,0
Lagos,2023,34,-16.414,-0.6394166202129478,0,0,101.41000000000003,0
Lagos,2023,35,30.222,0.8067063748671937,1,0,155.02000000000004,0
Lagos,2023,36,57.044,1.595962548059823,1,1,239.17000000000002,0
Lagos,2023,37,-10.856000000000002,-1.037585519652836,0,0,255.0,0
Lagos,2023,38,-4.072000000000003,-0.14461723974299842,0,0,294.13,0
Lagos,2023,39,-6.322000000000003,-0.3655656672732877,0,0,253.97,0
Lagos,2023,40,51.81399999999999,1.6002723163564125,1,1,273.09000000000003,0
Lagos,2023,41,-7.392000000000003,-0.5005173903758641,0,0,263.86,0
Lagos,2023,42,-23.203999999999997,-0.8252440155052064,0,0,226.56000000000003,0
Lagos,2023,43,-22.766000000000005,-1.2123255665640282,0,0,197.67000000000002,0
Lagos,2023,44,9.274000000000001,0.4270511121537804,0,0,139.02000000000004,0
Lagos,2023,45,-21.389999999999997,-0.5076532223556923,0,0,125.31000000000003,0
Lagos,2023,46,-4.924000000000001,-0.8690397083056473,0,0,101.50000000000003,0
Lagos,2023,47,26.794,1.7338653326358417,0,0,128.99,0
Lagos,2023,48,-9.014,-0.41373957966951896,0,0,77.53000000000003,0
Lagos,2023,49,-2.3099999999999996,-0.33590043277065157,0,0,53.380000000000024,0
Lagos,2023,50,-2.754,-0.5123795861791879,0,0,47.80000000000003,0
Lagos,2023,51,-4.555999999999999,-0.44918281701700913,0,0,6.380000000000028,0
Lagos,2023,52,-3.454,-0.46995620087478207,0,0,1.6400000000000285,0
Lagos,2024,1,-1.9033333333333335,-0.37646801619461817,0,0,1.2900000000000285,0
Lagos,2024,2,1.7259999999999998,1.7726308317913324,0,0,3.5500000000000282,0
Lagos,2024,3,-0.118,-0.36308551691867197,0,0,3.7300000000000284,0
Lagos,2024,4,-1.104,-0.40974750411772326,0,0,5.6200000000000285,0
Lagos,2024,5,-3.406,-0.8089330274361696,0,0,4.360000000000028,0
Lagos,2024,6,-2.2039999999999997,-0.8754562446898788,0,0,2.220000000000028,0
Lagos,2024,7,-0.04000000000000026,-0.01666254493226471,0,0,4.010000000000028,0
Lagos,2024,8,39.478,1.711287118758617,0,0,59.24000000000003,0
Lagos,2024,9,-12.106000000000005,-0.5833492878465638,0,0,67.05000000000003,0
Lagos,2024,10,-8.54,-0.36465572419519393,0,0,86.17000000000003,0
Lagos,2024,11,-12.884,-0.685933006058085,0,0,93.13000000000002,0
Lagos,2024,12,-17.942,-0.9740543667634819,0,0,42.28000000000003,0
Lagos,2024,13,-3.023999999999999,-0.4139928891787419,0,0,41.21000000000003,0
Lagos,2024,14,-13.260000000000002,-0.5062059914148973,0,0,43.82000000000003,0
Lagos,2024,15,-26.199999999999996,-1.2581347544865042,0,0,47.24000000000003,0
Lagos,2024,16,-17.410000000000004,-0.817223965587142,0,0,56.03000000000003,0
Lagos,2024,17,0.5860000000000056,0.027070928771597582,0,0,85.89000000000003,0
Lagos,2024,18,26.010000000000005,1.7075540477949187,0,0,119.24000000000004,0
Lagos,2024,19,-2.1900000000000013,-0.2588572010641088,0,0,121.59000000000003,0
Lagos,2024,20,5.518000000000001,0.6419071313477915,0,0,135.70000000000005,0
Lagos,2024,21,53.00600000000001,1.753563661533706,1,1,190.53000000000003,0
Lagos,2024,22,-21.024000000000004,-0.9931593715725785,0,0,156.57000000000005,0
Lagos,2024,23,-20.500000000000014,-0.4658592170451,0,0,192.95000000000005,0
Lagos,2024,24,-15.43200000000001,-0.5131718755502556,0,0,219.42000000000004,0
Lagos,2024,25,-24.765999999999995,-1.4141930374567384,0,0,157.33000000000004,0
Lagos,2024,26,63.194,1.6828240574859796,1,1,268.47,0
Lagos,2024,27,19.51399999999999,0.911675451410092,1,0,294.22,0
Lagos,2024,28,-38.88,-0.6221458892364331,0,0,259.04,0
Lagos,2024,29,-16.956000000000003,-0.5867484635685748,0,0,243.60000000000002,0
Lagos,2024,30,-18.87,-0.8774564340611266,0,0,114.64000000000003,0
Lagos,2024,31,-14.064,-0.7461886557714027,0,0,45.95000000000003,0
Lagos,2024,32,-25.184,-1.2191272071976456,0,0,26.290000000000028,0
Lagos,2024,33,-31.738,-0.9843725447214998,0,0,13.920000000000028,0
Lagos,2024,34,16.546,0.644558754602378,0,0,71.02000000000002,0
Lagos,2024,35,-31.298000000000002,-0.8354277056645301,0,0,84.34000000000003,0
Lagos,2024,36,-21.285999999999998,-0.5955343033097502,0,0,100.94000000000003,0
Lagos,2024,37,13.814,1.3203027236997307,1,0,172.78000000000003,0
Lagos,2024,38,-44.641999999999996,-1.585462381288539,0,0,138.38000000000005,0
Lagos,2024,39,-23.131999999999994,-1.3375933273276945,0,0,142.93000000000004,0
Lagos,2024,40,10.833999999999989,0.33460744731936076,1,0,199.40000000000003,0
Lagos,2024,41,26.137999999999998,1.7698219087722307,1,0,199.03000000000003,0
Lagos,2024,42,16.976000000000006,0.6037468715400962,0,0,242.48000000000005,0
Lagos,2024,43,18.703999999999994,0.9960176314246496,0,0,271.87,0
Lagos,2024,44,-7.515999999999998,-0.3460983565826841,0,0,237.41000000000003,0
Lagos,2024,45,-20.84,-0.49459996044378823,0,0,190.72000000000003,0
Lagos,2024,46,-0.30400000000000027,-0.0536531420237443,0,0,131.35000000000002,0
Lagos,2024,47,-11.146,-0.7212683062461407,0,0,79.43000000000002,0
Lagos,2024,48,-13.254,-0.6083541589682498,0,0,40.520000000000024,0
Lagos,2024,49,-3.7599999999999993,-0.5467470247695454,0,0,14.37000000000003,0
Lagos,2024,50,-2.254,-0.4193549699520296,0,0,4.670000000000028,0
Lagos,2024,51,-4.475999999999999,-0.44129549801758844,0,0,1.2700000000000284,0
Lagos,2024,52,-3.464,-0.4713168152374768,0,0,0.7600000000000284,0
Lagos,2025,1,-3.0333333333333337,-0.5999752972628766,0,0,0.7300000000000284,0
Lagos,2025,2,-0.554,-0.5689672542366154,0,0,0.21000000000002844,0
Lagos,2025,3,-0.298,-0.9169447800149513,0,0,0.13000000000002843,0
Lagos,2025,4,-1.144,-0.42459342817995954,0,0,1.9900000000000286,0
Lagos,2025,5,6.263999999999999,1.4877147633177232,0,0,11.53000000000003,0
Lagos,2025,6,4.086,1.6230100797653564,0,0,17.96000000000003,0
Lagos,2025,7,-1.5900000000000003,-0.6623361610575181,0,0,18.380000000000027,0
Lagos,2025,8,-0.25200000000000244,-0.010923662645705852,0,0,33.92000000000003,0
Lagos,2025,9,34.304,1.6529996671310523,0,0,78.47000000000003,0
Lagos,2025,10,41.269999999999996,1.7622180020533553,0,0,141.11,0
Lagos,2025,11,27.426000000000002,1.4601364967517108,0,0,189.93000000000004,0
Lagos,2025,12,3.0380000000000003,0.1649301731260427,0,0,199.79000000000002,0
Lagos,2025,13,6.116000000000001,0.8372951422675882,0,0,161.45000000000002,0
Lagos,2025,14,-3.3100000000000023,-0.12636062078305513,0,0,124.20000000000003,0
Lagos,2025,15,1.6300000000000026,0.07827326907683227,0,0,115.14000000000004,0
Lagos,2025,16,-9.760000000000005,-0.4581335958719419,0,0,110.60000000000002,0
Lagos,2025,17,4.226000000000006,0.19522482079994957,0,0,134.96000000000004,0
Lagos,2025,18,-7.940000000000001,-0.5212602514222089,0,0,124.41000000000003,0
Lagos,2025,19,-1.7800000000000011,-0.21039535063658163,0,0,99.34000000000002,0
Lagos,2025,20,-4.751999999999999,-0.5527986024220197,0,0,95.53000000000003,0
Lagos,2025,21,-3.4039999999999964,-0.11261235905106456,0,0,90.31000000000003,0
Lagos,2025,22,19.645999999999994,0.9280635946496798,0,0,130.97000000000003,0
Lagos,2025,23,-11.06000000000001,-0.25133672880579544,0,0,176.38000000000005,0
Lagos,2025,24,-12.732,-0.4233867495791764,0,0,215.82000000000005,0
Lagos,2025,25,7.274000000000008,0.4153613887773693,0,0,242.18000000000004,0
Lagos,2025,26,2.8940000000000055,0.07706574710201022,1,0,252.35000000000005,0
Lagos,2025,27,-4.756000000000007,-0.22219577979432237,0,0,244.39000000000004,0
Lagos,2025,28,-15.969999999999999,-0.2555470640716521,0,0,229.42000000000004,0
Lagos,2025,29,-27.796000000000003,-0.9618577667699991,0,0,171.10000000000005,0
Lagos,2025,30,-13.920000000000002,-0.6472810578765704,0,0,107.39000000000003,0
Lagos,2025,31,-2.0440000000000005,-0.10844778245141834,0,0,74.99000000000004,0
Lagos,2025,32,26.656,1.2903849600961101,0,0,84.26000000000002,0
Lagos,2025,33,-12.168,-0.37739760300495334,0,0,102.30000000000003,0
Lagos,2025,34,-36.914,-1.4380056731168973,0,0,100.99000000000002,0
Lagos,2025,35,-36.958,-0.9865083119033069,0,0,96.63000000000002,0
Lagos,2025,36,-37.425999999999995,-1.0470951252311713,0,0,45.25000000000003,0
Lagos,2025,37,7.833999999999996,0.7487513781282529,0,0,91.54000000000002,0
Lagos,2025,38,0.5280000000000058,0.018751940713237707,1,0,155.77000000000004,0
Lagos,2025,39,0.4280000000000044,0.024748830369023832,0,0,189.54000000000002,0
Lagos,2025,40,-19.28600000000001,-0.5956469659406683,0,0,232.03000000000003,0
Lagos,2025,41,-5.222000000000001,-0.3535852019132524,0,0,206.28000000000003,0
Lagos,2025,42,-19.484,-0.6929432166050442,0,0,168.10000000000002,0
Lagos,2025,43,15.443999999999996,0.8224174668371625,0,0,170.67000000000002,0
Lagos,2025,44,18.133999999999993,0.8350382648044695,0,0,191.98000000000002,0
Lagos,2025,45,7.039999999999999,0.16708175247237375,0,0,204.53000000000003,0
Lagos,2025,46,7.495999999999999,1.322973528322325,0,0,189.42000000000004,0
Lagos,2025,47,-6.636000000000001,-0.4294218984612767,0,0,145.27,0
Lagos,2025,48,-2.773999999999999,-0.1273256705128961,0,0,91.19000000000003,0
Lagos,2025,49,12.229999999999999,1.7783819449286014,0,0,53.15000000000003,0
Lagos,2025,50,9.606000000000002,1.7871889269561654,0,0,47.510000000000026,0
Lagos,2025,51,18.144,1.7888439490686159,0,0,62.22000000000003,0
Lagos,2025,52,-2.754,-0.3747131954861464,0,0,51.940000000000026,0
Lagos,2026,1,-2.7233333333333336,-0.5386591405096376,0,0,36.230000000000025,0
Nasarawa,2020,53,0.0,0,0,0,0.0,0
Nasarawa,2021,1,-0.9699999999999999,-0.40162136852105024,0,0,0.02,0
Nasarawa,2021,2,-1.4919999999999998,-0.4472135954999579,0,0,0.02,0
Nasarawa,2021,3,-0.272,-0.4472135954999579,0,0,0.02,0
Nasarawa,2021,4,-11.766000000000002,-0.4474036969086629,0,0,0.02,0
Nasarawa,2021,5,0.22599999999999998,0.245026222773405,0,0,0.81,0
Nasarawa,2021,6,-0.36,-0.2923979925954006,0,0,1.4900000000000002,0
Nasarawa,2021,7,-0.002,-0.4472135954999579,0,0,1.4900000000000002,0
Nasarawa,2021,8,-1.514,-0.7433967125550027,0,0,1.4900000000000002,0
Nasarawa,2021,9,-6.214,-0.9723786188615458,0,0,0.7000000000000001,0
Nasarawa,2021,10,23.808,1.7194514482619598,0,0,33.35,0
Nasarawa,2021,11,-8.452,-0.35795383139314857,0,0,37.5,0
Nasarawa,2021,12,1.5700000000000003,0.1701805782498601,0,0,47.95,0
Nasarawa,2021,13,-5.436,-0.50401668647577,0,0,47.93,0
Nasarawa,2021,14,17.49,1.1489507055912576,0,0,46.67,0
Nasarawa,2021,15,34.242000000000004,1.6748221113647161,0,0,95.81,0
Nasarawa,2021,16,-13.986000000000002,-0.45536433430515444,0,0,89.37,0
Nasarawa,2021,17,-47.41,-0.6844322041195797,0,0,90.26,0
Nasarawa,2021,18,-26.810000000000002,-0.7967924358098407,0,0,64.78999999999999,0
Nasarawa,2021,19,-1.3200000000000003,-0.04806839795203229,0,0,36.25,0
Nasarawa,2021,20,-42.934,-0.4348335739613835,0,0,51.790000000000006,0
Nasarawa,2021,21,-50.108,-0.46567088159171377,0,0,63.28,0
Nasarawa,2021,22,40.099999999999994,1.4225031778760946,1,0,134.04,0
Nasarawa,2021,23,-25.208,-0.4441171651620142,0,0,143.88,0
Nasarawa,2021,24,8.372,0.7919676740130908,0,0,157.66000000000003,0
Nasarawa,2021,25,20.417999999999992,0.3832781223936037,1,1,231.63,0
Nasarawa,2021,26,64.51599999999999,1.673346999293768,1,1,267.09,0
Nasarawa,2021,27,-9.501999999999999,-0.36825349291037046,0,0,254.39999999999998,0
Nasarawa,2021,28,10.780000000000001,1.100331443994673,0,0,252.74,0
Nasarawa,2021,29,16.355999999999995,0.08401430391317491,1,1,318.15,0
Nasarawa,2021,30,-33.62,-0.7931961969595969,0,0,220.79999999999998,0
Nasarawa,2021,31,90.77000000000004,1.7320649135657107,1,1,340.81000000000006,0
Nasarawa,2021,32,15.516000000000005,0.7679410940935618,0,0,359.71000000000004,0
Nasarawa,2021,33,-7.442000000000004,-0.4415096103579843,0,0,230.58000000000004,0
Nasarawa,2021,34,-28.04,-0.6882603623883689,0,0,241.15000000000006,0
Nasarawa,2021,35,6.224,0.676533409112671,0,0,135.42000000000002,0
Nasarawa,2021,36,-7.994,-0.48472835990722474,0,0,119.10000000000001,0
Nasarawa,2021,37,64.19800000000001,1.762235259364735,1,1,200.95,0
Nasarawa,2021,38,-1.1560000000000024,-0.10865855230751342,0,0,197.79000000000002,0
Nasarawa,2021,39,-4.213999999999999,-0.4910827242648476,0,0,187.16,0
Nasarawa,2021,40,-8.577999999999996,-0.5660353203982335,0,0,182.2,0
Nasarawa,2021,41,-7.876000000000005,-0.27902734183755873,0,0,108.3,0
Nasarawa,2021,42,4.102,0.13607664933573,0,0,114.02000000000001,0
Nasarawa,2021,43,27.282,1.7236170080897937,0,0,126.0,0
Nasarawa,2021,44,21.772,1.5570302319556115,0,0,128.21,0
Nasarawa,2021,45,18.762,1.683123392447117,0,0,124.05000000000001,0
Nasarawa,2021,46,44.878,1.7888532184663832,1,0,151.57000000000002,0
Nasarawa,2021,47,2.4939999999999998,0.8360949828912256,0,0,118.68,0
Nasarawa,2021,48,3.3920000000000003,1.788854381999832,0,0,91.42000000000002,0
Nasarawa,2021,49,0.5,1.6932136536964908,0,0,65.67999999999999,0
Nasarawa,2021,50,-0.03,-0.44721359549995787,0,0,9.56,0
Nasarawa,2021,51,6.6,1.7888543819998317,0,0,13.170000000000002,0
Nasarawa,2021,52,12.16,1.7888543819998322,0,0,24.130000000000003,0
Nasarawa,2022,1,4.93,2.041230254442039,0,0,29.37,0
Nasarawa,2022,2,5.967999999999999,1.7888543819998317,0,0,36.83,0
Nasarawa,2022,3,1.088,1.7888543819998317,0,0,29.94,0
Nasarawa,2022,4,47.044,1.7888542850051956,1,0,73.55000000000001,0
Nasarawa,2022,5,-0.5840000000000001,-0.6331651066357016,0,0,67.63,0
Nasarawa,2022,6,0.5899999999999999,0.4792078211980176,0,0,61.80000000000001,0
Nasarawa,2022,7,0.008,1.7888543819998317,0,0,60.45,0
Nasarawa,2022,8,-1.224,-0.6010023620656032,0,0,1.93,0
Nasarawa,2022,9,2.606,0.4077918700922414,0,0,10.77,0
Nasarawa,2022,10,-0.3719999999999999,-0.026866428879093116,0,0,18.29,0
Nasarawa,2022,11,-12.522,-0.5303239324071234,0,0,18.36,0
Nasarawa,2022,12,13.5,1.4633361824032554,0,0,40.45,0
Nasarawa,2022,13,19.274,1.7870525414153775,0,0,56.32,0
Nasarawa,2022,14,15.749999999999996,1.034646861810309,0,0,77.5,0
Nasarawa,2022,15,3.782,0.1849826886625009,0,0,100.25,0
Nasarawa,2022,16,54.474,1.7735962210023577,1,0,150.34,0
Nasarawa,2022,17,118.8,1.7150505346847937,1,1,292.73,0
Nasarawa,2022,18,13.239999999999995,0.3934924226080674,0,0,309.05,0
Nasarawa,2022,19,46.690000000000005,1.7002375002881722,1,0,358.98,0
Nasarawa,2022,20,174.68599999999998,1.7692117599342767,1,1,523.68,0
Nasarawa,2022,21,191.802,1.782481967571124,1,1,610.8699999999999,0
Nasarawa,2022,22,9.389999999999993,0.3330998713280928,0,0,610.87,0
Nasarawa,2022,23,99.31200000000001,1.7496891425963965,1,1,697.22,0
Nasarawa,2022,24,-8.898,-0.8417257959111899,0,0,476.11,0
Nasarawa,2022,25,84.79800000000002,1.5917924489535127,1,1,372.55000000000007,0
Nasarawa,2022,26,-27.473999999999997,-0.7125912247907028,0,0,346.7300000000001,0
Nasarawa,2022,27,-18.041999999999998,-0.6992243232044731,0,0,200.98000000000002,0
Nasarawa,2022,28,-12.290000000000001,-1.2544595034039454,0,0,193.52,0
Nasarawa,2022,29,-123.764,-0.6357267247193802,0,0,54.43,0
Nasarawa,2022,30,1.8900000000000006,0.0445907439694717,0,0,84.58,0
Nasarawa,2022,31,-24.270000000000007,-0.46311794042348564,0,0,98.09,0
Nasarawa,2022,32,20.956000000000003,1.0371857158948619,1,0,145.5,0
Nasarawa,2022,33,-8.432000000000002,-0.5002430844582804,0,0,155.5,0
Nasarawa,2022,34,69.41,1.703714399193177,1,1,228.01,0
Nasarawa,2022,35,11.843999999999998,1.2874135118140222,0,0,242.94,0
Nasarawa,2022,36,-20.804,-1.261482211597436,0,0,208.37,0
Nasarawa,2022,37,-5.7719999999999985,-0.15844141432837858,0,0,221.24,0
Nasarawa,2022,38,6.753999999999998,0.6348441715267681,0,0,128.54,0
Nasarawa,2022,39,7.4659999999999975,0.8700578119035008,0,0,123.97,0
Nasarawa,2022,40,16.362000000000002,1.0796770706873282,1,0,156.76,0
Nasarawa,2022,41,7.11399999999999,0.25203155279740846,0,0,167.82,0
Nasarawa,2022,42,-22.418,-0.7436777973691845,0,0,139.10999999999999,0
Nasarawa,2022,43,-9.488000000000001,-0.5994310597740622,0,0,102.63999999999999,0
Nasarawa,2022,44,-9.548,-0.682827698636422,0,0,48.589999999999996,0
Nasarawa,2022,45,-7.448000000000001,-0.6681538762896349,0,0,3.23,0
Nasarawa,2022,46,-11.242,-0.4481101627077651,0,0,1.1500000000000001,0
Nasarawa,2022,47,-2.146,-0.7194305666738453,0,0,0.39,0
Nasarawa,2022,48,-0.8480000000000001,-0.447213595499958,0,0,0.21,0
Nasarawa,2022,49,-0.18,-0.6095569153307366,0,0,0.0,0
Nasarawa,2022,50,-0.03,-0.44721359549995787,0,0,0.0,0
Nasarawa,2022,51,-1.65,-0.4472135954999579,0,0,0.0,0
Nasarawa,2022,52,-3.04,-0.44721359549995804,0,0,0.0,0
Nasarawa,2023,1,-0.9899999999999999,-0.4099022214802472,0,0,0.0,0
Nasarawa,2023,2,-1.4919999999999998,-0.4472135954999579,0,0,0.0,0
Nasarawa,2023,3,-0.272,-0.4472135954999579,0,0,0.0,0
Nasarawa,2023,4,-11.746000000000002,-0.4466431942792074,0,0,0.02,0
Nasarawa,2023,5,1.5260000000000002,1.6544690971336997,0,0,2.1300000000000003,0
Nasarawa,2023,6,1.85,1.5026007952819198,0,0,5.0200000000000005,0
Nasarawa,2023,7,-0.002,-0.4472135954999579,0,0,5.0200000000000005,0
Nasarawa,2023,8,3.396,1.6674869457310364,0,0,9.91,0
Nasarawa,2023,9,8.836,1.382674199591345,0,0,22.869999999999997,0
Nasarawa,2023,10,-4.462,-0.3222527033831008,0,0,25.04,0
Nasarawa,2023,11,-8.612,-0.36473005158043015,0,0,29.03,0
Nasarawa,2023,12,2.280000000000001,0.24714122191699436,0,0,35.28,0
Nasarawa,2023,13,-4.316,-0.40017218889430156,0,0,21.33,0
Nasarawa,2023,14,-11.320000000000002,-0.7436319032185843,0,0,19.529999999999998,0
Nasarawa,2023,15,-14.017999999999997,-0.6856391670203429,0,0,20.57,0
Nasarawa,2023,16,-7.126000000000003,-0.2320124586199436,0,0,20.279999999999998,0
Nasarawa,2023,17,-32.55,-0.46990652276085887,0,0,34.91,0
Nasarawa,2023,18,-19.900000000000006,-0.5914274327719445,0,0,45.16,0
Nasarawa,2023,19,-7.399999999999999,-0.26947435215533244,0,0,58.8,0
Nasarawa,2023,20,-20.184000000000005,-0.2044226220905708,0,0,90.22999999999999,0
Nasarawa,2023,21,-50.138,-0.465949681911977,0,0,86.83,0
Nasarawa,2023,22,-24.900000000000006,-0.8832999782821639,0,0,85.67999999999999,0
Nasarawa,2023,23,-8.628,-0.1520090011511369,0,0,118.17999999999999,0
Nasarawa,2023,24,-1.9079999999999977,-0.1804914383680095,0,0,98.92999999999999,0
Nasarawa,2023,25,-30.532000000000004,-0.5731338834813161,0,0,121.98,0
Nasarawa,2023,26,-13.263999999999996,-0.344027444333693,0,0,144.66,0
Nasarawa,2023,27,-2.801999999999996,-0.10859253705902512,0,0,122.08999999999999,0
Nasarawa,2023,28,7.030000000000001,0.7175630845345595,0,0,126.96,0
Nasarawa,2023,29,-116.154,-0.59663716414349,0,0,110.81,0
Nasarawa,2023,30,-34.199999999999996,-0.8068801289713924,0,0,90.66000000000001,0
Nasarawa,2023,31,-40.53000000000001,-0.7733897867887874,0,0,72.67,0
Nasarawa,2023,32,-13.503999999999994,-0.6683601788244039,0,0,66.3,0
Nasarawa,2023,33,22.287999999999997,1.322274414896365,0,0,99.41,0
Nasarawa,2023,34,-2.509999999999998,-0.06160961161179759,0,0,136.09,0
Nasarawa,2023,35,-3.0159999999999982,-0.32783174194791365,0,0,152.42,0
Nasarawa,2023,36,4.225999999999999,0.2562499435786754,0,0,177.33999999999997,0
Nasarawa,2023,37,-17.271999999999995,-0.4741164428759103,0,0,147.99,0
Nasarawa,2023,38,-7.716000000000001,-0.7252676380664117,0,0,112.74000000000001,0
Nasarawa,2023,39,-12.884,-1.5014498859583054,0,0,102.68,0
Nasarawa,2023,40,-18.037999999999997,-1.1902710549479294,0,0,76.03999999999999,0
Nasarawa,2023,41,45.524,1.6128035436532526,1,0,137.01,0
Nasarawa,2023,42,50.751999999999995,1.6836085097725422,1,0,195.94,0
Nasarawa,2023,43,-9.938,-0.627861074202638,0,0,179.37,0
Nasarawa,2023,44,6.4719999999999995,0.46284676011467557,0,0,175.74,0
Nasarawa,2023,45,-5.308000000000002,-0.4761762587735476,0,0,94.11000000000001,0
Nasarawa,2023,46,-11.172,-0.4453199375352385,0,0,18.930000000000014,0
Nasarawa,2023,47,3.944,1.3221967171303104,0,0,24.710000000000015,0
Nasarawa,2023,48,-0.8480000000000001,-0.447213595499958,0,0,8.510000000000014,0
Nasarawa,2023,49,-0.18,-0.6095569153307366,0,0,6.160000000000014,0
Nasarawa,2023,50,-0.03,-0.44721359549995787,0,0,6.090000000000014,0
Nasarawa,2023,51,-1.65,-0.4472135954999579,0,0,0.0,0
Nasarawa,2023,52,-3.04,-0.44721359549995804,0,0,0.0,0
Nasarawa,2024,1,-0.9899999999999999,-0.4099022214802472,0,0,0.0,0
Nasarawa,2024,2,-1.4919999999999998,-0.4472135954999579,0,0,0.0,0
Nasarawa,2024,3,-0.272,-0.4472135954999579,0,0,0.0,0
Nasarawa,2024,4,-11.766000000000002,-0.4474036969086629,0,0,0.0,0
Nasarawa,2024,5,-0.5840000000000001,-0.6331651066357016,0,0,0.0,0
Nasarawa,2024,6,-1.04,-0.8447053119422685,0,0,0.0,0
Nasarawa,2024,7,-0.002,-0.4472135954999579,0,0,0.0,0
Nasarawa,2024,8,0.3959999999999999,0.19444194066828335,0,0,1.9100000000000141,0
Nasarawa,2024,9,-6.234,-0.9755082571584931,0,0,1.9100000000000141,0
Nasarawa,2024,10,-9.522,-0.6876939134051739,0,0,1.9100000000000141,0
Nasarawa,2024,11,42.087999999999994,1.782484720264415,1,0,56.60000000000001,0
Nasarawa,2024,12,-8.76,-0.9495425894705568,0,0,54.81000000000001,0
Nasarawa,2024,13,-5.146,-0.47712837906628264,0,0,55.10000000000001,0
Nasarawa,2024,14,-12.470000000000002,-0.8191775470967975,0,0,57.210000000000015,0
Nasarawa,2024,15,-12.527999999999999,-0.61276127011206,0,0,9.040000000000013,0
Nasarawa,2024,16,-15.446000000000002,-0.5028998646987999,0,0,11.470000000000015,0
Nasarawa,2024,17,3.1400000000000006,0.04533046026018732,0,0,62.62000000000001,0
Nasarawa,2024,18,53.32999999999999,1.5849660798858185,1,1,147.25,0
Nasarawa,2024,19,-13.55,-0.4934293880682102,0,0,153.25,0
Nasarawa,2024,20,-57.524,-0.5826004217765554,0,0,155.66000000000003,0
Nasarawa,2024,21,-33.318,-0.30963563568437613,0,0,133.39000000000001,0
Nasarawa,2024,22,-29.030000000000005,-1.0298071634349886,0,0,54.88000000000002,0
Nasarawa,2024,23,-41.968,-0.7393965878895357,0,0,60.19000000000001,0
Nasarawa,2024,24,-10.847999999999999,-1.0261903162558539,0,0,69.34000000000002,0
Nasarawa,2024,25,-40.732,-0.7646040004572568,0,0,65.37000000000002,0
Nasarawa,2024,26,-28.773999999999994,-0.7463092342624912,0,0,76.67000000000002,0
Nasarawa,2024,27,-14.651999999999997,-0.5678436306170014,0,0,75.59000000000002,0
Nasarawa,2024,28,-7.860000000000001,-0.802282481428398,0,0,74.51000000000002,0
Nasarawa,2024,29,332.616,1.7085168568344702,1,1,517.33,0
Nasarawa,2024,30,69.77000000000001,1.6460826490740952,1,1,616.66,0
Nasarawa,2024,31,-3.5700000000000074,-0.0681224164528985,0,0,647.48,0
Nasarawa,2024,32,-27.403999999999996,-1.3563197823240498,0,0,642.1,0
Nasarawa,2024,33,-18.902,-1.1213940681250492,0,0,185.25,0
Nasarawa,2024,34,-7.729999999999997,-0.18973796723473926,0,0,112.74000000000001,0
Nasarawa,2024,35,-3.216000000000001,-0.34957124738212575,0,0,91.91000000000001,0
Nasarawa,2024,36,23.935999999999993,1.4513957996921851,1,0,150.44,0
Nasarawa,2024,37,-22.662,-0.6220719562560145,0,0,156.89000000000001,0
Nasarawa,2024,38,-12.056000000000001,-1.1332071856569024,0,0,122.51999999999998,0
Nasarawa,2024,39,2.7360000000000007,0.31884250915724344,0,0,128.27999999999997,0
Nasarawa,2024,40,-4.857999999999997,-0.32056418588186264,0,0,95.10999999999999,0
Nasarawa,2024,41,-22.186000000000003,-0.7859955060954895,0,0,93.75999999999999,0
Nasarawa,2024,42,-13.608,-0.45142151247211454,0,0,92.67,0
Nasarawa,2024,43,0.4419999999999984,0.02792459194984554,0,0,70.86,0
Nasarawa,2024,44,-9.708,-0.6942701401720135,0,0,37.87,0
Nasarawa,2024,45,-7.658000000000001,-0.6869928013729892,0,0,21.6,0
Nasarawa,2024,46,-11.242,-0.4481101627077651,0,0,10.709999999999999,0
Nasarawa,2024,47,-2.146,-0.7194305666738453,0,0,0.02,0
Nasarawa,2024,48,-0.8480000000000001,-0.447213595499958,0,0,0.0,0
Nasarawa,2024,49,-0.18,-0.6095569153307366,0,0,0.0,0
Nasarawa,2024,50,-0.03,-0.44721359549995787,0,0,0.0,0
Nasarawa,2024,51,-1.65,-0.4472135954999579,0,0,0.0,0
Nasarawa,2024,52,-3.04,-0.44721359549995804,0,0,0.0,0
Nasarawa,2025,1,-0.9899999999999999,-0.4099022214802472,0,0,0.0,0
Nasarawa,2025,2,-1.4919999999999998,-0.4472135954999579,0,0,0.0,0
Nasarawa,2025,3,-0.272,-0.4472135954999579,0,0,0.0,0
Nasarawa,2025,4,-11.766000000000002,-0.4474036969086629,0,0,0.0,0
Nasarawa,2025,5,-0.5840000000000001,-0.6331651066357016,0,0,0.0,0
Nasarawa,2025,6,-1.04,-0.8447053119422685,0,0,0.0,0
Nasarawa,2025,7,-0.002,-0.4472135954999579,0,0,0.0,0
Nasarawa,2025,8,-1.054,-0.5175298117787139,0,0,0.4599999999999999,0
Nasarawa,2025,9,1.0060000000000002,0.1574208063364524,0,0,7.7,0
Nasarawa,2025,10,-9.452,-0.682638402594592,0,0,7.7700000000000005,0
Nasarawa,2025,11,-12.502,-0.5294769048837131,0,0,7.87,0
Nasarawa,2025,12,-8.59,-0.9311153930995528,0,0,7.7,0
Nasarawa,2025,13,-4.3759999999999994,-0.40573528697902306,0,0,1.52,0
Nasarawa,2025,14,-9.450000000000003,-0.6207881170861858,0,0,6.58,0
Nasarawa,2025,15,-11.477999999999998,-0.5614043628948135,0,0,14.05,0
Nasarawa,2025,16,-17.916000000000004,-0.5833195633784604,0,0,13.839999999999998,0
Nasarawa,2025,17,-41.98,-0.6060422680645424,0,0,19.1,0
Nasarawa,2025,18,-19.860000000000003,-0.5902386339121014,0,0,27.520000000000003,0
Nasarawa,2025,19,-24.42,-0.8892653621125972,0,0,21.6,0
Nasarawa,2025,20,-54.044000000000004,-0.5473551421057673,0,0,29.96,0
Nasarawa,2025,21,-58.238,-0.5412257683830571,0,0,27.89,0
Nasarawa,2025,22,4.439999999999998,0.15750409251296404,0,0,56.040000000000006,0
Nasarawa,2025,23,-23.508000000000003,-0.4141663883937096,0,0,90.68,0
Nasarawa,2025,24,13.282000000000004,1.256439876521963,0,0,120.48000000000002,0
Nasarawa,2025,25,-33.952,-0.6373326874085433,0,0,148.21,0
Nasarawa,2025,26,4.996000000000002,0.12958090409311906,1,0,159.81,0
Nasarawa,2025,27,44.998000000000005,1.7439139837908706,1,0,199.92000000000002,0
Nasarawa,2025,28,2.34,0.2388474563031108,0,0,184.91,0
Nasarawa,2025,29,-109.054,-0.560167271884775,0,0,179.28000000000003,0
Nasarawa,2025,30,-3.8399999999999963,-0.09059706711257731,0,0,171.23000000000002,0
Nasarawa,2025,31,-22.40000000000001,-0.4274347699005389,0,0,123.57,0
Nasarawa,2025,32,4.436000000000007,0.2195531511600312,0,0,139.82999999999998,0
Nasarawa,2025,33,12.488,0.7408723480449483,0,0,156.04000000000002,0
Nasarawa,2025,34,-31.13,-0.7641064579582711,0,0,133.74,0
Nasarawa,2025,35,-11.835999999999999,-1.2865439315966538,0,0,123.12,0
Nasarawa,2025,36,0.6360000000000028,0.038564828233799885,0,0,126.51,0
Nasarawa,2025,37,-18.491999999999994,-0.5076054459044311,0,0,105.74000000000001,0
Nasarawa,2025,38,14.174,1.3322892045040589,0,0,121.0,0
Nasarawa,2025,39,6.895999999999997,0.8036322891624084,0,0,139.54,0
Nasarawa,2025,40,15.112000000000002,0.9971934905406982,0,0,149.64,0
Nasarawa,2025,41,-22.576,-0.7998122485176133,0,0,143.73,0
Nasarawa,2025,42,-18.828000000000003,-0.6245858492669734,0,0,111.19,0
Nasarawa,2025,43,-8.298000000000002,-0.5242494660629393,0,0,76.48,0
Nasarawa,2025,44,-8.988,-0.6427791532618518,0,0,24.240000000000002,0
Nasarawa,2025,45,1.6519999999999992,0.14819954398905424,0,0,17.67,0
Nasarawa,2025,46,-11.222000000000001,-0.4473129555156147,0,0,12.02,0
Nasarawa,2025,47,-2.146,-0.7194305666738453,0,0,10.07,0
Nasarawa,2025,48,-0.8480000000000001,-0.447213595499958,0,0,9.33,0
Nasarawa,2025,49,0.04000000000000001,0.13545709229571928,0,0,0.24,0
Nasarawa,2025,50,0.12,1.7888543819998315,0,0,0.37,0
Nasarawa,2025,51,-1.65,-0.4472135954999579,0,0,0.37,0
Nasarawa,2025,52,-3.04,-0.44721359549995804,0,0,0.37,0
Nasarawa,2026,1,-0.9899999999999999,-0.4099022214802472,0,0,0.15,0
Niger,2020,53,0.0,0,0,0,0.04,0
Niger,2021,1,-10.910000000000002,-0.408248290463863,0,0,0.04,0
Niger,2021,2,-0.908,-0.44721359549995804,0,0,0.04,0
Niger,2021,3,-0.002,-0.4472135954999579,0,0,0.04,0
Niger,2021,4,-0.013999999999999999,-0.5368754921931593,0,0,0.0,0
Niger,2021,5,0.0,0,0,0,0.0,0
Niger,2021,6,0.0,0,0,0,0.0,0
Niger,2021,7,0.0,0,0,0,0.0,0
Niger,2021,8,-0.186,-0.6605886742664622,0,0,0.0,0
Niger,2021,9,-8.046000000000001,-0.7130749143671475,0,0,0.0,0
Niger,2021,10,17.382,1.4723712327978562,0,0,28.69,0
Niger,2021,11,-23.454000000000008,-0.7392859855164183,0,0,38.02,0
Niger,2021,12,-8.328,-0.692913674806955,0,0,38.88,0
Niger,2021,13,-34.864,-0.5440188265442415,0,0,38.88,0
Niger,2021,14,-8.281999999999998,-0.3351923453131998,0,0,20.04,0
Niger,2021,15,-1.81,-0.5452623521402057,0,0,14.36,0
Niger,2021,16,-21.057999999999996,-0.6238495246916517,0,0,17.939999999999998,0
Niger,2021,17,-13.944,-1.200281692706458,0,0,20.11,0
Niger,2021,18,-5.878000000000004,-0.40496884816665274,0,0,29.25,0
Niger,2021,19,15.642000000000003,0.567577686219249,0,0,82.13,0
Niger,2021,20,-38.47200000000001,-0.6209597656966619,0,0,106.24000000000001,0
Niger,2021,21,-3.7620000000000005,-0.1945544605005085,0,0,136.15,0
Niger,2021,22,54.396,1.0870708336381631,1,1,244.92000000000002,0
Niger,2021,23,-44.55,-1.075308390144903,0,0,206.47,0
Niger,2021,24,-35.302,-0.409769511980716,0,0,220.46,0
Niger,2021,25,66.11599999999999,1.3361610607982441,1,1,312.74,0
Niger,2021,26,6.7520000000000024,0.4617897682086677,0,0,226.01000000000002,0
Niger,2021,27,-22.079999999999995,-0.5924089317739549,0,0,225.56,0
Niger,2021,28,13.183999999999997,0.542694956531814,0,0,252.63,0
Niger,2021,29,-8.252000000000002,-0.255375319475841,0,0,167.0,0
Niger,2021,30,35.25800000000001,1.6420282061856097,1,0,201.98,0
Niger,2021,31,103.85000000000001,1.7794707130408451,1,1,345.46000000000004,0
Niger,2021,32,25.363999999999997,0.6211514500885477,1,0,357.40999999999997,0
Niger,2021,33,48.708,1.6613541919040402,1,1,424.29,0
Niger,2021,34,31.212000000000003,1.2017383793861292,1,0,437.65999999999997,0
Niger,2021,35,-3.4480000000000004,-0.21250096377017547,0,0,321.59,0
Niger,2021,36,58.932,1.6200625870369665,1,1,360.09000000000003,0
Niger,2021,37,13.626000000000005,0.7434753316637301,0,0,316.90999999999997,0
Niger,2021,38,-1.5300000000000011,-0.09207893178298009,0,0,270.71999999999997,0
Niger,2021,39,-1.5399999999999991,-0.06238662623744695,0,0,271.98,0
Niger,2021,40,15.823999999999991,0.6961017752430834,0,0,219.63,0
Niger,2021,41,-2.655999999999999,-0.300561489762254,0,0,183.01999999999998,0
Niger,2021,42,13.088000000000001,1.3145103453830167,0,0,167.7,0
Niger,2021,43,6.013999999999999,0.5615526246749475,0,0,139.48000000000002,0
Niger,2021,44,43.682,1.7810038361161733,0,0,127.78,0
Niger,2021,45,385.602,1.7885687586796417,1,1,587.76,0
Niger,2021,46,20.566000000000003,1.7888468114817644,0,0,585.62,0
Niger,2021,47,-1.266,-0.4402544920411931,0,0,567.57,0
Niger,2021,48,-0.04,-0.6488856845230501,0,0,511.56,0
Niger,2021,49,-0.026000000000000002,-0.4472135954999579,0,0,25.76000000000006,0
Niger,2021,50,0.0,0,0,0,0.030000000000056842,0
Niger,2021,51,0.0,0,0,0,0.0,0
Niger,2021,52,0.0,0,0,0,0.0,0
Niger,2022,1,54.550000000000004,2.041241452319315,0,0,65.46000000000006,0
Niger,2022,2,3.632,1.7888543819998322,0,0,70.00000000000007,0
Niger,2022,3,0.008,1.7888543819998317,0,0,70.01000000000006,0
Niger,2022,4,-0.013999999999999999,-0.5368754921931593,0,0,70.01000000000006,0
Niger,2022,5,0.0,0,0,0,4.550000000000057,0
Niger,2022,6,0.0,0,0,0,0.010000000000056844,0
Niger,2022,7,0.0,0,0,0,0.0,0
Niger,2022,8,-0.146,-0.518526593779051,0,0,0.040000000000056844,0
Niger,2022,9,8.624,0.7643000325009048,0,0,16.710000000000058,0
Niger,2022,10,-10.308,-0.8731562920078415,0,0,17.710000000000058,0
Niger,2022,11,-32.17400000000001,-1.0141462990536898,0,0,18.320000000000057,0
Niger,2022,12,15.302,1.273170635434201,0,0,42.77000000000005,0
Niger,2022,13,113.61599999999999,1.7728672268428909,1,1,174.58000000000004,0
Niger,2022,14,43.298,1.752373601469564,0,0,235.01000000000005,0
Niger,2022,15,5.7299999999999995,1.7261620319134687,0,0,245.59000000000003,0
Niger,2022,16,57.522,1.7041063899379425,1,0,304.12000000000006,0
Niger,2022,17,17.246,1.4845136311256146,0,0,189.00000000000006,0
Niger,2022,18,-4.638000000000002,-0.3195381962907341,0,0,147.80000000000004,0
Niger,2022,19,29.541999999999994,1.071946043107598,0,0,207.04000000000005,0
Niger,2022,20,90.08800000000001,1.4540711003348115,1,1,281.13000000000005,0
Niger,2022,21,29.988,1.5508503884873068,0,0,313.6,0
Niger,2022,22,-28.254000000000005,-0.564638931789335,0,0,338.4800000000001,0
Niger,2022,23,30.040000000000006,0.7250788785623545,1,0,360.7200000000001,0
Niger,2022,24,-41.112,-0.47720934158266376,0,0,240.34000000000006,0
Niger,2022,25,37.236,0.7525151742374527,1,0,269.99,0
Niger,2022,26,-6.727999999999998,-0.4601483353832811,0,0,252.43000000000006,0
Niger,2022,27,-24.289999999999992,-0.6517034851806778,0,0,175.18000000000004,0
Niger,2022,28,-32.386,-1.333109743798493,0,0,162.49000000000004,0
Niger,2022,29,-21.352,-0.6607820917896456,0,0,92.64000000000006,0
Niger,2022,30,-0.3819999999999908,-0.017790424152331036,0,0,105.46000000000006,0
Niger,2022,31,-29.420000000000005,-0.5041119728229337,0,0,117.88000000000007,0
Niger,2022,32,-15.956000000000003,-0.39075431862533,0,0,134.08000000000004,0
Niger,2022,33,-24.461999999999996,-0.8343608081291909,0,0,140.89000000000007,0
Niger,2022,34,19.64200000000001,0.7562650662534397,1,0,178.33000000000007,0
Niger,2022,35,-2.7079999999999984,-0.166894608436669,0,0,196.27000000000007,0
Niger,2022,36,-3.0379999999999967,-0.0835157493283496,0,0,214.1200000000001,0
Niger,2022,37,-1.9939999999999927,-0.10879860643897489,0,0,228.49000000000007,0
Niger,2022,38,-6.289999999999999,-0.3785467195522511,0,0,189.11000000000007,0
Niger,2022,39,41.28000000000001,1.672285669533644,1,0,232.45000000000007,0
Niger,2022,40,23.594,1.0379060468329955,1,0,249.8400000000001,0
Niger,2022,41,8.764000000000003,0.9917623856462334,0,0,240.27000000000007,0
Niger,2022,42,-14.722,-1.478623265948103,0,0,201.90000000000006,0
Niger,2022,43,-10.456,-0.9763209583640259,0,0,114.39000000000006,0
Niger,2022,44,-12.328,-0.5026375919518379,0,0,38.91000000000006,0
Niger,2022,45,-99.83800000000001,-0.4630866222920475,0,0,2.030000000000057,0
Niger,2022,46,-5.164,-0.4491687705189064,0,0,1.970000000000057,0
Niger,2022,47,-1.296,-0.45068706294264316,0,0,0.36000000000005683,0
Niger,2022,48,0.1,1.6222142113076252,0,0,0.5000000000000568,0
Niger,2022,49,-0.026000000000000002,-0.4472135954999579,0,0,0.14000000000005686,0
Niger,2022,50,0.0,0,0,0,0.14000000000005686,0
Niger,2022,51,0.0,0,0,0,0.14000000000005686,0
Niger,2022,52,0.0,0,0,0,0.0,0
Niger,2023,1,-10.910000000000002,-0.408248290463863,0,0,0.0,0
Niger,2023,2,-0.908,-0.44721359549995804,0,0,0.0,0
Niger,2023,3,-0.002,-0.4472135954999579,0,0,0.0,0
Niger,2023,4,0.046,1.7640194743489521,0,0,0.06000000000005684,0
Niger,2023,5,0.0,0,0,0,0.06000000000005684,0
Niger,2023,6,0.0,0,0,0,0.06000000000005684,0
Niger,2023,7,0.0,0,0,0,0.06000000000005684,0
Niger,2023,8,-0.186,-0.6605886742664622,0,0,0.0,0
Niger,2023,9,15.513999999999998,1.3749247106005373,0,0,23.560000000000056,0
Niger,2023,10,4.5920000000000005,0.3889730008634079,0,0,39.46000000000006,0
Niger,2023,11,35.676,1.1245317139628095,0,0,107.92000000000007,0
Niger,2023,12,10.792000000000002,0.8979255978045941,0,0,127.90000000000008,0
Niger,2023,13,-14.003999999999994,-0.2185188058434361,0,0,125.20000000000007,0
Niger,2023,14,-12.721999999999998,-0.5148897629889553,0,0,114.71000000000008,0
Niger,2023,15,-2.45,-0.7380622998582895,0,0,49.260000000000076,0
Niger,2023,16,-14.237999999999998,-0.421804992523494,0,0,40.54000000000008,0
Niger,2023,17,0.036000000000001364,0.0030988339742852927,0,0,35.83000000000007,0
Niger,2023,18,-1.4780000000000015,-0.10182782538113525,0,0,53.81000000000007,0
Niger,2023,19,-19.368,-0.7027774342599675,0,0,72.32000000000008,0
Niger,2023,20,-27.802000000000007,-0.4487399512866135,0,0,100.28000000000007,0
Niger,2023,21,1.5679999999999978,0.08109021639149307,0,0,121.54000000000008,0
Niger,2023,22,-55.354,-1.1062158784691316,0,0,116.16000000000007,0
Niger,2023,23,2.9000000000000057,0.06999762809024074,0,0,160.17000000000007,0
Niger,2023,24,-32.382,-0.37587548402242205,0,0,166.41000000000008,0
Niger,2023,25,-18.064000000000007,-0.3650616099319302,0,0,169.18000000000006,0
Niger,2023,26,-20.028,-1.369775692784833,0,0,165.42000000000007,0
Niger,2023,27,8.120000000000005,0.2178605310690452,0,0,147.72000000000008,0
Niger,2023,28,-3.636000000000003,-0.14966920979594034,0,0,155.05000000000007,0
Niger,2023,29,-5.7819999999999965,-0.17893602729148222,0,0,156.07000000000008,0
Niger,2023,30,-18.171999999999997,-0.8463025855920611,0,0,164.40000000000006,0
Niger,2023,31,-18.10000000000001,-0.310143667848236,0,0,155.73000000000008,0
Niger,2023,32,57.57399999999999,1.4099579556614905,1,1,216.71000000000006,0
Niger,2023,33,-0.5720000000000027,-0.01951003116057148,0,0,231.84000000000003,0
Niger,2023,34,-21.10799999999999,-0.8127096537255671,0,0,246.32000000000005,0
Niger,2023,35,3.8220000000000027,0.23555066227656934,0,0,259.4700000000001,0
Niger,2023,36,-7.4879999999999995,-0.2058479035453201,0,0,199.34000000000006,0
Niger,2023,37,-18.653999999999996,-1.0178180564255992,0,0,173.16000000000005,0
Niger,2023,38,-23.189999999999998,-1.3956277307498735,0,0,157.63000000000008,0
Niger,2023,39,-24.909999999999997,-1.0091239347888339,0,0,128.25000000000006,0
Niger,2023,40,-30.246000000000002,-1.3305292147372545,0,0,96.25000000000006,0
Niger,2023,41,-13.905999999999999,-1.5736476192145727,0,0,80.67000000000004,0
Niger,2023,42,2.2880000000000003,0.22979826331267897,0,0,76.21000000000006,0
Niger,2023,43,-11.946,-1.1154485624155177,0,0,53.400000000000055,0
Niger,2023,44,-6.9479999999999995,-0.28328406788460164,0,0,37.14000000000006,0
Niger,2023,45,-94.64800000000001,-0.43901342802037013,0,0,28.120000000000058,0
Niger,2023,46,-5.154,-0.448298962675144,0,0,11.060000000000057,0
Niger,2023,47,5.144,1.7888381572353058,0,0,17.38000000000006,0
Niger,2023,48,-0.04,-0.6488856845230501,0,0,12.000000000000057,0
Niger,2023,49,-0.026000000000000002,-0.4472135954999579,0,0,6.450000000000057,0
Niger,2023,50,0.0,0,0,0,6.440000000000057,0
Niger,2023,51,0.0,0,0,0,0.0,0
Niger,2023,52,0.0,0,0,0,0.0,0
Niger,2024,1,-10.910000000000002,-0.408248290463863,0,0,0.0,0
Niger,2024,2,-0.908,-0.44721359549995804,0,0,0.0,0
Niger,2024,3,-0.002,-0.4472135954999579,0,0,0.0,0
Niger,2024,4,-0.003999999999999998,-0.15339299776947404,0,0,0.010000000000056844,0
Niger,2024,5,0.0,0,0,0,0.010000000000056844,0
Niger,2024,6,0.0,0,0,0,0.010000000000056844,0
Niger,2024,7,0.0,0,0,0,0.010000000000056844,0
Niger,2024,8,0.04400000000000001,0.15626828853615238,0,0,0.23000000000005685,0
Niger,2024,9,-8.046000000000001,-0.7130749143671475,0,0,0.23000000000005685,0
Niger,2024,10,-11.308,-0.957862955958932,0,0,0.23000000000005685,0
Niger,2024,11,31.98599999999999,1.008220411559996,0,0,65.00000000000006,0
Niger,2024,12,-8.977999999999998,-0.7469955538444814,0,0,64.98000000000005,0
Niger,2024,13,-34.794,-0.5429265445955811,0,0,65.05000000000005,0
Niger,2024,14,-4.501999999999997,-0.18220670594059704,0,0,78.68000000000005,0
Niger,2024,15,-1.3999999999999995,-0.4217498856333081,0,0,17.970000000000056,0
Niger,2024,16,2.2220000000000013,0.06582741209349659,0,0,45.480000000000054,0
Niger,2024,17,2.936,0.25272712634725764,0,0,64.46000000000005,0
Niger,2024,18,24.872,1.7135735269821335,0,0,100.57000000000006,0
Niger,2024,19,11.712000000000003,0.42497569754506104,0,0,149.11000000000007,0
Niger,2024,20,-60.392,-0.9747609214481389,0,0,128.02000000000007,0
Niger,2024,21,-4.061999999999998,-0.21006917026928895,0,0,140.75000000000006,0
Niger,2024,22,51.806,1.0353112656713486,1,1,216.18000000000006,0
Niger,2024,23,49.980000000000004,1.206372914465595,1,1,276.19000000000005,0
Niger,2024,24,153.858,1.785913477262733,1,1,501.26000000000005,0
Niger,2024,25,-48.67400000000001,-0.9836696635200822,0,0,479.05,0
Niger,2024,26,19.032000000000004,1.3016562305313035,0,0,407.19,0
Niger,2024,27,-23.779999999999994,-0.6380201267022033,0,0,310.51000000000005,0
Niger,2024,28,32.20399999999999,1.325618050678894,1,0,167.44000000000005,0
Niger,2024,29,56.378,1.744734580878449,1,1,261.2300000000001,0
Niger,2024,30,-16.451999999999995,-0.7661991051155946,0,0,232.22000000000006,0
Niger,2024,31,-33.60000000000001,-0.5757363115856755,0,0,239.95000000000005,0
Niger,2024,32,-43.82600000000001,-1.0732764331958957,0,0,163.69000000000005,0
Niger,2024,33,-21.502000000000002,-0.7333998077178426,0,0,95.73000000000005,0
Niger,2024,34,0.132000000000005,0.005082323019318693,0,0,129.73000000000005,0
Niger,2024,35,23.712000000000003,1.4613755373893274,1,0,178.27000000000007,0
Niger,2024,36,-7.128,-0.1959513697210259,0,0,219.90000000000006,0
Niger,2024,37,23.276000000000003,1.2700082063558622,1,0,256.58000000000004,0
Niger,2024,38,10.82,0.6511725763998979,0,0,253.82000000000008,0
Niger,2024,39,-7.899999999999999,-0.32003529043885137,0,0,221.56000000000006,0
Niger,2024,40,7.723999999999997,0.33978071991769315,0,0,227.17000000000004,0
Niger,2024,41,2.3640000000000008,0.2675178320022473,0,0,185.93000000000004,0
Niger,2024,42,-1.5619999999999994,-0.15688150668461728,0,0,143.61000000000004,0
Niger,2024,43,3.934000000000001,0.3673342243883014,0,0,119.67000000000004,0
Niger,2024,44,-12.308,-0.5018221513419225,0,0,60.08000000000006,0
Niger,2024,45,-100.19800000000001,-0.46475643923574766,0,0,29.24000000000006,0
Niger,2024,46,-5.164,-0.4491687705189064,0,0,16.02000000000006,0
Niger,2024,47,-1.296,-0.45068706294264316,0,0,0.020000000000060397,0
Niger,2024,48,-0.04,-0.6488856845230501,0,0,0.0,0
Niger,2024,49,-0.026000000000000002,-0.4472135954999579,0,0,0.0,0
Niger,2024,50,0.0,0,0,0,0.0,0
Niger,2024,51,0.0,0,0,0,0.0,0
Niger,2024,52,0.0,0,0,0,0.0,0
Niger,2025,1,-10.910000000000002,-0.408248290463863,0,0,0.0,0
Niger,2025,2,-0.908,-0.44721359549995804,0,0,0.0,0
Niger,2025,3,-0.002,-0.4472135954999579,0,0,0.0,0
Niger,2025,4,-0.013999999999999999,-0.5368754921931593,0,0,0.0,0
Niger,2025,5,0.0,0,0,0,0.0,0
Niger,2025,6,0.0,0,0,0,0.0,0
Niger,2025,7,0.0,0,0,0,0.0,0
Niger,2025,8,0.47400000000000003,1.683435653775823,0,0,0.6600000000000604,0
Niger,2025,9,-8.046000000000001,-0.7130749143671475,0,0,0.6600000000000604,0
Niger,2025,10,-0.35800000000000054,-0.030324985694490467,0,0,11.61000000000006,0
Niger,2025,11,-12.034000000000006,-0.37931984095269805,0,0,32.360000000000056,0
Niger,2025,12,-8.787999999999998,-0.7311870045873583,0,0,32.10000000000006,0
Niger,2025,13,-29.953999999999997,-0.46740304985963205,0,0,37.01000000000006,0
Niger,2025,14,-17.791999999999998,-0.7200847872268112,0,0,26.400000000000063,0
Niger,2025,15,-0.07000000000000028,-0.021087494281665498,0,0,11.04000000000006,0
Niger,2025,16,-24.447999999999997,-0.7242792848162931,0,0,11.69000000000006,0
Niger,2025,17,-6.274000000000001,-0.5400578987406998,0,0,16.62000000000006,0
Niger,2025,18,-12.878000000000002,-0.887238657143612,0,0,28.27000000000006,0
Niger,2025,19,-37.528,-1.3617219926119404,0,0,26.24000000000006,0
Niger,2025,20,36.57799999999999,0.5903895380966024,1,1,128.79000000000005,0
Niger,2025,21,-23.732,-1.2273169741090024,0,0,131.06000000000006,0
Niger,2025,22,-22.594,-0.4515272890510453,0,0,169.84000000000006,0
Niger,2025,23,-38.36999999999999,-0.9261410309732866,0,0,190.74000000000004,0
Niger,2025,24,-45.062,-0.5230591396769311,0,0,119.92000000000006,0
Niger,2025,25,-36.614000000000004,-0.7399449615836852,0,0,129.44000000000005,0
Niger,2025,26,0.9720000000000013,0.06647802942814357,0,0,113.92000000000004,0
Niger,2025,27,62.03,1.6642720125877914,1,0,191.40000000000006,0
Niger,2025,28,-9.366,-0.3855340536162751,0,0,205.68000000000006,0
Niger,2025,29,-20.992,-0.64964114232148,0,0,210.04000000000008,0
Niger,2025,30,-0.25199999999999534,-0.011736091325621586,0,0,215.29000000000008,0
Niger,2025,31,-22.730000000000004,-0.3894787607840001,0,0,148.08000000000004,0
Niger,2025,32,-23.156000000000006,-0.5670786539288131,0,0,134.06000000000006,0
Niger,2025,33,-2.172000000000004,-0.07408354489643555,0,0,162.80000000000007,0
Niger,2025,34,-29.877999999999993,-1.1503761149333191,0,0,150.59000000000006,0
Niger,2025,35,-21.378,-1.3175306274590517,0,0,143.17000000000004,0
Niger,2025,36,-41.278,-1.1347475644422709,0,0,129.98000000000008,0
Niger,2025,37,-16.253999999999998,-0.8868668751550172,0,0,107.80000000000005,0
Niger,2025,38,20.189999999999998,1.2150808056852067,0,0,144.42000000000004,0
Niger,2025,39,-6.93,-0.2807398180685114,0,0,158.22000000000006,0
Niger,2025,40,-16.896,-0.7432593272565182,0,0,173.36000000000007,0
Niger,2025,41,5.434000000000005,0.6149288913283473,0,0,174.72000000000006,0
Niger,2025,42,0.9079999999999995,0.09119616393702464,0,0,125.50000000000006,0
Niger,2025,43,12.454,1.1628826717162948,0,0,109.11000000000007,0
Niger,2025,44,-12.097999999999999,-0.493260024937811,0,0,74.35000000000005,0
Niger,2025,45,-90.918,-0.42171226913147675,0,0,49.720000000000056,0
Niger,2025,46,-5.084,-0.44221030776880715,0,0,34.110000000000056,0
Niger,2025,47,-1.286,-0.44720953930882645,0,0,9.600000000000056,0
Niger,2025,48,0.019999999999999997,0.324442842261525,0,0,9.430000000000057,0
Niger,2025,49,0.10400000000000001,1.7888543819998317,0,0,0.28000000000005687,0
Niger,2025,50,0.0,0,0,0,0.20000000000005683,0
Niger,2025,51,0.0,0,0,0,0.19000000000005685,0
Niger,2025,52,0.0,0,0,0,0.13000000000005685,0
Niger,2026,1,-10.910000000000002,-0.408248290463863,0,0,0.0,0
Ogun,2020,53,0.0,0,0,0,1.71,0
Ogun,2021,1,0.2033333333333336,0.04912352315704971,0,0,4.3100000000000005,0
Ogun,2021,2,-0.18799999999999997,-0.3403753478945775,0,0,4.46,0
Ogun,2021,3,-0.07,-0.3030615416575733,0,0,4.66,0
Ogun,2021,4,0.17999999999999972,0.038417756180111756,0,0,7.46,0
Ogun,2021,5,1.362,0.4687900191362138,0,0,8.53,0
Ogun,2021,6,0.21999999999999997,0.1936129182848763,0,0,9.899999999999999,0
Ogun,2021,7,3.1159999999999997,1.7015817790103622,0,0,14.25,0
Ogun,2021,8,-12.504,-0.6821361522331718,0,0,10.620000000000001,0
Ogun,2021,9,-13.396,-1.023530210934579,0,0,8.25,0
Ogun,2021,10,6.352,0.4233165852102771,0,0,36.55,0
Ogun,2021,11,-10.909999999999998,-0.7422833654269709,0,0,40.28,0
Ogun,2021,12,22.3,1.4652648491898213,0,0,82.50999999999999,0
Ogun,2021,13,-9.920000000000002,-1.1259931895573214,0,0,82.56,0
Ogun,2021,14,-10.594000000000005,-0.3568021973569421,0,0,77.18,0
Ogun,2021,15,28.02600000000001,1.460796416682719,0,0,133.44,0
Ogun,2021,16,-8.322,-0.4427402406105023,0,0,110.74000000000001,0
Ogun,2021,17,-29.791999999999994,-1.5776525094167806,0,0,115.35000000000002,0
Ogun,2021,18,-1.0399999999999991,-0.11557906615806461,0,0,116.44000000000001,0
Ogun,2021,19,-4.954000000000001,-0.8228880533327957,0,0,64.92,0
Ogun,2021,20,-10.316,-1.2132119757540003,0,0,56.77,0
Ogun,2021,21,-13.670000000000002,-0.41882949651413715,0,0,74.64,0
Ogun,2021,22,23.628,1.5380655783243802,0,0,111.67,0
Ogun,2021,23,-43.82200000000001,-1.0168847927442464,0,0,123.72,0
Ogun,2021,24,-20.117999999999995,-0.7789843221981272,0,0,164.43,0
Ogun,2021,25,-8.484000000000002,-0.42256161415621163,0,0,184.60000000000002,0
Ogun,2021,26,-16.218000000000004,-0.41719415028491974,0,0,167.18,0
Ogun,2021,27,-31.901999999999997,-1.590096346122278,0,0,163.81,0
Ogun,2021,28,112.41999999999999,1.7395554487874443,1,1,293.51,0
Ogun,2021,29,-18.479999999999997,-0.6081740091385254,0,0,267.51,0
Ogun,2021,30,-9.626000000000001,-0.43415453942088944,0,0,240.51,0
Ogun,2021,31,31.998,1.4361853165836387,0,0,277.75,0
Ogun,2021,32,6.359999999999999,0.32388430132405915,0,0,133.44,0
Ogun,2021,33,60.233999999999995,1.5968042205712931,1,1,219.07,0
Ogun,2021,34,36.866,1.0482571851721671,1,1,295.63,0
Ogun,2021,35,62.644000000000005,1.4323472459355167,1,1,360.05,0
Ogun,2021,36,-1.759999999999998,-0.05088226274471383,0,0,362.29,0
Ogun,2021,37,-21.08,-0.9148303477509311,0,0,307.38,0
Ogun,2021,38,22.37400000000001,1.1002319500246276,1,1,307.13,0
Ogun,2021,39,-5.256000000000007,-0.19084034719599954,0,0,237.46,0
Ogun,2021,40,-12.425999999999988,-0.5571989297893609,0,0,249.20000000000002,0
Ogun,2021,41,-12.299999999999997,-0.6290478460621186,0,0,236.57000000000002,0
Ogun,2021,42,-13.997999999999998,-0.5794885054534014,0,0,175.43,0
Ogun,2021,43,2.9080000000000013,0.18076704373342706,0,0,155.16000000000003,0
Ogun,2021,44,10.338000000000008,0.5950553469843992,0,0,149.66000000000003,0
Ogun,2021,45,59.467999999999996,1.6481367054956062,1,1,211.59,0
Ogun,2021,46,6.144,1.1766762235810857,0,0,192.4,0
Ogun,2021,47,-1.654,-0.12671880596873886,0,0,168.18,0
Ogun,2021,48,-9.632000000000001,-0.5874468583101743,0,0,121.75999999999999,0
Ogun,2021,49,-2.4699999999999998,-0.5350451769018265,0,0,23.86,0
Ogun,2021,50,-0.7179999999999997,-0.2086489163263783,0,0,11.04,0
Ogun,2021,51,-2.896,-0.4491497385406483,0,0,1.84,0
Ogun,2021,52,17.322,1.7886005220992376,0,0,23.17,0
Ogun,2022,1,8.213333333333333,1.9842682140814807,0,0,33.66,0
Ogun,2022,2,-0.10799999999999996,-0.19553477432241684,0,0,32.59,0
Ogun,2022,3,0.26,1.1256571547281293,0,0,33.120000000000005,0
Ogun,2022,4,8.02,1.7117244698027598,0,0,23.72,0
Ogun,2022,5,-2.308,-0.7943960089327322,0,0,13.11,0
Ogun,2022,6,0.29000000000000004,0.25521702864824614,0,0,14.469999999999999,0
Ogun,2022,7,-0.44399999999999995,-0.2424590211426832,0,0,14.93,0
Ogun,2022,8,-12.234,-0.6674067247617262,0,0,3.73,0
Ogun,2022,9,-3.836000000000002,-0.2930921087746377,0,0,14.59,0
Ogun,2022,10,-8.828,-0.5883247503520664,0,0,27.64,0
Ogun,2022,11,-8.549999999999997,-0.5817161113107792,0,0,37.29,0
Ogun,2022,12,-13.909999999999998,-0.913983589786117,0,0,43.04,0
Ogun,2022,13,12.53,1.4222474460839953,0,0,55.980000000000004,0
Ogun,2022,14,-20.364000000000004,-0.6858523642605973,0,0,56.010000000000005,0
Ogun,2022,15,-1.2639999999999958,-0.06588334655987119,0,0,80.62,0
Ogun,2022,16,32.358000000000004,1.7214838627342752,0,0,134.81,0
Ogun,2022,17,21.168000000000006,1.1209636251119237,0,0,167.93,0
Ogun,2022,18,-2.8500000000000014,-0.3167310947600813,0,0,176.98000000000002,0
Ogun,2022,19,-2.854000000000001,-0.474065907188494,0,0,156.85000000000002,0
Ogun,2022,20,12.744,1.4987566323195984,0,0,131.07999999999998,0
Ogun,2022,21,-20.27,-0.6210441766160614,0,0,91.39,0
Ogun,2022,22,-5.542000000000002,-0.36075670539502785,0,0,101.06,0
Ogun,2022,23,2.867999999999995,0.06655163127174692,0,0,157.7,0
Ogun,2022,24,32.742000000000004,1.2677952419430905,1,1,228.21,0
Ogun,2022,25,15.716000000000001,0.7827650080244014,0,0,279.18,0
Ogun,2022,26,-21.288000000000004,-0.5476155550169793,0,0,285.86,0
Ogun,2022,27,8.638000000000005,0.4305451770360556,0,0,276.34000000000003,0
Ogun,2022,28,-42.2,-0.652990926337219,0,0,198.56,0
Ogun,2022,29,28.54,0.9392470898708613,0,0,195.38,0
Ogun,2022,30,23.254,1.0488084001343614,0,0,206.32999999999998,0
Ogun,2022,31,-23.181999999999995,-1.0404915310032472,0,0,147.85,0
Ogun,2022,32,12.39,0.6309632851265871,0,0,164.19,0
Ogun,2022,33,-12.456,-0.3302087420964244,0,0,130.11,0
Ogun,2022,34,17.066000000000003,0.4852589682132102,1,0,153.99,0
Ogun,2022,35,-9.985999999999997,-0.2283286443699646,0,0,200.96,0
Ogun,2022,36,10.36,0.29951150115638403,0,0,209.29,0
Ogun,2022,37,34.47,1.4959298902739373,1,1,282.62,0
Ogun,2022,38,9.064000000000007,0.4457183514357391,1,0,288.86,0
Ogun,2022,39,46.85399999999999,1.701224053942418,1,1,343.92999999999995,0
Ogun,2022,40,-19.855999999999995,-0.8903703484546562,0,0,336.12,0
Ogun,2022,41,-4.670000000000002,-0.23883361309838178,0,0,275.57,0
Ogun,2022,42,37.492,1.5520919450249269,1,0,279.23,0
Ogun,2022,43,-14.382000000000001,-0.8940136255069282,0,0,189.56,0
Ogun,2022,44,-26.761999999999993,-1.5404208934026384,0,0,154.39,0
Ogun,2022,45,-27.642,-0.7660892381332742,0,0,121.58,0
Ogun,2022,46,-5.435999999999999,-1.0410826743793589,0,0,39.32,0
Ogun,2022,47,-6.793999999999999,-0.520512435158169,0,0,27.25,0
Ogun,2022,48,28.808000000000007,1.7569735355273568,0,0,56.370000000000005,0
Ogun,2022,49,-1.7399999999999998,-0.3769144161170762,0,0,46.31000000000001,0
Ogun,2022,50,-1.8279999999999998,-0.5312120042404174,0,0,43.96000000000001,0
Ogun,2022,51,-2.896,-0.4491497385406483,0,0,39.900000000000006,0
Ogun,2022,52,-4.428,-0.45721759103194926,0,0,1.04,0
Ogun,2023,1,-2.3966666666666665,-0.579013330326536,0,0,0.19,0
Ogun,2023,2,-0.33799999999999997,-0.6119514233423788,0,0,0.0,0
Ogun,2023,3,0.21999999999999997,0.9524791309238017,0,0,0.49,0
Ogun,2023,4,-1.9100000000000001,-0.4076550794667421,0,0,2.91,0
Ogun,2023,5,-1.1979999999999997,-0.4123424691080646,0,0,4.0200000000000005,0
Ogun,2023,6,-0.9500000000000001,-0.8360557835028751,0,0,4.37,0
Ogun,2023,7,-1.434,-0.783077108825693,0,0,3.88,0
Ogun,2023,8,-3.6340000000000003,-0.19824718307864256,0,0,11.21,0
Ogun,2023,9,5.904,0.451099012045219,0,0,30.700000000000003,0
Ogun,2023,10,-11.198,-0.7462687533351201,0,0,42.620000000000005,0
Ogun,2023,11,6.070000000000004,0.41298442054461204,0,0,67.88,0
Ogun,2023,12,5.02,0.32984885842748435,0,0,83.96000000000001,0
Ogun,2023,13,-3.130000000000001,-0.35527809307605,0,0,71.5,0
Ogun,2023,14,52.516000000000005,1.7687204263165153,1,0,146.78000000000003,0
Ogun,2023,15,-3.603999999999999,-0.1878509343368485,0,0,154.43,0
Ogun,2023,16,-0.3520000000000003,-0.01872681623346515,0,0,156.98000000000002,0
Ogun,2023,17,1.0480000000000018,0.05549744326895775,0,0,185.64,0
Ogun,2023,18,-3.1900000000000013,-0.35451655869637166,0,0,121.46999999999998,0
Ogun,2023,19,10.276,1.706903035132783,0,0,116.80999999999999,0
Ogun,2023,20,1.413999999999998,0.16629330493564887,0,0,112.41999999999999,0
Ogun,2023,21,-18.96,-0.5809076264746188,0,0,94.16,0
Ogun,2023,22,-10.442000000000004,-0.6797223958381235,0,0,99.27,0
Ogun,2023,23,69.17799999999998,1.6052680432764697,1,1,209.08999999999997,0
Ogun,2023,24,23.322000000000003,0.9030456487873909,1,1,281.51,0
Ogun,2023,25,20.106,1.0014172341141903,0,0,335.56,0
Ogun,2023,26,-25.848000000000006,-0.6649176468469975,0,0,342.58,0
Ogun,2023,27,-2.5319999999999965,-0.1262028696753057,0,0,255.57999999999998,0
Ogun,2023,28,-8.310000000000002,-0.128586601845078,0,0,221.10999999999996,0
Ogun,2023,29,36.26,1.1933111239915006,1,0,221.25999999999996,0
Ogun,2023,30,24.304,1.0961657932770927,0,0,237.81999999999996,0
Ogun,2023,31,11.518000000000004,0.516969262966759,0,0,225.20999999999995,0
Ogun,2023,32,-7.129999999999999,-0.363096708874299,0,0,188.14,0
Ogun,2023,33,6.6440000000000055,0.1761325371297885,0,0,165.44,0
Ogun,2023,34,-26.984,-0.7672698932535604,0,0,144.22,0
Ogun,2023,35,24.424000000000007,0.5584517134079731,1,0,190.89999999999998,0
Ogun,2023,36,51.69,1.4943773643603755,1,1,260.08,0
Ogun,2023,37,-20.949999999999996,-0.9091886046196397,0,0,258.88999999999993,0
Ogun,2023,38,-10.265999999999991,-0.5048261910678828,0,0,289.84999999999997,0
Ogun,2023,39,-20.176000000000002,-0.7325713175468953,0,0,243.47999999999996,0
Ogun,2023,40,26.224000000000004,1.1759202265247237,1,0,240.41999999999996,0
Ogun,2023,41,-13.07,-0.6684272640676335,0,0,226.88999999999996,0
Ogun,2023,42,-19.168,-0.7935159074532647,0,0,193.21999999999997,0
Ogun,2023,43,-18.631999999999998,-1.1582020491200864,0,0,166.32999999999998,0
Ogun,2023,44,16.308000000000007,0.938688585666626,0,0,128.14999999999998,0
Ogun,2023,45,-15.381999999999998,-0.4263072375720289,0,0,115.99999999999999,0
Ogun,2023,46,-4.165999999999999,-0.7978569575909508,0,0,91.66999999999999,0
Ogun,2023,47,22.875999999999998,1.7526114905325694,0,0,113.51999999999998,0
Ogun,2023,48,-7.112000000000002,-0.4337543663104194,0,0,63.64999999999997,0
Ogun,2023,49,-1.6199999999999999,-0.3509203184538296,0,0,41.44999999999997,0
Ogun,2023,50,-2.008,-0.5835195320102615,0,0,37.64999999999997,0
Ogun,2023,51,-2.896,-0.4491497385406483,0,0,3.9199999999999715,0
Ogun,2023,52,-4.418,-0.4561850309799349,0,0,0.9899999999999716,0
Ogun,2024,1,-1.5466666666666664,-0.3736608974569022,0,0,0.8699999999999717,0
Ogun,2024,2,0.9720000000000001,1.7598129689017523,0,0,2.1699999999999715,0
Ogun,2024,3,-0.14,-0.6061230833151466,0,0,2.299999999999972,0
Ogun,2024,4,-3.0300000000000002,-0.646698895698549,0,0,3.589999999999972,0
Ogun,2024,5,-2.308,-0.7943960089327322,0,0,2.739999999999972,0
Ogun,2024,6,-1.2,-1.0560704633720528,0,0,1.5299999999999716,0
Ogun,2024,7,-0.03400000000000003,-0.018566681799214498,0,0,2.7999999999999714,0
Ogun,2024,8,31.826,1.736217624837886,0,0,46.70999999999997,0
Ogun,2024,9,-8.336000000000002,-0.636917575272518,0,0,53.06999999999997,0
Ogun,2024,10,-9.948,-0.6629649542934252,0,0,66.48999999999997,0
Ogun,2024,11,-9.819999999999999,-0.668123065856357,0,0,74.45999999999998,0
Ogun,2024,12,-14.469999999999999,-0.9507794783756373,0,0,35.58999999999997,0
Ogun,2024,13,-4.490000000000001,-0.5096481271282635,0,0,36.00999999999997,0
Ogun,2024,14,-12.914000000000005,-0.43493898212833204,0,0,44.60999999999997,0
Ogun,2024,15,-25.793999999999997,-1.3444581021877553,0,0,45.95999999999997,0
Ogun,2024,16,-14.702,-0.782163784842058,0,0,53.64999999999997,0
Ogun,2024,17,-1.7319999999999922,-0.09171905700556701,0,0,80.88999999999997,0
Ogun,2024,18,15.36,1.707013900180648,0,0,100.69999999999997,0
Ogun,2024,19,0.11599999999999966,0.019268270929875656,0,0,108.06999999999998,0
Ogun,2024,20,0.4239999999999995,0.04986447050404182,0,0,117.03999999999998,0
Ogun,2024,21,57.31,1.7558974722183758,1,1,177.82999999999998,0
Ogun,2024,22,-14.232,-0.9264325931400278,0,0,160.59999999999997,0
Ogun,2024,23,-26.68200000000001,-0.6191529377938475,0,0,184.71999999999997,0
Ogun,2024,24,-18.737999999999992,-0.7255496684237254,0,0,216.07,0
Ogun,2024,25,-29.724,-1.4804598561031628,0,0,144.01999999999998,0
Ogun,2024,26,68.102,1.7518655828526082,1,1,248.77999999999997,0
Ogun,2024,27,22.348000000000006,1.1138948386665626,1,0,282.52,0
Ogun,2024,28,-43.230000000000004,-0.6689288565298099,0,0,255.19,0
Ogun,2024,29,-14.509999999999998,-0.47752190869047634,0,0,254.4,0
Ogun,2024,30,-22.346000000000004,-1.0078555306356944,0,0,130.36,0
Ogun,2024,31,-16.681999999999995,-0.7487481546111712,0,0,64.67,0
Ogun,2024,32,-30.61,-1.5588205131335615,0,0,39.04,0
Ogun,2024,33,-41.056,-1.0883951602047848,0,0,19.41,0
Ogun,2024,34,19.736000000000004,0.5611784247425241,1,0,91.56,0
Ogun,2024,35,-33.07599999999999,-0.7562786141779442,0,0,108.94,0
Ogun,2024,36,-20.5,-0.5926627194696789,0,0,129.41,0
Ogun,2024,37,7.230000000000004,0.31376771414797133,1,0,204.10000000000002,0
Ogun,2024,38,-29.845999999999997,-1.467664377421785,0,0,168.76,0
Ogun,2024,39,-20.056000000000004,-0.7282142319944753,0,0,180.01000000000002,0
Ogun,2024,40,22.194000000000017,0.9952094839646787,1,0,245.11,0
Ogun,2024,41,34.17999999999999,1.7480370226344077,1,0,250.65,0
Ogun,2024,42,11.171999999999997,0.4624978984801686,0,0,266.90000000000003,0
Ogun,2024,43,18.177999999999997,1.1299805092799984,0,0,276.7,0
Ogun,2024,44,-7.631999999999994,-0.43929796945104743,0,0,218.60999999999999,0
Ogun,2024,45,-24.582,-0.6812823114026535,0,0,150.01,0
Ogun,2024,46,-1.3059999999999992,-0.25012030403595326,0,0,98.2,0
Ogun,2024,47,-8.824,-0.6760379346240336,0,0,51.54,0
Ogun,2024,48,-9.862000000000002,-0.6014743476593583,0,0,22.86,0
Ogun,2024,49,-2.4,-0.5198819532649327,0,0,9.08,0
Ogun,2024,50,-1.5379999999999998,-0.44693876505566843,0,0,2.8899999999999997,0
Ogun,2024,51,-2.846,-0.4413950814525847,0,0,0.91,0
Ogun,2024,52,-4.428,-0.45721759103194926,0,0,0.72,0
Ogun,2025,1,-2.3466666666666667,-0.5669337754518516,0,0,0.58,0
Ogun,2025,2,-0.33799999999999997,-0.6119514233423788,0,0,0.1,0
Ogun,2025,3,-0.27,-1.1689516606792112,0,0,0.05,0
Ogun,2025,4,-3.2600000000000002,-0.6957882508175808,0,0,1.1199999999999999,0
Ogun,2025,5,4.452,1.5323444678373155,0,0,7.83,0
Ogun,2025,6,1.64,1.4432962999418053,0,0,10.77,0
Ogun,2025,7,-1.204,-0.6574789672427716,0,0,11.0,0
Ogun,2025,8,-3.4540000000000006,-0.1884275647643455,0,0,19.86,0
Ogun,2025,9,19.663999999999998,1.5024408829365152,0,0,47.46,0
Ogun,2025,10,23.622000000000003,1.5742418727703347,0,0,91.61000000000001,0
Ogun,2025,11,23.21,1.5791381220494958,0,0,133.78,0
Ogun,2025,12,1.0600000000000023,0.06964936054444905,0,0,145.72,0
Ogun,2025,13,5.01,0.568671963677639,0,0,127.64,0
Ogun,2025,14,-8.644000000000005,-0.2911268825706445,0,0,106.94000000000001,0
Ogun,2025,15,2.636000000000003,0.13739596640175727,0,0,103.69,0
Ogun,2025,16,-8.982,-0.47785302104824945,0,0,101.57,0
Ogun,2025,17,9.308000000000007,0.4929104980414678,0,0,130.35,0
Ogun,2025,18,-8.280000000000001,-0.9201871805661307,0,0,122.25,0
Ogun,2025,19,-2.5839999999999996,-0.4292173455413693,0,0,98.49000000000001,0
Ogun,2025,20,-4.266000000000002,-0.5017024320052895,0,0,97.05,0
Ogun,2025,21,-4.409999999999997,-0.13511617261355838,0,0,85.08,0
Ogun,2025,22,6.588000000000001,0.4288461160487988,0,0,112.31,0
Ogun,2025,23,-1.5420000000000158,-0.035781944010123766,0,0,164.27,0
Ogun,2025,24,-17.20799999999999,-0.6663069001086276,0,0,201.84,0
Ogun,2025,25,2.386000000000003,0.11883922812078287,0,0,223.62,0
Ogun,2025,26,-4.748000000000005,-0.12213823070371195,0,0,234.71,0
Ogun,2025,27,3.4480000000000004,0.1718592000949663,0,0,224.41,0
Ogun,2025,28,-18.68,-0.2890490640753377,0,0,220.10000000000002,0
Ogun,2025,29,-31.809999999999995,-1.04686229603336,0,0,169.9,0
Ogun,2025,30,-15.586000000000002,-0.7029641233548704,0,0,125.46999999999998,0
Ogun,2025,31,-3.6519999999999975,-0.16391489393597866,0,0,91.71,0
Ogun,2025,32,18.990000000000002,0.9670696355572145,0,0,91.13,0
Ogun,2025,33,-13.366,-0.35433285539987225,0,0,116.49000000000001,0
Ogun,2025,34,-46.684000000000005,-1.327424684874341,0,0,115.46000000000001,0
Ogun,2025,35,-44.00599999999999,-1.0061917007955803,0,0,108.88,0
Ogun,2025,36,-39.79,-1.150343883302367,0,0,60.46,0
Ogun,2025,37,0.3299999999999983,0.014321347948662511,0,0,100.56,0
Ogun,2025,38,8.674000000000007,0.42654026702930287,1,0,170.16,0
Ogun,2025,39,-1.3659999999999997,-0.04959815720504851,0,0,211.03,0
Ogun,2025,40,-16.13599999999999,-0.723560432245383,0,0,257.09000000000003,0
Ogun,2025,41,-4.140000000000001,-0.21172829940627416,0,0,231.21,0
Ogun,2025,42,-15.498000000000001,-0.6415854305984295,0,0,182.27000000000004,0
Ogun,2025,43,11.927999999999997,0.741468121613589,0,0,167.13000000000002,0
Ogun,2025,44,7.748000000000005,0.4459749302026625,0,0,162.75,0
Ogun,2025,45,8.137999999999998,0.2255420816123502,0,0,165.19,0
Ogun,2025,46,4.764000000000001,0.912383712425178,0,0,146.12,0
Ogun,2025,47,-5.603999999999999,-0.4293423147816278,0,0,108.93,0
Ogun,2025,48,-2.2020000000000017,-0.13429796324740495,0,0,72.53000000000002,0
Ogun,2025,49,8.23,1.7827618647376653,0,0,36.66000000000001,0
Ogun,2025,50,6.092,1.7703192176327256,0,0,32.030000000000015,0
Ogun,2025,51,11.533999999999999,1.7888442970745295,0,0,41.21000000000001,0
Ogun,2025,52,-4.048,-0.41798030905540434,0,0,33.740000000000016,0
Ogun,2026,1,-2.1266666666666665,-0.5137837340032405,0,0,23.190000000000012,0
Ondo,2020,53,0.0,0,0,0,0.67,0
Ondo,2021,1,1.8449999999999998,0.2168994871993806,0,0,7.2,0
Ondo,2021,2,-12.436,-0.453532125858604,0,0,7.3500000000000005,0
Ondo,2021,3,-1.1360000000000001,-0.5297387425273776,0,0,7.37,0
Ondo,2021,4,-0.732,-0.3440766851753467,0,0,7.86,0
Ondo,2021,5,-6.256,-0.4098128980576939,0,0,2.6399999999999997,0
Ondo,2021,6,-22.807999999999996,-0.48944950141747307,0,0,8.290000000000001,0
Ondo,2021,7,-0.02200000000000002,-0.007187481778111677,0,0,10.22,0
Ondo,2021,8,-14.976,-1.422668283746866,0,0,10.090000000000002,0
Ondo,2021,9,-15.666000000000002,-0.7994308448843414,0,0,9.34,0
Ondo,2021,10,-1.8659999999999997,-0.14896501341300716,0,0,22.98,0
Ondo,2021,11,-6.172000000000001,-1.1931004799096132,0,0,37.19,0
Ondo,2021,12,0.9539999999999971,0.05614100871598482,0,0,62.28,0
Ondo,2021,13,-18.465999999999998,-0.9619557582941457,0,0,62.23,0
Ondo,2021,14,9.482,0.6050300634845601,0,0,88.71000000000001,0
Ondo,2021,15,43.370000000000005,1.672601292589752,1,0,159.66,0
Ondo,2021,16,1.0399999999999956,0.08179826166164342,0,0,157.35,0
Ondo,2021,17,-29.078000000000003,-1.5342365900587642,0,0,165.6,0
Ondo,2021,18,5.426000000000002,0.38754144470068896,0,0,159.45,0
Ondo,2021,19,-3.996000000000002,-0.40201750439249423,0,0,94.19,0
Ondo,2021,20,1.3100000000000023,0.0759802825028137,0,0,109.65,0
Ondo,2021,21,-0.578000000000003,-0.032574925004302833,0,0,139.71,0
Ondo,2021,22,51.11800000000001,1.6042345134258948,1,1,212.56,0
Ondo,2021,23,-54.91400000000001,-0.9384764355943471,0,0,229.20000000000002,0
Ondo,2021,24,3.264000000000003,0.3852322345631698,0,0,252.13,0
Ondo,2021,25,1.4899999999999949,0.0775730555127922,0,0,265.18,0
Ondo,2021,26,-4.661999999999992,-0.38041040059689596,0,0,208.34,0
Ondo,2021,27,-30.288000000000004,-1.3431124789552842,0,0,199.56,0
Ondo,2021,28,72.55600000000001,1.7245431749348983,1,1,267.63,0
Ondo,2021,29,-10.002000000000002,-0.4780777613538513,0,0,259.6,0
Ondo,2021,30,-10.193999999999999,-0.41130185747731707,0,0,235.69000000000003,0
Ondo,2021,31,71.738,1.6963332801379452,1,1,320.69,0
Ondo,2021,32,70.414,1.5773278398513622,1,1,315.23,0
Ondo,2021,33,55.652,1.5409726517199138,1,0,375.09,0
Ondo,2021,34,20.586000000000013,0.5971072399210158,1,0,422.96000000000004,0
Ondo,2021,35,38.751999999999995,0.7079079571772519,1,1,422.3,0
Ondo,2021,36,4.554000000000002,0.1313446807588659,0,0,361.1,0
Ondo,2021,37,-20.973999999999997,-1.0464200715222232,0,0,301.14,0
Ondo,2021,38,35.464,1.2770644918099048,1,0,330.28,0
Ondo,2021,39,-12.055999999999997,-0.47191889566120604,0,0,283.58,0
Ondo,2021,40,-8.104,-0.18245847069837792,1,0,299.56,0
Ondo,2021,41,-10.159999999999997,-0.8727499815898832,0,0,303.1,0
Ondo,2021,42,-0.9200000000000017,-0.19898346456517543,0,0,229.96,0
Ondo,2021,43,27.929999999999993,0.9168652727469075,0,0,229.05,0
Ondo,2021,44,16.394,0.8841011923101006,0,0,203.75,0
Ondo,2021,45,132.228,1.7339807756217058,1,1,344.94,0
Ondo,2021,46,172.05200000000002,1.7853432561967453,1,1,529.76,0
Ondo,2021,47,5.501999999999999,0.39916231649405604,0,0,479.75,0
Ondo,2021,48,20.462000000000003,1.7663946016599807,0,0,454.01,0
Ondo,2021,49,10.192,1.3109793708805277,0,0,281.46,0
Ondo,2021,50,178.064,1.7882754782365713,1,1,285.97,0
Ondo,2021,51,-0.374,-0.19042315686389757,0,0,270.2,0
Ondo,2021,52,52.608,1.7888494180107406,0,0,307.45,0
Ondo,2022,1,16.545,1.9450417429342834,0,0,312.76,0
Ondo,2022,2,49.044000000000004,1.7885999984407668,0,0,149.32,0
Ondo,2022,3,3.7840000000000003,1.7645522902496453,0,0,153.6,0
Ondo,2022,4,-1.702,-0.800025298044317,0,0,87.99,0
Ondo,2022,5,-7.566000000000001,-0.4956272996650435,0,0,66.75999999999999,0
Ondo,2022,6,-1.6779999999999973,-0.036009131154793,0,0,32.06,0
Ondo,2022,7,5.288,1.7276092564842962,0,0,34.379999999999995,0
Ondo,2022,8,12.794,1.215385818793897,0,0,62.99,0
Ondo,2022,9,32.474000000000004,1.6571375754355993,0,0,111.69,0
Ondo,2022,10,-3.306000000000001,-0.26392193694716076,0,0,102.75999999999999,0
Ondo,2022,11,-4.932000000000002,-0.9533978559485118,0,0,112.9,0
Ondo,2022,12,23.123999999999995,1.360801557178655,0,0,132.39,0
Ondo,2022,13,25.753999999999998,1.3416120761999042,0,0,128.42000000000002,0
Ondo,2022,14,1.2719999999999985,0.08116412579122122,0,0,148.13,0
Ondo,2022,15,-10.579999999999998,-0.40802678523402286,0,0,163.89,0
Ondo,2022,16,18.049999999999997,1.419671752877567,0,0,156.42000000000002,0
Ondo,2022,17,21.772,1.1487516004800677,0,0,171.3,0
Ondo,2022,18,-15.444000000000003,-1.1030575141830887,0,0,152.48999999999998,0
Ondo,2022,19,10.933999999999997,1.1000148631200022,0,0,156.10999999999999,0
Ondo,2022,20,12.299999999999997,0.7134026525073334,0,0,165.55,0
Ondo,2022,21,-12.438000000000002,-0.7009808256116206,0,0,132.9,0
Ondo,2022,22,-12.891999999999996,-0.4045892121578823,0,0,162.60999999999999,0
Ondo,2022,23,43.016000000000005,0.7351404442132504,1,1,262.25,0
Ondo,2022,24,-7.0760000000000005,-0.8351419398802045,0,0,263.85,0
Ondo,2022,25,21.359999999999992,1.1120540038612392,0,0,308.63,0
Ondo,2022,26,-6.401999999999994,-0.5223911163923916,0,0,314.06,0
Ondo,2022,27,-2.6780000000000044,-0.11875512475707396,0,0,234.95999999999998,0
Ondo,2022,28,-35.544,-0.8448255500563152,0,0,205.26999999999998,0
Ondo,2022,29,4.327999999999996,0.20687068097775105,0,0,191.7,0
Ondo,2022,30,17.466,0.7047084797624897,0,0,197.19,0
Ondo,2022,31,-31.951999999999995,-0.7555443553899971,0,0,150.89000000000001,0
Ondo,2022,32,10.364000000000004,0.23216158338142306,0,0,193.48000000000002,0
Ondo,2022,33,8.122,0.22489362246225006,0,0,191.48,0
Ondo,2022,34,19.266000000000005,0.558819978836019,0,0,210.37,0
Ondo,2022,35,-12.978000000000002,-0.23707755646795975,0,0,261.67,0
Ondo,2022,36,-5.125999999999998,-0.1478420802744721,0,0,250.84000000000003,0
Ondo,2022,37,10.245999999999995,0.5111862330893818,0,0,269.63,0
Ondo,2022,38,-0.44599999999999795,-0.016060533593142762,0,0,264.17999999999995,0
Ondo,2022,39,42.224000000000004,1.6528121641007607,1,1,323.49,0
Ondo,2022,40,77.47599999999998,1.7443426056055684,1,1,434.72999999999996,0
Ondo,2022,41,19.61,1.684510545174962,0,0,436.82,0
Ondo,2022,42,2.5999999999999943,0.5623445737711457,0,0,403.11,0
Ondo,2022,43,-33.14000000000001,-1.0878952788697647,0,0,286.85,0
Ondo,2022,44,-27.476,-1.4817350469630552,0,0,132.1,0
Ondo,2022,45,-46.94199999999999,-0.6155770757270328,0,0,64.35,0
Ondo,2022,46,-47.48799999999999,-0.4927718396198302,0,0,26.11,0
Ondo,2022,47,-9.128,-0.6622234869061694,0,0,22.54,0
Ondo,2022,48,-3.047999999999999,-0.2631204547873922,0,0,17.16,0
Ondo,2022,49,-5.6579999999999995,-0.727778775553574,0,0,7.930000000000001,0
Ondo,2022,50,-41.136,-0.4131239333764242,0,0,12.780000000000001,0
Ondo,2022,51,-1.034,-0.5264640219178345,0,0,10.98,0
Ondo,2022,52,-13.191999999999998,-0.44857248940080763,0,0,5.94,0
Ondo,2023,1,-4.6850000000000005,-0.5507718685794571,0,0,5.87,0
Ondo,2023,2,-12.556000000000001,-0.4579084410003725,0,0,0.03,0
Ondo,2023,3,-0.3360000000000001,-0.15668329004330891,0,0,0.8500000000000001,0
Ondo,2023,4,0.5580000000000003,0.262287964928748,0,0,3.3000000000000003,0
Ondo,2023,5,27.274,1.7866427400296585,0,0,38.14,0
Ondo,2023,6,81.02199999999999,1.738695962111825,1,1,147.74,0
Ondo,2023,7,-1.972,-0.6442597302925552,0,0,146.92000000000002,0
Ondo,2023,8,5.974,0.5675093701324638,0,0,166.45,0
Ondo,2023,9,-1.1960000000000033,-0.06103148796640334,0,0,146.64000000000001,0
Ondo,2023,10,3.4939999999999998,0.27893020196411955,0,0,61.81,0
Ondo,2023,11,2.2079999999999984,0.42682531750492936,0,0,86.35,0
Ondo,2023,12,7.013999999999996,0.41275999489928566,0,0,96.55,0
Ondo,2023,13,14.634,0.7623340499770676,0,0,115.13,0
Ondo,2023,14,20.251999999999995,1.2922451851602308,0,0,147.01999999999998,0
Ondo,2023,15,-8.229999999999997,-0.31739701724725966,0,0,157.99,0
Ondo,2023,16,3.509999999999998,0.27606913310804754,0,0,152.09,0
Ondo,2023,17,10.131999999999998,0.5345926518493499,0,0,166.45,0
Ondo,2023,18,13.696000000000005,0.9782100307078209,0,0,157.8,0
Ondo,2023,19,9.873999999999995,0.9933735831760471,0,0,158.01000000000002,0
Ondo,2023,20,20.28,1.1762443734023353,0,0,189.97000000000003,0
Ondo,2023,21,-7.488000000000003,-0.4220087170107586,0,0,173.91000000000003,0
Ondo,2023,22,-18.821999999999996,-0.5906902072010286,0,0,168.55,0
Ondo,2023,23,79.87599999999999,1.3650752771521661,1,1,306.11,0
Ondo,2023,24,13.353999999999992,1.576100263589633,0,0,320.15999999999997,0
Ondo,2023,25,15.969999999999992,0.8314373802277149,0,0,354.6,0
Ondo,2023,26,-12.49199999999999,-1.0193236216766255,0,0,359.87,0
Ondo,2023,27,-1.118000000000002,-0.049577382180137686,0,0,245.46999999999997,0
Ondo,2023,28,-15.643999999999998,-0.3718335276018736,0,0,215.24999999999997,0
Ondo,2023,29,30.717999999999996,1.4682656142039192,1,0,233.45999999999998,0
Ondo,2023,30,33.106,1.3357425243912164,0,0,260.68,0
Ondo,2023,31,-14.641999999999996,-0.34622810627254436,0,0,230.12999999999997,0
Ondo,2023,32,-19.776000000000003,-0.4429976334379604,0,0,222.67999999999998,0
Ondo,2023,33,-2.9480000000000004,-0.08162846577428137,0,0,183.21999999999997,0
Ondo,2023,34,-25.003999999999998,-0.7252535425524662,0,0,142.19999999999996,0
Ondo,2023,35,73.12200000000001,1.3357670738210938,1,1,262.28999999999996,0
Ondo,2023,36,47.31400000000001,1.364611819373074,1,0,334.03999999999996,0
Ondo,2023,37,21.376000000000005,1.0664763730742373,1,0,375.03,0
Ondo,2023,38,-23.605999999999995,-0.8500559551563447,0,0,390.68999999999994,0
Ondo,2023,39,-22.91599999999999,-0.8970216832259618,0,0,298.75999999999993,0
Ondo,2023,40,-20.774,-0.4677186908055409,0,0,259.30999999999995,0
Ondo,2023,41,-5.0,-0.42950294369580877,0,0,225.65999999999994,0
Ondo,2023,42,-3.2900000000000063,-0.7115821721950295,0,0,209.21999999999994,0
Ondo,2023,43,-33.120000000000005,-1.0872387337406941,0,0,158.11999999999992,0
Ondo,2023,44,18.083999999999996,0.9752400855029802,0,0,147.17999999999995,0
Ondo,2023,45,-33.202,-0.43539666116247594,0,0,117.77999999999994,0
Ondo,2023,46,-44.147999999999996,-0.45811344288107025,0,0,88.76999999999994,0
Ondo,2023,47,21.882,1.587508144224452,0,0,116.18999999999994,0
Ondo,2023,48,-5.717999999999999,-0.49360982955193855,0,0,62.57999999999994,0
Ondo,2023,49,-5.438,-0.6994805552245202,0,0,39.82999999999994,0
Ondo,2023,50,-47.006,-0.4720756420724474,0,0,35.46999999999994,0
Ondo,2023,51,-1.034,-0.5264640219178345,0,0,2.6599999999999433,0
Ondo,2023,52,-13.191999999999998,-0.44857248940080763,0,0,0.28999999999994314,0
Ondo,2024,1,-4.335000000000001,-0.5096256243952928,0,0,0.34999999999994313,0
Ondo,2024,2,-11.466000000000001,-0.4181569117959757,0,0,1.4699999999999434,0
Ondo,2024,3,-1.1560000000000001,-0.5390651288394794,0,0,1.4699999999999434,0
Ondo,2024,4,3.448,1.6207328012084636,0,0,6.809999999999944,0
Ondo,2024,5,-7.566000000000001,-0.4956272996650435,0,0,6.459999999999944,0
Ondo,2024,6,-28.607999999999997,-0.6139149130371392,0,0,5.339999999999943,0
Ondo,2024,7,-1.3319999999999999,-0.43516935129294293,0,0,5.979999999999943,0
Ondo,2024,8,0.5940000000000012,0.05642794875438302,0,0,17.239999999999945,0
Ondo,2024,9,-15.316000000000003,-0.7815704596098922,0,0,18.149999999999945,0
Ondo,2024,10,-16.476,-1.3152988001032726,0,0,22.979999999999947,0
Ondo,2024,11,4.148,0.8018439388634275,0,0,48.81999999999994,0
Ondo,2024,12,-22.136000000000003,-1.3026597158669224,0,0,35.24999999999994,0
Ondo,2024,13,-13.725999999999999,-0.7150332902818934,0,0,39.58999999999995,0
Ondo,2024,14,-15.298000000000002,-0.9761389908444212,0,0,55.89999999999994,0
Ondo,2024,15,-25.069999999999993,-0.9668460780545323,0,0,48.08999999999995,0
Ondo,2024,16,-16.400000000000002,-1.2898956646643827,0,0,51.42999999999994,0
Ondo,2024,17,-3.7180000000000035,-0.19617207654716592,0,0,80.29999999999994,0
Ondo,2024,18,10.845999999999997,0.774654351128579,0,0,104.34999999999994,0
Ondo,2024,19,-11.636000000000003,-1.170639559837603,0,0,99.88999999999993,0
Ondo,2024,20,-11.920000000000002,-0.6913625705599525,0,0,119.55999999999993,0
Ondo,2024,21,30.722,1.7314305293809458,0,0,155.55999999999995,0
Ondo,2024,22,-28.931999999999995,-0.9079720048209627,0,0,142.93999999999994,0
Ondo,2024,23,-42.32400000000001,-0.723314212406584,0,0,179.80999999999995,0
Ondo,2024,24,-3.636000000000003,-0.42913737894353104,0,0,209.06999999999994,0
Ondo,2024,25,-21.5,-1.1193427473322404,0,0,167.82999999999993,0
Ondo,2024,26,4.548000000000002,0.371108215768916,0,0,200.24999999999994,0
Ondo,2024,27,0.8019999999999925,0.035564454837629676,0,0,209.9699999999999,0
Ondo,2024,28,-16.994,-0.40392092611008956,0,0,195.38999999999993,0
Ondo,2024,29,1.1679999999999993,0.05582831686275724,0,0,221.51999999999995,0
Ondo,2024,30,-28.464,-1.1484496832680353,0,0,170.12999999999994,0
Ondo,2024,31,-27.671999999999993,-0.6543384890570856,0,0,124.62999999999995,0
Ondo,2024,32,-48.586,-1.0883638257593415,0,0,89.71999999999994,0
Ondo,2024,33,-40.298,-1.1158290073853427,0,0,42.459999999999944,0
Ondo,2024,34,32.726,0.9492340198996965,1,0,120.73999999999994,0
Ondo,2024,35,-43.148,-0.7882125448050182,0,0,137.58999999999995,0
Ondo,2024,36,3.3740000000000023,0.09731158385604165,0,0,194.20999999999992,0
Ondo,2024,37,11.236000000000004,0.5605786175085203,0,0,262.40999999999997,0
Ondo,2024,38,-30.245999999999995,-1.089163450803135,0,0,213.69999999999993,0
Ondo,2024,39,4.464000000000013,0.1747383833967842,1,0,265.41999999999996,0
Ondo,2024,40,-14.043999999999997,-0.31619530632872894,0,0,276.63999999999993,0
Ondo,2024,41,-5.339999999999996,-0.4587091438671234,0,0,252.78999999999996,0
Ondo,2024,42,-4.930000000000003,-1.0662918264199062,0,0,241.34999999999994,0
Ondo,2024,43,20.159999999999997,0.661797490103031,0,0,216.14999999999998,0
Ondo,2024,44,-3.7760000000000034,-0.20363340869604388,0,0,176.61999999999992,0
Ondo,2024,45,-49.641999999999996,-0.6509837074100244,0,0,131.11999999999992,0
Ondo,2024,46,-47.577999999999996,-0.4937057485139884,0,0,100.31999999999994,0
Ondo,2024,47,-9.808,-0.711556524931607,0,0,42.76999999999994,0
Ondo,2024,48,-7.807999999999999,-0.6740303513713775,0,0,8.929999999999945,0
Ondo,2024,49,-5.708,-0.7342101892647226,0,0,2.3499999999999432,0
Ondo,2024,50,-46.916,-0.4711717828249785,0,0,1.5099999999999434,0
Ondo,2024,51,-1.034,-0.5264640219178345,0,0,0.38999999999994317,0
Ondo,2024,52,-13.191999999999998,-0.44857248940080763,0,0,0.10999999999994316,0
Ondo,2025,1,-4.6850000000000005,-0.5507718685794571,0,0,0.08999999999994315,0
Ondo,2025,2,-12.586,-0.4590025197858146,0,0,0.0,0
Ondo,2025,3,-1.1560000000000001,-0.5390651288394794,0,0,0.0,0
Ondo,2025,4,-1.5719999999999998,-0.7389187829175478,0,0,0.31999999999994316,0
Ondo,2025,5,-5.886000000000001,-0.38557524264187765,0,0,1.9999999999999434,0
Ondo,2025,6,-27.927999999999997,-0.5993224165024197,0,0,2.6799999999999433,0
Ondo,2025,7,-1.962,-0.6409926931206863,0,0,2.6899999999999435,0
Ondo,2025,8,-4.386000000000001,-0.4166548539338779,0,0,13.989999999999943,0
Ondo,2025,9,-0.2960000000000029,-0.015104782974962807,0,0,28.239999999999945,0
Ondo,2025,10,18.154,1.4492555484993208,0,0,67.01999999999995,0
Ondo,2025,11,4.7479999999999976,0.9178290794897668,0,0,94.08999999999995,0
Ondo,2025,12,-8.956000000000003,-0.5270428449270039,0,0,98.67999999999995,0
Ondo,2025,13,-8.196,-0.42695707760093243,0,0,93.52999999999994,0
Ondo,2025,14,-15.708000000000002,-1.0023003835915916,0,0,74.79999999999994,0
Ondo,2025,15,0.5100000000000051,0.019668587946063684,0,0,91.96999999999994,0
Ondo,2025,16,-6.200000000000003,-0.4876434829828765,0,0,92.32999999999993,0
Ondo,2025,17,0.8919999999999959,0.04706441427651184,0,0,120.27999999999994,0
Ondo,2025,18,-14.524000000000001,-1.0373483123540002,0,0,119.36999999999995,0
Ondo,2025,19,-5.176000000000002,-0.5207313820659534,0,0,95.78999999999994,0
Ondo,2025,20,-21.97,-1.2742647378525298,0,0,95.20999999999995,0
Ondo,2025,21,-10.218000000000004,-0.5758660617542644,0,0,85.65999999999994,0
Ondo,2025,22,9.528000000000006,0.2990169107539797,0,0,136.86999999999995,0
Ondo,2025,23,-25.65400000000001,-0.43842507336448605,0,0,183.94999999999993,0
Ondo,2025,24,-5.905999999999999,-0.6970531793290682,0,0,220.98999999999995,0
Ondo,2025,25,-17.32,-0.9017216922695072,0,0,224.86999999999995,0
Ondo,2025,26,19.00800000000001,1.551016922897,1,0,233.28999999999996,0
Ondo,2025,27,33.282,1.475880531054865,1,0,258.81999999999994,0
Ondo,2025,28,-4.373999999999995,-0.10396317116661938,0,0,259.12999999999994,0
Ondo,2025,29,-26.212000000000003,-1.2528868506905768,0,0,253.69999999999996,0
Ondo,2025,30,-11.914000000000001,-0.48069946340835357,0,0,204.39999999999992,0
Ondo,2025,31,2.528000000000006,0.05977767058168244,0,0,156.61999999999995,0
Ondo,2025,32,-12.416000000000004,-0.2781279640354833,0,0,145.25999999999993,0
Ondo,2025,33,-20.528000000000002,-0.56840880102254,0,0,145.14999999999995,0
Ondo,2025,34,-47.574,-1.3799076961042644,0,0,126.57999999999994,0
Ondo,2025,35,-55.748000000000005,-1.0183849297253675,0,0,100.62999999999994,0
Ondo,2025,36,-50.116,-1.445426003713509,0,0,67.58999999999995,0
Ondo,2025,37,-21.884,-1.091821152149916,0,0,82.89999999999995,0
Ondo,2025,38,18.834000000000003,0.678215447742718,1,0,163.56999999999994,0
Ondo,2025,39,-11.715999999999994,-0.4586099686103756,0,0,211.70999999999992,0
Ondo,2025,40,-34.554,-0.777970137772921,0,0,255.90999999999994,0
Ondo,2025,41,0.8900000000000006,0.07645152397785401,0,0,271.40999999999997,0
Ondo,2025,42,6.539999999999999,1.4145128894089616,0,0,222.35999999999996,0
Ondo,2025,43,18.169999999999995,0.5964712497605195,0,0,211.34999999999997,0
Ondo,2025,44,-3.225999999999999,-0.1739728221539822,0,0,192.87999999999997,0
Ondo,2025,45,-2.442,-0.032023331322172346,0,0,188.34999999999997,0
Ondo,2025,46,-32.837999999999994,-0.3407522251818561,0,0,160.81999999999996,0
Ondo,2025,47,-8.448,-0.6128904488807317,0,0,106.61999999999996,0
Ondo,2025,48,-3.887999999999999,-0.3356339659492719,0,0,76.14999999999996,0
Ondo,2025,49,6.612,0.850490149162289,0,0,34.689999999999955,0
Ondo,2025,50,-43.006,-0.4319041199627212,0,0,23.019999999999953,0
Ondo,2025,51,3.476,1.769815222617401,0,0,25.049999999999958,0
Ondo,2025,52,-13.031999999999998,-0.44313194980831755,0,0,21.00999999999996,0
Ondo,2026,1,-4.6850000000000005,-0.5507718685794571,0,0,8.669999999999957,0
Osun,2020,53,0.0,0,0,0,1.62,0
Osun,2021,1,0.5550000000000002,0.11050614648899255,0,0,4.890000000000001,0
Osun,2021,2,-5.995999999999999,-0.45653540556551053,0,0,5.04,0
Osun,2021,3,-0.27599999999999997,-0.5474962058172205,0,0,5.1000000000000005,0
Osun,2021,4,-0.632,-0.4778331115860388,0,0,4.39,0
Osun,2021,5,-2.5940000000000003,-0.34165717356907577,0,0,3.33,0
Osun,2021,6,-12.348,-0.536589541586033,0,0,5.11,0
Osun,2021,7,1.4240000000000002,0.6657164455621536,0,0,8.44,0
Osun,2021,8,-15.735999999999999,-1.2809494297871904,0,0,8.22,0
Osun,2021,9,-15.850000000000001,-1.1057797609624829,0,0,6.969999999999999,0
Osun,2021,10,-1.9440000000000026,-0.11269840184962458,0,0,29.97,0
Osun,2021,11,-11.01,-1.143250404715138,0,0,40.91,0
Osun,2021,12,23.296,1.2843878649882627,0,0,92.6,0
Osun,2021,13,-23.504,-1.1192570288618102,0,0,92.44999999999999,0
Osun,2021,14,2.548000000000002,0.10752826077807694,0,0,112.98,0
Osun,2021,15,33.367999999999995,1.3918291210453482,0,0,182.59,0
Osun,2021,16,-7.983999999999998,-0.4627943278619449,0,0,152.47,0
Osun,2021,17,-38.63,-1.6480090479530067,0,0,162.85,0
Osun,2021,18,-0.9519999999999982,-0.07034658311461299,0,0,156.28,0
Osun,2021,19,-1.186,-0.18567657177047295,0,0,98.61,0
Osun,2021,20,-8.751999999999999,-0.6198959936344343,0,0,105.91,0
Osun,2021,21,-3.226000000000006,-0.15187835268258304,0,0,135.91,0
Osun,2021,22,53.346000000000004,1.7009153197801927,1,0,213.75,0
Osun,2021,23,-50.91399999999999,-0.8548779857756716,0,0,235.73,0
Osun,2021,24,-9.208000000000013,-0.7227737056766617,0,0,281.83000000000004,0
Osun,2021,25,0.7420000000000044,0.023335536402976382,0,0,307.92,0
Osun,2021,26,-12.757999999999996,-0.5334510094600905,0,0,249.47,0
Osun,2021,27,-47.474000000000004,-1.4412619516677125,0,0,227.32999999999998,0
Osun,2021,28,146.114,1.749410169806883,1,1,384.37,0
Osun,2021,29,-22.397999999999996,-0.6206290259758993,0,0,354.58,0
Osun,2021,30,-12.137999999999998,-0.41239042380335217,0,0,328.02,0
Osun,2021,31,53.71600000000001,1.5243227814771954,0,0,400.0799999999999,0
Osun,2021,32,29.128,1.0250735626235814,0,0,243.09999999999997,0
Osun,2021,33,63.615999999999985,1.229491234363698,1,1,336.40999999999997,0
Osun,2021,34,66.536,1.272701411027494,1,1,452.03,0
Osun,2021,35,46.372000000000014,0.7190102502017784,1,1,491.84999999999997,0
Osun,2021,36,5.186000000000007,0.13224112414518815,0,0,492.5,0
Osun,2021,37,-21.256,-0.9773931152297727,0,0,419.87,0
Osun,2021,38,29.248000000000005,0.9375875751668893,1,0,395.71999999999997,0
Osun,2021,39,-1.4780000000000086,-0.04519500105044079,0,0,349.5,0
Osun,2021,40,2.6639999999999873,0.08908634918725784,1,0,385.58,0
Osun,2021,41,-17.903999999999996,-0.8565031497523098,0,0,379.0,0
Osun,2021,42,-19.84199999999999,-0.9956557750694235,0,0,288.59999999999997,0
Osun,2021,43,4.304000000000002,0.1336042255294708,0,0,244.87999999999997,0
Osun,2021,44,11.622,0.44213114782817253,0,0,189.20999999999995,0
Osun,2021,45,114.48800000000001,1.6924067378314547,1,1,312.78999999999996,0
Osun,2021,46,99.774,1.780866951354553,1,1,410.63,0
Osun,2021,47,-1.298,-0.07298649717669624,0,0,374.10999999999996,0
Osun,2021,48,4.144000000000001,0.797177689675166,0,0,327.78999999999996,0
Osun,2021,49,5.9719999999999995,1.133595267590864,0,0,162.72999999999996,0
Osun,2021,50,121.978,1.7876176226809286,1,1,186.60999999999996,0
Osun,2021,51,-2.282,-0.43022447492295407,0,0,175.19999999999996,0
Osun,2021,52,24.158,1.7887770530478304,0,0,195.00999999999996,0
Osun,2022,1,9.915000000000001,1.9741773737628123,0,0,197.52999999999997,0
Osun,2022,2,23.484,1.7880716251334978,0,0,72.64999999999998,0
Osun,2022,3,0.844,1.674227527933819,0,0,73.70999999999998,0
Osun,2022,4,-1.102,-0.8331836850756563,0,0,43.879999999999974,0
Osun,2022,5,-4.804,-0.6327374949212953,0,0,31.249999999999975,0
Osun,2022,6,-0.4580000000000002,-0.019902657114221185,0,0,15.439999999999971,0
Osun,2022,7,2.9239999999999995,1.3669627014211634,0,0,19.14999999999997,0
Osun,2022,8,-0.9159999999999986,-0.07456467194236557,0,0,34.21999999999997,0
Osun,2022,9,9.019999999999996,0.6292828671218669,0,0,60.04999999999997,0
Osun,2022,10,-3.834000000000003,-0.22226629253675947,0,0,69.26999999999997,0
Osun,2022,11,1.0399999999999991,0.10799095557708834,0,0,90.75999999999996,0
Osun,2022,12,-3.084000000000003,-0.17003142924209336,0,0,101.24999999999997,0
Osun,2022,13,25.756,1.2264969381962554,0,0,125.48999999999997,0
Osun,2022,14,-14.271999999999998,-0.6022933036988669,0,0,131.08999999999997,0
Osun,2022,15,0.09799999999999898,0.004087726380437627,0,0,155.38,0
Osun,2022,16,27.826,1.6129402513885875,0,0,187.45,0
Osun,2022,17,15.969999999999992,0.6813022131972432,0,0,203.17,0
Osun,2022,18,-9.381999999999998,-0.6932685323332984,0,0,204.98999999999998,0
Osun,2022,19,4.663999999999998,0.7301817291209827,0,0,186.44,0
Osun,2022,20,17.198,1.2181182927930763,0,0,183.87999999999997,0
Osun,2022,21,-18.656000000000002,-0.8783144909008878,0,0,143.84999999999997,0
Osun,2022,22,-12.683999999999997,-0.4044241351946155,0,0,164.08999999999997,0
Osun,2022,23,37.346000000000004,0.6270627579207732,1,1,268.47999999999996,0
Osun,2022,24,14.961999999999989,1.1744287776210023,1,0,312.79999999999995,0
Osun,2022,25,34.69200000000001,1.0910464001240592,1,0,388.27,0
Osun,2022,26,-13.887999999999991,-0.5806997663726081,0,0,394.72,0
Osun,2022,27,-3.784000000000006,-0.11487835920947534,0,0,328.01,0
Osun,2022,28,-54.66599999999998,-0.6545112469897685,0,0,260.1,0
Osun,2022,29,32.472,0.899770771117484,0,0,251.23000000000002,0
Osun,2022,30,23.452000000000005,0.7967853204017317,0,0,261.39,0
Osun,2022,31,-35.803999999999995,-1.0160260046915162,0,0,200.23999999999998,0
Osun,2022,32,18.748000000000005,0.6597802510322339,0,0,233.66000000000003,0
Osun,2022,33,41.536,0.8027563491972235,1,0,250.01999999999998,0
Osun,2022,34,16.346000000000004,0.31266648528098206,0,0,279.86,0
Osun,2022,35,-5.167999999999992,-0.08013122084539774,0,0,357.66,0
Osun,2022,36,16.80600000000001,0.4285469210150464,0,0,380.31,0
Osun,2022,37,36.824,1.6932406885218831,1,0,387.84000000000003,0
Osun,2022,38,-8.872,-0.2844049838238731,0,0,375.76,0
Osun,2022,39,50.17200000000001,1.5341837569030463,1,1,432.73,0
Osun,2022,40,34.513999999999996,1.1541765224658527,1,1,489.04,0
Osun,2022,41,19.355999999999995,0.9259648663206941,0,0,461.64,0
Osun,2022,42,32.55800000000001,1.633734539094361,0,0,461.76,0
Osun,2022,43,-32.135999999999996,-0.997561661620602,0,0,329.95,0
Osun,2022,44,-38.418,-1.461520774157867,0,0,192.39,0
Osun,2022,45,-47.602000000000004,-0.7036715248257713,0,0,116.62,0
Osun,2022,46,-29.436,-0.52540340750168,0,0,32.85,0
Osun,2022,47,-9.818,-0.5520658160869057,0,0,24.25,0
Osun,2022,48,5.704,1.097273538105006,0,0,29.529999999999998,0
Osun,2022,49,-3.9579999999999997,-0.751301083242572,0,0,16.63,0
Osun,2022,50,-31.011999999999997,-0.4544884955859331,0,0,16.73,0
Osun,2022,51,-2.402,-0.45284802312223305,0,0,13.719999999999999,0
Osun,2022,52,-6.112,-0.45256251958888727,0,0,1.7,0
Osun,2023,1,-2.715,-0.5405841220137201,0,0,1.52,0
Osun,2023,2,-6.135999999999999,-0.46719500476150316,0,0,0.01,0
Osun,2023,3,0.09400000000000003,0.18646609908267658,0,0,0.44,0
Osun,2023,4,0.558,0.42188429788767356,0,0,2.54,0
Osun,2023,5,13.286,1.7499064024821664,0,0,20.63,0
Osun,2023,6,39.952,1.7361374607584377,0,0,74.85,0
Osun,2023,7,-1.966,-0.9191000926792091,0,0,74.42,0
Osun,2023,8,2.684000000000001,0.21848425708876593,0,0,91.42999999999999,0
Osun,2023,9,5.589999999999996,0.38998794093250944,0,0,95.74000000000001,0
Osun,2023,10,-6.194000000000003,-0.35908122482334054,0,0,62.19,0
Osun,2023,11,-2.049999999999997,-0.2128667874356067,0,0,85.48,0
Osun,2023,12,8.205999999999996,0.4524247433075927,0,0,103.66,0
Osun,2023,13,16.875999999999998,0.8036326420639852,0,0,122.44999999999999,0
Osun,2023,14,40.29800000000001,1.7006176816463667,0,0,184.98000000000002,0
Osun,2023,15,-3.5620000000000047,-0.1485763404808061,0,0,208.70000000000002,0
Osun,2023,16,2.1060000000000016,0.12207475632230172,0,0,203.76000000000002,0
Osun,2023,17,17.95000000000001,0.7657717424477475,0,0,230.34,0
Osun,2023,18,20.998000000000005,1.5516150758830323,0,0,207.97,0
Osun,2023,19,8.304000000000006,1.3000491163423342,0,0,196.72000000000003,0
Osun,2023,20,13.428000000000004,0.9510927105259583,0,0,216.11,0
Osun,2023,21,-16.436000000000003,-0.7737980795694143,0,0,176.32000000000002,0
Osun,2023,22,-13.994,-0.4461929476437599,0,0,164.87,0
Osun,2023,23,85.726,1.4393932947441812,1,1,314.0,0
Osun,2023,24,12.581999999999994,0.9876128111233428,0,0,359.71,0
Osun,2023,25,27.542,0.8661824037881021,0,0,425.80999999999995,0
Osun,2023,26,-15.617999999999995,-0.6530363588138967,0,0,431.84,0
Osun,2023,27,-8.713999999999999,-0.2645481031055408,0,0,311.82,0
Osun,2023,28,-27.895999999999987,-0.33399637335869786,0,0,273.06,0
Osun,2023,29,43.01200000000001,1.1918249694292076,1,0,281.88,0
Osun,2023,30,38.272,1.3002971082387458,0,0,308.59,0
Osun,2023,31,4.206000000000003,0.11935552943058098,0,0,292.38,0
Osun,2023,32,-11.321999999999996,-0.3984442074987704,0,0,268.96,0
Osun,2023,33,-13.093999999999994,-0.2530646098899374,0,0,220.15,0
Osun,2023,34,-40.704,-0.778586603259335,0,0,178.12,0
Osun,2023,35,81.96199999999999,1.2708427095453751,1,1,303.04,0
Osun,2023,36,47.385999999999996,1.2083258597654987,1,0,386.34,0
Osun,2023,37,-3.8560000000000088,-0.177306541791777,0,0,407.82,0
Osun,2023,38,-24.001999999999995,-0.7694193441997972,0,0,437.65999999999997,0
Osun,2023,39,-41.118,-1.2573261523626615,0,0,316.21,0
Osun,2023,40,-11.226000000000013,-0.3754066651562172,1,0,296.2,0
Osun,2023,41,-22.723999999999997,-1.0870854320247703,0,0,267.4,0
Osun,2023,42,-11.231999999999992,-0.563612824593275,0,0,238.86,0
Osun,2023,43,-33.11599999999999,-1.027982698102684,0,0,197.36,0
Osun,2023,44,33.172,1.261949271705054,0,0,177.13,0
Osun,2023,45,-23.362000000000002,-0.3453462913948924,0,0,167.67999999999998,0
Osun,2023,46,-26.466,-0.47239185293312486,0,0,130.67,0
Osun,2023,47,31.062,1.746615235209968,0,0,163.93,0
Osun,2023,48,-4.526,-0.8706626987137549,0,0,87.39,0
Osun,2023,49,-3.628,-0.6886610232450863,0,0,50.58,0
Osun,2023,50,-32.532,-0.476764469831084,0,0,46.19,0
Osun,2023,51,-2.402,-0.45284802312223305,0,0,2.3,0
Osun,2023,52,-6.112,-0.45256251958888727,0,0,0.51,0
Osun,2024,1,-2.3449999999999998,-0.4669133576877251,0,0,0.37,0
Osun,2024,2,-5.2059999999999995,-0.3963848101024096,0,0,1.31,0
Osun,2024,3,-0.32599999999999996,-0.6466803010739632,0,0,1.3199999999999998,0
Osun,2024,4,2.0679999999999996,1.5635425233543165,0,0,4.93,0
Osun,2024,5,-4.804,-0.6327374949212953,0,0,4.56,0
Osun,2024,6,-14.248000000000001,-0.6191551497017977,0,0,3.6499999999999995,0
Osun,2024,7,-0.476,-0.22252881185925918,0,0,5.13,0
Osun,2024,8,18.174000000000003,1.479408676725496,0,0,36.120000000000005,0
Osun,2024,9,-14.500000000000002,-1.0115966267480128,0,0,38.43000000000001,0
Osun,2024,10,-17.054000000000002,-0.9886618030573535,0,0,48.220000000000006,0
Osun,2024,11,-3.2699999999999996,-0.3395484853241145,0,0,68.80000000000001,0
Osun,2024,12,-26.304000000000002,-1.4502291552477364,0,0,36.980000000000004,0
Osun,2024,13,-15.904,-0.7573461447846422,0,0,43.08,0
Osun,2024,14,-12.931999999999999,-0.5457439043885753,0,0,63.24,0
Osun,2024,15,-34.002,-1.4182742080371595,0,0,57.74,0
Osun,2024,16,-18.294,-1.0604157607598224,0,0,66.91,0
Osun,2024,17,-5.299999999999997,-0.22610530556952965,0,0,103.02000000000001,0
Osun,2024,18,3.2079999999999984,0.23705025066352814,0,0,116.09,0
Osun,2024,19,-6.806000000000001,-1.0655267685243162,0,0,120.17000000000002,0
Osun,2024,20,-9.291999999999998,-0.6581436897681859,0,0,137.24,0
Osun,2024,21,34.023999999999994,1.6018317023162412,0,0,171.16,0
Osun,2024,22,-27.054000000000002,-0.8626056885489697,0,0,164.44,0
Osun,2024,23,-47.23399999999999,-0.7930884782206873,0,0,195.72,0
Osun,2024,24,-6.50800000000001,-0.510839626036459,0,0,245.06,0
Osun,2024,25,-38.507999999999996,-1.2110577301965082,0,0,194.65,0
Osun,2024,26,41.072,1.717345968062772,1,0,270.43,0
Osun,2024,27,20.045999999999992,0.6085760012455439,0,0,312.13,0
Osun,2024,28,-51.37599999999998,-0.6151203641266297,0,0,268.98,0
Osun,2024,29,-12.497999999999998,-0.346308668927886,0,0,288.34,0
Osun,2024,30,-30.867999999999995,-1.0487450652464883,0,0,189.21999999999997,0
Osun,2024,31,-27.453999999999994,-0.7790743473578619,0,0,112.59,0
Osun,2024,32,-43.112,-1.517198964289613,0,0,80.86,0
Osun,2024,33,-62.274,-1.2035547209627286,0,0,38.38,0
Osun,2024,34,21.876000000000005,0.4184443920229269,1,0,128.07,0
Osun,2024,35,-52.687999999999995,-0.8169415177829571,0,0,150.0,0
Osun,2024,36,-10.293999999999997,-0.2624932765041582,0,0,207.41000000000003,0
Osun,2024,37,-6.38600000000001,-0.29364096884914087,0,0,275.53999999999996,0
Osun,2024,38,-32.651999999999994,-1.0467077921344796,0,0,234.14999999999998,0
Osun,2024,39,0.6319999999999908,0.01932560261426116,0,0,289.1,0
Osun,2024,40,17.97399999999999,0.6010653304398571,1,1,355.96999999999997,0
Osun,2024,41,23.086,1.1044030225190922,0,0,375.51,0
Osun,2024,42,-2.691999999999993,-0.13508241842994065,0,0,364.15999999999997,0
Osun,2024,43,39.013999999999996,1.2110676707264802,0,0,353.03999999999996,0
Osun,2024,44,-7.198,-0.27383066615618534,0,0,263.24,0
Osun,2024,45,-48.582,-0.7181582710618382,0,0,182.76,0
Osun,2024,46,-27.906000000000002,-0.49809442484515165,0,0,135.76999999999998,0
Osun,2024,47,-11.248,-0.6324746689086896,0,0,54.59,0
Osun,2024,48,-6.106,-1.1746059298157727,0,0,16.84,0
Osun,2024,49,-3.948,-0.7494028996062846,0,0,4.93,0
Osun,2024,50,-32.221999999999994,-0.4722213435047703,0,0,2.29,0
Osun,2024,51,-2.402,-0.45284802312223305,0,0,0.7099999999999999,0
Osun,2024,52,-6.112,-0.45256251958888727,0,0,0.4999999999999999,0
Osun,2025,1,-2.715,-0.5405841220137201,0,0,0.30999999999999994,0
Osun,2025,2,-6.145999999999999,-0.467956404704074,0,0,0.0,0
Osun,2025,3,-0.33599999999999997,-0.6665171201253118,0,0,0.0,0
Osun,2025,4,-0.8920000000000001,-0.6744100245802954,0,0,0.6499999999999999,0
Osun,2025,5,-1.084,-0.14277423907050044,0,0,4.37,0
Osun,2025,6,-12.898,-0.5604901123563859,0,0,5.75,0
Osun,2025,7,-1.906,-0.8910502424448487,0,0,5.81,0
Osun,2025,8,-4.205999999999998,-0.34237883208470515,0,0,17.380000000000003,0
Osun,2025,9,15.740000000000002,1.0981055796561188,0,0,46.21000000000001,0
Osun,2025,10,29.026000000000003,1.6827077222670777,0,0,100.73000000000002,0
Osun,2025,11,15.290000000000003,1.5876747218977714,0,0,141.3,0
Osun,2025,12,-2.1140000000000043,-0.11655202380602649,0,0,156.05,0
Osun,2025,13,-3.224,-0.15352640661378814,0,0,144.59,0
Osun,2025,14,-15.642,-0.6601087343370009,0,0,115.96000000000001,0
Osun,2025,15,4.097999999999999,0.17093370109217923,0,0,130.0,0
Osun,2025,16,-3.654,-0.21180491908912163,0,0,129.62,0
Osun,2025,17,10.009999999999998,0.4270403978775458,0,0,168.36,0
Osun,2025,18,-13.872,-1.0250502110986484,0,0,167.06,0
Osun,2025,19,-4.975999999999999,-0.7790275051685271,0,0,134.87,0
Osun,2025,20,-12.581999999999997,-0.8911713199164136,0,0,134.01000000000002,0
Osun,2025,21,4.293999999999997,0.20215922083664284,0,0,122.89000000000001,0
Osun,2025,22,0.3860000000000028,0.012307451607152534,0,0,160.69000000000003,0
Osun,2025,23,-24.923999999999992,-0.4184895886685948,0,0,212.45000000000002,0
Osun,2025,24,-11.828000000000003,-0.9284282570312278,0,0,259.76,0
Osun,2025,25,-24.467999999999996,-0.7695066101186289,0,0,253.12000000000003,0
Osun,2025,26,1.1920000000000073,0.04984116658382442,0,0,261.58000000000004,0
Osun,2025,27,39.926,1.2121124127371843,1,0,300.85,0
Osun,2025,28,-12.175999999999988,-0.14578218533178602,0,0,302.21999999999997,0
Osun,2025,29,-40.587999999999994,-1.1246580456429058,0,0,279.45,0
Osun,2025,30,-18.717999999999996,-0.6359469395906365,0,0,232.36,0
Osun,2025,31,5.336000000000006,0.15142204114160254,0,0,168.64,0
Osun,2025,32,6.558,0.23078935813256823,0,0,147.38,0
Osun,2025,33,-29.784,-0.5756282527082556,0,0,165.48,0
Osun,2025,34,-64.054,-1.2252256850720677,0,0,157.09,0
Osun,2025,35,-70.478,-1.0927802211187985,0,0,128.44,0
Osun,2025,36,-59.083999999999996,-1.5066206284215746,0,0,87.38999999999999,0
Osun,2025,37,-5.326000000000008,-0.24490006265119385,0,0,124.08999999999999,0
Osun,2025,38,36.278000000000006,1.1629445449912612,1,1,237.56,0
Osun,2025,39,-8.208000000000013,-0.25098820610420597,0,0,301.46,0
Osun,2025,40,-43.926000000000016,-1.4689215369367523,0,0,355.21999999999997,0
Osun,2025,41,-1.813999999999993,-0.08677930706270577,0,0,348.8,0
Osun,2025,42,1.2080000000000126,0.060616478998280245,0,0,272.41999999999996,0
Osun,2025,43,21.933999999999997,0.6808724634673352,0,0,253.05999999999997,0
Osun,2025,44,0.8219999999999956,0.031271020780825665,0,0,233.17999999999998,0
Osun,2025,45,5.057999999999993,0.07476934945104714,0,0,231.23999999999995,0
Osun,2025,46,-15.966000000000001,-0.28497726607459656,0,0,192.28999999999996,0
Osun,2025,47,-8.698,-0.48908825303767633,0,0,130.73999999999998,0
Osun,2025,48,0.7839999999999998,0.15081740074935565,0,0,91.85999999999999,0
Osun,2025,49,5.561999999999999,1.0557697385030786,0,0,35.81999999999997,0
Osun,2025,50,-26.211999999999996,-0.38414331375914096,0,0,27.24999999999997,0
Osun,2025,51,9.488,1.788768544289653,0,0,35.00999999999998,0
Osun,2025,52,-5.822,-0.4310894942811685,0,0,28.19999999999997,0
Osun,2026,1,-2.695,-0.5366019185366393,0,0,18.51999999999997,0
Oyo,2020,53,0.0,0,0,0,1.96,0
Oyo,2021,1,0.04166666666666652,0.011218543045413528,0,0,3.98,0
Oyo,2021,2,-0.20599999999999996,-0.5219289307028144,0,0,4.1,0
Oyo,2021,3,0.006000000000000005,0.08032193289024996,0,0,4.2,0
Oyo,2021,4,-1.474,-0.5134212048713741,0,0,3.0,0
Oyo,2021,5,0.718,0.39355495325152656,0,0,3.16,0
Oyo,2021,6,-0.03400000000000003,-0.08109502032235508,0,0,3.67,0
Oyo,2021,7,2.4000000000000004,1.6342988526560023,0,0,6.98,0
Oyo,2021,8,-11.822000000000001,-0.7765332038174712,0,0,6.79,0
Oyo,2021,9,-12.435999999999998,-0.9174921166187923,0,0,5.71,0
Oyo,2021,10,3.9419999999999966,0.31289481824486587,0,0,32.14,0
Oyo,2021,11,-12.437999999999999,-1.1719713991314664,0,0,38.06999999999999,0
Oyo,2021,12,34.20399999999999,1.5862382213825317,0,0,96.66,0
Oyo,2021,13,-19.934,-1.1697352131155172,0,0,96.35,0
Oyo,2021,14,-2.1599999999999966,-0.06593885691882377,0,0,109.86999999999999,0
Oyo,2021,15,28.744,1.2417074688546994,0,0,177.44,0
Oyo,2021,16,-9.975999999999996,-0.585304236805146,0,0,137.2,0
Oyo,2021,17,-36.894000000000005,-1.6865472508578017,0,0,147.95,0
Oyo,2021,18,-4.522000000000002,-0.3328520328571813,0,0,138.52999999999997,0
Oyo,2021,19,0.1720000000000006,0.05001655009429014,0,0,86.78999999999999,0
Oyo,2021,20,-11.072,-0.8940556408079854,0,0,89.27999999999999,0
Oyo,2021,21,-3.235999999999997,-0.12670305234204576,0,0,115.65999999999998,0
Oyo,2021,22,44.94199999999999,1.7273330452476487,1,0,183.90999999999997,0
Oyo,2021,23,-39.212,-0.7566118923623412,0,0,203.54,0
Oyo,2021,24,-17.176000000000002,-0.7899247436530675,0,0,253.33999999999997,0
Oyo,2021,25,-2.4680000000000035,-0.07793791497878262,0,0,276.37,0
Oyo,2021,26,-15.443999999999996,-0.46957335006134654,0,0,226.10999999999999,0
Oyo,2021,27,-44.976,-1.3943054417414864,0,0,203.54999999999998,0
Oyo,2021,28,140.42000000000002,1.7049044728475329,1,1,364.96,0
Oyo,2021,29,-23.946,-0.6676849896911902,0,0,331.39,0
Oyo,2021,30,-4.990000000000002,-0.18462337681054436,0,0,317.99999999999994,0
Oyo,2021,31,43.912000000000006,1.4193930051759738,0,0,379.43,0
Oyo,2021,32,14.292000000000002,0.5822601281777267,0,0,202.93999999999997,0
Oyo,2021,33,79.02799999999999,1.4582897224560936,1,1,322.13,0
Oyo,2021,34,83.57400000000001,1.4051176239099843,1,1,453.65999999999997,0
Oyo,2021,35,78.836,1.3075180386296807,1,1,531.99,0
Oyo,2021,36,10.074000000000005,0.26906678613454177,0,0,546.9399999999999,0
Oyo,2021,37,-22.159999999999982,-0.5919134590499134,0,0,462.32,0
Oyo,2021,38,20.262,0.7536542221597882,1,1,407.01,0
Oyo,2021,39,-3.940000000000012,-0.0901590818678731,0,0,334.05999999999995,0
Oyo,2021,40,9.555999999999997,0.3368261201973711,1,0,372.53,0
Oyo,2021,41,-24.558,-0.8583526275138317,0,0,351.11999999999995,0
Oyo,2021,42,-22.428,-1.0215732671693603,0,0,267.79999999999995,0
Oyo,2021,43,-3.798000000000002,-0.15882057035511557,0,0,208.95999999999998,0
Oyo,2021,44,3.9299999999999997,0.15003529776804367,0,0,141.98999999999995,0
Oyo,2021,45,78.282,1.6221378172308918,1,1,229.85999999999999,0
Oyo,2021,46,19.226,1.7046176472461345,0,0,230.02999999999997,0
Oyo,2021,47,-3.1980000000000004,-0.2166202766396741,0,0,206.83999999999997,0
Oyo,2021,48,-5.176000000000001,-0.6365839191592708,0,0,164.68,0
Oyo,2021,49,-1.342,-0.45634328277278785,0,0,36.53999999999997,0
Oyo,2021,50,1.32,0.49695928056265554,0,0,10.999999999999972,0
Oyo,2021,51,-2.554,-0.4476516535155083,0,0,3.9799999999999716,0
Oyo,2021,52,25.05,1.7888091422723165,0,0,34.92999999999997,0
Oyo,2022,1,7.411666666666667,1.9955544369181655,0,0,44.04999999999997,0
Oyo,2022,2,0.43400000000000005,1.099597844296221,0,0,41.51999999999997,0
Oyo,2022,3,0.055999999999999994,0.7496713736423322,0,0,41.669999999999966,0
Oyo,2022,4,5.106,1.7785133460469715,0,0,17.639999999999972,0
Oyo,2022,5,-1.4620000000000002,-0.8013612000748355,0,0,8.249999999999972,0
Oyo,2022,6,0.016000000000000014,0.038162362504637684,0,0,8.169999999999972,0
Oyo,2022,7,-0.86,-0.5856237555350674,0,0,8.169999999999972,0
Oyo,2022,8,-12.072000000000001,-0.7929545623823814,0,0,1.1499999999999715,0
Oyo,2022,9,-4.845999999999998,-0.35752386596451163,0,0,9.839999999999971,0
Oyo,2022,10,-2.8880000000000017,-0.22923395106321004,0,0,29.389999999999972,0
Oyo,2022,11,2.352000000000004,0.22161736056899933,0,0,53.369999999999976,0
Oyo,2022,12,-13.436,-0.6231053895011022,0,0,64.56999999999998,0
Oyo,2022,13,23.766000000000002,1.3945985288905078,0,0,100.36999999999998,0
Oyo,2022,14,-24.219999999999995,-0.7393699604508861,0,0,98.65999999999997,0
Oyo,2022,15,4.6640000000000015,0.2014793916900334,0,0,127.35999999999997,0
Oyo,2022,16,28.864,1.6934865167545852,0,0,173.59999999999997,0
Oyo,2022,17,12.295999999999992,0.5620909903113653,0,0,189.83999999999995,0
Oyo,2022,18,-6.772000000000002,-0.49846836941814054,0,0,200.22999999999996,0
Oyo,2022,19,0.44200000000000017,0.1285309019864894,0,0,172.83999999999997,0
Oyo,2022,20,19.247999999999998,1.5542614680520321,0,0,166.80999999999995,0
Oyo,2022,21,-21.846,-0.8553630659654927,0,0,125.38999999999997,0
Oyo,2022,22,-3.7380000000000067,-0.14366897163312098,0,0,147.20999999999998,0
Oyo,2022,23,5.478000000000009,0.10570029445988247,0,0,211.26,0
Oyo,2022,24,23.034000000000006,1.0593343354276175,1,0,270.94999999999993,0
Oyo,2022,25,37.63199999999999,1.1883953065160222,1,0,352.69,0
Oyo,2022,26,-17.053999999999995,-0.5185252468237636,0,0,349.49999999999994,0
Oyo,2022,27,-9.685999999999993,-0.3002766477389725,0,0,317.53999999999996,0
Oyo,2022,28,-62.5,-0.7588415436046916,0,0,235.81999999999996,0
Oyo,2022,29,27.743999999999993,0.7735844130122932,0,0,213.83999999999997,0
Oyo,2022,30,24.03,0.8890781051617994,0,0,231.07999999999996,0
Oyo,2022,31,-33.907999999999994,-1.0960279199195415,0,0,179.39999999999995,0
Oyo,2022,32,17.362000000000002,0.707332797748509,0,0,208.89999999999998,0
Oyo,2022,33,19.937999999999988,0.36791239163751555,0,0,217.30999999999997,0
Oyo,2022,34,16.043999999999997,0.26974546100475966,1,0,252.28999999999996,0
Oyo,2022,35,-5.733999999999995,-0.09510006131085523,0,0,323.87,0
Oyo,2022,36,25.384000000000007,0.677982062660235,0,0,351.06,0
Oyo,2022,37,65.08000000000001,1.7383451225166247,1,1,412.77,0
Oyo,2022,38,-12.347999999999999,-0.45928942529015215,0,0,392.38,0
Oyo,2022,39,69.22,1.583962346927451,1,1,477.15999999999997,0
Oyo,2022,40,-16.883999999999986,-0.5951205748652585,0,0,473.88,0
Oyo,2022,41,6.7819999999999965,0.2370448538072646,0,0,396.56999999999994,0
Oyo,2022,42,34.982000000000006,1.5933955783894493,0,0,403.27,0
Oyo,2022,43,-21.608000000000004,-0.9035794850535378,0,0,253.45999999999998,0
Oyo,2022,44,-32.839999999999996,-1.2537300709166803,0,0,176.15999999999997,0
Oyo,2022,45,-36.838,-0.7633467835664852,0,0,117.56999999999998,0
Oyo,2022,46,-8.424,-0.7468895797566544,0,0,32.67999999999997,0
Oyo,2022,47,-7.708,-0.5221104103622913,0,0,22.78999999999997,0
Oyo,2022,48,13.704,1.6854223392887648,0,0,36.27999999999997,0
Oyo,2022,49,-1.4120000000000001,-0.4801465836625756,0,0,23.189999999999973,0
Oyo,2022,50,-1.9,-0.7153201765674587,0,0,22.079999999999973,0
Oyo,2022,51,-2.554,-0.4476516535155083,0,0,19.569999999999972,0
Oyo,2022,52,-6.32,-0.45130833449744673,0,0,0.26999999999997515,0
Oyo,2023,1,-1.9783333333333335,-0.5326564237962362,0,0,0.06999999999997514,0
Oyo,2023,2,-0.32599999999999996,-0.8259652010151335,0,0,0.0,0
Oyo,2023,3,0.086,1.1512810380935816,0,0,0.17999999999997512,0
Oyo,2023,4,-0.764,-0.26611519709751,0,0,1.649999999999975,0
Oyo,2023,5,-0.6420000000000001,-0.3518973258878553,0,0,2.469999999999975,0
Oyo,2023,6,0.06599999999999995,0.1574197453316302,0,0,3.1999999999999753,0
Oyo,2023,7,-1.01,-0.6877674338260675,0,0,3.0199999999999747,0
Oyo,2023,8,1.4879999999999995,0.09773992617834518,0,0,15.429999999999975,0
Oyo,2023,9,10.144000000000002,0.7483949848006619,0,0,38.28999999999998,0
Oyo,2023,10,-7.008000000000003,-0.5562574546575401,0,0,53.66999999999997,0
Oyo,2023,11,-1.4279999999999973,-0.13455339748832054,0,0,74.01999999999998,0
Oyo,2023,12,1.8240000000000016,0.08458947830083444,0,0,86.91999999999997,0
Oyo,2023,13,7.0859999999999985,0.4158093568845466,0,0,91.04999999999998,0
Oyo,2023,14,56.83,1.7348635364336855,1,0,174.51,0
Oyo,2023,15,-3.735999999999997,-0.16139086778601286,0,0,198.58999999999997,0
Oyo,2023,16,0.6440000000000019,0.03778427511051677,0,0,201.34999999999997,0
Oyo,2023,17,13.635999999999996,0.6233468399386614,0,0,235.60999999999999,0
Oyo,2023,18,23.208,1.708277306180774,0,0,194.92999999999998,0
Oyo,2023,19,4.811999999999998,1.3993002270565302,0,0,180.30999999999997,0
Oyo,2023,20,5.338000000000001,0.4310394698909887,0,0,188.58999999999997,0
Oyo,2023,21,-20.316,-0.7954571110571705,0,0,147.35999999999999,0
Oyo,2023,22,-11.448,-0.4400006386452558,0,0,131.48999999999998,0
Oyo,2023,23,86.208,1.6634193108429232,1,1,271.9,0
Oyo,2023,24,24.48400000000001,1.1260198779460706,1,1,346.95000000000005,0
Oyo,2023,25,24.24199999999999,0.7655473804358366,0,0,413.77,0
Oyo,2023,26,-18.363999999999997,-0.5583556721397674,0,0,416.98,0
Oyo,2023,27,-7.915999999999997,-0.24540470199274286,0,0,306.06,0
Oyo,2023,28,-9.480000000000004,-0.11510108533395967,0,0,275.90999999999997,0
Oyo,2023,29,45.833999999999996,1.277986879541719,1,0,285.40999999999997,0
Oyo,2023,30,31.67,1.1717479646472821,0,0,311.6,0
Oyo,2023,31,14.222000000000001,0.45970594187494757,0,0,306.28,0
Oyo,2023,32,-8.027999999999999,-0.3270629939134333,0,0,257.37,0
Oyo,2023,33,-3.5019999999999953,-0.0646217873164098,0,0,224.25,0
Oyo,2023,34,-47.07600000000001,-0.7914820071216697,0,0,188.46999999999997,0
Oyo,2023,35,40.715999999999994,0.6752867276478522,1,1,258.37,0
Oyo,2023,36,39.874,1.0649959331277263,1,0,325.44,0
Oyo,2023,37,-27.37999999999999,-0.7313443370391081,0,0,318.12999999999994,0
Oyo,2023,38,-23.938000000000002,-0.8903846989468468,0,0,349.27,0
Oyo,2023,39,-52.31000000000001,-1.1970105513980782,0,0,266.07,0
Oyo,2023,40,1.715999999999994,0.06048489140421588,1,0,266.9,0
Oyo,2023,41,-24.628,-0.8607992715372037,0,0,250.64,0
Oyo,2023,42,-13.508000000000003,-0.6152760697754468,0,0,220.44,0
Oyo,2023,43,-23.558000000000003,-0.9851224319183285,0,0,190.20999999999998,0
Oyo,2023,44,39.62000000000001,1.51256959225697,0,0,166.77,0
Oyo,2023,45,-11.058,-0.22914079843309065,0,0,165.37,0
Oyo,2023,46,-6.133999999999999,-0.5438533573394251,0,0,131.26000000000002,0
Oyo,2023,47,26.142,1.770758996846266,0,0,157.17000000000002,0
Oyo,2023,48,-4.296000000000001,-0.5283548138926252,0,0,80.2,0
Oyo,2023,49,-1.1620000000000001,-0.3951347947704765,0,0,41.58,0
Oyo,2023,50,-1.97,-0.7416740778094177,0,0,38.11,0
Oyo,2023,51,-2.554,-0.4476516535155083,0,0,1.7499999999999998,0
Oyo,2023,52,-6.32,-0.45130833449744673,0,0,0.45,0
Oyo,2024,1,-1.5283333333333335,-0.41149615890576974,0,0,0.45,0
Oyo,2024,2,0.42400000000000004,1.074261488436861,0,0,1.2,0
Oyo,2024,3,-0.054,-0.7228973960122489,0,0,1.24,0
Oyo,2024,4,-1.314,-0.45769027354205266,0,0,2.16,0
Oyo,2024,5,-1.4620000000000002,-0.8013612000748355,0,0,1.71,0
Oyo,2024,6,-0.614,-1.46448066111547,0,0,1.01,0
Oyo,2024,7,0.42999999999999994,0.29281187776753365,0,0,2.41,0
Oyo,2024,8,25.137999999999998,1.6512004464188452,0,0,39.02,0
Oyo,2024,9,-11.065999999999997,-0.8164174784901539,0,0,41.49,0
Oyo,2024,10,-13.518000000000002,-1.0729863401912991,0,0,51.040000000000006,0
Oyo,2024,11,-4.777999999999999,-0.45020737618991363,0,0,66.6,0
Oyo,2024,12,-22.496,-1.043270232376957,0,0,31.53,0
Oyo,2024,13,-12.154,-0.7132016544700509,0,0,37.63,0
Oyo,2024,14,-13.259999999999994,-0.40479131608500196,0,0,57.510000000000005,0
Oyo,2024,15,-35.346,-1.5269062132667062,0,0,53.33,0
Oyo,2024,16,-14.135999999999997,-0.8293765729227692,0,0,65.63,0
Oyo,2024,17,-3.344000000000001,-0.15286534414453543,0,0,102.15,0
Oyo,2024,18,-0.3719999999999999,-0.027381900978078584,0,0,107.98,0
Oyo,2024,19,-0.5680000000000014,-0.16517093286951612,0,0,119.59,0
Oyo,2024,20,-6.221999999999998,-0.5024218024844006,0,0,131.09,0
Oyo,2024,21,41.114,1.6097865556214073,0,0,168.26999999999998,0
Oyo,2024,22,-21.958,-0.8439495128732115,0,0,165.47,0
Oyo,2024,23,-39.792,-0.7678032342365163,0,0,185.26,0
Oyo,2024,24,-13.465999999999994,-0.6193017348644737,0,0,233.92000000000002,0
Oyo,2024,25,-40.578,-1.2814281661300797,0,0,174.49,0
Oyo,2024,26,58.346000000000004,1.7740045767080637,1,1,264.92,0
Oyo,2024,27,27.774,0.8610245317264329,1,0,315.69,0
Oyo,2024,28,-57.440000000000005,-0.6974057322344558,0,0,275.53,0
Oyo,2024,29,-9.496000000000002,-0.26477644124728733,0,0,294.52,0
Oyo,2024,30,-29.29,-1.083691123603375,0,0,183.04000000000002,0
Oyo,2024,31,-23.397999999999996,-0.7563071036415427,0,0,104.41,0
Oyo,2024,32,-39.748000000000005,-1.6193447785340247,0,0,71.74000000000001,0
Oyo,2024,33,-64.092,-1.1826783531363054,0,0,33.36,0
Oyo,2024,34,14.423999999999992,0.24250863435132458,1,0,120.03999999999999,0
Oyo,2024,35,-48.004000000000005,-0.7961603319090163,0,0,138.84,0
Oyo,2024,36,-22.935999999999993,-0.612598352866969,0,0,174.82,0
Oyo,2024,37,-9.949999999999989,-0.2657734168567977,0,0,245.53,0
Oyo,2024,38,-20.50800000000001,-0.7628043030329159,0,0,218.59999999999997,0
Oyo,2024,39,-4.0800000000000125,-0.09336270406622392,0,0,272.34999999999997,0
Oyo,2024,40,40.385999999999996,1.4235098043418828,1,1,374.65999999999997,0
Oyo,2024,41,44.861999999999995,1.5680192025216024,1,0,410.46,0
Oyo,2024,42,3.5020000000000024,0.15951264408895588,0,0,393.84,0
Oyo,2024,43,29.601999999999997,1.2378637503033514,0,0,368.53999999999996,0
Oyo,2024,44,-8.779999999999998,-0.33519336244361914,0,0,258.03,0
Oyo,2024,45,-40.158,-0.832142899572803,0,0,158.04000000000002,0
Oyo,2024,46,-5.473999999999999,-0.4853363674724508,0,0,107.58,0
Oyo,2024,47,-8.778,-0.5945881139284112,0,0,45.410000000000004,0
Oyo,2024,48,-5.466000000000001,-0.6722503288494155,0,0,15.67,0
Oyo,2024,49,-1.342,-0.45634328277278785,0,0,5.97,0
Oyo,2024,50,-1.53,-0.5760209842885325,0,0,2.28,0
Oyo,2024,51,-2.544,-0.44589890624254236,0,0,0.85,0
Oyo,2024,52,-6.32,-0.45130833449744673,0,0,0.72,0
Oyo,2025,1,-1.9783333333333335,-0.5326564237962362,0,0,0.45,0
Oyo,2025,2,-0.32599999999999996,-0.8259652010151335,0,0,0.01,0
Oyo,2025,3,-0.094,-1.258376948613915,0,0,0.0,0
Oyo,2025,4,-1.554,-0.5412866705360349,0,0,0.6799999999999999,0
Oyo,2025,5,2.8480000000000003,1.5610647727859996,0,0,4.99,0
Oyo,2025,6,0.566,1.3499935736015567,0,0,6.220000000000001,0
Oyo,2025,7,-0.96,-0.6537195410624007,0,0,6.2700000000000005,0
Oyo,2025,8,-2.7319999999999993,-0.17945260639733807,0,0,15.250000000000004,0
Oyo,2025,9,18.204,1.3430384762727965,0,0,42.68,0
Oyo,2025,10,19.472,1.5455829276671826,0,0,84.04,0
Oyo,2025,11,16.292,1.5351148122407023,0,0,122.06,0
Oyo,2025,12,-0.09600000000000009,-0.004452077805307075,0,0,137.26,0
Oyo,2025,13,1.2360000000000007,0.07252898181051369,0,0,127.48,0
Oyo,2025,14,-17.189999999999994,-0.5247634029789732,0,0,110.44,0
Oyo,2025,15,5.674000000000007,0.2451102205079868,0,0,126.21000000000001,0
Oyo,2025,16,-5.395999999999997,-0.31658998213718603,0,0,124.85,0
Oyo,2025,17,14.305999999999997,0.6539747647523094,0,0,165.63,0
Oyo,2025,18,-11.542000000000002,-0.8495750029273741,0,0,164.22,0
Oyo,2025,19,-4.8580000000000005,-1.4126767462677947,0,0,130.52,0
Oyo,2025,20,-7.291999999999998,-0.5888234946506348,0,0,132.21,0
Oyo,2025,21,4.283999999999999,0.16773667374330173,0,0,114.91,0
Oyo,2025,22,-7.798000000000002,-0.2997139220960609,0,0,137.44,0
Oyo,2025,23,-12.682000000000002,-0.24470447870394807,0,0,188.63,0
Oyo,2025,24,-16.87599999999999,-0.7761277348561456,0,0,234.95,0
Oyo,2025,25,-18.828000000000003,-0.5945766058429973,0,0,234.10000000000002,0
Oyo,2025,26,-7.483999999999995,-0.22755030768318546,0,0,244.54,0
Oyo,2025,27,34.804,1.0789622597467694,1,0,275.23,0
Oyo,2025,28,-11.0,-0.13355611167442571,0,0,284.92,0
Oyo,2025,29,-40.136,-1.1191098616155353,0,0,251.51999999999998,0
Oyo,2025,30,-21.42,-0.7925115693951621,0,0,213.74,0
Oyo,2025,31,-0.8279999999999959,-0.026763923489836496,0,0,150.65,0
Oyo,2025,32,16.122,0.6568148465212222,0,0,127.41,0
Oyo,2025,33,-31.372,-0.578901973640894,0,0,152.39,0
Oyo,2025,34,-66.96600000000001,-1.1258897121443991,0,0,149.81,0
Oyo,2025,35,-65.81400000000001,-1.0915443730576617,0,0,128.23000000000002,0
Oyo,2025,36,-52.395999999999994,-1.3994464290555333,0,0,78.88,0
Oyo,2025,37,-5.589999999999989,-0.14931390957080382,0,0,121.22999999999999,0
Oyo,2025,38,36.532,1.3588242051101262,1,1,232.73,0
Oyo,2025,39,-8.890000000000015,-0.20343000959527685,0,0,299.48,0
Oyo,2025,40,-34.774,-1.2257002410782112,0,0,356.09,0
Oyo,2025,41,-2.4579999999999984,-0.08591215727783194,0,0,340.21,0
Oyo,2025,42,-2.548000000000002,-0.11605888553359782,0,0,260.5,0
Oyo,2025,43,19.362000000000002,0.80965873702363,0,0,229.77,0
Oyo,2025,44,-1.9299999999999997,-0.07368145666471355,0,0,201.27,0
Oyo,2025,45,9.771999999999998,0.20249266434148686,0,0,198.52999999999997,0
Oyo,2025,46,0.8060000000000009,0.07146165732239602,0,0,160.4,0
Oyo,2025,47,-6.458,-0.4374401959158896,0,0,110.78999999999999,0
Oyo,2025,48,1.233999999999999,0.15176672261254628,0,0,80.89999999999999,0
Oyo,2025,49,5.258,1.7879679439786278,0,0,27.87,0
Oyo,2025,50,4.08,1.5360559581027535,0,0,23.509999999999998,0
Oyo,2025,51,10.206,1.7888538667890672,0,0,32.510000000000005,0
Oyo,2025,52,-6.09,-0.43488413877997634,0,0,25.91,0
Oyo,2026,1,-1.9683333333333335,-0.529963973465337,0,0,19.049999999999997,0
Plateau,2020,53,0.0,0,0,0,0.0,0
Plateau,2021,1,-0.016666666666666666,-0.40824829046386296,0,0,0.0,0
Plateau,2021,2,-0.01999999999999998,-0.447213595499958,0,0,0.0,0
Plateau,2021,3,0.0,0,0,0,0.0,0
Plateau,2021,4,-0.144,-0.4472135954999579,0,0,0.0,0
Plateau,2021,5,-0.004,-0.4472135954999579,0,0,0.0,0
Plateau,2021,6,0.0,0,0,0,0.0,0
Plateau,2021,7,-0.002,-0.4472135954999579,0,0,0.0,0
Plateau,2021,8,-0.02999999999999998,-0.4866642633922877,0,0,0.0,0
Plateau,2021,9,-1.8439999999999999,-0.6656983317639632,0,0,0.01,0
Plateau,2021,10,9.77,1.761238267901384,0,0,13.17,0
Plateau,2021,11,-3.9219999999999997,-0.40152568070665867,0,0,14.129999999999999,0
Plateau,2021,12,7.677999999999999,1.5965504123059222,0,0,25.83,0
Plateau,2021,13,-1.426,-0.4866602263859205,0,0,25.819999999999997,0
Plateau,2021,14,12.66,1.4260622896621962,0,0,33.129999999999995,0
Plateau,2021,15,16.671999999999997,1.3365657983762507,0,0,60.99999999999999,0
Plateau,2021,16,-10.991999999999999,-0.4950097162204131,0,0,51.19,0
Plateau,2021,17,-43.556,-0.6572639327584643,0,0,52.23,0
Plateau,2021,18,-21.812,-0.7495657145396606,0,0,36.989999999999995,0
Plateau,2021,19,-0.19200000000000017,-0.006458930202319908,0,0,35.44,0
Plateau,2021,20,-19.1,-0.4232042719727792,0,0,48.949999999999996,0
Plateau,2021,21,-32.428,-0.5070509360822774,0,0,55.839999999999996,0
Plateau,2021,22,38.726,1.496551721480744,1,0,122.33,0
Plateau,2021,23,-3.764000000000003,-0.1185838776756637,0,0,140.1,0
Plateau,2021,24,6.785999999999998,0.910051548470405,0,0,152.77999999999997,0
Plateau,2021,25,27.171999999999997,0.6940365386435478,1,1,227.39999999999998,0
Plateau,2021,26,70.52199999999999,1.753055196220115,1,1,267.07,0
Plateau,2021,27,1.2959999999999994,0.10890036142811654,0,0,245.88,0
Plateau,2021,28,8.628,0.9985237018444268,0,0,247.62,0
Plateau,2021,29,95.896,0.7956306730136304,1,1,362.41999999999996,0
Plateau,2021,30,-27.054000000000002,-0.6357925210095631,0,0,283.08,0
Plateau,2021,31,26.855999999999995,1.2441607689897993,1,0,324.54999999999995,0
Plateau,2021,32,26.078,1.498009538732854,1,0,350.62,0
Plateau,2021,33,1.1659999999999968,0.14218922219363542,0,0,182.01999999999998,0
Plateau,2021,34,-20.228,-0.8996350980338512,0,0,167.75,0
Plateau,2021,35,7.342000000000002,0.8266046462927841,0,0,139.14,0
Plateau,2021,36,3.094000000000001,0.4473643338060358,0,0,119.75,0
Plateau,2021,37,93.31400000000002,1.7730362718465753,1,1,228.45000000000002,0
Plateau,2021,38,25.321999999999996,1.296619744210627,1,0,269.3,0
Plateau,2021,39,-4.695999999999998,-0.4544589500390509,0,0,251.01000000000002,0
Plateau,2021,40,-20.434,-0.9802148540223361,0,0,234.06000000000003,0
Plateau,2021,41,-7.610000000000003,-0.44546103178174634,0,0,115.58,0
Plateau,2021,42,7.4620000000000015,0.5067044682042586,0,0,78.61,0
Plateau,2021,43,15.068,1.7789168348207869,0,0,79.68,0
Plateau,2021,44,9.132,1.448696948672304,0,0,73.7,0
Plateau,2021,45,14.617999999999999,1.7736161866103852,0,0,73.7,0
Plateau,2021,46,6.264,1.788657464858454,0,0,59.9,0
Plateau,2021,47,-0.06799999999999995,-0.06706362256296583,0,0,40.9,0
Plateau,2021,48,2.528,1.7888543819998317,0,0,30.49,0
Plateau,2021,49,0.0,0,0,0,11.52,0
Plateau,2021,50,0.0,0,0,0,3.66,0
Plateau,2021,51,8.48,1.788854381999832,0,0,13.76,0
Plateau,2021,52,0.032,1.7888543819998317,0,0,10.639999999999999,0
Plateau,2022,1,0.08333333333333334,2.041241452319315,0,0,10.74,0
Plateau,2022,2,0.07999999999999992,1.788854381999832,0,0,10.84,0
Plateau,2022,3,0.0,0,0,0,0.2399999999999999,0
Plateau,2022,4,0.576,1.7888543819998317,0,0,0.9199999999999999,0
Plateau,2022,5,-0.004,-0.4472135954999579,0,0,0.82,0
Plateau,2022,6,0.0,0,0,0,0.72,0
Plateau,2022,7,0.008,1.7888543819998317,0,0,0.73,0
Plateau,2022,8,-0.02999999999999998,-0.4866642633922877,0,0,0.01,0
Plateau,2022,9,1.1360000000000003,0.41010482911272367,0,0,3.0,0
Plateau,2022,10,-1.1699999999999995,-0.21091594405779104,0,0,5.220000000000001,0
Plateau,2022,11,-4.882,-0.49980835624933906,0,0,5.210000000000001,0
Plateau,2022,12,1.0579999999999998,0.21999874136750008,0,0,10.290000000000001,0
Plateau,2022,13,5.234,1.7862409711808611,0,0,13.96,0
Plateau,2022,14,6.05,0.6814910625952832,0,0,25.6,0
Plateau,2022,15,10.072000000000001,0.807455057656286,0,0,47.83,0
Plateau,2022,16,39.218,1.7661290985018345,1,0,94.85,0
Plateau,2022,17,115.124,1.7372314490514613,1,1,247.91,0
Plateau,2022,18,14.527999999999999,0.49925227860041205,0,0,275.62,0
Plateau,2022,19,50.278,1.6913650662095836,1,1,331.14,0
Plateau,2022,20,77.43,1.7156390983692302,1,1,390.96999999999997,0
Plateau,2022,21,113.53199999999998,1.7752099073422076,1,1,385.14,0
Plateau,2022,22,5.716000000000001,0.2208926726226291,0,0,382.28,0
Plateau,2022,23,51.035999999999994,1.6078764030433494,1,1,404.38,0
Plateau,2022,24,-2.404,-0.3223937404248238,0,0,311.34,0
Plateau,2022,25,55.432,1.415863146256777,1,1,268.26,0
Plateau,2022,26,-16.888,-0.41980653063959206,0,0,253.53,0
Plateau,2022,27,-9.464,-0.7952415282065551,0,0,166.78,0
Plateau,2022,28,-8.172,-0.9457505437497283,0,0,160.91,0
Plateau,2022,29,-92.404,-0.7666582204591589,0,0,59.15,0
Plateau,2022,30,29.936000000000007,0.7035220266482695,1,1,124.21000000000001,0
Plateau,2022,31,-12.534000000000002,-0.5806639513895647,0,0,137.05,0
Plateau,2022,32,-1.3320000000000007,-0.07651463707309467,0,0,152.51,0
Plateau,2022,33,-3.9440000000000026,-0.4809556538007719,0,0,167.1,0
Plateau,2022,34,37.202000000000005,1.6545493828878455,1,1,153.27,0
Plateau,2022,35,7.282,0.819849500722426,0,0,163.99,0
Plateau,2022,36,-9.765999999999998,-1.4120750109727678,0,0,159.14999999999998,0
Plateau,2022,37,-12.656000000000002,-0.24047353083664033,0,0,166.99,0
Plateau,2022,38,-10.208000000000006,-0.522703354746943,0,0,114.88,0
Plateau,2022,39,15.414000000000001,1.4917015025344835,0,0,116.76,0
Plateau,2022,40,20.946000000000005,1.0047753906406898,1,0,154.05,0
Plateau,2022,41,15.370000000000001,0.8997025044001891,0,0,164.52,0
Plateau,2022,42,-12.947999999999999,-0.879229355978121,0,0,142.67000000000002,0
Plateau,2022,43,-4.122000000000001,-0.4866402437703269,0,0,104.44000000000001,0
Plateau,2022,44,-4.398000000000001,-0.6976970193014448,0,0,43.550000000000004,0
Plateau,2022,45,-4.342,-0.5268190916857499,0,0,1.61,0
Plateau,2022,46,-1.596,-0.4557307333834758,0,0,0.36,0
Plateau,2022,47,-0.568,-0.5601784943494796,0,0,0.05,0
Plateau,2022,48,-0.632,-0.4472135954999579,0,0,0.01,0
Plateau,2022,49,0.0,0,0,0,0.0,0
Plateau,2022,50,0.0,0,0,0,0.0,0
Plateau,2022,51,-2.12,-0.447213595499958,0,0,0.0,0
Plateau,2022,52,-0.008,-0.4472135954999579,0,0,0.0,0
Plateau,2023,1,-0.016666666666666666,-0.40824829046386296,0,0,0.0,0
Plateau,2023,2,-0.01999999999999998,-0.447213595499958,0,0,0.0,0
Plateau,2023,3,0.0,0,0,0,0.0,0
Plateau,2023,4,-0.144,-0.4472135954999579,0,0,0.0,0
Plateau,2023,5,0.016,1.7888543819998317,0,0,0.02,0
Plateau,2023,6,0.0,0,0,0,0.02,0
Plateau,2023,7,-0.002,-0.4472135954999579,0,0,0.02,0
Plateau,2023,8,-0.02999999999999998,-0.4866642633922877,0,0,0.02,0
Plateau,2023,9,4.386,1.5833800884581035,0,0,6.24,0
Plateau,2023,10,-1.8299999999999996,-0.329894168910904,0,0,7.800000000000001,0
Plateau,2023,11,-3.7619999999999996,-0.3851452347828786,0,0,8.92,0
Plateau,2023,12,-0.7519999999999998,-0.1563696157924008,0,0,12.190000000000001,0
Plateau,2023,13,-1.376,-0.46959640358136506,0,0,6.000000000000001,0
Plateau,2023,14,-6.569999999999999,-0.740065501033225,0,0,5.6800000000000015,0
Plateau,2023,15,-10.578,-0.8480202144448165,0,0,6.140000000000001,0
Plateau,2023,16,-3.792,-0.17076754402363598,0,0,11.96,0
Plateau,2023,17,-29.995999999999995,-0.45264232085184347,0,0,26.509999999999998,0
Plateau,2023,18,-19.822000000000003,-0.6811796989549401,0,0,32.49,0
Plateau,2023,19,-14.642000000000001,-0.4925607084498334,0,0,43.74,0
Plateau,2023,20,1.3999999999999986,0.031020208416852893,0,0,70.55000000000001,0
Plateau,2023,21,-31.017999999999997,-0.48500388353891943,0,0,65.29,0
Plateau,2023,22,-20.444,-0.7900506996320904,0,0,70.62,0
Plateau,2023,23,0.4960000000000022,0.015626355825486028,1,0,107.1,0
Plateau,2023,24,-0.4740000000000002,-0.06356681903551022,0,0,92.02,0
Plateau,2023,25,-31.648,-0.8083640650298469,0,0,106.41000000000001,0
Plateau,2023,26,-25.248000000000005,-0.6276217009467326,0,0,109.48,0
Plateau,2023,27,-4.434000000000001,-0.37258040321934344,0,0,78.3,0
Plateau,2023,28,0.6179999999999986,0.0715215168914991,0,0,79.28999999999999,0
Plateau,2023,29,-92.44399999999999,-0.7669900927679156,0,0,64.57,0
Plateau,2023,30,-49.084,-1.1535166741048788,0,0,58.96999999999999,0
Plateau,2023,31,-27.104000000000006,-1.2556498913724878,0,0,52.209999999999994,0
Plateau,2023,32,-1.4520000000000017,-0.08340784762022037,0,0,58.76,0
Plateau,2023,33,-1.3740000000000023,-0.16755402340828124,0,0,75.96000000000001,0
Plateau,2023,34,2.7319999999999993,0.12150499742082661,0,0,106.68,0
Plateau,2023,35,-13.487999999999996,-1.5185567242164348,0,0,111.2,0
Plateau,2023,36,4.964000000000006,0.7177493707217723,0,0,121.21000000000001,0
Plateau,2023,37,-22.146000000000004,-0.4207906774579833,0,0,116.99,0
Plateau,2023,38,-24.518000000000008,-1.2554507103923929,0,0,85.04,0
Plateau,2023,39,-10.255999999999998,-0.9925321532369054,0,0,82.02,0
Plateau,2023,40,-23.274,-1.1164490805772658,0,0,60.36,0
Plateau,2023,41,21.26,1.2444811479211464,1,0,86.21000000000001,0
Plateau,2023,42,21.912,1.4879266024245126,0,0,113.53,0
Plateau,2023,43,-4.332000000000001,-0.5114326870482911,0,0,100.76,0
Plateau,2023,44,4.122,0.6539124860301399,0,0,92.61,0
Plateau,2023,45,-4.121999999999999,-0.5001262772751407,0,0,45.0,0
Plateau,2023,46,-1.476,-0.4214652647080265,0,0,9.01,0
Plateau,2023,47,1.7719999999999998,1.7475991056114049,0,0,11.25,0
Plateau,2023,48,-0.632,-0.4472135954999579,0,0,2.69,0
Plateau,2023,49,0.0,0,0,0,2.46,0
Plateau,2023,50,0.0,0,0,0,2.34,0
Plateau,2023,51,-2.12,-0.447213595499958,0,0,0.0,0
Plateau,2023,52,-0.008,-0.4472135954999579,0,0,0.0,0
Plateau,2024,1,-0.016666666666666666,-0.40824829046386296,0,0,0.0,0
Plateau,2024,2,-0.01999999999999998,-0.447213595499958,0,0,0.0,0
Plateau,2024,3,0.0,0,0,0,0.0,0
Plateau,2024,4,-0.144,-0.4472135954999579,0,0,0.0,0
Plateau,2024,5,-0.004,-0.4472135954999579,0,0,0.0,0
Plateau,2024,6,0.0,0,0,0,0.0,0
Plateau,2024,7,-0.002,-0.4472135954999579,0,0,0.0,0
Plateau,2024,8,0.10999999999999992,1.7844356324383879,0,0,0.1399999999999999,0
Plateau,2024,9,-1.8539999999999999,-0.6693084094850259,0,0,0.1399999999999999,0
Plateau,2024,10,-3.38,-0.6093127272780633,0,0,0.1499999999999999,0
Plateau,2024,11,17.448,1.7862876279882156,0,0,22.479999999999997,0
Plateau,2024,12,-4.022,-0.8363279185066972,0,0,22.339999999999996,0
Plateau,2024,13,-1.396,-0.4764219327031872,0,0,22.369999999999997,0
Plateau,2024,14,-6.9399999999999995,-0.7817434668448373,0,0,23.229999999999997,0
Plateau,2024,15,-7.627999999999999,-0.6115237470018018,0,0,5.43,0
Plateau,2024,16,-11.672,-0.5256325880389977,0,0,6.64,0
Plateau,2024,17,-2.735999999999997,-0.04128648452629159,0,0,48.47,0
Plateau,2024,18,44.69799999999999,1.5360392585958986,1,0,119.34,0
Plateau,2024,19,-8.662000000000003,-0.29139194485674486,0,0,133.61999999999998,0
Plateau,2024,20,-30.740000000000002,-0.681115147667185,0,0,136.17,0
Plateau,2024,21,-14.967999999999996,-0.23404275352410034,0,0,119.69999999999999,0
Plateau,2024,22,-26.834,-1.0369898490475207,0,0,54.11999999999999,0
Plateau,2024,23,-35.504,-1.1185446315081724,0,0,48.61999999999998,0
Plateau,2024,24,-10.974,-1.4716925571639006,0,0,55.179999999999986,0
Plateau,2024,25,-22.298000000000002,-0.5695431598216484,0,0,62.86999999999998,0
Plateau,2024,26,-23.528000000000002,-0.5848654697352156,0,0,74.04999999999998,0
Plateau,2024,27,-7.414,-0.6229840120586855,0,0,75.88999999999999,0
Plateau,2024,28,-9.382,-1.0857845816764502,0,0,77.37999999999998,0
Plateau,2024,29,162.526,1.3484469713253242,1,1,308.28000000000003,0
Plateau,2024,30,55.79600000000001,1.311254509582671,1,1,405.84000000000003,0
Plateau,2024,31,15.585999999999999,0.7220542800668385,1,0,444.75,0
Plateau,2024,32,-22.982,-1.3201647066170124,0,0,439.77000000000004,0
Plateau,2024,33,-8.914000000000001,-1.087028067439168,0,0,194.46,0
Plateau,2024,34,-13.558,-0.6029885633351273,0,0,104.01,0
Plateau,2024,35,3.042000000000005,0.34248588041714145,0,0,82.37,0
Plateau,2024,36,6.344000000000001,0.9172848525098547,0,0,115.29,0
Plateau,2024,37,-31.436000000000003,-0.5973076734655993,0,0,109.32000000000001,0
Plateau,2024,38,-3.5080000000000062,-0.1796280729283188,0,0,114.67,0
Plateau,2024,39,-5.805999999999997,-0.5618800391666801,0,0,99.57,0
Plateau,2024,40,5.006,0.24013680920210503,0,0,104.81,0
Plateau,2024,41,-14.790000000000003,-0.8657514664982953,0,0,103.9,0
Plateau,2024,42,-4.397999999999998,-0.29864463296198446,0,0,83.9,0
Plateau,2024,43,-2.232,-0.2635082542686486,0,0,68.78000000000002,0
Plateau,2024,44,-4.438000000000001,-0.704042603833518,0,0,23.79,0
Plateau,2024,45,-4.351999999999999,-0.5280324014316867,0,0,12.0,0
Plateau,2024,46,-1.596,-0.4557307333834758,0,0,2.2,0
Plateau,2024,47,-0.568,-0.5601784943494796,0,0,0.0,0
Plateau,2024,48,-0.632,-0.4472135954999579,0,0,0.0,0
Plateau,2024,49,0.0,0,0,0,0.0,0
Plateau,2024,50,0.0,0,0,0,0.0,0
Plateau,2024,51,-2.12,-0.447213595499958,0,0,0.0,0
Plateau,2024,52,-0.008,-0.4472135954999579,0,0,0.0,0
Plateau,2025,1,-0.016666666666666666,-0.40824829046386296,0,0,0.0,0
Plateau,2025,2,-0.01999999999999998,-0.447213595499958,0,0,0.0,0
Plateau,2025,3,0.0,0,0,0,0.0,0
Plateau,2025,4,-0.144,-0.4472135954999579,0,0,0.0,0
Plateau,2025,5,-0.004,-0.4472135954999579,0,0,0.0,0
Plateau,2025,6,0.0,0,0,0,0.0,0
Plateau,2025,7,-0.002,-0.4472135954999579,0,0,0.0,0
Plateau,2025,8,-0.019999999999999983,-0.32444284226152503,0,0,0.01,0
Plateau,2025,9,-1.8239999999999998,-0.6584781763218378,0,0,0.04,0
Plateau,2025,10,-3.3899999999999997,-0.6111154276546256,0,0,0.04,0
Plateau,2025,11,-4.882,-0.49980835624933906,0,0,0.04,0
Plateau,2025,12,-3.962,-0.8238516193743247,0,0,0.09,0
Plateau,2025,13,-1.036,-0.3535624085103883,0,0,0.45,0
Plateau,2025,14,-5.199999999999999,-0.585744384379417,0,0,3.06,0
Plateau,2025,15,-8.538,-0.6844768945859183,0,0,6.68,0
Plateau,2025,16,-12.762,-0.5747192502187876,0,0,6.74,0
Plateau,2025,17,-38.836,-0.5860387109148618,0,0,12.11,0
Plateau,2025,18,-17.592000000000002,-0.6045461237017106,0,0,18.95,0
Plateau,2025,19,-26.782,-0.9009534827006855,0,0,16.02,0
Plateau,2025,20,-28.990000000000002,-0.6423398871461188,0,0,21.41,0
Plateau,2025,21,-35.117999999999995,-0.5491123341969105,0,0,20.89,0
Plateau,2025,22,2.8359999999999985,0.10959615457623788,0,0,47.269999999999996,0
Plateau,2025,23,-12.264000000000003,-0.38637424968499967,0,0,83.13,0
Plateau,2025,24,7.065999999999999,0.947601568153829,0,0,105.97999999999999,0
Plateau,2025,25,-28.658,-0.7319924600488295,0,0,127.46,0
Plateau,2025,26,-4.858000000000004,-0.1207614948985753,0,0,127.63999999999999,0
Plateau,2025,27,20.016,1.6819055820564672,0,0,133.67,0
Plateau,2025,28,8.308,0.9614899066902524,0,0,134.81,0
Plateau,2025,29,-73.57399999999998,-0.6104293311118798,0,0,135.97,0
Plateau,2025,30,-9.594000000000001,-0.22546734111649844,1,0,149.47,0
Plateau,2025,31,-2.804000000000002,-0.12990120629458596,0,0,142.56,0
Plateau,2025,32,-0.31200000000000117,-0.017922347422526734,0,0,142.56,0
Plateau,2025,33,13.065999999999995,1.5933485224545838,0,0,155.32999999999998,0
Plateau,2025,34,-6.148000000000003,-0.2734307189396935,0,0,137.68,0
Plateau,2025,35,-4.177999999999997,-0.4703833032159151,0,0,127.21,0
Plateau,2025,36,-4.635999999999999,-0.6703235460648936,0,0,126.48,0
Plateau,2025,37,-27.076000000000004,-0.5144643900863523,0,0,102.89,0
Plateau,2025,38,12.911999999999999,0.6611623938570262,1,0,117.25,0
Plateau,2025,39,5.344000000000001,0.5171696399081537,0,0,120.52,0
Plateau,2025,40,17.756,0.8517517347568072,1,0,149.49,0
Plateau,2025,41,-14.230000000000002,-0.8329711540412942,0,0,144.78,0
Plateau,2025,42,-12.027999999999999,-0.8167570816886655,0,0,100.73,0
Plateau,2025,43,-4.382000000000001,-0.5173356497335206,0,0,72.31,0
Plateau,2025,44,-4.418000000000001,-0.7008698115674815,0,0,14.59,0
Plateau,2025,45,-1.8019999999999996,-0.21863841621780775,0,0,4.789999999999999,0
Plateau,2025,46,-1.596,-0.4557307333834758,0,0,2.6199999999999997,0
Plateau,2025,47,-0.568,-0.5601784943494796,0,0,2.57,0
Plateau,2025,48,-0.632,-0.4472135954999579,0,0,2.55,0
Plateau,2025,49,0.0,0,0,0,0.0,0
Plateau,2025,50,0.0,0,0,0,0.0,0
Plateau,2025,51,-2.12,-0.447213595499958,0,0,0.0,0
Plateau,2025,52,-0.008,-0.4472135954999579,0,0,0.0,0
Plateau,2026,1,-0.016666666666666666,-0.40824829046386296,0,0,0.0,0
Rivers,2020,53,0.0,0,0,0,0.56,0
Rivers,2021,1,37.10166666666667,0.9510404993857893,0,0,63.77,0
Rivers,2021,2,-3.9859999999999998,-0.41050097716067946,0,0,65.11,0
Rivers,2021,3,-13.482,-0.46371255812489554,0,0,65.13000000000001,0
Rivers,2021,4,-1.6500000000000004,-0.3157702451116327,0,0,70.49,0
Rivers,2021,5,0.34199999999999997,0.5796027432454035,0,0,8.23,0
Rivers,2021,6,11.538,1.7547772459643418,0,0,22.54,0
Rivers,2021,7,0.198,0.5708161849678728,0,0,23.0,0
Rivers,2021,8,-8.126000000000001,-0.6180990038193802,0,0,23.11,0
Rivers,2021,9,-9.5,-0.9730473639525883,0,0,25.9,0
Rivers,2021,10,25.651999999999994,1.0520865472985534,0,0,70.89999999999999,0
Rivers,2021,11,-7.464000000000002,-0.28325871268352193,0,0,84.33,0
Rivers,2021,12,3.3759999999999977,0.23371803350828335,0,0,106.91,0
Rivers,2021,13,-8.331999999999999,-1.1855545093574247,0,0,104.2,0
Rivers,2021,14,46.144000000000005,0.9898579186800662,1,0,155.06,0
Rivers,2021,15,106.238,1.6811703603853063,1,1,308.71000000000004,0
Rivers,2021,16,9.91,0.6559324679560286,0,0,318.99,0
Rivers,2021,17,14.675999999999995,0.6820319478899408,0,0,375.33000000000004,0
Rivers,2021,18,-3.3300000000000054,-0.09177135596539568,0,0,306.87,0
Rivers,2021,19,16.729999999999997,1.2386073354950513,0,0,182.85,0
Rivers,2021,20,-10.402000000000001,-0.28512872259365535,0,0,207.88,0
Rivers,2021,21,23.111999999999995,1.1033515490625594,0,0,220.57999999999998,0
Rivers,2021,22,46.04600000000001,1.2607300253149278,1,0,297.34,0
Rivers,2021,23,-37.881999999999984,-0.5637101600736621,0,0,315.93,0
Rivers,2021,24,94.094,1.7171317603929899,1,1,419.96,0
Rivers,2021,25,-28.461999999999996,-0.5027396680881445,0,0,402.32,0
Rivers,2021,26,-19.024,-0.5354567247488633,0,0,340.15,0
Rivers,2021,27,-13.811999999999983,-0.22672943930025927,1,0,381.41999999999996,0
Rivers,2021,28,72.78,1.6531803735890624,1,1,343.36,0
Rivers,2021,29,-37.663999999999994,-1.4969179931156198,0,0,303.06,0
Rivers,2021,30,-49.45399999999999,-1.0540926190928135,0,0,262.17,0
Rivers,2021,31,43.087999999999994,1.636042816422753,0,0,233.76,0
Rivers,2021,32,49.61999999999999,0.6111934515594981,1,1,260.18,0
Rivers,2021,33,144.21599999999998,1.783920224049474,1,1,445.75,0
Rivers,2021,34,23.659999999999997,0.7995527034472976,0,0,502.92,0
Rivers,2021,35,104.09799999999998,1.6962333742680402,1,1,595.19,0
Rivers,2021,36,-1.0679999999999978,-0.04994332549713957,0,0,485.7,0
Rivers,2021,37,-31.004000000000012,-1.2256988325473974,0,0,326.79,0
Rivers,2021,38,-4.609999999999999,-0.26058896630559164,0,0,333.79999999999995,0
Rivers,2021,39,2.584000000000003,0.1215867088169656,0,0,217.70999999999998,0
Rivers,2021,40,71.998,1.6572287132002264,1,1,318.89,0
Rivers,2021,41,-1.3159999999999954,-0.10350162636224536,0,0,324.74999999999994,0
Rivers,2021,42,3.1700000000000017,0.1427346423855238,0,0,286.18,0
Rivers,2021,43,26.912,1.3458175858246244,0,0,292.34999999999997,0
Rivers,2021,44,-21.296000000000006,-1.1643195103145287,0,0,200.09999999999997,0
Rivers,2021,45,73.184,1.517092496329333,1,0,273.28999999999996,0
Rivers,2021,46,147.30399999999997,1.7726042167625304,1,1,430.38,0
Rivers,2021,47,61.224000000000004,1.7741174959467023,0,0,453.87999999999994,0
Rivers,2021,48,4.782,0.599719800500495,0,0,411.55999999999995,0
Rivers,2021,49,-8.942,-0.4135761041429273,0,0,295.03999999999996,0
Rivers,2021,50,-9.713999999999999,-0.44644043701027025,0,0,99.77999999999997,0
Rivers,2021,51,81.048,1.7885851007162819,1,0,120.74999999999997,0
Rivers,2021,52,15.742,1.7887340594702528,0,0,127.07999999999997,0
Rivers,2022,1,61.58166666666666,1.578545232101232,0,0,213.45,0
Rivers,2022,2,17.264,1.7779450250130382,0,0,231.84999999999997,0
Rivers,2022,3,51.998000000000005,1.7884680015856937,0,0,195.53999999999996,0
Rivers,2022,4,5.0,0.956879530641311,0,0,188.35,0
Rivers,2022,5,-0.22799999999999998,-0.386401828830269,0,0,101.03999999999998,0
Rivers,2022,6,-2.652,-0.40333413557786746,0,0,79.90999999999997,0
Rivers,2022,7,0.518,1.493347392996758,0,0,15.209999999999972,0
Rivers,2022,8,-13.336,-1.0143943286900385,0,0,3.4599999999999715,0
Rivers,2022,9,3.4000000000000004,0.34824853025671587,0,0,19.71999999999997,0
Rivers,2022,10,-0.3480000000000061,-0.014272809857317287,0,0,52.90999999999997,0
Rivers,2022,11,-17.804000000000002,-0.6756615917225915,0,0,55.67999999999997,0
Rivers,2022,12,-15.934000000000001,-1.1030992730808618,0,0,64.15999999999997,0
Rivers,2022,13,4.6480000000000015,0.6613607008513337,0,0,61.52999999999997,0
Rivers,2022,14,37.384,0.8019427971553309,1,0,129.62999999999997,0
Rivers,2022,15,-45.492000000000004,-0.7198912068624066,0,0,141.89,0
Rivers,2022,16,10.91,0.7221214152775249,0,0,172.47999999999996,0
Rivers,2022,17,28.586,1.3284658805111647,0,0,229.74999999999997,0
Rivers,2022,18,-5.650000000000006,-0.15570815651786343,0,0,167.72999999999996,0
Rivers,2022,19,-0.28000000000000114,-0.020729829882762455,0,0,178.42999999999998,0
Rivers,2022,20,0.5579999999999927,0.015295311210080523,0,0,213.41999999999996,0
Rivers,2022,21,15.642000000000003,0.7467387041552683,0,0,204.73999999999995,0
Rivers,2022,22,22.516000000000005,0.6164834567604335,0,0,260.28999999999996,0
Rivers,2022,23,23.60800000000002,0.3513032432030788,1,0,357.38,0
Rivers,2022,24,-39.056,-0.7127372418422919,0,0,317.29999999999995,0
Rivers,2022,25,-52.512,-0.927547798842128,0,0,283.08,0
Rivers,2022,26,-45.744,-1.287527986591253,0,0,217.71999999999997,0
Rivers,2022,27,-16.181999999999988,-0.265633926061164,0,0,195.12999999999997,0
Rivers,2022,28,-40.239999999999995,-0.9140420202421525,0,0,177.2,0
Rivers,2022,29,11.236000000000004,0.44656357717308603,0,0,209.84999999999997,0
Rivers,2022,30,1.5060000000000002,0.032099799497589225,0,0,246.64,0
Rivers,2022,31,-18.531999999999996,-0.7036563654369304,0,0,158.97999999999996,0
Rivers,2022,32,82.49999999999999,1.0161922562204473,1,1,331.29999999999995,0
Rivers,2022,33,-46.384,-0.573759885673648,0,0,277.37,0
Rivers,2022,34,17.86,0.6035507727628375,0,0,277.78,0
Rivers,2022,35,-22.891999999999996,-0.37301556613713976,0,0,304.67999999999995,0
Rivers,2022,36,27.612000000000002,1.2912313704372853,0,0,190.98999999999998,0
Rivers,2022,37,1.3459999999999894,0.053212186447193374,0,0,255.02999999999997,0
Rivers,2022,38,13.510000000000005,0.7636782938803786,0,0,285.96,0
Rivers,2022,39,31.203999999999994,1.4682630270605994,0,0,325.47999999999996,0
Rivers,2022,40,-17.801999999999992,-0.40976118159380004,0,0,308.17999999999995,0
Rivers,2022,41,15.184000000000005,1.1942011357783735,0,0,298.19,0
Rivers,2022,42,-23.419999999999998,-1.054525339012292,0,0,214.90999999999997,0
Rivers,2022,43,-13.098000000000003,-0.6550058984516548,0,0,152.45,0
Rivers,2022,44,25.39399999999999,1.388370099780575,1,0,196.68999999999997,0
Rivers,2022,45,-31.396,-0.650834007634944,0,0,148.79999999999995,0
Rivers,2022,46,-43.056,-0.5181206698862727,0,0,142.11999999999998,0
Rivers,2022,47,-18.266,-0.5293027273775391,0,0,126.13999999999997,0
Rivers,2022,48,-4.778,-0.5992181528212809,0,0,27.569999999999972,0
Rivers,2022,49,-9.592,-0.44363922958386925,0,0,14.979999999999972,0
Rivers,2022,50,37.616,1.7287732631849215,0,0,57.409999999999975,0
Rivers,2022,51,-20.732,-0.4575183386147709,0,0,56.089999999999975,0
Rivers,2022,52,-4.018,-0.4565578357865249,0,0,52.21999999999998,0
Rivers,2023,1,-22.878333333333334,-0.5864486292201038,0,0,54.77999999999997,0
Rivers,2023,2,-5.2459999999999996,-0.5402629518778034,0,0,3.339999999999971,0
Rivers,2023,3,-12.011999999999999,-0.4131519988277885,0,0,4.799999999999971,0
Rivers,2023,4,-1.08,-0.2066859786185232,0,0,11.28999999999997,0
Rivers,2023,5,0.852,1.4439226235236369,0,0,9.519999999999971,0
Rivers,2023,6,-0.8919999999999999,-0.13566140608426008,0,0,12.659999999999973,0
Rivers,2023,7,-0.282,-0.812980627075455,0,0,11.169999999999973,0
Rivers,2023,8,15.784,1.2005998863260026,0,0,34.619999999999976,0
Rivers,2023,9,12.319999999999999,1.2618887919890407,0,0,58.71999999999997,0
Rivers,2023,10,22.051999999999992,0.9044367901538942,0,0,112.54999999999997,0
Rivers,2023,11,45.096,1.711392672451246,0,0,179.01999999999998,0
Rivers,2023,12,22.506,1.5580740705383378,0,0,196.81999999999996,0
Rivers,2023,13,4.658000000000001,0.6627835939254544,0,0,185.27999999999997,0
Rivers,2023,14,15.244,0.32700663384966466,0,0,208.83999999999997,0
Rivers,2023,15,-40.94200000000001,-0.6478894265224799,0,0,162.75,0
Rivers,2023,16,12.129999999999999,0.8028719310097503,0,0,156.11999999999998,0
Rivers,2023,17,-21.814000000000004,-1.0137534008770221,0,0,162.97999999999996,0
Rivers,2023,18,-26.980000000000004,-0.7435408960799915,0,0,101.76999999999997,0
Rivers,2023,19,2.8699999999999974,0.2124807562983141,0,0,111.06999999999996,0
Rivers,2023,20,19.317999999999998,0.529524770531074,0,0,163.59999999999997,0
Rivers,2023,21,-6.917999999999999,-0.33026073106675263,0,0,182.75999999999996,0
Rivers,2023,22,-45.263999999999996,-1.2393190258840048,0,0,191.85999999999996,0
Rivers,2023,23,-16.35199999999999,-0.24332898309288112,0,0,245.83999999999995,0
Rivers,2023,24,-6.885999999999996,-0.12566337175660638,0,0,219.16999999999996,0
Rivers,2023,25,11.298000000000002,0.19956267198580066,0,0,271.31999999999994,0
Rivers,2023,26,41.146,1.1581109333745125,1,0,360.63,0
Rivers,2023,27,-41.001999999999995,-0.6730640363589082,0,0,353.18,0
Rivers,2023,28,-24.819999999999993,-0.5637803912129777,0,0,318.49999999999994,0
Rivers,2023,29,5.116,0.20333030089155457,0,0,281.21999999999997,0
Rivers,2023,30,30.836000000000013,0.6572572492082747,0,0,260.44999999999993,0
Rivers,2023,31,-23.682,-0.89920084428434,0,0,192.45999999999998,0
Rivers,2023,32,-77.18,-0.9506632525465958,0,0,189.67999999999995,0
Rivers,2023,33,-33.264,-0.41146836920162616,0,0,154.98999999999995,0
Rivers,2023,34,-28.090000000000003,-0.9492576263666355,0,0,80.11999999999998,0
Rivers,2023,35,2.9580000000000055,0.04819937290903642,0,0,138.01999999999998,0
Rivers,2023,36,5.091999999999999,0.23811930096576323,0,0,161.48999999999998,0
Rivers,2023,37,-19.41400000000001,-0.7675047456804017,0,0,191.64999999999998,0
Rivers,2023,38,-25.40999999999999,-1.4363482936713845,0,0,229.60999999999999,0
Rivers,2023,39,-4.786000000000001,-0.2251989119187294,0,0,207.28999999999996,0
Rivers,2023,40,-38.44199999999999,-0.8848466095286409,0,0,191.86999999999998,0
Rivers,2023,41,9.514000000000003,0.7482632775155061,0,0,196.96999999999997,0
Rivers,2023,42,-1.5,-0.06754005160198284,0,0,174.52999999999997,0
Rivers,2023,43,-16.268000000000004,-0.8135315281731196,0,0,144.88999999999996,0
Rivers,2023,44,-7.926000000000002,-0.43333942706390655,0,0,176.44999999999996,0
Rivers,2023,45,-28.235999999999997,-0.5853277181672913,0,0,137.39,0
Rivers,2023,46,-29.736,-0.3578325027809877,0,0,122.10999999999997,0
Rivers,2023,47,-7.686,-0.2227209439737089,0,0,119.87999999999998,0
Rivers,2023,48,11.552,1.4487584975704138,0,0,70.95999999999998,0
Rivers,2023,49,-9.942,-0.45982706635976106,0,0,54.85999999999997,0
Rivers,2023,50,-13.834,-0.6357892737904138,0,0,32.519999999999975,0
Rivers,2023,51,-20.652,-0.4557528810086943,0,0,20.69999999999997,0
Rivers,2023,52,-4.018,-0.4565578357865249,0,0,0.4999999999999716,0
Rivers,2024,1,-24.198333333333334,-0.6202846687292698,0,0,2.0899999999999714,0
Rivers,2024,2,-2.7059999999999995,-0.27867928855915663,0,0,4.639999999999972,0
Rivers,2024,3,-13.501999999999999,-0.4644004568908426,0,0,4.529999999999971,0
Rivers,2024,4,5.1,0.9760171212541372,0,0,17.19999999999997,0
Rivers,2024,5,-0.608,-1.0304048768807175,0,0,15.28999999999997,0
Rivers,2024,6,-4.112,-0.6253808316350644,0,0,12.669999999999972,0
Rivers,2024,7,-0.22199999999999998,-0.640006025570039,0,0,12.729999999999972,0
Rivers,2024,8,-6.706,-0.5100876100926364,0,0,7.509999999999971,0
Rivers,2024,9,-10.47,-1.072400621114063,0,0,10.279999999999971,0
Rivers,2024,10,-31.168000000000006,-1.2783187863013148,0,0,14.109999999999971,0
Rivers,2024,11,-19.254,-0.7306890747599852,0,0,16.16999999999997,0
Rivers,2024,12,-2.394000000000002,-0.1657348851359097,0,0,31.55999999999997,0
Rivers,2024,13,6.008000000000001,0.8548741589317582,0,0,44.15999999999997,0
Rivers,2024,14,-54.646,-1.1722385537489357,0,0,51.04999999999997,0
Rivers,2024,15,-29.201999999999998,-0.4621090086783609,0,0,81.04999999999997,0
Rivers,2024,16,-18.18,-1.2033150623048032,0,0,69.00999999999998,0
Rivers,2024,17,-3.1840000000000046,-0.14796877364960312,0,0,93.14999999999998,0
Rivers,2024,18,61.85,1.704522031969884,1,0,190.65999999999997,0
Rivers,2024,19,-20.950000000000003,-1.5510354858709703,0,0,164.39999999999998,0
Rivers,2024,20,44.238,1.2126056941067223,1,0,272.15999999999997,0
Rivers,2024,21,-1.3979999999999961,-0.06673959266136441,0,0,278.21,0
Rivers,2024,22,-25.58399999999999,-0.7004846668040025,0,0,218.15999999999997,0
Rivers,2024,23,-72.25199999999998,-1.0751593497081,0,0,240.05999999999997,0
Rivers,2024,24,-9.495999999999995,-0.1732935489690291,0,0,185.85999999999996,0
Rivers,2024,25,92.70799999999997,1.6375514422428392,1,1,313.8999999999999,0
Rivers,2024,26,-5.834000000000003,-0.1642059783528632,0,0,336.5499999999999,0
Rivers,2024,27,-35.88199999999999,-0.5890172126391479,0,0,390.1199999999999,0
Rivers,2024,28,-13.61999999999999,-0.30937505754716976,0,0,369.2499999999999,0
Rivers,2024,29,29.816000000000003,1.1850070858840094,0,0,275.25999999999993,0
Rivers,2024,30,-42.72399999999999,-0.9106453079249678,0,0,227.90999999999994,0
Rivers,2024,31,2.1380000000000017,0.08117943607296345,0,0,180.61999999999995,0
Rivers,2024,32,-96.86000000000001,-1.1930712962122736,0,0,146.95999999999992,0
Rivers,2024,33,-31.544,-0.3901923472251111,0,0,89.28999999999994,0
Rivers,2024,34,22.819999999999993,0.7711662169343756,0,0,138.88999999999993,0
Rivers,2024,35,-33.302,-0.5426421624803002,0,0,134.70999999999995,0
Rivers,2024,36,0.6020000000000039,0.028151574858874786,0,0,173.36999999999995,0
Rivers,2024,37,27.305999999999983,1.0795036873158044,0,0,248.52999999999994,0
Rivers,2024,38,19.790000000000006,1.1186671677196662,1,0,280.7799999999999,0
Rivers,2024,39,-0.6659999999999968,-0.03133775080189574,0,0,298.8399999999999,0
Rivers,2024,40,7.078000000000003,0.16291931487029093,0,0,333.42999999999995,0
Rivers,2024,41,-6.665999999999997,-0.5242719159048097,0,0,275.62999999999994,0
Rivers,2024,42,-13.369999999999997,-0.602006993279007,0,0,196.11999999999995,0
Rivers,2024,43,15.991999999999997,0.7997292966894839,0,0,194.61999999999995,0
Rivers,2024,44,-7.2960000000000065,-0.39889533937146915,0,0,181.28999999999996,0
Rivers,2024,45,-39.006,-0.8085880781567278,0,0,147.63999999999993,0
Rivers,2024,46,-51.576,-0.6206473353319956,0,0,122.38999999999994,0
Rivers,2024,47,-18.125999999999998,-0.5252458795820253,0,0,77.45999999999994,0
Rivers,2024,48,-7.827999999999999,-0.9817245082220566,0,0,8.529999999999944,0
Rivers,2024,49,-10.192,-0.4713898069139695,0,0,2.9499999999999433,0
Rivers,2024,50,-13.894,-0.6385467811221635,0,0,2.3899999999999433,0
Rivers,2024,51,-20.762,-0.45818038521704973,0,0,0.8999999999999431,0
Rivers,2024,52,-3.9379999999999997,-0.44746758519844076,0,0,0.15999999999994305,0
Rivers,2025,1,-25.568333333333335,-0.6554023764016619,0,0,0.6299999999999432,0
Rivers,2025,2,-5.326,-0.5485018074153986,0,0,0.6199999999999432,0
Rivers,2025,3,-13.001999999999999,-0.4472029877421667,0,0,1.119999999999943,0
Rivers,2025,4,-7.37,-1.4104404281652925,0,0,1.239999999999943,0
Rivers,2025,5,-0.358,-0.606718661058054,0,0,0.9499999999999431,0
Rivers,2025,6,-3.882,-0.5904008726671498,0,0,1.179999999999943,0
Rivers,2025,7,-0.21199999999999997,-0.6111769253191364,0,0,0.7499999999999432,0
Rivers,2025,8,12.383999999999999,0.9419810562760526,0,0,27.089999999999943,0
Rivers,2025,9,4.250000000000002,0.4353106628208949,0,0,44.32999999999994,0
Rivers,2025,10,-16.188000000000006,-0.6639317412938169,0,0,62.90999999999995,0
Rivers,2025,11,-0.5740000000000016,-0.021783293285147644,0,0,83.63999999999994,0
Rivers,2025,12,-7.554000000000002,-0.5229579458298501,0,0,74.77999999999994,0
Rivers,2025,13,-6.981999999999998,-0.9934639443511207,0,0,59.669999999999945,0
Rivers,2025,14,-44.126000000000005,-0.9465687959361261,0,0,62.09999999999994,0
Rivers,2025,15,9.397999999999996,0.14871928167794105,0,0,112.01999999999994,0
Rivers,2025,16,-14.77,-0.9776107519385007,0,0,108.54999999999993,0
Rivers,2025,17,-18.264000000000003,-0.8487756538744812,0,0,130.59999999999994,0
Rivers,2025,18,-25.890000000000004,-0.7135016234066338,0,0,129.84999999999994,0
Rivers,2025,19,1.629999999999999,0.12067722396036658,0,0,87.56999999999994,0
Rivers,2025,20,-53.712,-1.4722970532542219,0,0,93.96999999999994,0
Rivers,2025,21,-30.438,-1.4530899294897106,0,0,86.05999999999995,0
Rivers,2025,22,2.2860000000000014,0.06259021061264662,0,0,141.61999999999995,0
Rivers,2025,23,102.878,1.5308952496715655,1,1,316.06999999999994,0
Rivers,2025,24,-38.65599999999999,-0.7054375978250622,0,0,330.6599999999999,0
Rivers,2025,25,-23.031999999999996,-0.40682664729836776,0,0,371.99999999999994,0
Rivers,2025,26,29.456000000000003,0.829079756318467,1,0,402.06999999999994,0
Rivers,2025,27,106.87800000000001,1.7544446143594803,1,1,423.27,0
Rivers,2025,28,5.900000000000006,0.13401709541323822,0,0,451.08,0
Rivers,2025,29,-8.503999999999998,-0.33798297083302964,0,0,434.50999999999993,0
Rivers,2025,30,59.83600000000001,1.2753808783119183,1,1,454.42999999999995,0
Rivers,2025,31,-3.011999999999997,-0.11436504277444597,0,0,259.22999999999996,0
Rivers,2025,32,41.92,0.5163488409789232,1,1,344.83,0
Rivers,2025,33,-33.024,-0.4084996219490892,0,0,323.99999999999994,0
Rivers,2025,34,-36.25000000000001,-1.225012066777876,0,0,211.96999999999997,0
Rivers,2025,35,-50.861999999999995,-0.8287750185596368,0,0,195.38,0
Rivers,2025,36,-32.238,-1.5075589207647833,0,0,62.41999999999997,0
Rivers,2025,37,21.76599999999999,0.8604877044647992,0,0,133.51999999999998,0
Rivers,2025,38,-3.279999999999987,-0.18540820162306668,0,0,201.76999999999998,0
Rivers,2025,39,-28.336,-1.3333130731569398,0,0,209.72,0
Rivers,2025,40,-22.831999999999994,-0.5255402369480757,0,0,247.24,0
Rivers,2025,41,-16.715999999999994,-1.3146908710268228,0,0,184.93,0
Rivers,2025,42,35.120000000000005,1.5813377415077585,0,0,176.98,0
Rivers,2025,43,-13.538000000000004,-0.6770094558893345,0,0,173.62,0
Rivers,2025,44,11.123999999999995,0.6081841769693279,0,0,208.62,0
Rivers,2025,45,25.454,0.52765730762963,0,0,249.48,0
Rivers,2025,46,-22.936,-0.2760037087632746,0,0,204.38,0
Rivers,2025,47,-17.146,-0.49684794501342866,0,0,189.96,0
Rivers,2025,48,-3.7279999999999998,-0.46753563702757117,0,0,106.70999999999998,0
Rivers,2025,49,38.668,1.788432207000527,0,0,85.52999999999999,0
Rivers,2025,50,-0.1739999999999995,-0.007996771262073998,0,0,70.04999999999998,0
Rivers,2025,51,-18.902,-0.417133495875767,0,0,69.43999999999998,0
Rivers,2025,52,-3.768,-0.42815080269876205,0,0,64.76999999999998,0
Rivers,2026,1,-26.038333333333334,-0.667450057135986,0,0,15.909999999999986,0
Sokoto,2020,53,0.0,0,0,0,0.0,0
Sokoto,2021,1,-0.023333333333333334,-0.408248290463863,0,0,0.0,0
Sokoto,2021,2,0.0,0,0,0,0.0,0
Sokoto,2021,3,0.0,0,0,0,0.0,0
Sokoto,2021,4,0.0,0,0,0,0.0,0
Sokoto,2021,5,0.0,0,0,0,0.0,0
Sokoto,2021,6,0.0,0,0,0,0.0,0
Sokoto,2021,7,0.0,0,0,0,0.0,0
Sokoto,2021,8,0.0,0,0,0,0.0,0
Sokoto,2021,9,0.0,0,0,0,0.0,0
Sokoto,2021,10,0.048,1.788854381999832,0,0,0.06,0
Sokoto,2021,11,-1.57,-0.4450870465352299,0,0,0.06999999999999999,0
Sokoto,2021,12,-0.046,-0.29924435797653254,0,0,0.1,0
Sokoto,2021,13,0.0,0,0,0,0.1,0
Sokoto,2021,14,-11.008,-0.6960669176551391,0,0,0.04,0
Sokoto,2021,15,-0.422,-0.7268088248425497,0,0,0.03,0
Sokoto,2021,16,-0.006000000000000005,-0.009946542837154253,0,0,0.6699999999999999,0
Sokoto,2021,17,-3.5660000000000003,-0.6583664859523889,0,0,0.6699999999999999,0
Sokoto,2021,18,-0.013999999999999999,-0.2103420840560833,0,0,0.7,0
Sokoto,2021,19,-14.956000000000001,-0.5496912427701887,0,0,4.55,0
Sokoto,2021,20,-50.50000000000001,-0.4687699738587489,0,0,5.36,0
Sokoto,2021,21,-3.4319999999999995,-0.583654309640414,0,0,6.6000000000000005,0
Sokoto,2021,22,-13.341999999999997,-0.44640608314591645,0,0,22.130000000000003,0
Sokoto,2021,23,-15.331999999999997,-0.5861518092269059,0,0,34.85,0
Sokoto,2021,24,-7.400000000000002,-0.8503913179882591,0,0,52.52,0
Sokoto,2021,25,7.611999999999998,0.25840934042944097,0,0,86.99000000000001,0
Sokoto,2021,26,-7.358000000000004,-0.37534755621115695,0,0,93.68,0
Sokoto,2021,27,-29.348,-1.0579590188910344,0,0,98.33000000000001,0
Sokoto,2021,28,-27.171999999999997,-0.2327713728660726,1,1,178.3,0
Sokoto,2021,29,-4.054000000000002,-0.19491860617445592,0,0,179.96,0
Sokoto,2021,30,40.062,1.7609772063027287,1,1,248.17,0
Sokoto,2021,31,-38.50000000000001,-0.8836974788744308,0,0,259.15999999999997,0
Sokoto,2021,32,5.176000000000002,0.3445049079773631,1,0,230.56,0
Sokoto,2021,33,35.218,1.3049613437830516,1,1,296.06,0
Sokoto,2021,34,30.50200000000001,1.050560342718961,1,1,291.23,0
Sokoto,2021,35,-37.91200000000001,-0.9348111146667578,0,0,303.50000000000006,0
Sokoto,2021,36,308.39400000000006,1.7820275990579235,1,1,690.4100000000001,0
Sokoto,2021,37,0.5520000000000067,0.05069870556039131,0,0,643.69,0
Sokoto,2021,38,-15.348,-0.6957730154679512,0,0,567.4800000000001,0
Sokoto,2021,39,-7.8420000000000005,-0.5623408269957232,0,0,537.44,0
Sokoto,2021,40,-8.408,-1.1921496506584441,0,0,80.58,0
Sokoto,2021,41,1.2480000000000002,0.4690397088664917,0,0,28.759999999999998,0
Sokoto,2021,42,3.3919999999999995,1.2463077343654059,0,0,24.879999999999995,0
Sokoto,2021,43,-6.146,-0.4455821575708607,0,0,10.469999999999999,0
Sokoto,2021,44,0.0,0,0,0,9.899999999999999,0
Sokoto,2021,45,0.0,0,0,0,5.569999999999999,0
Sokoto,2021,46,0.0,0,0,0,0.03,0
Sokoto,2021,47,-0.3,-0.4472135954999579,0,0,0.0,0
Sokoto,2021,48,0.0,0,0,0,0.0,0
Sokoto,2021,49,0.0,0,0,0,0.0,0
Sokoto,2021,50,0.0,0,0,0,0.0,0
Sokoto,2021,51,0.0,0,0,0,0.0,0
Sokoto,2021,52,0.0,0,0,0,0.0,0
Sokoto,2022,1,0.11666666666666668,2.041241452319315,0,0,0.14,0
Sokoto,2022,2,0.0,0,0,0,0.14,0
Sokoto,2022,3,0.0,0,0,0,0.14,0
Sokoto,2022,4,0.0,0,0,0,0.14,0
Sokoto,2022,5,0.0,0,0,0,0.0,0
Sokoto,2022,6,0.0,0,0,0,0.0,0
Sokoto,2022,7,0.0,0,0,0,0.0,0
Sokoto,2022,8,0.0,0,0,0,0.0,0
Sokoto,2022,9,0.0,0,0,0,0.0,0
Sokoto,2022,10,-0.012,-0.447213595499958,0,0,0.0,0
Sokoto,2022,11,-1.58,-0.4479219958762186,0,0,0.0,0
Sokoto,2022,12,-0.076,-0.4944037218742711,0,0,0.0,0
Sokoto,2022,13,0.0,0,0,0,0.0,0
Sokoto,2022,14,24.371999999999996,1.541110366741556,0,0,35.379999999999995,0
Sokoto,2022,15,0.758,1.3055002114470444,0,0,36.559999999999995,0
Sokoto,2022,16,-0.08599999999999997,-0.1425671139992108,0,0,37.15,0
Sokoto,2022,17,-3.5660000000000003,-0.6583664859523889,0,0,37.15,0
Sokoto,2022,18,-0.044,-0.6610751213191189,0,0,1.77,0
Sokoto,2022,19,-11.986,-0.44053217677477136,0,0,7.41,0
Sokoto,2022,20,192.61,1.7879165280184877,1,1,251.41000000000003,0
Sokoto,2022,21,9.788,1.664571207098011,0,0,265.87,0
Sokoto,2022,22,-16.191999999999997,-0.5417634011616459,0,0,278.58000000000004,0
Sokoto,2022,23,21.628000000000004,0.8268517694990559,0,0,325.29,0
Sokoto,2022,24,8.750000000000004,1.0055302746482795,0,0,116.0,0
Sokoto,2022,25,45.25200000000001,1.536198039032195,1,0,174.89000000000001,0
Sokoto,2022,26,-8.468000000000004,-0.43197106632183696,0,0,183.32,0
Sokoto,2022,27,-28.807999999999996,-1.0384926882994725,0,0,151.55000000000004,0
Sokoto,2022,28,-86.182,-0.7382858257155849,0,0,156.36,0
Sokoto,2022,29,9.746000000000002,0.4685931760671551,0,0,134.18,0
Sokoto,2022,30,-3.2379999999999995,-0.1423304925866965,0,0,160.2,0
Sokoto,2022,31,-14.330000000000005,-0.32891908759144406,0,0,194.82000000000002,0
Sokoto,2022,32,19.40599999999999,1.2916271723741697,1,1,239.46,0
Sokoto,2022,33,-13.932000000000002,-0.5162337850413276,0,0,242.01000000000002,0
Sokoto,2022,34,25.611999999999995,0.8821372860047871,1,0,275.59000000000003,0
Sokoto,2022,35,-26.102000000000004,-0.643607293601807,0,0,275.5,0
Sokoto,2022,36,-87.27600000000001,-0.5043166881825825,0,0,252.51,0
Sokoto,2022,37,0.892000000000003,0.08192616913019685,0,0,255.28,0
Sokoto,2022,38,-9.308,-0.4219608566572641,0,0,190.00000000000003,0
Sokoto,2022,39,-4.681999999999999,-0.3357408508025982,0,0,151.31,0
Sokoto,2022,40,1.0619999999999994,0.1505783692910641,0,0,99.59,0
Sokoto,2022,41,0.8980000000000001,0.33749812384784417,0,0,47.08,0
Sokoto,2022,42,-2.1479999999999997,-0.789230251596961,0,0,31.62,0
Sokoto,2022,43,-6.176,-0.44775714369632863,0,0,14.02,0
Sokoto,2022,44,0.0,0,0,0,3.98,0
Sokoto,2022,45,0.0,0,0,0,0.0,0
Sokoto,2022,46,0.0,0,0,0,0.0,0
Sokoto,2022,47,-0.3,-0.4472135954999579,0,0,0.0,0
Sokoto,2022,48,0.0,0,0,0,0.0,0
Sokoto,2022,49,0.0,0,0,0,0.0,0
Sokoto,2022,50,0.0,0,0,0,0.0,0
Sokoto,2022,51,0.0,0,0,0,0.0,0
Sokoto,2022,52,0.0,0,0,0,0.0,0
Sokoto,2023,1,-0.023333333333333334,-0.408248290463863,0,0,0.0,0
Sokoto,2023,2,0.0,0,0,0,0.0,0
Sokoto,2023,3,0.0,0,0,0,0.0,0
Sokoto,2023,4,0.0,0,0,0,0.0,0
Sokoto,2023,5,0.0,0,0,0,0.0,0
Sokoto,2023,6,0.0,0,0,0,0.0,0
Sokoto,2023,7,0.0,0,0,0,0.0,0
Sokoto,2023,8,0.0,0,0,0,0.0,0
Sokoto,2023,9,0.0,0,0,0,0.0,0
Sokoto,2023,10,-0.012,-0.447213595499958,0,0,0.0,0
Sokoto,2023,11,-1.58,-0.4479219958762186,0,0,0.0,0
Sokoto,2023,12,0.27399999999999997,1.7824555235993456,0,0,0.35,0
Sokoto,2023,13,0.0,0,0,0,0.35,0
Sokoto,2023,14,-10.158,-0.6423190179452128,0,0,1.2,0
Sokoto,2023,15,-0.412,-0.7095858669078922,0,0,1.21,0
Sokoto,2023,16,0.974,1.614655453898039,0,0,2.51,0
Sokoto,2023,17,2.0340000000000003,0.375523677068749,0,0,8.11,0
Sokoto,2023,18,-0.044,-0.6610751213191189,0,0,7.260000000000001,0
Sokoto,2023,19,47.304,1.7386062147633725,1,0,73.36,0
Sokoto,2023,20,-42.84,-0.39766545901205547,0,0,80.85,0
Sokoto,2023,21,1.1980000000000004,0.20373480855163645,0,0,81.12,0
Sokoto,2023,22,-12.511999999999997,-0.41863535544309,0,0,97.51,0
Sokoto,2023,23,-19.482,-0.7448088669031165,0,0,43.82,0
Sokoto,2023,24,8.529999999999998,0.9802483705999792,0,0,69.75999999999999,0
Sokoto,2023,25,-0.7180000000000035,-0.02437439653551492,0,0,91.27,0
Sokoto,2023,26,-23.358000000000004,-1.191542296545284,0,0,81.13,0
Sokoto,2023,27,32.522000000000006,1.172377784256993,1,0,151.8,0
Sokoto,2023,28,-88.162,-0.7552476731421572,0,0,154.85,0
Sokoto,2023,29,2.445999999999998,0.11760505937412889,0,0,171.34,0
Sokoto,2023,30,-12.867999999999995,-0.5656296413235361,0,0,202.62,0
Sokoto,2023,31,-38.440000000000005,-0.8823202879982628,0,0,151.8,0
Sokoto,2023,32,5.325999999999993,0.3544886282626416,1,0,184.34,0
Sokoto,2023,33,-34.672,-1.2847299594424997,0,0,173.45,0
Sokoto,2023,34,-36.257999999999996,-1.2488104683726993,0,0,154.79,0
Sokoto,2023,35,-20.442000000000007,-0.5040464445562847,0,0,184.47,0
Sokoto,2023,36,-65.206,-0.37678713471783154,1,0,197.63,0
Sokoto,2023,37,6.552,0.6017715920863765,0,0,226.79999999999998,0
Sokoto,2023,38,-20.068,-0.9097454309623955,0,0,212.63000000000002,0
Sokoto,2023,39,-12.592,-0.9029578798176672,0,0,160.37,0
Sokoto,2023,40,7.811999999999999,1.1076442758020653,0,0,93.33,0
Sokoto,2023,41,-3.082,-1.1583176143642044,0,0,31.18,0
Sokoto,2023,42,2.5120000000000005,0.922973180638532,0,0,31.14,0
Sokoto,2023,43,-6.176,-0.44775714369632863,0,0,21.45,0
Sokoto,2023,44,0.0,0,0,0,4.66,0
Sokoto,2023,45,0.0,0,0,0,4.66,0
Sokoto,2023,46,0.0,0,0,0,0.0,0
Sokoto,2023,47,1.2,1.7888543819998317,0,0,1.5,0
Sokoto,2023,48,0.0,0,0,0,1.5,0
Sokoto,2023,49,0.0,0,0,0,1.5,0
Sokoto,2023,50,0.0,0,0,0,1.5,0
Sokoto,2023,51,0.0,0,0,0,0.0,0
Sokoto,2023,52,0.0,0,0,0,0.0,0
Sokoto,2024,1,-0.023333333333333334,-0.408248290463863,0,0,0.0,0
Sokoto,2024,2,0.0,0,0,0,0.0,0
Sokoto,2024,3,0.0,0,0,0,0.0,0
Sokoto,2024,4,0.0,0,0,0,0.0,0
Sokoto,2024,5,0.0,0,0,0,0.0,0
Sokoto,2024,6,0.0,0,0,0,0.0,0
Sokoto,2024,7,0.0,0,0,0,0.0,0
Sokoto,2024,8,0.0,0,0,0,0.0,0
Sokoto,2024,9,0.0,0,0,0,0.0,0
Sokoto,2024,10,-0.012,-0.447213595499958,0,0,0.0,0
Sokoto,2024,11,6.3100000000000005,1.7888530341638857,0,0,7.890000000000001,0
Sokoto,2024,12,-0.076,-0.4944037218742711,0,0,7.890000000000001,0
Sokoto,2024,13,0.0,0,0,0,7.890000000000001,0
Sokoto,2024,14,7.802,0.4933424865139349,0,0,26.7,0
Sokoto,2024,15,0.49800000000000005,0.8577033051459474,0,0,19.73,0
Sokoto,2024,16,-0.20599999999999996,-0.34149797074229565,0,0,20.2,0
Sokoto,2024,17,8.664,1.5995757807884174,0,0,32.43,0
Sokoto,2024,18,-0.013999999999999999,-0.2103420840560833,0,0,13.65,0
Sokoto,2024,19,-1.556000000000001,-0.05718905949120179,0,0,29.98,0
Sokoto,2024,20,-51.93000000000001,-0.48204405430663033,0,0,29.560000000000002,0
Sokoto,2024,21,-3.162,-0.5377374496162556,0,0,18.839999999999996,0
Sokoto,2024,22,-11.322,-0.3788194928330136,0,0,36.39,0
Sokoto,2024,23,34.58800000000001,1.3223205568445233,1,0,85.63000000000001,0
Sokoto,2024,24,0.05999999999999872,0.006895064740445195,0,0,112.19000000000001,0
Sokoto,2024,25,-27.668000000000003,-0.9392629573044896,0,0,111.11000000000001,0
Sokoto,2024,26,26.592,1.3565156584353193,0,0,149.73000000000002,0
Sokoto,2024,27,12.251999999999995,0.4416694118663265,0,0,146.06,0
Sokoto,2024,28,196.318,1.6817757389342578,1,1,442.06,0
Sokoto,2024,29,24.03600000000001,1.1556644346347364,1,0,507.09000000000003,0
Sokoto,2024,30,-13.037999999999997,-0.5731022119658272,0,0,488.25,0
Sokoto,2024,31,57.08,1.3101675868611038,1,1,553.22,0
Sokoto,2024,32,-18.41400000000001,-1.2256015022208586,0,0,277.54,0
Sokoto,2024,33,-2.9819999999999993,-0.11049448370608946,1,0,276.75,0
Sokoto,2024,34,1.7719999999999985,0.061031831594583856,0,0,296.28999999999996,0
Sokoto,2024,35,26.797999999999988,0.6607688397035175,1,1,277.69,0
Sokoto,2024,36,-59.706,-0.3450058685621393,1,1,320.09,0
Sokoto,2024,37,10.111999999999995,0.9287415047584611,1,0,321.13,0
Sokoto,2024,38,32.882,1.4906442725187106,0,0,321.88,0
Sokoto,2024,39,2.058,0.14757681993843383,0,0,237.03,0
Sokoto,2024,40,5.511999999999999,0.7815329298797982,0,0,162.18999999999997,0
Sokoto,2024,41,-2.362,-0.887717782325844,0,0,97.2,0
Sokoto,2024,42,-1.6079999999999997,-0.5908204118100154,0,0,40.089999999999996,0
Sokoto,2024,43,24.674,1.7888535886598467,0,0,46.6,0
Sokoto,2024,44,0.0,0,0,0,32.11,0
Sokoto,2024,45,0.0,0,0,0,31.390000000000004,0
Sokoto,2024,46,0.0,0,0,0,30.85,0
Sokoto,2024,47,-0.3,-0.4472135954999579,0,0,0.0,0
Sokoto,2024,48,0.0,0,0,0,0.0,0
Sokoto,2024,49,0.0,0,0,0,0.0,0
Sokoto,2024,50,0.0,0,0,0,0.0,0
Sokoto,2024,51,0.0,0,0,0,0.0,0
Sokoto,2024,52,0.0,0,0,0,0.0,0
Sokoto,2025,1,-0.023333333333333334,-0.408248290463863,0,0,0.0,0
Sokoto,2025,2,0.0,0,0,0,0.0,0
Sokoto,2025,3,0.0,0,0,0,0.0,0
Sokoto,2025,4,0.0,0,0,0,0.0,0
Sokoto,2025,5,0.0,0,0,0,0.0,0
Sokoto,2025,6,0.0,0,0,0,0.0,0
Sokoto,2025,7,0.0,0,0,0,0.0,0
Sokoto,2025,8,0.0,0,0,0,0.0,0
Sokoto,2025,9,0.0,0,0,0,0.0,0
Sokoto,2025,10,-0.012,-0.447213595499958,0,0,0.0,0
Sokoto,2025,11,-1.58,-0.4479219958762186,0,0,0.0,0
Sokoto,2025,12,-0.076,-0.4944037218742711,0,0,0.0,0
Sokoto,2025,13,0.0,0,0,0,0.0,0
Sokoto,2025,14,-11.008,-0.6960669176551391,0,0,0.0,0
Sokoto,2025,15,-0.422,-0.7268088248425497,0,0,0.0,0
Sokoto,2025,16,-0.6759999999999999,-1.120643826319378,0,0,0.0,0
Sokoto,2025,17,-3.5660000000000003,-0.6583664859523889,0,0,0.0,0
Sokoto,2025,18,0.116,1.7428344107504048,0,0,0.16,0
Sokoto,2025,19,-18.806,-0.6911937357272109,0,0,0.16,0
Sokoto,2025,20,-47.34,-0.4394370408410529,0,0,4.8,0
Sokoto,2025,21,-4.3919999999999995,-0.7469142563929774,0,0,5.08,0
Sokoto,2025,22,53.367999999999995,1.785624332583666,1,0,87.19,0
Sokoto,2025,23,-21.401999999999997,-0.818211650213556,0,0,97.69,0
Sokoto,2025,24,-9.940000000000001,-1.142282392000445,0,0,109.66,0
Sokoto,2025,25,-24.478,-0.8309700256216314,0,0,113.0,0
Sokoto,2025,26,12.591999999999999,0.642345260642958,0,0,72.93,0
Sokoto,2025,27,13.382000000000005,0.48240451106718785,0,0,126.38,0
Sokoto,2025,28,5.1980000000000075,0.04452913278955717,1,1,241.26,0
Sokoto,2025,29,-32.174,-1.5469440639015641,0,0,246.89,0
Sokoto,2025,30,-10.918,-0.4799148604266684,0,0,244.17,0
Sokoto,2025,31,34.19,0.7847692676030333,1,1,285.12,0
Sokoto,2025,32,-11.494000000000007,-0.7650192063933177,0,0,207.47999999999996,0
Sokoto,2025,33,16.367999999999995,0.6064968844068652,1,0,282.25,0
Sokoto,2025,34,-21.628,-0.7449189919456325,0,0,276.27,0
Sokoto,2025,35,57.658,1.421696013121331,1,1,311.41999999999996,0
Sokoto,2025,36,-96.206,-0.5559179075953701,0,0,310.4,0
Sokoto,2025,37,-18.107999999999997,-1.663137971535425,0,0,263.87,0
Sokoto,2025,38,11.841999999999999,0.5368350305689,0,0,266.97999999999996,0
Sokoto,2025,39,23.058000000000003,1.653462737677555,0,0,172.26999999999998,0
Sokoto,2025,40,-5.978,-0.8476059243144838,0,0,122.43999999999997,0
Sokoto,2025,41,3.298,1.2394975639757126,0,0,91.32999999999997,0
Sokoto,2025,42,-2.1479999999999997,-0.789230251596961,0,0,54.71999999999998,0
Sokoto,2025,43,-6.176,-0.44775714369632863,0,0,9.37999999999997,0
Sokoto,2025,44,0.0,0,0,0,6.3799999999999715,0
Sokoto,2025,45,0.0,0,0,0,0.0,0
Sokoto,2025,46,0.0,0,0,0,0.0,0
Sokoto,2025,47,-0.3,-0.4472135954999579,0,0,0.0,0
Sokoto,2025,48,0.0,0,0,0,0.0,0
Sokoto,2025,49,0.0,0,0,0,0.0,0
Sokoto,2025,50,0.0,0,0,0,0.0,0
Sokoto,2025,51,0.0,0,0,0,0.0,0
Sokoto,2025,52,0.0,0,0,0,0.0,0
Sokoto,2026,1,-0.023333333333333334,-0.408248290463863,0,0,0.0,0
Taraba,2020,53,0.0,0,0,0,0.0,0
Taraba,2021,1,0.0,0,0,0,0.0,0
Taraba,2021,2,0.0,0,0,0,0.0,0
Taraba,2021,3,0.0,0,0,0,0.0,0
Taraba,2021,4,0.0,0,0,0,0.0,0
Taraba,2021,5,0.0,0,0,0,0.0,0
Taraba,2021,6,0.0,0,0,0,0.0,0
Taraba,2021,7,0.0,0,0,0,0.0,0
Taraba,2021,8,0.008,1.7888543819998317,0,0,0.01,0
Taraba,2021,9,-0.426,-0.5357833619476459,0,0,0.01,0
Taraba,2021,10,4.581999999999999,1.7116304992719316,0,0,6.549999999999999,0
Taraba,2021,11,-0.046,-0.4995280791775298,0,0,6.549999999999999,0
Taraba,2021,12,2.526,1.3713423758338705,0,0,10.719999999999999,0
Taraba,2021,13,-0.156,-0.4618700933917518,0,0,10.719999999999999,0
Taraba,2021,14,2.1420000000000003,0.4520212743126039,0,0,10.059999999999999,0
Taraba,2021,15,2.3280000000000003,0.8053883265888269,0,0,16.5,0
Taraba,2021,16,-14.138,-0.48886945495792805,0,0,14.88,0
Taraba,2021,17,-12.174,-0.528964290097702,0,0,23.450000000000003,0
Taraba,2021,18,11.339999999999996,0.876414552672561,0,0,48.040000000000006,0
Taraba,2021,19,30.728,1.5889133839922511,0,0,89.42,0
Taraba,2021,20,-3.2040000000000006,-0.11214364056407823,0,0,102.86,0
Taraba,2021,21,-16.470000000000002,-0.4004859936332661,0,0,103.44999999999999,0
Taraba,2021,22,16.023999999999997,1.2789695768483091,0,0,110.21,0
Taraba,2021,23,5.5539999999999985,0.36043991984831647,0,0,98.31,0
Taraba,2021,24,44.709999999999994,1.3384526931613496,1,1,163.16,0
Taraba,2021,25,-8.762,-0.5330363957059402,0,0,186.15,0
Taraba,2021,26,13.518,0.7075957485516907,1,0,210.29000000000002,0
Taraba,2021,27,18.704,1.362788547025863,0,0,216.48,0
Taraba,2021,28,18.606,0.6609998844354912,1,0,189.72,0
Taraba,2021,29,-67.78999999999999,-0.34063585048843803,1,0,220.84,0
Taraba,2021,30,-38.292,-0.717480160760786,0,0,180.67000000000002,0
Taraba,2021,31,2.798000000000002,0.12915202198992642,0,0,175.64,0
Taraba,2021,32,13.797999999999998,0.6691066920813722,0,0,165.35,0
Taraba,2021,33,-4.022000000000002,-0.2573007375833133,0,0,127.12999999999998,0
Taraba,2021,34,-3.9559999999999995,-0.16151873486057122,0,0,132.16,0
Taraba,2021,35,6.176000000000002,0.5375466501271486,0,0,125.93,0
Taraba,2021,36,7.6000000000000085,0.420905573990968,1,0,134.28,0
Taraba,2021,37,14.563999999999997,1.0189910540783684,0,0,146.46,0
Taraba,2021,38,25.386000000000003,0.6585701870392233,1,1,186.79000000000002,0
Taraba,2021,39,-8.341999999999999,-0.5446745465944796,0,0,168.9,0
Taraba,2021,40,-10.783999999999995,-0.5281107539249725,0,0,140.52,0
Taraba,2021,41,-1.1119999999999992,-0.30564829568632484,0,0,109.60000000000001,0
Taraba,2021,42,4.904000000000001,0.9442023259000589,0,0,55.260000000000005,0
Taraba,2021,43,7.684,1.7613557492541012,0,0,52.54,0
Taraba,2021,44,13.186,1.7750922370129945,0,0,45.8,0
Taraba,2021,45,3.5740000000000003,1.7668772182017987,0,0,44.14,0
Taraba,2021,46,4.372,1.5679297588913372,0,0,38.16,0
Taraba,2021,47,1.508,1.7880054228115754,0,0,29.819999999999997,0
Taraba,2021,48,0.088,1.7888543819998317,0,0,12.899999999999997,0
Taraba,2021,49,0.0,0,0,0,8.249999999999996,0
Taraba,2021,50,0.0,0,0,0,2.0099999999999962,0
Taraba,2021,51,0.44000000000000006,1.788854381999832,0,0,0.6599999999999965,0
Taraba,2021,52,11.92,1.7888543819998317,0,0,15.449999999999998,0
Taraba,2022,1,0.0,0,0,0,15.449999999999998,0
Taraba,2022,2,0.0,0,0,0,15.449999999999998,0
Taraba,2022,3,0.0,0,0,0,14.899999999999997,0
Taraba,2022,4,0.0,0,0,0,0.0,0
Taraba,2022,5,0.0,0,0,0,0.0,0
Taraba,2022,6,0.0,0,0,0,0.0,0
Taraba,2022,7,0.0,0,0,0,0.0,0
Taraba,2022,8,-0.002,-0.4472135954999579,0,0,0.0,0
Taraba,2022,9,-0.216,-0.2716648032410599,0,0,0.20999999999999644,0
Taraba,2022,10,-0.24799999999999978,-0.09264172060659946,0,0,1.9199999999999964,0
Taraba,2022,11,-0.046,-0.4995280791775298,0,0,1.9199999999999964,0
Taraba,2022,12,-0.5639999999999998,-0.3061904592123131,0,0,3.0099999999999962,0
Taraba,2022,13,0.604,1.788266259029603,0,0,3.5599999999999965,0
Taraba,2022,14,7.382,1.557806277766406,0,0,12.969999999999995,0
Taraba,2022,15,3.268,1.1305880804520128,0,0,20.349999999999994,0
Taraba,2022,16,51.392,1.7770532627810043,1,1,87.35,0
Taraba,2022,17,39.926,1.7347977859734556,1,0,147.26,0
Taraba,2022,18,9.169999999999998,0.7087055950623796,0,0,164.44,0
Taraba,2022,19,6.018000000000001,0.31118461158765187,0,0,180.17,0
Taraba,2022,20,49.976000000000006,1.7492167855275822,1,1,181.26,0
Taraba,2022,21,73.49000000000001,1.7869894154285808,1,1,219.70999999999998,0
Taraba,2022,22,-1.975999999999999,-0.15771616848803408,0,0,210.64,0
Taraba,2022,23,4.724,0.30657511367725016,0,0,222.62,0
Taraba,2022,24,21.439999999999998,0.6418346173424142,1,0,211.01999999999998,0
Taraba,2022,25,5.878,0.3575882143300064,0,0,158.69,0
Taraba,2022,26,21.017999999999994,1.1001810506775729,1,1,208.32999999999998,0
Taraba,2022,27,2.8840000000000003,0.21013056937674235,0,0,199.52999999999994,0
Taraba,2022,28,31.375999999999998,1.1146690515988373,1,1,208.80999999999997,0
Taraba,2022,29,-66.0,-0.33164133548070385,1,1,227.07999999999998,0
Taraba,2022,30,0.6579999999999941,0.012328996808226078,1,0,218.35999999999999,0
Taraba,2022,31,7.318000000000005,0.33778931269559737,0,0,233.67,0
Taraba,2022,32,23.598000000000003,1.1443382895880725,1,0,220.40999999999997,0
Taraba,2022,33,6.617999999999995,0.4233755050537954,0,0,191.03999999999996,0
Taraba,2022,34,40.60399999999999,1.657812616349503,1,1,201.67999999999995,0
Taraba,2022,35,8.926000000000002,0.7769011332634275,0,0,193.67999999999995,0
Taraba,2022,36,5.68,0.31457153424588097,0,0,190.30999999999995,0
Taraba,2022,37,-5.236000000000001,-0.3663442158166946,0,0,172.04999999999995,0
Taraba,2022,38,-28.823999999999998,-0.7477596734900563,0,0,113.60999999999997,0
Taraba,2022,39,-0.3019999999999996,-0.019718498330320383,0,0,101.00999999999996,0
Taraba,2022,40,32.196000000000005,1.5766926774265975,1,1,117.52999999999997,0
Taraba,2022,41,-2.952,-0.8113972741601003,0,0,104.56999999999996,0
Taraba,2022,42,-3.526,-0.6788860932144387,0,0,96.00999999999998,0
Taraba,2022,43,-2.436,-0.5583891990087182,0,0,75.12999999999997,0
Taraba,2022,44,-3.8440000000000003,-0.5174772151583461,0,0,8.37999999999997,0
Taraba,2022,45,-1.076,-0.5319417702252757,0,0,3.9099999999999717,0
Taraba,2022,46,-1.8679999999999999,-0.6699205831676619,0,0,0.11999999999997157,0
Taraba,2022,47,-0.392,-0.46478655553192144,0,0,0.0,0
Taraba,2022,48,-0.022,-0.4472135954999579,0,0,0.0,0
Taraba,2022,49,0.0,0,0,0,0.0,0
Taraba,2022,50,0.0,0,0,0,0.0,0
Taraba,2022,51,-0.11000000000000001,-0.447213595499958,0,0,0.0,0
Taraba,2022,52,-2.98,-0.4472135954999579,0,0,0.0,0
Taraba,2023,1,0.0,0,0,0,0.0,0
Taraba,2023,2,0.0,0,0,0,0.0,0
Taraba,2023,3,0.0,0,0,0,0.0,0
Taraba,2023,4,0.0,0,0,0,0.0,0
Taraba,2023,5,0.0,0,0,0,0.0,0
Taraba,2023,6,0.0,0,0,0,0.0,0
Taraba,2023,7,0.0,0,0,0,0.0,0
Taraba,2023,8,-0.002,-0.4472135954999579,0,0,0.0,0
Taraba,2023,9,1.4140000000000001,1.7783982952910127,0,0,1.8399999999999717,0
Taraba,2023,10,-0.49799999999999955,-0.18603055186325215,0,0,3.299999999999972,0
Taraba,2023,11,-0.026,-0.2823419577959951,0,0,3.319999999999972,0
Taraba,2023,12,1.2760000000000002,0.6927287694236023,0,0,6.249999999999972,0
Taraba,2023,13,-0.156,-0.4618700933917518,0,0,4.409999999999972,0
Taraba,2023,14,-2.7279999999999998,-0.5756834903477046,0,0,3.9599999999999715,0
Taraba,2023,15,-1.842,-0.6372531346978604,0,0,6.209999999999972,0
Taraba,2023,16,-7.158000000000001,-0.24751220530406348,0,0,12.819999999999972,0
Taraba,2023,17,-2.4239999999999995,-0.10532359447977897,0,0,31.139999999999972,0
Taraba,2023,18,-17.730000000000004,-1.370267197432497,0,0,31.52999999999997,0
Taraba,2023,19,-15.541999999999998,-0.803660889547239,0,0,30.80999999999997,0
Taraba,2023,20,-11.594000000000001,-0.40580317375153646,0,0,28.87999999999997,0
Taraba,2023,21,-18.790000000000003,-0.45689932121245114,0,0,17.39999999999997,0
Taraba,2023,22,-14.166,-1.1306716815797024,0,0,23.03999999999997,0
Taraba,2023,23,16.173999999999996,1.0496498494106357,0,0,68.02999999999997,0
Taraba,2023,24,-31.73,-0.9498793100874443,0,0,64.82999999999997,0
Taraba,2023,25,-21.302,-1.2959074756137796,0,0,77.59999999999997,0
Taraba,2023,26,4.508000000000003,0.2359699389311306,1,0,122.91999999999996,0
Taraba,2023,27,-5.885999999999999,-0.42885871406085474,0,0,93.89999999999996,0
Taraba,2023,28,-25.274,-0.8978883736011288,0,0,99.69999999999997,0
Taraba,2023,29,-118.83,-0.597105149926849,0,0,92.31999999999996,0
Taraba,2023,30,-52.732000000000006,-0.9880435557619809,0,0,46.71999999999997,0
Taraba,2023,31,-13.351999999999997,-0.6163108640491408,0,0,50.12999999999997,0
Taraba,2023,32,-13.651999999999997,-0.6620267111389254,0,0,56.26999999999997,0
Taraba,2023,33,-4.202000000000002,-0.2688159371767982,0,0,68.90999999999997,0
Taraba,2023,34,-15.136,-0.6179847246839247,0,0,77.19999999999997,0
Taraba,2023,35,7.216000000000001,0.6280661637495958,0,0,88.15999999999997,0
Taraba,2023,36,-31.239999999999995,-1.7301434383523453,0,0,85.11999999999998,0
Taraba,2023,37,-8.026,-0.561550549301908,0,0,74.88999999999997,0
Taraba,2023,38,-35.884,-0.9309120220481955,0,0,65.12999999999997,0
Taraba,2023,39,-16.432,-1.0728952469000828,0,0,38.10999999999997,0
Taraba,2023,40,-22.323999999999995,-1.0932441089225788,0,0,37.029999999999966,0
Taraba,2023,41,2.2779999999999996,0.6261392244365543,0,0,32.08999999999997,0
Taraba,2023,42,-3.106,-0.5980204780272395,0,0,31.009999999999966,0
Taraba,2023,43,-2.5060000000000002,-0.5744348656468998,0,0,26.189999999999966,0
Taraba,2023,44,-1.7040000000000002,-0.22939156467997443,0,0,16.099999999999966,0
Taraba,2023,45,-1.076,-0.5319417702252757,0,0,6.399999999999968,0
Taraba,2023,46,1.2320000000000002,0.44183199061164863,0,0,5.289999999999968,0
Taraba,2023,47,-0.332,-0.393645756215811,0,0,5.299999999999968,0
Taraba,2023,48,-0.022,-0.4472135954999579,0,0,3.159999999999968,0
Taraba,2023,49,0.0,0,0,0,3.159999999999968,0
Taraba,2023,50,0.0,0,0,0,0.05999999999996802,0
Taraba,2023,51,-0.11000000000000001,-0.447213595499958,0,0,0.0,0
Taraba,2023,52,-2.98,-0.4472135954999579,0,0,0.0,0
Taraba,2024,1,0.0,0,0,0,0.0,0
Taraba,2024,2,0.0,0,0,0,0.0,0
Taraba,2024,3,0.0,0,0,0,0.0,0
Taraba,2024,4,0.0,0,0,0,0.0,0
Taraba,2024,5,0.0,0,0,0,0.0,0
Taraba,2024,6,0.0,0,0,0,0.0,0
Taraba,2024,7,0.0,0,0,0,0.0,0
Taraba,2024,8,-0.002,-0.4472135954999579,0,0,0.0,0
Taraba,2024,9,-0.346,-0.43516676815466077,0,0,0.07999999999996803,0
Taraba,2024,10,-1.8779999999999997,-0.7015369003999755,0,0,0.15999999999996803,0
Taraba,2024,11,0.16399999999999998,1.7809261953285842,0,0,0.369999999999968,0
Taraba,2024,12,-1.654,-0.8979415240020673,0,0,0.369999999999968,0
Taraba,2024,13,-0.156,-0.4618700933917518,0,0,0.289999999999968,0
Taraba,2024,14,-3.7179999999999995,-0.7846008860384038,0,0,0.229999999999968,0
Taraba,2024,15,-0.02200000000000024,-0.007611058069138481,0,0,4.1099999999999675,0
Taraba,2024,16,-14.678,-0.5075417923236999,0,0,6.129999999999967,0
Taraba,2024,17,-7.6739999999999995,-0.3334378151971221,0,0,19.199999999999967,0
Taraba,2024,18,6.939999999999998,0.5363595234168935,0,0,45.24999999999997,0
Taraba,2024,19,-5.6419999999999995,-0.2917420369852994,0,0,52.609999999999964,0
Taraba,2024,20,-19.014,-0.6655116047707188,0,0,50.779999999999966,0
Taraba,2024,21,-21.26,-0.5169600622127041,0,0,42.07999999999997,0
Taraba,2024,22,-9.065999999999999,-0.7236107204010717,0,0,28.14999999999997,0
Taraba,2024,23,-25.166000000000004,-1.6332068820494663,0,0,21.89999999999997,0
Taraba,2024,24,-31.45,-0.9414971415773754,0,0,26.39999999999997,0
Taraba,2024,25,22.658,1.3783997550679288,1,0,85.59999999999997,0
Taraba,2024,26,-14.381999999999998,-0.7528215753565922,0,0,106.92999999999998,0
Taraba,2024,27,-18.746,-1.365848700948825,0,0,106.38999999999997,0
Taraba,2024,28,-33.504000000000005,-1.1902687374033483,0,0,103.67999999999996,0
Taraba,2024,29,353.73,1.7774468121149907,1,1,524.9,0
Taraba,2024,30,84.318,1.57987287671127,1,1,635.24,0
Taraba,2024,31,30.188000000000002,1.3934386132351309,1,0,695.05,0
Taraba,2024,32,-27.451999999999998,-1.3312303892606052,0,0,695.62,0
Taraba,2024,33,-20.392000000000003,-1.3045441672796922,0,0,219.50999999999993,0
Taraba,2024,34,0.9639999999999986,0.03935896370212095,0,0,106.84999999999994,0
Taraba,2024,35,-3.774000000000001,-0.3284813888568424,0,0,63.279999999999944,0
Taraba,2024,36,15.18,0.8407035017345904,1,0,120.45999999999994,0
Taraba,2024,37,-16.656,-1.1653608209783926,0,0,117.78999999999994,0
Taraba,2024,38,-15.033999999999999,-0.39001592184462625,0,0,112.77999999999994,0
Taraba,2024,39,24.458,1.5969371925926377,0,0,137.63999999999993,0
Taraba,2024,40,3.3060000000000045,0.1619004221509609,0,0,115.76999999999994,0
Taraba,2024,41,-3.361999999999999,-0.9240913400156696,0,0,113.81999999999994,0
Taraba,2024,42,6.354,1.2233812354749132,0,0,101.34999999999995,0
Taraba,2024,43,-2.116,-0.4850375800913168,0,0,56.029999999999944,0
Taraba,2024,44,-3.8440000000000003,-0.5174772151583461,0,0,18.169999999999945,0
Taraba,2024,45,-1.076,-0.5319417702252757,0,0,14.109999999999943,0
Taraba,2024,46,-1.8679999999999999,-0.6699205831676619,0,0,0.43999999999994316,0
Taraba,2024,47,-0.392,-0.46478655553192144,0,0,0.0,0
Taraba,2024,48,-0.022,-0.4472135954999579,0,0,0.0,0
Taraba,2024,49,0.0,0,0,0,0.0,0
Taraba,2024,50,0.0,0,0,0,0.0,0
Taraba,2024,51,-0.11000000000000001,-0.447213595499958,0,0,0.0,0
Taraba,2024,52,-2.98,-0.4472135954999579,0,0,0.0,0
Taraba,2025,1,0.0,0,0,0,0.0,0
Taraba,2025,2,0.0,0,0,0,0.0,0
Taraba,2025,3,0.0,0,0,0,0.0,0
Taraba,2025,4,0.0,0,0,0,0.0,0
Taraba,2025,5,0.0,0,0,0,0.0,0
Taraba,2025,6,0.0,0,0,0,0.0,0
Taraba,2025,7,0.0,0,0,0,0.0,0
Taraba,2025,8,-0.002,-0.4472135954999579,0,0,0.0,0
Taraba,2025,9,-0.426,-0.5357833619476459,0,0,0.0,0
Taraba,2025,10,-1.9579999999999997,-0.7314213264021044,0,0,0.0,0
Taraba,2025,11,-0.046,-0.4995280791775298,0,0,0.0,0
Taraba,2025,12,-1.5839999999999999,-0.8599391620430922,0,0,0.06999999999994316,0
Taraba,2025,13,-0.136,-0.40265597885434773,0,0,0.08999999999994317,0
Taraba,2025,14,-3.0779999999999994,-0.6495431756929012,0,0,0.749999999999943,0
Taraba,2025,15,-3.732,-1.291112214273841,0,0,1.129999999999943,0
Taraba,2025,16,-15.418000000000001,-0.533129810195313,0,0,2.339999999999943,0
Taraba,2025,17,-17.654,-0.7670720861988525,0,0,5.409999999999943,0
Taraba,2025,18,-9.720000000000002,-0.7512124737193384,0,0,14.159999999999943,0
Taraba,2025,19,-15.562,-0.8046950690473642,0,0,15.309999999999944,0
Taraba,2025,20,-16.164,-0.5657583664412486,0,0,17.069999999999943,0
Taraba,2025,21,-16.970000000000002,-0.41264403837015945,0,0,22.639999999999944,0
Taraba,2025,22,9.184000000000001,0.7330289936204989,0,0,43.61999999999995,0
Taraba,2025,23,-1.286000000000005,-0.08345800088673692,0,0,71.16999999999994,0
Taraba,2025,24,-2.969999999999999,-0.08891085883894448,0,0,101.29999999999994,0
Taraba,2025,25,1.5279999999999987,0.0929559019217845,0,0,135.07999999999993,0
Taraba,2025,26,-24.661999999999995,-1.2909251628038019,0,0,127.87999999999994,0
Taraba,2025,27,3.0440000000000005,0.2217882986070748,0,0,125.24999999999994,0
Taraba,2025,28,8.796,0.3124881749701483,0,0,136.35999999999996,0
Taraba,2025,29,-101.11,-0.5080644762189995,0,0,123.86999999999995,0
Taraba,2025,30,6.047999999999988,0.11332184300327026,1,1,166.21999999999994,0
Taraba,2025,31,-26.951999999999998,-1.2440690838715132,0,0,147.09999999999994,0
Taraba,2025,32,3.708000000000002,0.1798121187300862,0,0,136.52999999999994,0
Taraba,2025,33,21.997999999999998,1.4072853369860074,1,0,157.64999999999992,0
Taraba,2025,34,-22.476,-0.9176681205071282,0,0,99.81999999999994,0
Taraba,2025,35,-18.544,-1.614032558283329,0,0,98.61999999999995,0
Taraba,2025,36,2.780000000000001,0.1539628283809066,0,0,112.23999999999994,0
Taraba,2025,37,15.354000000000003,1.0742645320186266,0,0,99.18999999999994,0
Taraba,2025,38,54.356,1.4101174303436548,1,1,187.00999999999993,0
Taraba,2025,39,0.6180000000000021,0.04035109923224522,0,0,202.79999999999995,0
Taraba,2025,40,-2.3939999999999984,-0.11723823673000594,0,0,187.62999999999994,0
Taraba,2025,41,5.148000000000001,1.414997685425541,0,0,162.17999999999992,0
Taraba,2025,42,-4.6259999999999994,-0.8906769901332935,0,0,69.33999999999993,0
Taraba,2025,43,-0.6260000000000001,-0.14349410450716651,0,0,49.34999999999992,0
Taraba,2025,44,-3.7940000000000005,-0.510746242016328,0,0,17.239999999999927,0
Taraba,2025,45,-0.3460000000000001,-0.17105190752597157,0,0,5.399999999999929,0
Taraba,2025,46,-1.8679999999999999,-0.6699205831676619,0,0,2.709999999999929,0
Taraba,2025,47,-0.392,-0.46478655553192144,0,0,0.779999999999929,0
Taraba,2025,48,-0.022,-0.4472135954999579,0,0,0.7299999999999289,0
Taraba,2025,49,0.0,0,0,0,0.0,0
Taraba,2025,50,0.0,0,0,0,0.0,0
Taraba,2025,51,-0.11000000000000001,-0.447213595499958,0,0,0.0,0
Taraba,2025,52,-2.98,-0.4472135954999579,0,0,0.0,0
Taraba,2026,1,0.0,0,0,0,0.0,0
Yobe,2020,53,0.0,0,0,0,0.0,0
Yobe,2021,1,-0.6966666666666667,-0.408248290463863,0,0,0.0,0
Yobe,2021,2,0.0,0,0,0,0.0,0
Yobe,2021,3,0.0,0,0,0,0.0,0
Yobe,2021,4,0.0,0,0,0,0.0,0
Yobe,2021,5,0.0,0,0,0,0.0,0
Yobe,2021,6,0.0,0,0,0,0.0,0
Yobe,2021,7,0.0,0,0,0,0.0,0
Yobe,2021,8,-0.01,-0.44721359549995787,0,0,0.0,0
Yobe,2021,9,0.0,0,0,0,0.0,0
Yobe,2021,10,0.0,0,0,0,0.0,0
Yobe,2021,11,-0.044,-0.4472135954999579,0,0,0.0,0
Yobe,2021,12,0.0,0,0,0,0.0,0
Yobe,2021,13,0.0,0,0,0,0.0,0
Yobe,2021,14,0.0,0,0,0,0.0,0
Yobe,2021,15,-0.46999999999999986,-0.4425011809353663,0,0,0.01,0
Yobe,2021,16,-0.006,-0.670820393249937,0,0,0.01,0
Yobe,2021,17,-3.7059999999999995,-0.45177092337162694,0,0,0.01,0
Yobe,2021,18,0.31199999999999994,1.7786514301507335,0,0,0.43,0
Yobe,2021,19,8.844,1.3238166724779052,0,0,15.17,0
Yobe,2021,20,-1.366,-0.5067283598540309,0,0,15.82,0
Yobe,2021,21,-0.15600000000000003,-0.40188036922121945,0,0,15.87,0
Yobe,2021,22,11.866,0.6682079280814904,0,0,51.06999999999999,0
Yobe,2021,23,-29.741999999999997,-0.7476423176542476,0,0,42.87,0
Yobe,2021,24,4.234,0.5390686390313598,0,0,59.92,0
Yobe,2021,25,35.66,1.420312350198939,1,0,118.19,0
Yobe,2021,26,5.419999999999998,0.3803436192430289,0,0,106.89999999999999,0
Yobe,2021,27,8.176000000000002,0.4087517037300436,0,0,150.53,0
Yobe,2021,28,113.0,1.3670525270839846,1,1,328.35,0
Yobe,2021,29,11.970000000000006,0.20032580350922685,1,0,344.65000000000003,0
Yobe,2021,30,121.632,1.7481517638522637,1,1,506.0400000000001,0
Yobe,2021,31,24.823999999999998,0.8207851829226586,1,0,526.85,0
Yobe,2021,32,55.038,1.571166213442214,1,1,456.0,0
Yobe,2021,33,-36.168,-0.6659873354403946,0,0,415.29,0
Yobe,2021,34,-67.392,-1.0252221366647316,0,0,257.97,0
Yobe,2021,35,-25.618000000000002,-0.8960074935010711,0,0,202.01999999999998,0
Yobe,2021,36,-30.244,-0.31728321449209135,1,0,133.24,0
Yobe,2021,37,-11.277999999999999,-0.7187124970442811,0,0,116.82000000000001,0
Yobe,2021,38,56.414,1.7371334911955858,1,1,172.79000000000002,0
Yobe,2021,39,8.29,1.206290103039052,0,0,185.89000000000001,0
Yobe,2021,40,-8.546,-1.3269661620529682,0,0,130.05,0
Yobe,2021,41,5.938,1.3551985391223378,0,0,122.82000000000001,0
Yobe,2021,42,0.5740000000000003,0.12385950224062225,0,0,41.85,0
Yobe,2021,43,0.016,1.7888543819998317,0,0,13.73,0
Yobe,2021,44,0.0,0,0,0,13.68,0
Yobe,2021,45,0.0,0,0,0,3.42,0
Yobe,2021,46,-0.03,-0.44721359549995787,0,0,0.02,0
Yobe,2021,47,0.0,0,0,0,0.0,0
Yobe,2021,48,0.0,0,0,0,0.0,0
Yobe,2021,49,0.0,0,0,0,0.0,0
Yobe,2021,50,0.0,0,0,0,0.0,0
Yobe,2021,51,0.0,0,0,0,0.0,0
Yobe,2021,52,0.0,0,0,0,0.0,0
Yobe,2022,1,3.483333333333333,2.0412414523193148,0,0,4.18,0
Yobe,2022,2,0.0,0,0,0,4.18,0
Yobe,2022,3,0.0,0,0,0,4.18,0
Yobe,2022,4,0.0,0,0,0,4.18,0
Yobe,2022,5,0.0,0,0,0,0.0,0
Yobe,2022,6,0.0,0,0,0,0.0,0
Yobe,2022,7,0.0,0,0,0,0.0,0
Yobe,2022,8,-0.01,-0.44721359549995787,0,0,0.0,0
Yobe,2022,9,0.0,0,0,0,0.0,0
Yobe,2022,10,0.0,0,0,0,0.0,0
Yobe,2022,11,-0.044,-0.4472135954999579,0,0,0.0,0
Yobe,2022,12,0.0,0,0,0,0.0,0
Yobe,2022,13,0.0,0,0,0,0.0,0
Yobe,2022,14,0.0,0,0,0,0.0,0
Yobe,2022,15,1.9,1.788834561228077,0,0,2.38,0
Yobe,2022,16,0.004,0.447213595499958,0,0,2.3899999999999997,0
Yobe,2022,17,14.674,1.7887983080289407,0,0,20.77,0
Yobe,2022,18,-0.07800000000000001,-0.44466285753768353,0,0,20.8,0
Yobe,2022,19,5.154,0.7714779658470289,0,0,29.48,0
Yobe,2022,20,0.254,0.09422328213976855,0,0,31.74,0
Yobe,2022,21,-0.18600000000000003,-0.47916505560991546,0,0,13.379999999999999,0
Yobe,2022,22,22.216,1.2510456202813411,0,0,59.32,0
Yobe,2022,23,-6.901999999999994,-0.17349967307005623,0,0,77.65,0
Yobe,2022,24,10.594,1.3488174685635868,0,0,99.44,0
Yobe,2022,25,16.37,0.6520054170711339,0,0,138.45,0
Yobe,2022,26,14.09,0.9887530618328927,0,0,125.48,0
Yobe,2022,27,-20.874,-1.0435766956532446,0,0,117.22,0
Yobe,2022,28,59.78999999999999,0.7233280583570922,1,1,235.47,0
Yobe,2022,29,-33.06,-0.5532807906445311,0,0,226.03,0
Yobe,2022,30,-54.80799999999999,-0.7877261072186172,0,0,202.31,0
Yobe,2022,31,-20.875999999999998,-0.6902478036856841,0,0,206.47,0
Yobe,2022,32,-8.442000000000007,-0.24099322602345982,1,0,125.35,0
Yobe,2022,33,36.982,0.680976101505659,1,1,202.82,0
Yobe,2022,34,71.548,1.0884466024763804,1,1,360.88,0
Yobe,2022,35,12.271999999999998,0.4292217956220291,0,0,388.52000000000004,0
Yobe,2022,36,-46.514,-0.48796823961397756,0,0,366.95000000000005,0
Yobe,2022,37,25.292,1.611781918358216,1,0,313.95,0
Yobe,2022,38,-17.805999999999997,-0.5482929582059168,0,0,156.76,0
Yobe,2022,39,-6.040000000000001,-0.8788892909958836,0,0,117.63999999999999,0
Yobe,2022,40,2.4940000000000015,0.38725176786334015,0,0,89.11,0
Yobe,2022,41,-4.112,-0.9384601537337577,0,0,35.260000000000005,0
Yobe,2022,42,-2.8259999999999996,-0.6098030545853629,0,0,25.110000000000003,0
Yobe,2022,43,-0.004,-0.4472135954999579,0,0,11.300000000000002,0
Yobe,2022,44,0.0,0,0,0,0.21,0
Yobe,2022,45,0.0,0,0,0,0.0,0
Yobe,2022,46,-0.03,-0.44721359549995787,0,0,0.0,0
Yobe,2022,47,0.0,0,0,0,0.0,0
Yobe,2022,48,0.0,0,0,0,0.0,0
Yobe,2022,49,0.0,0,0,0,0.0,0
Yobe,2022,50,0.0,0,0,0,0.0,0
Yobe,2022,51,0.0,0,0,0,0.0,0
Yobe,2022,52,0.0,0,0,0,0.0,0
Yobe,2023,1,-0.6966666666666667,-0.408248290463863,0,0,0.0,0
Yobe,2023,2,0.0,0,0,0,0.0,0
Yobe,2023,3,0.0,0,0,0,0.0,0
Yobe,2023,4,0.0,0,0,0,0.0,0
Yobe,2023,5,0.0,0,0,0,0.0,0
Yobe,2023,6,0.0,0,0,0,0.0,0
Yobe,2023,7,0.0,0,0,0,0.0,0
Yobe,2023,8,-0.01,-0.44721359549995787,0,0,0.0,0
Yobe,2023,9,0.0,0,0,0,0.0,0
Yobe,2023,10,0.0,0,0,0,0.0,0
Yobe,2023,11,-0.044,-0.4472135954999579,0,0,0.0,0
Yobe,2023,12,0.0,0,0,0,0.0,0
Yobe,2023,13,0.0,0,0,0,0.0,0
Yobe,2023,14,0.0,0,0,0,0.0,0
Yobe,2023,15,-0.47999999999999987,-0.45191609967867197,0,0,0.0,0
Yobe,2023,16,0.014,1.565247584249853,0,0,0.02,0
Yobe,2023,17,-3.5559999999999996,-0.43348553791405975,0,0,0.16999999999999998,0
Yobe,2023,18,-0.05800000000000001,-0.3306467402203288,0,0,0.21999999999999997,0
Yobe,2023,19,-5.796,-0.8675759196836205,0,0,0.32999999999999996,0
Yobe,2023,20,4.584,1.7004705721602322,0,0,6.909999999999999,0
Yobe,2023,21,-0.18600000000000003,-0.47916505560991546,0,0,6.7799999999999985,0
Yobe,2023,22,-14.643999999999998,-0.8246449434371604,0,0,15.839999999999998,0
Yobe,2023,23,69.398,1.7444987411932444,1,1,121.42,0
Yobe,2023,24,-6.475999999999999,-0.8245178333413051,0,0,121.81,0
Yobe,2023,25,-10.23,-0.4074535990615577,0,0,134.22,0
Yobe,2023,26,-12.14,-0.8519135678247919,0,0,131.88,0
Yobe,2023,27,-14.583999999999996,-0.7291138511740403,0,0,53.61,0
Yobe,2023,28,-73.70000000000002,-0.8916085950981388,0,0,55.44,0
Yobe,2023,29,-49.37,-0.8262393416249393,0,0,56.29,0
Yobe,2023,30,-21.417999999999992,-0.30782947315005726,0,0,92.19,0
Yobe,2023,31,-11.415999999999997,-0.3774606690398432,0,0,99.52000000000001,0
Yobe,2023,32,7.518000000000001,0.21461585800099142,1,0,167.85000000000002,0
Yobe,2023,33,-59.138000000000005,-1.0889504269872279,0,0,165.51000000000002,0
Yobe,2023,34,-65.792,-1.0008816300962433,0,0,152.84,0
Yobe,2023,35,-35.438,-1.2394688716797158,0,0,123.31,0
Yobe,2023,36,-29.113999999999997,-0.3054286306944434,1,0,103.18,0
Yobe,2023,37,4.0319999999999965,0.25694704629212084,0,0,125.03999999999999,0
Yobe,2023,38,-19.485999999999997,-0.6000245189037682,0,0,103.51,0
Yobe,2023,39,-3.5700000000000003,-0.5194759551084941,0,0,114.57,0
Yobe,2023,40,-0.9459999999999997,-0.14688860160333578,0,0,65.2,0
Yobe,2023,41,-4.322,-0.9863873503009,0,0,32.4,0
Yobe,2023,42,-2.7859999999999996,-0.6011717303874101,0,0,23.970000000000002,0
Yobe,2023,43,-0.004,-0.4472135954999579,0,0,7.69,0
Yobe,2023,44,0.0,0,0,0,0.04,0
Yobe,2023,45,0.0,0,0,0,0.04,0
Yobe,2023,46,0.12,1.7888543819998315,0,0,0.15,0
Yobe,2023,47,0.0,0,0,0,0.15,0
Yobe,2023,48,0.0,0,0,0,0.15,0
Yobe,2023,49,0.0,0,0,0,0.15,0
Yobe,2023,50,0.0,0,0,0,0.0,0
Yobe,2023,51,0.0,0,0,0,0.0,0
Yobe,2023,52,0.0,0,0,0,0.0,0
Yobe,2024,1,-0.6966666666666667,-0.408248290463863,0,0,0.0,0
Yobe,2024,2,0.0,0,0,0,0.0,0
Yobe,2024,3,0.0,0,0,0,0.0,0
Yobe,2024,4,0.0,0,0,0,0.0,0
Yobe,2024,5,0.0,0,0,0,0.0,0
Yobe,2024,6,0.0,0,0,0,0.0,0
Yobe,2024,7,0.0,0,0,0,0.0,0
Yobe,2024,8,0.04,1.7888543819998315,0,0,0.05,0
Yobe,2024,9,0.0,0,0,0,0.05,0
Yobe,2024,10,0.0,0,0,0,0.05,0
Yobe,2024,11,0.176,1.7888543819998317,0,0,0.27,0
Yobe,2024,12,0.0,0,0,0,0.22,0
Yobe,2024,13,0.0,0,0,0,0.21999999999999997,0
Yobe,2024,14,0.0,0,0,0,0.21999999999999997,0
Yobe,2024,15,-0.47999999999999987,-0.45191609967867197,0,0,0.0,0
Yobe,2024,16,-0.006,-0.670820393249937,0,0,0.0,0
Yobe,2024,17,-3.7059999999999995,-0.45177092337162694,0,0,0.0,0
Yobe,2024,18,-0.068,-0.3876547988790061,0,0,0.04,0
Yobe,2024,19,-2.2960000000000007,-0.34367741745921204,0,0,3.65,0
Yobe,2024,20,-1.956,-0.7255934640369578,0,0,3.71,0
Yobe,2024,21,-0.166,-0.4276419313507847,0,0,3.75,0
Yobe,2024,22,0.8560000000000016,0.048203774350055364,0,0,28.32,0
Yobe,2024,23,-21.141999999999996,-0.5314590101488165,0,0,39.86,0
Yobe,2024,24,0.2840000000000007,0.036158595532571225,0,0,53.55,0
Yobe,2024,25,-19.56,-0.7790608404344151,0,0,56.61,0
Yobe,2024,26,10.629999999999999,0.7459506775928778,0,0,61.54,0
Yobe,2024,27,-2.3739999999999952,-0.11868597659676142,0,0,86.02000000000001,0
Yobe,2024,28,-67.51,-0.8167231513578743,0,0,87.28,0
Yobe,2024,29,98.97,1.6563278841527294,1,1,245.8,0
Yobe,2024,30,-28.877999999999993,-0.4150480682429431,0,0,251.47000000000003,0
Yobe,2024,31,38.724000000000004,1.280377272941389,1,1,296.73,0
Yobe,2024,32,-15.072000000000003,-0.43025940566519594,1,0,336.28000000000003,0
Yobe,2024,33,-15.128,-0.2785627187166083,1,0,229.61,0
Yobe,2024,34,57.22800000000001,0.8705990686884092,1,1,347.41999999999996,0
Yobe,2024,35,27.322000000000003,0.9556060870261638,1,0,330.51,0
Yobe,2024,36,168.726,1.770067704284903,1,1,530.81,0
Yobe,2024,37,-4.6080000000000005,-0.29365376719099556,0,0,500.02000000000004,0
Yobe,2024,38,-0.7160000000000011,-0.022047498487893807,0,0,374.23999999999995,0
Yobe,2024,39,-5.260000000000002,-0.7653903428209187,0,0,320.84999999999997,0
Yobe,2024,40,9.034000000000002,1.4027395633028925,0,0,83.61999999999995,0
Yobe,2024,41,0.05799999999999983,0.013237035242353546,0,0,63.83999999999995,0
Yobe,2024,42,7.864,1.6969183373175138,0,0,47.28999999999995,0
Yobe,2024,43,-0.004,-0.4472135954999579,0,0,32.699999999999946,0
Yobe,2024,44,0.0,0,0,0,15.069999999999943,0
Yobe,2024,45,0.0,0,0,0,10.689999999999944,0
Yobe,2024,46,-0.03,-0.44721359549995787,0,0,0.0,0
Yobe,2024,47,0.0,0,0,0,0.0,0
Yobe,2024,48,0.0,0,0,0,0.0,0
Yobe,2024,49,0.0,0,0,0,0.0,0
Yobe,2024,50,0.0,0,0,0,0.0,0
Yobe,2024,51,0.0,0,0,0,0.0,0
Yobe,2024,52,0.0,0,0,0,0.0,0
Yobe,2025,1,-0.6966666666666667,-0.408248290463863,0,0,0.0,0
Yobe,2025,2,0.0,0,0,0,0.0,0
Yobe,2025,3,0.0,0,0,0,0.0,0
Yobe,2025,4,0.0,0,0,0,0.0,0
Yobe,2025,5,0.0,0,0,0,0.0,0
Yobe,2025,6,0.0,0,0,0,0.0,0
Yobe,2025,7,0.0,0,0,0,0.0,0
Yobe,2025,8,-0.01,-0.44721359549995787,0,0,0.0,0
Yobe,2025,9,0.0,0,0,0,0.0,0
Yobe,2025,10,0.0,0,0,0,0.0,0
Yobe,2025,11,-0.044,-0.4472135954999579,0,0,0.0,0
Yobe,2025,12,0.0,0,0,0,0.0,0
Yobe,2025,13,0.0,0,0,0,0.0,0
Yobe,2025,14,0.0,0,0,0,0.0,0
Yobe,2025,15,-0.46999999999999986,-0.4425011809353663,0,0,0.009999999999943157,0
Yobe,2025,16,-0.006,-0.670820393249937,0,0,0.009999999999943157,0
Yobe,2025,17,-3.7059999999999995,-0.45177092337162694,0,0,0.009999999999943157,0
Yobe,2025,18,-0.10800000000000001,-0.6156870335137157,0,0,0.009999999999943157,0
Yobe,2025,19,-5.906000000000001,-0.8840413011821019,0,0,0.0,0
Yobe,2025,20,-1.516,-0.5623720304090123,0,0,0.49999999999994316,0
Yobe,2025,21,0.694,1.7878524117918346,0,0,1.399999999999943,0
Yobe,2025,22,-20.293999999999997,-1.142812379275726,0,0,4.859999999999943,0
Yobe,2025,23,-11.611999999999995,-0.2918977403201237,0,0,29.539999999999942,0
Yobe,2025,24,-8.636,-1.0995268697862124,0,0,33.86999999999994,0
Yobe,2025,25,-22.24,-0.8858033277740999,0,0,33.389999999999944,0
Yobe,2025,26,-18.0,-1.2631337908440077,0,0,30.839999999999943,0
Yobe,2025,27,29.656,1.482624819694003,1,0,77.81999999999994,0
Yobe,2025,28,-31.580000000000013,-0.38204883898506414,0,0,123.92999999999994,0
Yobe,2025,29,-28.509999999999998,-0.4771335553924857,0,0,157.64999999999992,0
Yobe,2025,30,-16.52799999999999,-0.23754811524064554,0,0,204.29999999999995,0
Yobe,2025,31,-31.255999999999997,-1.0334539831385199,0,0,147.54999999999995,0
Yobe,2025,32,-39.042,-1.11452943975455,0,0,127.19999999999995,0
Yobe,2025,33,73.452,1.3525243796385717,1,1,236.58999999999995,0
Yobe,2025,34,4.408000000000001,0.06705809559618559,1,1,289.22999999999996,0
Yobe,2025,35,21.461999999999996,0.7506484825325936,1,0,336.43999999999994,0
Yobe,2025,36,-62.854,-0.6593876194843906,0,0,329.12999999999994,0
Yobe,2025,37,-13.438,-0.8563627004150604,0,0,200.92999999999995,0
Yobe,2025,38,-18.406,-0.5667685155980067,0,0,110.27999999999994,0
Yobe,2025,39,6.579999999999998,0.9574654858862438,0,0,74.58999999999995,0
Yobe,2025,40,-2.0360000000000005,-0.3161365675099279,0,0,57.86999999999995,0
Yobe,2025,41,2.4379999999999997,0.5564119296699662,0,0,49.29999999999995,0
Yobe,2025,42,-2.8259999999999996,-0.6098030545853629,0,0,39.74999999999994,0
Yobe,2025,43,-0.004,-0.4472135954999579,0,0,13.319999999999943,0
Yobe,2025,44,0.0,0,0,0,6.759999999999943,0
Yobe,2025,45,0.0,0,0,0,0.0,0
Yobe,2025,46,-0.03,-0.44721359549995787,0,0,0.0,0
Yobe,2025,47,0.0,0,0,0,0.0,0
Yobe,2025,48,0.0,0,0,0,0.0,0
Yobe,2025,49,0.0,0,0,0,0.0,0
Yobe,2025,50,0.0,0,0,0,0.0,0
Yobe,2025,51,0.0,0,0,0,0.0,0
Yobe,2025,52,0.0,0,0,0,0.0,0
Yobe,2026,1,-0.6966666666666667,-0.408248290463863,0,0,0.0,0
Zamfara,2020,53,0.0,0,0,0,0.0,0
Zamfara,2021,1,-0.19166666666666665,-0.4082482904638631,0,0,0.0,0
Zamfara,2021,2,0.0,0,0,0,0.0,0
Zamfara,2021,3,0.0,0,0,0,0.0,0
Zamfara,2021,4,0.0,0,0,0,0.0,0
Zamfara,2021,5,0.0,0,0,0,0.0,0
Zamfara,2021,6,0.0,0,0,0,0.0,0
Zamfara,2021,7,0.0,0,0,0,0.0,0
Zamfara,2021,8,-0.134,-0.4472135954999579,0,0,0.0,0
Zamfara,2021,9,-0.094,-0.4472135954999579,0,0,0.0,0
Zamfara,2021,10,0.174,1.660535169510218,0,0,0.24,0
Zamfara,2021,11,-1.284,-0.45248084239277464,0,0,0.24,0
Zamfara,2021,12,-0.29999999999999993,-0.6063390625908324,0,0,0.24,0
Zamfara,2021,13,-0.274,-0.447213595499958,0,0,0.24,0
Zamfara,2021,14,-2.298,-0.7471730751035727,0,0,0.0,0
Zamfara,2021,15,-1.1019999999999999,-0.369073723621789,0,0,0.5800000000000001,0
Zamfara,2021,16,34.14999999999999,1.6806991779383016,1,0,49.059999999999995,0
Zamfara,2021,17,-1.7440000000000002,-0.7315839151514776,0,0,49.089999999999996,0
Zamfara,2021,18,-0.2879999999999998,-0.17486786834097504,0,0,50.419999999999995,0
Zamfara,2021,19,3.266,0.44443774609230585,0,0,65.38,0
Zamfara,2021,20,-55.89599999999999,-0.37567634576551334,0,0,34.989999999999995,0
Zamfara,2021,21,2.0779999999999994,0.6692485360187332,0,0,42.48,0
Zamfara,2021,22,-24.614,-0.4182008420917954,0,0,66.7,0
Zamfara,2021,23,-10.597999999999999,-0.5070736955309705,0,0,67.55,0
Zamfara,2021,24,-4.241999999999997,-0.841860238295453,0,0,69.00999999999999,0
Zamfara,2021,25,21.832,0.9370321535093676,1,0,106.56,0
Zamfara,2021,26,43.156,1.6554081766156281,1,1,151.57,0
Zamfara,2021,27,2.3699999999999974,0.14014114810035902,0,0,167.51999999999998,0
Zamfara,2021,28,13.630000000000003,0.49371628483373686,1,1,215.33,0
Zamfara,2021,29,23.364000000000004,1.0782931142051333,1,1,229.45999999999998,0
Zamfara,2021,30,63.802,1.7214244887915626,1,1,261.82,0
Zamfara,2021,31,21.71,1.0383642404987836,1,1,293.65000000000003,0
Zamfara,2021,32,40.00000000000001,1.7791099293180368,1,1,307.75,0
Zamfara,2021,33,18.524,1.462894406960392,1,0,298.40000000000003,0
Zamfara,2021,34,172.872,1.7689516956466325,1,1,441.6,0
Zamfara,2021,35,-12.763999999999996,-1.174082154292141,0,0,396.37,0
Zamfara,2021,36,57.403999999999996,1.4627544009034905,1,1,423.66,0
Zamfara,2021,37,8.655999999999999,0.9697375713027339,1,0,421.39,0
Zamfara,2021,38,-16.147999999999996,-0.9952619026119244,0,0,183.87,0
Zamfara,2021,39,11.030000000000005,1.46664574703594,0,0,199.83,0
Zamfara,2021,40,-6.272,-1.0745955367656495,0,0,94.42,0
Zamfara,2021,41,-0.532,-0.06162330597152172,0,0,53.800000000000004,0
Zamfara,2021,42,38.0,1.7871647505835937,1,0,93.73,0
Zamfara,2021,43,-1.212,-0.3498200452234656,0,0,59.29,0
Zamfara,2021,44,0.0,0,0,0,55.95,0
Zamfara,2021,45,0.05600000000000001,1.788854381999832,0,0,49.06,0
Zamfara,2021,46,0.0,0,0,0,0.53,0
Zamfara,2021,47,-0.06999999999999999,-0.44721359549995787,0,0,0.07,0
Zamfara,2021,48,0.0,0,0,0,0.07,0
Zamfara,2021,49,0.0,0,0,0,0.0,0
Zamfara,2021,50,0.0,0,0,0,0.0,0
Zamfara,2021,51,0.0,0,0,0,0.0,0
Zamfara,2021,52,0.0,0,0,0,0.0,0
Zamfara,2022,1,0.9583333333333333,2.041241452319315,0,0,1.15,0
Zamfara,2022,2,0.0,0,0,0,1.15,0
Zamfara,2022,3,0.0,0,0,0,1.15,0
Zamfara,2022,4,0.0,0,0,0,1.15,0
Zamfara,2022,5,0.0,0,0,0,0.0,0
Zamfara,2022,6,0.0,0,0,0,0.0,0
Zamfara,2022,7,0.0,0,0,0,0.0,0
Zamfara,2022,8,-0.134,-0.4472135954999579,0,0,0.0,0
Zamfara,2022,9,0.376,1.7888543819998317,0,0,0.47,0
Zamfara,2022,10,-0.06599999999999999,-0.629858167745255,0,0,0.47,0
Zamfara,2022,11,-1.284,-0.45248084239277464,0,0,0.47,0
Zamfara,2022,12,0.06000000000000005,0.12126781251816661,0,0,0.83,0
Zamfara,2022,13,1.096,1.788854381999832,0,0,1.73,0
Zamfara,2022,14,4.752,1.5450680821985106,0,0,8.78,0
Zamfara,2022,15,5.308,1.7777162658661128,0,0,15.77,0
Zamfara,2022,16,-13.160000000000002,-0.647672069741378,0,0,16.580000000000002,0
Zamfara,2022,17,3.716,1.5588106815956941,0,0,20.7,0
Zamfara,2022,18,2.632,1.598098019005023,0,0,17.900000000000002,0
Zamfara,2022,19,6.636000000000001,0.9030278270264979,0,0,29.82,0
Zamfara,2022,20,265.844,1.7867343363333181,1,1,368.47999999999996,0
Zamfara,2022,21,-0.7219999999999995,-0.23253004956955017,0,0,367.71,0
Zamfara,2022,22,101.65599999999999,1.7271725361048003,1,1,515.28,0
Zamfara,2022,23,34.831999999999994,1.6665777470027139,1,1,558.1899999999999,0
Zamfara,2022,24,5.298000000000002,1.0514322353817336,0,0,247.45,0
Zamfara,2022,25,28.092,1.20571213156766,1,0,294.06,0
Zamfara,2022,26,-0.06400000000000361,-0.002454956977092552,0,0,169.57999999999998,0
Zamfara,2022,27,-19.700000000000006,-1.164886336530412,0,0,118.03,0
Zamfara,2022,28,-1.8899999999999935,-0.06846102555654873,1,0,140.78,0
Zamfara,2022,29,3.514000000000003,0.16217779504009763,0,0,128.8,0
Zamfara,2022,30,-5.417999999999999,-0.14618159117696444,0,0,135.16,0
Zamfara,2022,31,-18.400000000000002,-0.8800507611781492,0,0,148.95000000000002,0
Zamfara,2022,32,-8.649999999999999,-0.3847325222150253,0,0,129.92000000000002,0
Zamfara,2022,33,5.444000000000003,0.42992858731874206,0,0,127.34,0
Zamfara,2022,34,-25.748000000000005,-0.26347221215413424,1,0,141.14,0
Zamfara,2022,35,0.14600000000000435,0.01342964545022389,0,0,148.93,0
Zamfara,2022,36,-19.986000000000004,-0.5092782638223324,0,0,147.48000000000002,0
Zamfara,2022,37,-1.573999999999998,-0.1763362912696975,0,0,148.06,0
Zamfara,2022,38,13.612000000000002,0.8389586957117612,0,0,138.92,0
Zamfara,2022,39,-9.190000000000001,-1.2219831745476233,0,0,121.75,0
Zamfara,2022,40,1.6980000000000004,0.2909220697429964,0,0,101.7,0
Zamfara,2022,41,-2.9419999999999993,-0.34078151535379103,0,0,68.89999999999999,0
Zamfara,2022,42,-10.53,-0.49523275851698,0,0,30.54,0
Zamfara,2022,43,-1.632,-0.4710448133702111,0,0,15.9,0
Zamfara,2022,44,0.0,0,0,0,4.590000000000001,0
Zamfara,2022,45,-0.014000000000000002,-0.447213595499958,0,0,0.04,0
Zamfara,2022,46,0.0,0,0,0,0.04,0
Zamfara,2022,47,-0.06999999999999999,-0.44721359549995787,0,0,0.0,0
Zamfara,2022,48,0.0,0,0,0,0.0,0
Zamfara,2022,49,0.0,0,0,0,0.0,0
Zamfara,2022,50,0.0,0,0,0,0.0,0
Zamfara,2022,51,0.0,0,0,0,0.0,0
Zamfara,2022,52,0.0,0,0,0,0.0,0
Zamfara,2023,1,-0.19166666666666665,-0.4082482904638631,0,0,0.0,0
Zamfara,2023,2,0.0,0,0,0,0.0,0
Zamfara,2023,3,0.0,0,0,0,0.0,0
Zamfara,2023,4,0.0,0,0,0,0.0,0
Zamfara,2023,5,0.0,0,0,0,0.0,0
Zamfara,2023,6,0.0,0,0,0,0.0,0
Zamfara,2023,7,0.0,0,0,0,0.0,0
Zamfara,2023,8,-0.134,-0.4472135954999579,0,0,0.0,0
Zamfara,2023,9,-0.094,-0.4472135954999579,0,0,0.0,0
Zamfara,2023,10,0.024000000000000007,0.22903933372554738,0,0,0.09,0
Zamfara,2023,11,-1.224,-0.4313368777949814,0,0,0.15,0
Zamfara,2023,12,0.84,1.697749375254331,0,0,1.2899999999999998,0
Zamfara,2023,13,-0.274,-0.447213595499958,0,0,1.2899999999999998,0
Zamfara,2023,14,-1.608,-0.5228260682186879,0,0,1.8899999999999997,0
Zamfara,2023,15,-1.662,-0.5566247991464731,0,0,1.8499999999999999,0
Zamfara,2023,16,-9.830000000000002,-0.4837854441913181,0,0,5.21,0
Zamfara,2023,17,1.0659999999999996,0.4471722784125428,0,0,8.05,0
Zamfara,2023,18,-1.438,-0.8731249815080634,0,0,7.539999999999999,0
Zamfara,2023,19,3.1660000000000004,0.43082973182126166,0,0,22.96,0
Zamfara,2023,20,-63.67599999999999,-0.4279656324775445,0,0,28.77,0
Zamfara,2023,21,2.808,0.9043550958328217,0,0,34.18,0
Zamfara,2023,22,-44.414,-0.7546100674683108,0,0,39.75,0
Zamfara,2023,23,-7.748000000000001,-0.3707121148305303,0,0,43.55,0
Zamfara,2023,24,2.5380000000000003,0.5036872429971384,0,0,59.56999999999999,0
Zamfara,2023,25,-9.588,-0.41151815169695016,0,0,64.97,0
Zamfara,2023,26,-23.034000000000002,-0.8835543595366666,0,0,63.589999999999996,0
Zamfara,2023,27,25.459999999999994,1.5054825445717905,1,0,99.78,0
Zamfara,2023,28,-33.92999999999999,-1.229038411181855,0,0,93.25,0
Zamfara,2023,29,-16.936,-0.7816286672735036,0,0,98.5,0
Zamfara,2023,30,-28.738,-0.7753721977193807,0,0,104.51,0
Zamfara,2023,31,-24.07,-1.1512403163890244,0,0,67.47,0
Zamfara,2023,32,-10.09,-0.4487804796704747,0,0,79.04,0
Zamfara,2023,33,-12.886,-1.0176450727754054,0,0,78.58,0
Zamfara,2023,34,-54.108000000000004,-0.5536723029064741,0,0,87.34,0
Zamfara,2023,35,15.506000000000004,1.4263019339120924,1,0,116.16,0
Zamfara,2023,36,23.933999999999997,0.6098802144663115,1,1,160.07,0
Zamfara,2023,37,-9.643999999999998,-1.0804238837388591,0,0,170.91,0
Zamfara,2023,38,-16.118,-0.9934128899120015,0,0,160.39999999999998,0
Zamfara,2023,39,-3.6400000000000006,-0.48400639340079965,0,0,133.42000000000002,0
Zamfara,2023,40,-5.652,-0.9683695749042491,0,0,62.1,0
Zamfara,2023,41,-6.602,-0.7647313271127564,0,0,33.71,0
Zamfara,2023,42,-8.899999999999999,-0.41857279684721005,0,0,26.71,0
Zamfara,2023,43,-1.672,-0.4825900293841869,0,0,6.48,0
Zamfara,2023,44,0.0,0,0,0,2.52,0
Zamfara,2023,45,-0.014000000000000002,-0.447213595499958,0,0,1.63,0
Zamfara,2023,46,0.0,0,0,0,0.0,0
Zamfara,2023,47,0.27999999999999997,1.7888543819998315,0,0,0.35,0
Zamfara,2023,48,0.0,0,0,0,0.35,0
Zamfara,2023,49,0.0,0,0,0,0.35,0
Zamfara,2023,50,0.0,0,0,0,0.35,0
Zamfara,2023,51,0.0,0,0,0,0.0,0
Zamfara,2023,52,0.0,0,0,0,0.0,0
Zamfara,2024,1,-0.19166666666666665,-0.4082482904638631,0,0,0.0,0
Zamfara,2024,2,0.0,0,0,0,0.0,0
Zamfara,2024,3,0.0,0,0,0,0.0,0
Zamfara,2024,4,0.0,0,0,0,0.0,0
Zamfara,2024,5,0.0,0,0,0,0.0,0
Zamfara,2024,6,0.0,0,0,0,0.0,0
Zamfara,2024,7,0.0,0,0,0,0.0,0
Zamfara,2024,8,0.536,1.7888543819998317,0,0,0.67,0
Zamfara,2024,9,-0.094,-0.4472135954999579,0,0,0.67,0
Zamfara,2024,10,-0.06599999999999999,-0.629858167745255,0,0,0.67,0
Zamfara,2024,11,5.0760000000000005,1.7887794049733055,0,0,7.03,0
Zamfara,2024,12,-0.29999999999999993,-0.6063390625908324,0,0,6.36,0
Zamfara,2024,13,-0.274,-0.447213595499958,0,0,6.36,0
Zamfara,2024,14,1.452,0.47210413622732267,0,0,10.11,0
Zamfara,2024,15,-0.9019999999999999,-0.30209119664868755,0,0,4.53,0
Zamfara,2024,16,3.169999999999998,0.15601219309119807,0,0,22.03,0
Zamfara,2024,17,-1.2640000000000002,-0.530230544008869,0,0,22.540000000000003,0
Zamfara,2024,18,-1.278,-0.7759761657630773,0,0,19.130000000000003,0
Zamfara,2024,19,-0.7939999999999987,-0.10804763331209133,0,0,29.83,0
Zamfara,2024,20,-73.93599999999999,-0.4969229694525368,0,0,12.38,0
Zamfara,2024,21,0.847999999999999,0.27311008592102276,0,0,18.16,0
Zamfara,2024,22,-30.664,-0.5209925498457307,0,0,37.32,0
Zamfara,2024,23,2.3820000000000014,0.11396957376436805,0,0,55.21,0
Zamfara,2024,24,-6.411999999999999,-1.2725148156413124,0,0,72.54,0
Zamfara,2024,25,-20.458,-0.8780599027342726,0,0,69.03,0
Zamfara,2024,26,-2.144000000000002,-0.08224105873259592,0,0,74.78999999999999,0
Zamfara,2024,27,-9.940000000000005,-0.5877649840158526,0,0,65.45,0
Zamfara,2024,28,38.13,1.381174023529742,1,1,139.93,0
Zamfara,2024,29,17.204,0.7939973778798627,1,0,190.19,0
Zamfara,2024,30,-22.868000000000002,-0.616995316913035,0,0,181.18,0
Zamfara,2024,31,18.86,0.9020520302076028,1,1,222.46999999999997,0
Zamfara,2024,32,-7.520000000000003,-0.334472666711791,0,0,164.55,0
Zamfara,2024,33,-10.076,-0.7957311619808308,0,0,132.76,0
Zamfara,2024,34,-32.368,-0.3312128539305972,0,0,157.39000000000001,0
Zamfara,2024,35,-7.153999999999996,-0.6580526270609507,0,0,120.62,0
Zamfara,2024,36,-32.996,-0.8407958367398018,0,0,105.03,0
Zamfara,2024,37,-7.233999999999998,-0.8104299434847477,0,0,115.47,0
Zamfara,2024,38,18.632000000000005,1.1483601541655553,0,0,117.97000000000001,0
Zamfara,2024,39,-0.7200000000000024,-0.09573752836499365,0,0,116.57,0
Zamfara,2024,40,7.327999999999998,1.255522336323131,0,0,115.16,0
Zamfara,2024,41,-4.832,-0.5597064181473551,0,0,86.13000000000001,0
Zamfara,2024,42,-8.309999999999999,-0.3908247125618332,0,0,44.97,0
Zamfara,2024,43,6.188000000000001,1.7860449173620507,0,0,29.68,0
Zamfara,2024,44,0.0,0,0,0,12.74,0
Zamfara,2024,45,-0.014000000000000002,-0.447213595499958,0,0,10.08,0
Zamfara,2024,46,0.0,0,0,0,7.859999999999999,0
Zamfara,2024,47,-0.06999999999999999,-0.44721359549995787,0,0,0.0,0
Zamfara,2024,48,0.0,0,0,0,0.0,0
Zamfara,2024,49,0.0,0,0,0,0.0,0
Zamfara,2024,50,0.0,0,0,0,0.0,0
Zamfara,2024,51,0.0,0,0,0,0.0,0
Zamfara,2024,52,0.0,0,0,0,0.0,0
Zamfara,2025,1,-0.19166666666666665,-0.4082482904638631,0,0,0.0,0
Zamfara,2025,2,0.0,0,0,0,0.0,0
Zamfara,2025,3,0.0,0,0,0,0.0,0
Zamfara,2025,4,0.0,0,0,0,0.0,0
Zamfara,2025,5,0.0,0,0,0,0.0,0
Zamfara,2025,6,0.0,0,0,0,0.0,0
Zamfara,2025,7,0.0,0,0,0,0.0,0
Zamfara,2025,8,-0.134,-0.4472135954999579,0,0,0.0,0
Zamfara,2025,9,-0.094,-0.4472135954999579,0,0,0.0,0
Zamfara,2025,10,-0.06599999999999999,-0.629858167745255,0,0,0.0,0
Zamfara,2025,11,-1.284,-0.45248084239277464,0,0,0.0,0
Zamfara,2025,12,-0.29999999999999993,-0.6063390625908324,0,0,0.0,0
Zamfara,2025,13,-0.274,-0.447213595499958,0,0,0.0,0
Zamfara,2025,14,-2.298,-0.7471730751035727,0,0,0.0,0
Zamfara,2025,15,-1.642,-0.549926546449163,0,0,0.04,0
Zamfara,2025,16,-14.330000000000002,-0.7052538570968044,0,0,0.04,0
Zamfara,2025,17,-1.7740000000000002,-0.7441685008478907,0,0,0.04,0
Zamfara,2025,18,0.3720000000000001,0.22587099660709298,0,0,2.03,0
Zamfara,2025,19,-12.274,-1.6702476716279735,0,0,1.99,0
Zamfara,2025,20,-72.33599999999998,-0.48616938863772313,0,0,3.6399999999999997,0
Zamfara,2025,21,-5.0120000000000005,-1.6141836682030282,0,0,4.07,0
Zamfara,2025,22,-1.9639999999999986,-0.03336907669896342,1,0,50.28,0
Zamfara,2025,23,-18.868,-0.9027615104055814,0,0,58.400000000000006,0
Zamfara,2025,24,2.8180000000000014,0.5592555755578946,0,0,83.36,0
Zamfara,2025,25,-19.878,-0.8531662306458047,0,0,86.28999999999999,0
Zamfara,2025,26,-17.914,-0.6871578013692734,0,0,47.58,0
Zamfara,2025,27,1.8099999999999952,0.10702762787411368,0,0,71.24,0
Zamfara,2025,28,-15.939999999999998,-0.5773908716250743,0,0,82.41999999999999,0
Zamfara,2025,29,-27.146,-1.2528396198515899,0,0,87.75,0
Zamfara,2025,30,-6.777999999999999,-0.1828753829821825,0,0,110.6,0
Zamfara,2025,31,1.8999999999999986,0.09087480686078707,0,0,123.18,0
Zamfara,2025,32,-13.740000000000002,-0.6111242607207455,0,0,113.11000000000001,0
Zamfara,2025,33,-1.0060000000000002,-0.07944675952289758,0,0,134.74,0
Zamfara,2025,34,-60.648,-0.6205943266554269,0,0,114.99999999999999,0
Zamfara,2025,35,4.266000000000002,0.39240320199077694,0,0,106.60999999999999,0
Zamfara,2025,36,-28.356000000000005,-0.7225605148076683,0,0,101.88,0
Zamfara,2025,37,9.796,1.097452547190571,1,0,120.28,0
Zamfara,2025,38,0.022000000000002018,0.0013559426466103759,0,0,132.45000000000002,0
Zamfara,2025,39,2.5199999999999996,0.33508134927747657,0,0,122.87,0
Zamfara,2025,40,2.8980000000000015,0.4965207056037713,0,0,112.39,0
Zamfara,2025,41,14.907999999999998,1.7268425665854241,0,0,86.07,0
Zamfara,2025,42,-10.26,-0.48253448265757026,0,0,61.57000000000001,0
Zamfara,2025,43,-1.672,-0.4825900293841869,0,0,35.18000000000001,0
Zamfara,2025,44,0.0,0,0,0,22.669999999999998,0
Zamfara,2025,45,-0.014000000000000002,-0.447213595499958,0,0,0.27,0
Zamfara,2025,46,0.0,0,0,0,0.0,0
Zamfara,2025,47,-0.06999999999999999,-0.44721359549995787,0,0,0.0,0
Zamfara,2025,48,0.0,0,0,0,0.0,0
Zamfara,2025,49,0.0,0,0,0,0.0,0
Zamfara,2025,50,0.0,0,0,0,0.0,0
Zamfara,2025,51,0.0,0,0,0,0.0,0
Zamfara,2025,52,0.0,0,0,0,0.0,0
Zamfara,2026,1,-0.19166666666666665,-0.4082482904638631,0,0,0.0,0
